2,12,0,[0]
2,18,0,[0]
2,11,0,[0]
2,7,0,[0]
2,0,0,[0]
2,16,0,[0]
2,5,0,[0]
2,20,1,[0]
2,6,0,[0]
2,19,0,[0]
2,21,1,[1]
2,23,1,[1]
2,14,0,[0]
2,2,0,[0]
2,13,0,[0]
2,10,0,[0]
2,22,1,[1]
2,4,0,[0]
2,24,1,[1]
2,17,0,[0]
2,3,0,[0]
2,15,0,[0]
2,1,0,[0]
2,8,0,[0]
2,9,0,[0]
"('n_atak', ['12', '18', '11', '7', '0', '16', '5', '20', '6', '19', '14', '2', '13', '10', '4', '17', '3', '15', '1', '8', '9'])","('atak', ['21', '23', '22', '24'])"
2,12,0,[0]
2,18,0,[0]
2,11,0,[0]
2,7,0,[0]
2,0,0,[0]
2,16,0,[0]
2,5,0,[0]
2,20,1,[0]
2,6,0,[0]
2,19,0,[0]
2,21,1,[1]
2,23,1,[1]
2,14,0,[0]
2,2,0,[0]
2,13,0,[0]
2,10,0,[0]
2,22,1,[1]
2,4,0,[0]
2,24,1,[1]
2,17,0,[0]
2,3,0,[0]
2,15,0,[0]
2,1,0,[0]
2,8,0,[0]
2,9,0,[0]
"('n_atak', ['12', '18', '11', '7', '0', '16', '5', '20', '6', '19', '14', '2', '13', '10', '4', '17', '3', '15', '1', '8', '9'])","('atak', ['21', '23', '22', '24'])"
3,9,0,[0]
3,5,0,[0]
3,10,0,[0]
3,11,0,[0]
3,18,0,[0]
3,20,1,[1]
3,19,0,[0]
3,2,0,[0]
3,15,0,[0]
3,1,0,[0]
3,14,0,[0]
3,4,0,[0]
3,8,0,[0]
3,16,0,[0]
3,12,0,[0]
3,17,0,[0]
3,6,0,[0]
3,13,0,[0]
3,7,0,[0]
3,0,0,[0]
3,3,0,[0]
"('n_atak', ['9', '5', '10', '11', '18', '19', '2', '15', '1', '14', '4', '8', '16', '12', '17', '6', '13', '7', '0', '3'])","('atak', ['20'])"
2,12,0,[0]
2,18,0,[0]
2,11,0,[0]
2,7,0,[0]
2,0,0,[0]
2,16,0,[0]
2,5,0,[0]
2,20,1,[0]
2,6,0,[0]
2,19,0,[0]
2,21,1,[1]
2,23,1,[1]
2,14,0,[0]
2,2,0,[0]
2,13,0,[0]
2,10,0,[0]
2,22,1,[1]
2,4,0,[0]
2,24,1,[1]
2,17,0,[0]
2,3,0,[0]
2,15,0,[0]
2,1,0,[0]
2,8,0,[0]
2,9,0,[0]
"('n_atak', ['12', '18', '11', '7', '0', '16', '5', '20', '6', '19', '14', '2', '13', '10', '4', '17', '3', '15', '1', '8', '9'])","('atak', ['21', '23', '22', '24'])"
3,9,0,[0]
3,5,0,[0]
3,10,0,[0]
3,11,0,[0]
3,18,0,[0]
3,20,1,[1]
3,19,0,[0]
3,2,0,[0]
3,15,0,[0]
3,1,0,[0]
3,14,0,[0]
3,4,0,[0]
3,8,0,[0]
3,16,0,[0]
3,12,0,[0]
3,17,0,[0]
3,6,0,[0]
3,13,0,[0]
3,7,0,[0]
3,0,0,[0]
3,3,0,[0]
"('n_atak', ['9', '5', '10', '11', '18', '19', '2', '15', '1', '14', '4', '8', '16', '12', '17', '6', '13', '7', '0', '3'])","('atak', ['20'])"
4,2,0,[0]
4,7,0,[0]
4,5,0,[0]
4,8,0,[0]
4,13,0,[0]
4,1,0,[0]
4,11,0,[0]
4,9,0,[0]
4,16,0,[0]
4,15,0,[0]
4,17,0,[0]
4,6,0,[0]
4,4,0,[0]
4,0,0,[0]
4,10,0,[0]
4,3,0,[0]
4,14,0,[0]
4,19,0,[0]
4,12,0,[0]
4,18,0,[0]
"('n_atak', ['2', '7', '5', '8', '13', '1', '11', '9', '16', '15', '17', '6', '4', '0', '10', '3', '14', '19', '12', '18'])"
2,12,0,[0]
2,18,0,[0]
2,11,0,[0]
2,7,0,[0]
2,0,0,[0]
2,16,0,[0]
2,5,0,[0]
2,20,1,[0]
2,6,0,[0]
2,19,0,[0]
2,21,1,[1]
2,23,1,[1]
2,14,0,[0]
2,2,0,[0]
2,13,0,[0]
2,10,0,[0]
2,22,1,[1]
2,4,0,[0]
2,24,1,[1]
2,17,0,[0]
2,3,0,[0]
2,15,0,[0]
2,1,0,[0]
2,8,0,[0]
2,9,0,[0]
"('n_atak', ['12', '18', '11', '7', '0', '16', '5', '20', '6', '19', '14', '2', '13', '10', '4', '17', '3', '15', '1', '8', '9'])","('atak', ['21', '23', '22', '24'])"
3,9,0,[0]
3,5,0,[0]
3,10,0,[0]
3,11,0,[0]
3,18,0,[0]
3,20,1,[1]
3,19,0,[0]
3,2,0,[0]
3,15,0,[0]
3,1,0,[0]
3,14,0,[0]
3,4,0,[0]
3,8,0,[0]
3,16,0,[0]
3,12,0,[0]
3,17,0,[0]
3,6,0,[0]
3,13,0,[0]
3,7,0,[0]
3,0,0,[0]
3,3,0,[0]
"('n_atak', ['9', '5', '10', '11', '18', '19', '2', '15', '1', '14', '4', '8', '16', '12', '17', '6', '13', '7', '0', '3'])","('atak', ['20'])"
4,2,0,[0]
4,7,0,[0]
4,5,0,[0]
4,8,0,[0]
4,13,0,[0]
4,1,0,[0]
4,11,0,[0]
4,9,0,[0]
4,16,0,[0]
4,15,0,[0]
4,17,0,[0]
4,6,0,[0]
4,4,0,[0]
4,0,0,[0]
4,10,0,[0]
4,3,0,[0]
4,14,0,[0]
4,19,0,[0]
4,12,0,[0]
4,18,0,[0]
"('n_atak', ['2', '7', '5', '8', '13', '1', '11', '9', '16', '15', '17', '6', '4', '0', '10', '3', '14', '19', '12', '18'])"
5,4,0,[0]
5,8,0,[0]
5,11,0,[0]
5,3,0,[0]
5,15,0,[0]
5,9,0,[0]
5,5,0,[0]
5,10,0,[0]
5,0,0,[0]
5,16,0,[0]
5,17,0,[0]
5,19,0,[0]
5,13,0,[0]
5,2,0,[0]
5,14,0,[0]
5,18,0,[0]
5,6,0,[0]
5,1,0,[0]
5,7,0,[0]
5,12,0,[0]
"('n_atak', ['4', '8', '11', '3', '15', '9', '5', '10', '0', '16', '17', '19', '13', '2', '14', '18', '6', '1', '7', '12'])"
2,12,0,[0]
2,18,0,[0]
2,11,0,[0]
2,7,0,[0]
2,0,0,[0]
2,16,0,[0]
2,5,0,[0]
2,20,1,[0]
2,6,0,[0]
2,19,0,[0]
2,21,1,[1]
2,23,1,[1]
2,14,0,[0]
2,2,0,[0]
2,13,0,[0]
2,10,0,[0]
2,22,1,[1]
2,4,0,[0]
2,24,1,[1]
2,17,0,[0]
2,3,0,[0]
2,15,0,[0]
2,1,0,[0]
2,8,0,[0]
2,9,0,[0]
"('n_atak', ['12', '18', '11', '7', '0', '16', '5', '20', '6', '19', '14', '2', '13', '10', '4', '17', '3', '15', '1', '8', '9'])","('atak', ['21', '23', '22', '24'])"
3,9,0,[0]
3,5,0,[0]
3,10,0,[0]
3,11,0,[0]
3,18,0,[0]
3,20,1,[1]
3,19,0,[0]
3,2,0,[0]
3,15,0,[0]
3,1,0,[0]
3,14,0,[0]
3,4,0,[0]
3,8,0,[0]
3,16,0,[0]
3,12,0,[0]
3,17,0,[0]
3,6,0,[0]
3,13,0,[0]
3,7,0,[0]
3,0,0,[0]
3,3,0,[0]
"('n_atak', ['9', '5', '10', '11', '18', '19', '2', '15', '1', '14', '4', '8', '16', '12', '17', '6', '13', '7', '0', '3'])","('atak', ['20'])"
4,2,0,[0]
4,7,0,[0]
4,5,0,[0]
4,8,0,[0]
4,13,0,[0]
4,1,0,[0]
4,11,0,[0]
4,9,0,[0]
4,16,0,[0]
4,15,0,[0]
4,17,0,[0]
4,6,0,[0]
4,4,0,[0]
4,0,0,[0]
4,10,0,[0]
4,3,0,[0]
4,14,0,[0]
4,19,0,[0]
4,12,0,[0]
4,18,0,[0]
"('n_atak', ['2', '7', '5', '8', '13', '1', '11', '9', '16', '15', '17', '6', '4', '0', '10', '3', '14', '19', '12', '18'])"
5,4,0,[0]
5,8,0,[0]
5,11,0,[0]
5,3,0,[0]
5,15,0,[0]
5,9,0,[0]
5,5,0,[0]
5,10,0,[0]
5,0,0,[0]
5,16,0,[0]
5,17,0,[0]
5,19,0,[0]
5,13,0,[0]
5,2,0,[0]
5,14,0,[0]
5,18,0,[0]
5,6,0,[0]
5,1,0,[0]
5,7,0,[0]
5,12,0,[0]
"('n_atak', ['4', '8', '11', '3', '15', '9', '5', '10', '0', '16', '17', '19', '13', '2', '14', '18', '6', '1', '7', '12'])"
6,8,0,[0]
6,18,0,[0]
6,6,0,[0]
6,13,0,[0]
6,3,0,[0]
6,15,0,[0]
6,16,0,[0]
6,12,0,[0]
6,19,0,[0]
6,7,0,[0]
6,14,0,[0]
6,2,0,[0]
6,9,0,[0]
6,11,0,[0]
6,5,0,[0]
6,1,0,[0]
6,4,0,[0]
6,17,0,[0]
6,10,0,[0]
6,0,0,[0]
"('n_atak', ['8', '18', '6', '13', '3', '15', '16', '12', '19', '7', '14', '2', '9', '11', '5', '1', '4', '17', '10', '0'])"
2,12,0,[0]
2,18,0,[0]
2,11,0,[0]
2,7,0,[0]
2,0,0,[0]
2,16,0,[0]
2,5,0,[0]
2,20,1,[0]
2,6,0,[0]
2,19,0,[0]
2,21,1,[1]
2,23,1,[1]
2,14,0,[0]
2,2,0,[0]
2,13,0,[0]
2,10,0,[0]
2,22,1,[1]
2,4,0,[0]
2,24,1,[1]
2,17,0,[0]
2,3,0,[0]
2,15,0,[0]
2,1,0,[0]
2,8,0,[0]
2,9,0,[0]
"('n_atak', ['12', '18', '11', '7', '0', '16', '5', '20', '6', '19', '14', '2', '13', '10', '4', '17', '3', '15', '1', '8', '9'])","('atak', ['21', '23', '22', '24'])"
3,9,0,[0]
3,5,0,[0]
3,10,0,[0]
3,11,0,[0]
3,18,0,[0]
3,20,1,[1]
3,19,0,[0]
3,2,0,[0]
3,15,0,[0]
3,1,0,[0]
3,14,0,[0]
3,4,0,[0]
3,8,0,[0]
3,16,0,[0]
3,12,0,[0]
3,17,0,[0]
3,6,0,[0]
3,13,0,[0]
3,7,0,[0]
3,0,0,[0]
3,3,0,[0]
"('n_atak', ['9', '5', '10', '11', '18', '19', '2', '15', '1', '14', '4', '8', '16', '12', '17', '6', '13', '7', '0', '3'])","('atak', ['20'])"
4,2,0,[0]
4,7,0,[0]
4,5,0,[0]
4,8,0,[0]
4,13,0,[0]
4,1,0,[0]
4,11,0,[0]
4,9,0,[0]
4,16,0,[0]
4,15,0,[0]
4,17,0,[0]
4,6,0,[0]
4,4,0,[0]
4,0,0,[0]
4,10,0,[0]
4,3,0,[0]
4,14,0,[0]
4,19,0,[0]
4,12,0,[0]
4,18,0,[0]
"('n_atak', ['2', '7', '5', '8', '13', '1', '11', '9', '16', '15', '17', '6', '4', '0', '10', '3', '14', '19', '12', '18'])"
5,4,0,[0]
5,8,0,[0]
5,11,0,[0]
5,3,0,[0]
5,15,0,[0]
5,9,0,[0]
5,5,0,[0]
5,10,0,[0]
5,0,0,[0]
5,16,0,[0]
5,17,0,[0]
5,19,0,[0]
5,13,0,[0]
5,2,0,[0]
5,14,0,[0]
5,18,0,[0]
5,6,0,[0]
5,1,0,[0]
5,7,0,[0]
5,12,0,[0]
"('n_atak', ['4', '8', '11', '3', '15', '9', '5', '10', '0', '16', '17', '19', '13', '2', '14', '18', '6', '1', '7', '12'])"
6,8,0,[0]
6,18,0,[0]
6,6,0,[0]
6,13,0,[0]
6,3,0,[0]
6,15,0,[0]
6,16,0,[0]
6,12,0,[0]
6,19,0,[0]
6,7,0,[0]
6,14,0,[0]
6,2,0,[0]
6,9,0,[0]
6,11,0,[0]
6,5,0,[0]
6,1,0,[0]
6,4,0,[0]
6,17,0,[0]
6,10,0,[0]
6,0,0,[0]
"('n_atak', ['8', '18', '6', '13', '3', '15', '16', '12', '19', '7', '14', '2', '9', '11', '5', '1', '4', '17', '10', '0'])"
7,3,0,[0]
7,2,0,[0]
7,5,0,[0]
7,1,0,[0]
7,7,0,[0]
7,19,0,[0]
7,12,0,[0]
7,17,0,[0]
7,15,0,[0]
7,18,0,[0]
7,10,0,[0]
7,6,0,[0]
7,11,0,[0]
7,4,0,[0]
7,16,0,[0]
7,13,0,[0]
7,8,0,[0]
7,9,0,[0]
7,0,0,[0]
7,14,0,[0]
"('n_atak', ['3', '2', '5', '1', '7', '19', '12', '17', '15', '18', '10', '6', '11', '4', '16', '13', '8', '9', '0', '14'])"
2,12,0,[0]
2,18,0,[0]
2,11,0,[0]
2,7,0,[0]
2,0,0,[0]
2,16,0,[0]
2,5,0,[0]
2,20,1,[0]
2,6,0,[0]
2,19,0,[0]
2,21,1,[1]
2,23,1,[1]
2,14,0,[0]
2,2,0,[0]
2,13,0,[0]
2,10,0,[0]
2,22,1,[1]
2,4,0,[0]
2,24,1,[1]
2,17,0,[0]
2,3,0,[0]
2,15,0,[0]
2,1,0,[0]
2,8,0,[0]
2,9,0,[0]
"('n_atak', ['12', '18', '11', '7', '0', '16', '5', '20', '6', '19', '14', '2', '13', '10', '4', '17', '3', '15', '1', '8', '9'])","('atak', ['21', '23', '22', '24'])"
3,9,0,[0]
3,5,0,[0]
3,10,0,[0]
3,11,0,[0]
3,18,0,[0]
3,20,1,[1]
3,19,0,[0]
3,2,0,[0]
3,15,0,[0]
3,1,0,[0]
3,14,0,[0]
3,4,0,[0]
3,8,0,[0]
3,16,0,[0]
3,12,0,[0]
3,17,0,[0]
3,6,0,[0]
3,13,0,[0]
3,7,0,[0]
3,0,0,[0]
3,3,0,[0]
"('n_atak', ['9', '5', '10', '11', '18', '19', '2', '15', '1', '14', '4', '8', '16', '12', '17', '6', '13', '7', '0', '3'])","('atak', ['20'])"
4,2,0,[0]
4,7,0,[0]
4,5,0,[0]
4,8,0,[0]
4,13,0,[0]
4,1,0,[0]
4,11,0,[0]
4,9,0,[0]
4,16,0,[0]
4,15,0,[0]
4,17,0,[0]
4,6,0,[0]
4,4,0,[0]
4,0,0,[0]
4,10,0,[0]
4,3,0,[0]
4,14,0,[0]
4,19,0,[0]
4,12,0,[0]
4,18,0,[0]
"('n_atak', ['2', '7', '5', '8', '13', '1', '11', '9', '16', '15', '17', '6', '4', '0', '10', '3', '14', '19', '12', '18'])"
5,4,0,[0]
5,8,0,[0]
5,11,0,[0]
5,3,0,[0]
5,15,0,[0]
5,9,0,[0]
5,5,0,[0]
5,10,0,[0]
5,0,0,[0]
5,16,0,[0]
5,17,0,[0]
5,19,0,[0]
5,13,0,[0]
5,2,0,[0]
5,14,0,[0]
5,18,0,[0]
5,6,0,[0]
5,1,0,[0]
5,7,0,[0]
5,12,0,[0]
"('n_atak', ['4', '8', '11', '3', '15', '9', '5', '10', '0', '16', '17', '19', '13', '2', '14', '18', '6', '1', '7', '12'])"
6,8,0,[0]
6,18,0,[0]
6,6,0,[0]
6,13,0,[0]
6,3,0,[0]
6,15,0,[0]
6,16,0,[0]
6,12,0,[0]
6,19,0,[0]
6,7,0,[0]
6,14,0,[0]
6,2,0,[0]
6,9,0,[0]
6,11,0,[0]
6,5,0,[0]
6,1,0,[0]
6,4,0,[0]
6,17,0,[0]
6,10,0,[0]
6,0,0,[0]
"('n_atak', ['8', '18', '6', '13', '3', '15', '16', '12', '19', '7', '14', '2', '9', '11', '5', '1', '4', '17', '10', '0'])"
7,3,0,[0]
7,2,0,[0]
7,5,0,[0]
7,1,0,[0]
7,7,0,[0]
7,19,0,[0]
7,12,0,[0]
7,17,0,[0]
7,15,0,[0]
7,18,0,[0]
7,10,0,[0]
7,6,0,[0]
7,11,0,[0]
7,4,0,[0]
7,16,0,[0]
7,13,0,[0]
7,8,0,[0]
7,9,0,[0]
7,0,0,[0]
7,14,0,[0]
"('n_atak', ['3', '2', '5', '1', '7', '19', '12', '17', '15', '18', '10', '6', '11', '4', '16', '13', '8', '9', '0', '14'])"
8,2,0,[0]
8,18,0,[0]
8,6,0,[0]
8,5,0,[0]
8,3,0,[0]
8,7,0,[0]
8,16,0,[0]
8,13,0,[0]
8,11,0,[0]
8,8,0,[0]
8,0,0,[0]
8,10,0,[0]
8,12,0,[0]
8,4,0,[0]
8,14,0,[0]
8,1,0,[0]
8,17,0,[0]
8,19,0,[0]
8,9,0,[0]
8,15,0,[0]
"('n_atak', ['2', '18', '6', '5', '3', '7', '16', '13', '11', '8', '0', '10', '12', '4', '14', '1', '17', '19', '9', '15'])"
2,12,0,[0]
2,18,0,[0]
2,11,0,[0]
2,7,0,[0]
2,0,0,[0]
2,16,0,[0]
2,5,0,[0]
2,20,1,[0]
2,6,0,[0]
2,19,0,[0]
2,21,1,[1]
2,23,1,[1]
2,14,0,[0]
2,2,0,[0]
2,13,0,[0]
2,10,0,[0]
2,22,1,[1]
2,4,0,[0]
2,24,1,[1]
2,17,0,[0]
2,3,0,[0]
2,15,0,[0]
2,1,0,[0]
2,8,0,[0]
2,9,0,[0]
"('n_atak', ['12', '18', '11', '7', '0', '16', '5', '20', '6', '19', '14', '2', '13', '10', '4', '17', '3', '15', '1', '8', '9'])","('atak', ['21', '23', '22', '24'])"
3,9,0,[0]
3,5,0,[0]
3,10,0,[0]
3,11,0,[0]
3,18,0,[0]
3,20,1,[1]
3,19,0,[0]
3,2,0,[0]
3,15,0,[0]
3,1,0,[0]
3,14,0,[0]
3,4,0,[0]
3,8,0,[0]
3,16,0,[0]
3,12,0,[0]
3,17,0,[0]
3,6,0,[0]
3,13,0,[0]
3,7,0,[0]
3,0,0,[0]
3,3,0,[0]
"('n_atak', ['9', '5', '10', '11', '18', '19', '2', '15', '1', '14', '4', '8', '16', '12', '17', '6', '13', '7', '0', '3'])","('atak', ['20'])"
4,2,0,[0]
4,7,0,[0]
4,5,0,[0]
4,8,0,[0]
4,13,0,[0]
4,1,0,[0]
4,11,0,[0]
4,9,0,[0]
4,16,0,[0]
4,15,0,[0]
4,17,0,[0]
4,6,0,[0]
4,4,0,[0]
4,0,0,[0]
4,10,0,[0]
4,3,0,[0]
4,14,0,[0]
4,19,0,[0]
4,12,0,[0]
4,18,0,[0]
"('n_atak', ['2', '7', '5', '8', '13', '1', '11', '9', '16', '15', '17', '6', '4', '0', '10', '3', '14', '19', '12', '18'])"
5,4,0,[0]
5,8,0,[0]
5,11,0,[0]
5,3,0,[0]
5,15,0,[0]
5,9,0,[0]
5,5,0,[0]
5,10,0,[0]
5,0,0,[0]
5,16,0,[0]
5,17,0,[0]
5,19,0,[0]
5,13,0,[0]
5,2,0,[0]
5,14,0,[0]
5,18,0,[0]
5,6,0,[0]
5,1,0,[0]
5,7,0,[0]
5,12,0,[0]
"('n_atak', ['4', '8', '11', '3', '15', '9', '5', '10', '0', '16', '17', '19', '13', '2', '14', '18', '6', '1', '7', '12'])"
6,8,0,[0]
6,18,0,[0]
6,6,0,[0]
6,13,0,[0]
6,3,0,[0]
6,15,0,[0]
6,16,0,[0]
6,12,0,[0]
6,19,0,[0]
6,7,0,[0]
6,14,0,[0]
6,2,0,[0]
6,9,0,[0]
6,11,0,[0]
6,5,0,[0]
6,1,0,[0]
6,4,0,[0]
6,17,0,[0]
6,10,0,[0]
6,0,0,[0]
"('n_atak', ['8', '18', '6', '13', '3', '15', '16', '12', '19', '7', '14', '2', '9', '11', '5', '1', '4', '17', '10', '0'])"
7,3,0,[0]
7,2,0,[0]
7,5,0,[0]
7,1,0,[0]
7,7,0,[0]
7,19,0,[0]
7,12,0,[0]
7,17,0,[0]
7,15,0,[0]
7,18,0,[0]
7,10,0,[0]
7,6,0,[0]
7,11,0,[0]
7,4,0,[0]
7,16,0,[0]
7,13,0,[0]
7,8,0,[0]
7,9,0,[0]
7,0,0,[0]
7,14,0,[0]
"('n_atak', ['3', '2', '5', '1', '7', '19', '12', '17', '15', '18', '10', '6', '11', '4', '16', '13', '8', '9', '0', '14'])"
8,2,0,[0]
8,18,0,[0]
8,6,0,[0]
8,5,0,[0]
8,3,0,[0]
8,7,0,[0]
8,16,0,[0]
8,13,0,[0]
8,11,0,[0]
8,8,0,[0]
8,0,0,[0]
8,10,0,[0]
8,12,0,[0]
8,4,0,[0]
8,14,0,[0]
8,1,0,[0]
8,17,0,[0]
8,19,0,[0]
8,9,0,[0]
8,15,0,[0]
"('n_atak', ['2', '18', '6', '5', '3', '7', '16', '13', '11', '8', '0', '10', '12', '4', '14', '1', '17', '19', '9', '15'])"
9,3,0,[0]
9,17,0,[0]
9,19,0,[0]
9,2,0,[0]
9,11,0,[0]
9,13,0,[0]
9,18,0,[0]
9,12,0,[0]
9,10,0,[0]
9,6,0,[0]
9,16,0,[0]
9,9,0,[0]
9,14,0,[0]
9,4,0,[0]
9,1,0,[0]
9,8,0,[0]
9,7,0,[0]
9,5,0,[0]
9,15,0,[0]
9,0,0,[0]
"('n_atak', ['3', '17', '19', '2', '11', '13', '18', '12', '10', '6', '16', '9', '14', '4', '1', '8', '7', '5', '15', '0'])"
2,12,0,[0]
2,18,0,[0]
2,11,0,[0]
2,7,0,[0]
2,0,0,[0]
2,16,0,[0]
2,5,0,[0]
2,20,1,[0]
2,6,0,[0]
2,19,0,[0]
2,21,1,[1]
2,23,1,[1]
2,14,0,[0]
2,2,0,[0]
2,13,0,[0]
2,10,0,[0]
2,22,1,[1]
2,4,0,[0]
2,24,1,[1]
2,17,0,[0]
2,3,0,[0]
2,15,0,[0]
2,1,0,[0]
2,8,0,[0]
2,9,0,[0]
"('n_atak', ['12', '18', '11', '7', '0', '16', '5', '20', '6', '19', '14', '2', '13', '10', '4', '17', '3', '15', '1', '8', '9'])","('atak', ['21', '23', '22', '24'])"
3,9,0,[0]
3,5,0,[0]
3,10,0,[0]
3,11,0,[0]
3,18,0,[0]
3,20,1,[1]
3,19,0,[0]
3,2,0,[0]
3,15,0,[0]
3,1,0,[0]
3,14,0,[0]
3,4,0,[0]
3,8,0,[0]
3,16,0,[0]
3,12,0,[0]
3,17,0,[0]
3,6,0,[0]
3,13,0,[0]
3,7,0,[0]
3,0,0,[0]
3,3,0,[0]
"('n_atak', ['9', '5', '10', '11', '18', '19', '2', '15', '1', '14', '4', '8', '16', '12', '17', '6', '13', '7', '0', '3'])","('atak', ['20'])"
4,2,0,[0]
4,7,0,[0]
4,5,0,[0]
4,8,0,[0]
4,13,0,[0]
4,1,0,[0]
4,11,0,[0]
4,9,0,[0]
4,16,0,[0]
4,15,0,[0]
4,17,0,[0]
4,6,0,[0]
4,4,0,[0]
4,0,0,[0]
4,10,0,[0]
4,3,0,[0]
4,14,0,[0]
4,19,0,[0]
4,12,0,[0]
4,18,0,[0]
"('n_atak', ['2', '7', '5', '8', '13', '1', '11', '9', '16', '15', '17', '6', '4', '0', '10', '3', '14', '19', '12', '18'])"
5,4,0,[0]
5,8,0,[0]
5,11,0,[0]
5,3,0,[0]
5,15,0,[0]
5,9,0,[0]
5,5,0,[0]
5,10,0,[0]
5,0,0,[0]
5,16,0,[0]
5,17,0,[0]
5,19,0,[0]
5,13,0,[0]
5,2,0,[0]
5,14,0,[0]
5,18,0,[0]
5,6,0,[0]
5,1,0,[0]
5,7,0,[0]
5,12,0,[0]
"('n_atak', ['4', '8', '11', '3', '15', '9', '5', '10', '0', '16', '17', '19', '13', '2', '14', '18', '6', '1', '7', '12'])"
6,8,0,[0]
6,18,0,[0]
6,6,0,[0]
6,13,0,[0]
6,3,0,[0]
6,15,0,[0]
6,16,0,[0]
6,12,0,[0]
6,19,0,[0]
6,7,0,[0]
6,14,0,[0]
6,2,0,[0]
6,9,0,[0]
6,11,0,[0]
6,5,0,[0]
6,1,0,[0]
6,4,0,[0]
6,17,0,[0]
6,10,0,[0]
6,0,0,[0]
"('n_atak', ['8', '18', '6', '13', '3', '15', '16', '12', '19', '7', '14', '2', '9', '11', '5', '1', '4', '17', '10', '0'])"
7,3,0,[0]
7,2,0,[0]
7,5,0,[0]
7,1,0,[0]
7,7,0,[0]
7,19,0,[0]
7,12,0,[0]
7,17,0,[0]
7,15,0,[0]
7,18,0,[0]
7,10,0,[0]
7,6,0,[0]
7,11,0,[0]
7,4,0,[0]
7,16,0,[0]
7,13,0,[0]
7,8,0,[0]
7,9,0,[0]
7,0,0,[0]
7,14,0,[0]
"('n_atak', ['3', '2', '5', '1', '7', '19', '12', '17', '15', '18', '10', '6', '11', '4', '16', '13', '8', '9', '0', '14'])"
8,2,0,[0]
8,18,0,[0]
8,6,0,[0]
8,5,0,[0]
8,3,0,[0]
8,7,0,[0]
8,16,0,[0]
8,13,0,[0]
8,11,0,[0]
8,8,0,[0]
8,0,0,[0]
8,10,0,[0]
8,12,0,[0]
8,4,0,[0]
8,14,0,[0]
8,1,0,[0]
8,17,0,[0]
8,19,0,[0]
8,9,0,[0]
8,15,0,[0]
"('n_atak', ['2', '18', '6', '5', '3', '7', '16', '13', '11', '8', '0', '10', '12', '4', '14', '1', '17', '19', '9', '15'])"
9,3,0,[0]
9,17,0,[0]
9,19,0,[0]
9,2,0,[0]
9,11,0,[0]
9,13,0,[0]
9,18,0,[0]
9,12,0,[0]
9,10,0,[0]
9,6,0,[0]
9,16,0,[0]
9,9,0,[0]
9,14,0,[0]
9,4,0,[0]
9,1,0,[0]
9,8,0,[0]
9,7,0,[0]
9,5,0,[0]
9,15,0,[0]
9,0,0,[0]
"('n_atak', ['3', '17', '19', '2', '11', '13', '18', '12', '10', '6', '16', '9', '14', '4', '1', '8', '7', '5', '15', '0'])"
10,4,0,[0]
10,16,0,[0]
10,9,0,[0]
10,3,0,[0]
10,18,0,[0]
10,5,0,[0]
10,15,0,[0]
10,14,0,[0]
10,2,0,[0]
10,10,0,[0]
10,11,0,[0]
10,1,0,[0]
10,19,0,[0]
10,12,0,[0]
10,13,0,[0]
10,17,0,[0]
10,7,0,[0]
10,8,0,[0]
10,6,0,[0]
10,0,0,[0]
"('n_atak', ['4', '16', '9', '3', '18', '5', '15', '14', '2', '10', '11', '1', '19', '12', '13', '17', '7', '8', '6', '0'])"
2,12,0,[0]
2,18,0,[0]
2,11,0,[0]
2,7,0,[0]
2,0,0,[0]
2,16,0,[0]
2,5,0,[0]
2,20,1,[0]
2,6,0,[0]
2,19,0,[0]
2,21,1,[1]
2,23,1,[1]
2,14,0,[0]
2,2,0,[0]
2,13,0,[0]
2,10,0,[0]
2,22,1,[1]
2,4,0,[0]
2,24,1,[1]
2,17,0,[0]
2,3,0,[0]
2,15,0,[0]
2,1,0,[0]
2,8,0,[0]
2,9,0,[0]
"('n_atak', ['12', '18', '11', '7', '0', '16', '5', '20', '6', '19', '14', '2', '13', '10', '4', '17', '3', '15', '1', '8', '9'])","('atak', ['21', '23', '22', '24'])"
3,9,0,[0]
3,5,0,[0]
3,10,0,[0]
3,11,0,[0]
3,18,0,[0]
3,20,1,[1]
3,19,0,[0]
3,2,0,[0]
3,15,0,[0]
3,1,0,[0]
3,14,0,[0]
3,4,0,[0]
3,8,0,[0]
3,16,0,[0]
3,12,0,[0]
3,17,0,[0]
3,6,0,[0]
3,13,0,[0]
3,7,0,[0]
3,0,0,[0]
3,3,0,[0]
"('n_atak', ['9', '5', '10', '11', '18', '19', '2', '15', '1', '14', '4', '8', '16', '12', '17', '6', '13', '7', '0', '3'])","('atak', ['20'])"
4,2,0,[0]
4,7,0,[0]
4,5,0,[0]
4,8,0,[0]
4,13,0,[0]
4,1,0,[0]
4,11,0,[0]
4,9,0,[0]
4,16,0,[0]
4,15,0,[0]
4,17,0,[0]
4,6,0,[0]
4,4,0,[0]
4,0,0,[0]
4,10,0,[0]
4,3,0,[0]
4,14,0,[0]
4,19,0,[0]
4,12,0,[0]
4,18,0,[0]
"('n_atak', ['2', '7', '5', '8', '13', '1', '11', '9', '16', '15', '17', '6', '4', '0', '10', '3', '14', '19', '12', '18'])"
5,4,0,[0]
5,8,0,[0]
5,11,0,[0]
5,3,0,[0]
5,15,0,[0]
5,9,0,[0]
5,5,0,[0]
5,10,0,[0]
5,0,0,[0]
5,16,0,[0]
5,17,0,[0]
5,19,0,[0]
5,13,0,[0]
5,2,0,[0]
5,14,0,[0]
5,18,0,[0]
5,6,0,[0]
5,1,0,[0]
5,7,0,[0]
5,12,0,[0]
"('n_atak', ['4', '8', '11', '3', '15', '9', '5', '10', '0', '16', '17', '19', '13', '2', '14', '18', '6', '1', '7', '12'])"
6,8,0,[0]
6,18,0,[0]
6,6,0,[0]
6,13,0,[0]
6,3,0,[0]
6,15,0,[0]
6,16,0,[0]
6,12,0,[0]
6,19,0,[0]
6,7,0,[0]
6,14,0,[0]
6,2,0,[0]
6,9,0,[0]
6,11,0,[0]
6,5,0,[0]
6,1,0,[0]
6,4,0,[0]
6,17,0,[0]
6,10,0,[0]
6,0,0,[0]
"('n_atak', ['8', '18', '6', '13', '3', '15', '16', '12', '19', '7', '14', '2', '9', '11', '5', '1', '4', '17', '10', '0'])"
7,3,0,[0]
7,2,0,[0]
7,5,0,[0]
7,1,0,[0]
7,7,0,[0]
7,19,0,[0]
7,12,0,[0]
7,17,0,[0]
7,15,0,[0]
7,18,0,[0]
7,10,0,[0]
7,6,0,[0]
7,11,0,[0]
7,4,0,[0]
7,16,0,[0]
7,13,0,[0]
7,8,0,[0]
7,9,0,[0]
7,0,0,[0]
7,14,0,[0]
"('n_atak', ['3', '2', '5', '1', '7', '19', '12', '17', '15', '18', '10', '6', '11', '4', '16', '13', '8', '9', '0', '14'])"
8,2,0,[0]
8,18,0,[0]
8,6,0,[0]
8,5,0,[0]
8,3,0,[0]
8,7,0,[0]
8,16,0,[0]
8,13,0,[0]
8,11,0,[0]
8,8,0,[0]
8,0,0,[0]
8,10,0,[0]
8,12,0,[0]
8,4,0,[0]
8,14,0,[0]
8,1,0,[0]
8,17,0,[0]
8,19,0,[0]
8,9,0,[0]
8,15,0,[0]
"('n_atak', ['2', '18', '6', '5', '3', '7', '16', '13', '11', '8', '0', '10', '12', '4', '14', '1', '17', '19', '9', '15'])"
9,3,0,[0]
9,17,0,[0]
9,19,0,[0]
9,2,0,[0]
9,11,0,[0]
9,13,0,[0]
9,18,0,[0]
9,12,0,[0]
9,10,0,[0]
9,6,0,[0]
9,16,0,[0]
9,9,0,[0]
9,14,0,[0]
9,4,0,[0]
9,1,0,[0]
9,8,0,[0]
9,7,0,[0]
9,5,0,[0]
9,15,0,[0]
9,0,0,[0]
"('n_atak', ['3', '17', '19', '2', '11', '13', '18', '12', '10', '6', '16', '9', '14', '4', '1', '8', '7', '5', '15', '0'])"
10,4,0,[0]
10,16,0,[0]
10,9,0,[0]
10,3,0,[0]
10,18,0,[0]
10,5,0,[0]
10,15,0,[0]
10,14,0,[0]
10,2,0,[0]
10,10,0,[0]
10,11,0,[0]
10,1,0,[0]
10,19,0,[0]
10,12,0,[0]
10,13,0,[0]
10,17,0,[0]
10,7,0,[0]
10,8,0,[0]
10,6,0,[0]
10,0,0,[0]
"('n_atak', ['4', '16', '9', '3', '18', '5', '15', '14', '2', '10', '11', '1', '19', '12', '13', '17', '7', '8', '6', '0'])"
11,12,0,[0]
11,0,0,[0]
11,1,0,[0]
11,16,0,[0]
11,4,0,[0]
11,15,0,[0]
11,11,0,[0]
11,9,0,[0]
11,7,0,[0]
11,18,0,[0]
11,10,0,[0]
11,17,0,[0]
11,5,0,[0]
11,8,0,[0]
11,6,0,[0]
11,13,0,[0]
11,14,0,[0]
11,2,0,[0]
11,19,0,[0]
11,3,0,[0]
"('n_atak', ['12', '0', '1', '16', '4', '15', '11', '9', '7', '18', '10', '17', '5', '8', '6', '13', '14', '2', '19', '3'])"
2,12,0,[0]
2,18,0,[0]
2,11,0,[0]
2,7,0,[0]
2,0,0,[0]
2,16,0,[0]
2,5,0,[0]
2,20,1,[0]
2,6,0,[0]
2,19,0,[0]
2,21,1,[1]
2,23,1,[1]
2,14,0,[0]
2,2,0,[0]
2,13,0,[0]
2,10,0,[0]
2,22,1,[1]
2,4,0,[0]
2,24,1,[1]
2,17,0,[0]
2,3,0,[0]
2,15,0,[0]
2,1,0,[0]
2,8,0,[0]
2,9,0,[0]
"('n_atak', ['12', '18', '11', '7', '0', '16', '5', '20', '6', '19', '14', '2', '13', '10', '4', '17', '3', '15', '1', '8', '9'])","('atak', ['21', '23', '22', '24'])"
3,9,0,[0]
3,5,0,[0]
3,10,0,[0]
3,11,0,[0]
3,18,0,[0]
3,20,1,[1]
3,19,0,[0]
3,2,0,[0]
3,15,0,[0]
3,1,0,[0]
3,14,0,[0]
3,4,0,[0]
3,8,0,[0]
3,16,0,[0]
3,12,0,[0]
3,17,0,[0]
3,6,0,[0]
3,13,0,[0]
3,7,0,[0]
3,0,0,[0]
3,3,0,[0]
"('n_atak', ['9', '5', '10', '11', '18', '19', '2', '15', '1', '14', '4', '8', '16', '12', '17', '6', '13', '7', '0', '3'])","('atak', ['20'])"
4,2,0,[0]
4,7,0,[0]
4,5,0,[0]
4,8,0,[0]
4,13,0,[0]
4,1,0,[0]
4,11,0,[0]
4,9,0,[0]
4,16,0,[0]
4,15,0,[0]
4,17,0,[0]
4,6,0,[0]
4,4,0,[0]
4,0,0,[0]
4,10,0,[0]
4,3,0,[0]
4,14,0,[0]
4,19,0,[0]
4,12,0,[0]
4,18,0,[0]
"('n_atak', ['2', '7', '5', '8', '13', '1', '11', '9', '16', '15', '17', '6', '4', '0', '10', '3', '14', '19', '12', '18'])"
5,4,0,[0]
5,8,0,[0]
5,11,0,[0]
5,3,0,[0]
5,15,0,[0]
5,9,0,[0]
5,5,0,[0]
5,10,0,[0]
5,0,0,[0]
5,16,0,[0]
5,17,0,[0]
5,19,0,[0]
5,13,0,[0]
5,2,0,[0]
5,14,0,[0]
5,18,0,[0]
5,6,0,[0]
5,1,0,[0]
5,7,0,[0]
5,12,0,[0]
"('n_atak', ['4', '8', '11', '3', '15', '9', '5', '10', '0', '16', '17', '19', '13', '2', '14', '18', '6', '1', '7', '12'])"
6,8,0,[0]
6,18,0,[0]
6,6,0,[0]
6,13,0,[0]
6,3,0,[0]
6,15,0,[0]
6,16,0,[0]
6,12,0,[0]
6,19,0,[0]
6,7,0,[0]
6,14,0,[0]
6,2,0,[0]
6,9,0,[0]
6,11,0,[0]
6,5,0,[0]
6,1,0,[0]
6,4,0,[0]
6,17,0,[0]
6,10,0,[0]
6,0,0,[0]
"('n_atak', ['8', '18', '6', '13', '3', '15', '16', '12', '19', '7', '14', '2', '9', '11', '5', '1', '4', '17', '10', '0'])"
7,3,0,[0]
7,2,0,[0]
7,5,0,[0]
7,1,0,[0]
7,7,0,[0]
7,19,0,[0]
7,12,0,[0]
7,17,0,[0]
7,15,0,[0]
7,18,0,[0]
7,10,0,[0]
7,6,0,[0]
7,11,0,[0]
7,4,0,[0]
7,16,0,[0]
7,13,0,[0]
7,8,0,[0]
7,9,0,[0]
7,0,0,[0]
7,14,0,[0]
"('n_atak', ['3', '2', '5', '1', '7', '19', '12', '17', '15', '18', '10', '6', '11', '4', '16', '13', '8', '9', '0', '14'])"
8,2,0,[0]
8,18,0,[0]
8,6,0,[0]
8,5,0,[0]
8,3,0,[0]
8,7,0,[0]
8,16,0,[0]
8,13,0,[0]
8,11,0,[0]
8,8,0,[0]
8,0,0,[0]
8,10,0,[0]
8,12,0,[0]
8,4,0,[0]
8,14,0,[0]
8,1,0,[0]
8,17,0,[0]
8,19,0,[0]
8,9,0,[0]
8,15,0,[0]
"('n_atak', ['2', '18', '6', '5', '3', '7', '16', '13', '11', '8', '0', '10', '12', '4', '14', '1', '17', '19', '9', '15'])"
9,3,0,[0]
9,17,0,[0]
9,19,0,[0]
9,2,0,[0]
9,11,0,[0]
9,13,0,[0]
9,18,0,[0]
9,12,0,[0]
9,10,0,[0]
9,6,0,[0]
9,16,0,[0]
9,9,0,[0]
9,14,0,[0]
9,4,0,[0]
9,1,0,[0]
9,8,0,[0]
9,7,0,[0]
9,5,0,[0]
9,15,0,[0]
9,0,0,[0]
"('n_atak', ['3', '17', '19', '2', '11', '13', '18', '12', '10', '6', '16', '9', '14', '4', '1', '8', '7', '5', '15', '0'])"
10,4,0,[0]
10,16,0,[0]
10,9,0,[0]
10,3,0,[0]
10,18,0,[0]
10,5,0,[0]
10,15,0,[0]
10,14,0,[0]
10,2,0,[0]
10,10,0,[0]
10,11,0,[0]
10,1,0,[0]
10,19,0,[0]
10,12,0,[0]
10,13,0,[0]
10,17,0,[0]
10,7,0,[0]
10,8,0,[0]
10,6,0,[0]
10,0,0,[0]
"('n_atak', ['4', '16', '9', '3', '18', '5', '15', '14', '2', '10', '11', '1', '19', '12', '13', '17', '7', '8', '6', '0'])"
11,12,0,[0]
11,0,0,[0]
11,1,0,[0]
11,16,0,[0]
11,4,0,[0]
11,15,0,[0]
11,11,0,[0]
11,9,0,[0]
11,7,0,[0]
11,18,0,[0]
11,10,0,[0]
11,17,0,[0]
11,5,0,[0]
11,8,0,[0]
11,6,0,[0]
11,13,0,[0]
11,14,0,[0]
11,2,0,[0]
11,19,0,[0]
11,3,0,[0]
"('n_atak', ['12', '0', '1', '16', '4', '15', '11', '9', '7', '18', '10', '17', '5', '8', '6', '13', '14', '2', '19', '3'])"
12,8,0,[0]
12,10,0,[0]
12,5,0,[0]
12,6,0,[0]
12,2,0,[0]
12,0,0,[0]
12,18,0,[0]
12,4,0,[0]
12,11,0,[0]
12,1,0,[0]
12,16,0,[0]
12,9,0,[0]
12,15,0,[0]
12,17,0,[0]
12,3,0,[0]
12,14,0,[0]
12,19,0,[0]
12,12,0,[0]
12,7,0,[0]
12,13,0,[0]
"('n_atak', ['8', '10', '5', '6', '2', '0', '18', '4', '11', '1', '16', '9', '15', '17', '3', '14', '19', '12', '7', '13'])"
2,12,0,[0]
2,18,0,[0]
2,11,0,[0]
2,7,0,[0]
2,0,0,[0]
2,16,0,[0]
2,5,0,[0]
2,20,1,[0]
2,6,0,[0]
2,19,0,[0]
2,21,1,[1]
2,23,1,[1]
2,14,0,[0]
2,2,0,[0]
2,13,0,[0]
2,10,0,[0]
2,22,1,[1]
2,4,0,[0]
2,24,1,[1]
2,17,0,[0]
2,3,0,[0]
2,15,0,[0]
2,1,0,[0]
2,8,0,[0]
2,9,0,[0]
"('n_atak', ['12', '18', '11', '7', '0', '16', '5', '20', '6', '19', '14', '2', '13', '10', '4', '17', '3', '15', '1', '8', '9'])","('atak', ['21', '23', '22', '24'])"
3,9,0,[0]
3,5,0,[0]
3,10,0,[0]
3,11,0,[0]
3,18,0,[0]
3,20,1,[1]
3,19,0,[0]
3,2,0,[0]
3,15,0,[0]
3,1,0,[0]
3,14,0,[0]
3,4,0,[0]
3,8,0,[0]
3,16,0,[0]
3,12,0,[0]
3,17,0,[0]
3,6,0,[0]
3,13,0,[0]
3,7,0,[0]
3,0,0,[0]
3,3,0,[0]
"('n_atak', ['9', '5', '10', '11', '18', '19', '2', '15', '1', '14', '4', '8', '16', '12', '17', '6', '13', '7', '0', '3'])","('atak', ['20'])"
4,2,0,[0]
4,7,0,[0]
4,5,0,[0]
4,8,0,[0]
4,13,0,[0]
4,1,0,[0]
4,11,0,[0]
4,9,0,[0]
4,16,0,[0]
4,15,0,[0]
4,17,0,[0]
4,6,0,[0]
4,4,0,[0]
4,0,0,[0]
4,10,0,[0]
4,3,0,[0]
4,14,0,[0]
4,19,0,[0]
4,12,0,[0]
4,18,0,[0]
"('n_atak', ['2', '7', '5', '8', '13', '1', '11', '9', '16', '15', '17', '6', '4', '0', '10', '3', '14', '19', '12', '18'])"
5,4,0,[0]
5,8,0,[0]
5,11,0,[0]
5,3,0,[0]
5,15,0,[0]
5,9,0,[0]
5,5,0,[0]
5,10,0,[0]
5,0,0,[0]
5,16,0,[0]
5,17,0,[0]
5,19,0,[0]
5,13,0,[0]
5,2,0,[0]
5,14,0,[0]
5,18,0,[0]
5,6,0,[0]
5,1,0,[0]
5,7,0,[0]
5,12,0,[0]
"('n_atak', ['4', '8', '11', '3', '15', '9', '5', '10', '0', '16', '17', '19', '13', '2', '14', '18', '6', '1', '7', '12'])"
6,8,0,[0]
6,18,0,[0]
6,6,0,[0]
6,13,0,[0]
6,3,0,[0]
6,15,0,[0]
6,16,0,[0]
6,12,0,[0]
6,19,0,[0]
6,7,0,[0]
6,14,0,[0]
6,2,0,[0]
6,9,0,[0]
6,11,0,[0]
6,5,0,[0]
6,1,0,[0]
6,4,0,[0]
6,17,0,[0]
6,10,0,[0]
6,0,0,[0]
"('n_atak', ['8', '18', '6', '13', '3', '15', '16', '12', '19', '7', '14', '2', '9', '11', '5', '1', '4', '17', '10', '0'])"
7,3,0,[0]
7,2,0,[0]
7,5,0,[0]
7,1,0,[0]
7,7,0,[0]
7,19,0,[0]
7,12,0,[0]
7,17,0,[0]
7,15,0,[0]
7,18,0,[0]
7,10,0,[0]
7,6,0,[0]
7,11,0,[0]
7,4,0,[0]
7,16,0,[0]
7,13,0,[0]
7,8,0,[0]
7,9,0,[0]
7,0,0,[0]
7,14,0,[0]
"('n_atak', ['3', '2', '5', '1', '7', '19', '12', '17', '15', '18', '10', '6', '11', '4', '16', '13', '8', '9', '0', '14'])"
8,2,0,[0]
8,18,0,[0]
8,6,0,[0]
8,5,0,[0]
8,3,0,[0]
8,7,0,[0]
8,16,0,[0]
8,13,0,[0]
8,11,0,[0]
8,8,0,[0]
8,0,0,[0]
8,10,0,[0]
8,12,0,[0]
8,4,0,[0]
8,14,0,[0]
8,1,0,[0]
8,17,0,[0]
8,19,0,[0]
8,9,0,[0]
8,15,0,[0]
"('n_atak', ['2', '18', '6', '5', '3', '7', '16', '13', '11', '8', '0', '10', '12', '4', '14', '1', '17', '19', '9', '15'])"
9,3,0,[0]
9,17,0,[0]
9,19,0,[0]
9,2,0,[0]
9,11,0,[0]
9,13,0,[0]
9,18,0,[0]
9,12,0,[0]
9,10,0,[0]
9,6,0,[0]
9,16,0,[0]
9,9,0,[0]
9,14,0,[0]
9,4,0,[0]
9,1,0,[0]
9,8,0,[0]
9,7,0,[0]
9,5,0,[0]
9,15,0,[0]
9,0,0,[0]
"('n_atak', ['3', '17', '19', '2', '11', '13', '18', '12', '10', '6', '16', '9', '14', '4', '1', '8', '7', '5', '15', '0'])"
10,4,0,[0]
10,16,0,[0]
10,9,0,[0]
10,3,0,[0]
10,18,0,[0]
10,5,0,[0]
10,15,0,[0]
10,14,0,[0]
10,2,0,[0]
10,10,0,[0]
10,11,0,[0]
10,1,0,[0]
10,19,0,[0]
10,12,0,[0]
10,13,0,[0]
10,17,0,[0]
10,7,0,[0]
10,8,0,[0]
10,6,0,[0]
10,0,0,[0]
"('n_atak', ['4', '16', '9', '3', '18', '5', '15', '14', '2', '10', '11', '1', '19', '12', '13', '17', '7', '8', '6', '0'])"
11,12,0,[0]
11,0,0,[0]
11,1,0,[0]
11,16,0,[0]
11,4,0,[0]
11,15,0,[0]
11,11,0,[0]
11,9,0,[0]
11,7,0,[0]
11,18,0,[0]
11,10,0,[0]
11,17,0,[0]
11,5,0,[0]
11,8,0,[0]
11,6,0,[0]
11,13,0,[0]
11,14,0,[0]
11,2,0,[0]
11,19,0,[0]
11,3,0,[0]
"('n_atak', ['12', '0', '1', '16', '4', '15', '11', '9', '7', '18', '10', '17', '5', '8', '6', '13', '14', '2', '19', '3'])"
12,8,0,[0]
12,10,0,[0]
12,5,0,[0]
12,6,0,[0]
12,2,0,[0]
12,0,0,[0]
12,18,0,[0]
12,4,0,[0]
12,11,0,[0]
12,1,0,[0]
12,16,0,[0]
12,9,0,[0]
12,15,0,[0]
12,17,0,[0]
12,3,0,[0]
12,14,0,[0]
12,19,0,[0]
12,12,0,[0]
12,7,0,[0]
12,13,0,[0]
"('n_atak', ['8', '10', '5', '6', '2', '0', '18', '4', '11', '1', '16', '9', '15', '17', '3', '14', '19', '12', '7', '13'])"
13,5,0,[0]
13,16,0,[0]
13,2,0,[0]
13,1,0,[0]
13,6,0,[0]
13,18,0,[0]
13,15,0,[0]
13,3,0,[0]
13,0,0,[0]
13,10,0,[0]
13,8,0,[0]
13,7,0,[0]
13,9,0,[0]
13,12,0,[0]
13,4,0,[0]
13,13,0,[0]
13,17,0,[0]
13,11,0,[0]
13,14,0,[0]
13,19,0,[0]
"('n_atak', ['5', '16', '2', '1', '6', '18', '15', '3', '0', '10', '8', '7', '9', '12', '4', '13', '17', '11', '14', '19'])"
2,12,0,[0]
2,18,0,[0]
2,11,0,[0]
2,7,0,[0]
2,0,0,[0]
2,16,0,[0]
2,5,0,[0]
2,20,1,[0]
2,6,0,[0]
2,19,0,[0]
2,21,1,[1]
2,23,1,[1]
2,14,0,[0]
2,2,0,[0]
2,13,0,[0]
2,10,0,[0]
2,22,1,[1]
2,4,0,[0]
2,24,1,[1]
2,17,0,[0]
2,3,0,[0]
2,15,0,[0]
2,1,0,[0]
2,8,0,[0]
2,9,0,[0]
"('n_atak', ['12', '18', '11', '7', '0', '16', '5', '20', '6', '19', '14', '2', '13', '10', '4', '17', '3', '15', '1', '8', '9'])","('atak', ['21', '23', '22', '24'])"
3,9,0,[0]
3,5,0,[0]
3,10,0,[0]
3,11,0,[0]
3,18,0,[0]
3,20,1,[1]
3,19,0,[0]
3,2,0,[0]
3,15,0,[0]
3,1,0,[0]
3,14,0,[0]
3,4,0,[0]
3,8,0,[0]
3,16,0,[0]
3,12,0,[0]
3,17,0,[0]
3,6,0,[0]
3,13,0,[0]
3,7,0,[0]
3,0,0,[0]
3,3,0,[0]
"('n_atak', ['9', '5', '10', '11', '18', '19', '2', '15', '1', '14', '4', '8', '16', '12', '17', '6', '13', '7', '0', '3'])","('atak', ['20'])"
4,2,0,[0]
4,7,0,[0]
4,5,0,[0]
4,8,0,[0]
4,13,0,[0]
4,1,0,[0]
4,11,0,[0]
4,9,0,[0]
4,16,0,[0]
4,15,0,[0]
4,17,0,[0]
4,6,0,[0]
4,4,0,[0]
4,0,0,[0]
4,10,0,[0]
4,3,0,[0]
4,14,0,[0]
4,19,0,[0]
4,12,0,[0]
4,18,0,[0]
"('n_atak', ['2', '7', '5', '8', '13', '1', '11', '9', '16', '15', '17', '6', '4', '0', '10', '3', '14', '19', '12', '18'])"
5,4,0,[0]
5,8,0,[0]
5,11,0,[0]
5,3,0,[0]
5,15,0,[0]
5,9,0,[0]
5,5,0,[0]
5,10,0,[0]
5,0,0,[0]
5,16,0,[0]
5,17,0,[0]
5,19,0,[0]
5,13,0,[0]
5,2,0,[0]
5,14,0,[0]
5,18,0,[0]
5,6,0,[0]
5,1,0,[0]
5,7,0,[0]
5,12,0,[0]
"('n_atak', ['4', '8', '11', '3', '15', '9', '5', '10', '0', '16', '17', '19', '13', '2', '14', '18', '6', '1', '7', '12'])"
6,8,0,[0]
6,18,0,[0]
6,6,0,[0]
6,13,0,[0]
6,3,0,[0]
6,15,0,[0]
6,16,0,[0]
6,12,0,[0]
6,19,0,[0]
6,7,0,[0]
6,14,0,[0]
6,2,0,[0]
6,9,0,[0]
6,11,0,[0]
6,5,0,[0]
6,1,0,[0]
6,4,0,[0]
6,17,0,[0]
6,10,0,[0]
6,0,0,[0]
"('n_atak', ['8', '18', '6', '13', '3', '15', '16', '12', '19', '7', '14', '2', '9', '11', '5', '1', '4', '17', '10', '0'])"
7,3,0,[0]
7,2,0,[0]
7,5,0,[0]
7,1,0,[0]
7,7,0,[0]
7,19,0,[0]
7,12,0,[0]
7,17,0,[0]
7,15,0,[0]
7,18,0,[0]
7,10,0,[0]
7,6,0,[0]
7,11,0,[0]
7,4,0,[0]
7,16,0,[0]
7,13,0,[0]
7,8,0,[0]
7,9,0,[0]
7,0,0,[0]
7,14,0,[0]
"('n_atak', ['3', '2', '5', '1', '7', '19', '12', '17', '15', '18', '10', '6', '11', '4', '16', '13', '8', '9', '0', '14'])"
8,2,0,[0]
8,18,0,[0]
8,6,0,[0]
8,5,0,[0]
8,3,0,[0]
8,7,0,[0]
8,16,0,[0]
8,13,0,[0]
8,11,0,[0]
8,8,0,[0]
8,0,0,[0]
8,10,0,[0]
8,12,0,[0]
8,4,0,[0]
8,14,0,[0]
8,1,0,[0]
8,17,0,[0]
8,19,0,[0]
8,9,0,[0]
8,15,0,[0]
"('n_atak', ['2', '18', '6', '5', '3', '7', '16', '13', '11', '8', '0', '10', '12', '4', '14', '1', '17', '19', '9', '15'])"
9,3,0,[0]
9,17,0,[0]
9,19,0,[0]
9,2,0,[0]
9,11,0,[0]
9,13,0,[0]
9,18,0,[0]
9,12,0,[0]
9,10,0,[0]
9,6,0,[0]
9,16,0,[0]
9,9,0,[0]
9,14,0,[0]
9,4,0,[0]
9,1,0,[0]
9,8,0,[0]
9,7,0,[0]
9,5,0,[0]
9,15,0,[0]
9,0,0,[0]
"('n_atak', ['3', '17', '19', '2', '11', '13', '18', '12', '10', '6', '16', '9', '14', '4', '1', '8', '7', '5', '15', '0'])"
10,4,0,[0]
10,16,0,[0]
10,9,0,[0]
10,3,0,[0]
10,18,0,[0]
10,5,0,[0]
10,15,0,[0]
10,14,0,[0]
10,2,0,[0]
10,10,0,[0]
10,11,0,[0]
10,1,0,[0]
10,19,0,[0]
10,12,0,[0]
10,13,0,[0]
10,17,0,[0]
10,7,0,[0]
10,8,0,[0]
10,6,0,[0]
10,0,0,[0]
"('n_atak', ['4', '16', '9', '3', '18', '5', '15', '14', '2', '10', '11', '1', '19', '12', '13', '17', '7', '8', '6', '0'])"
11,12,0,[0]
11,0,0,[0]
11,1,0,[0]
11,16,0,[0]
11,4,0,[0]
11,15,0,[0]
11,11,0,[0]
11,9,0,[0]
11,7,0,[0]
11,18,0,[0]
11,10,0,[0]
11,17,0,[0]
11,5,0,[0]
11,8,0,[0]
11,6,0,[0]
11,13,0,[0]
11,14,0,[0]
11,2,0,[0]
11,19,0,[0]
11,3,0,[0]
"('n_atak', ['12', '0', '1', '16', '4', '15', '11', '9', '7', '18', '10', '17', '5', '8', '6', '13', '14', '2', '19', '3'])"
12,8,0,[0]
12,10,0,[0]
12,5,0,[0]
12,6,0,[0]
12,2,0,[0]
12,0,0,[0]
12,18,0,[0]
12,4,0,[0]
12,11,0,[0]
12,1,0,[0]
12,16,0,[0]
12,9,0,[0]
12,15,0,[0]
12,17,0,[0]
12,3,0,[0]
12,14,0,[0]
12,19,0,[0]
12,12,0,[0]
12,7,0,[0]
12,13,0,[0]
"('n_atak', ['8', '10', '5', '6', '2', '0', '18', '4', '11', '1', '16', '9', '15', '17', '3', '14', '19', '12', '7', '13'])"
13,5,0,[0]
13,16,0,[0]
13,2,0,[0]
13,1,0,[0]
13,6,0,[0]
13,18,0,[0]
13,15,0,[0]
13,3,0,[0]
13,0,0,[0]
13,10,0,[0]
13,8,0,[0]
13,7,0,[0]
13,9,0,[0]
13,12,0,[0]
13,4,0,[0]
13,13,0,[0]
13,17,0,[0]
13,11,0,[0]
13,14,0,[0]
13,19,0,[0]
"('n_atak', ['5', '16', '2', '1', '6', '18', '15', '3', '0', '10', '8', '7', '9', '12', '4', '13', '17', '11', '14', '19'])"
14,6,0,[0]
14,13,0,[0]
14,9,0,[0]
14,18,0,[0]
14,2,0,[0]
14,12,0,[0]
14,16,0,[0]
14,4,0,[0]
14,14,0,[0]
14,1,0,[0]
14,0,0,[0]
14,3,0,[0]
14,15,0,[0]
14,8,0,[0]
14,11,0,[0]
14,17,0,[0]
14,19,0,[0]
14,5,0,[0]
14,10,0,[0]
14,7,0,[0]
"('n_atak', ['6', '13', '9', '18', '2', '12', '16', '4', '14', '1', '0', '3', '15', '8', '11', '17', '19', '5', '10', '7'])"
2,12,0,[0]
2,18,0,[0]
2,11,0,[0]
2,7,0,[0]
2,0,0,[0]
2,16,0,[0]
2,5,0,[0]
2,20,1,[0]
2,6,0,[0]
2,19,0,[0]
2,21,1,[1]
2,23,1,[1]
2,14,0,[0]
2,2,0,[0]
2,13,0,[0]
2,10,0,[0]
2,22,1,[1]
2,4,0,[0]
2,24,1,[1]
2,17,0,[0]
2,3,0,[0]
2,15,0,[0]
2,1,0,[0]
2,8,0,[0]
2,9,0,[0]
"('n_atak', ['12', '18', '11', '7', '0', '16', '5', '20', '6', '19', '14', '2', '13', '10', '4', '17', '3', '15', '1', '8', '9'])","('atak', ['21', '23', '22', '24'])"
3,9,0,[0]
3,5,0,[0]
3,10,0,[0]
3,11,0,[0]
3,18,0,[0]
3,20,1,[1]
3,19,0,[0]
3,2,0,[0]
3,15,0,[0]
3,1,0,[0]
3,14,0,[0]
3,4,0,[0]
3,8,0,[0]
3,16,0,[0]
3,12,0,[0]
3,17,0,[0]
3,6,0,[0]
3,13,0,[0]
3,7,0,[0]
3,0,0,[0]
3,3,0,[0]
"('n_atak', ['9', '5', '10', '11', '18', '19', '2', '15', '1', '14', '4', '8', '16', '12', '17', '6', '13', '7', '0', '3'])","('atak', ['20'])"
4,2,0,[0]
4,7,0,[0]
4,5,0,[0]
4,8,0,[0]
4,13,0,[0]
4,1,0,[0]
4,11,0,[0]
4,9,0,[0]
4,16,0,[0]
4,15,0,[0]
4,17,0,[0]
4,6,0,[0]
4,4,0,[0]
4,0,0,[0]
4,10,0,[0]
4,3,0,[0]
4,14,0,[0]
4,19,0,[0]
4,12,0,[0]
4,18,0,[0]
"('n_atak', ['2', '7', '5', '8', '13', '1', '11', '9', '16', '15', '17', '6', '4', '0', '10', '3', '14', '19', '12', '18'])"
5,4,0,[0]
5,8,0,[0]
5,11,0,[0]
5,3,0,[0]
5,15,0,[0]
5,9,0,[0]
5,5,0,[0]
5,10,0,[0]
5,0,0,[0]
5,16,0,[0]
5,17,0,[0]
5,19,0,[0]
5,13,0,[0]
5,2,0,[0]
5,14,0,[0]
5,18,0,[0]
5,6,0,[0]
5,1,0,[0]
5,7,0,[0]
5,12,0,[0]
"('n_atak', ['4', '8', '11', '3', '15', '9', '5', '10', '0', '16', '17', '19', '13', '2', '14', '18', '6', '1', '7', '12'])"
6,8,0,[0]
6,18,0,[0]
6,6,0,[0]
6,13,0,[0]
6,3,0,[0]
6,15,0,[0]
6,16,0,[0]
6,12,0,[0]
6,19,0,[0]
6,7,0,[0]
6,14,0,[0]
6,2,0,[0]
6,9,0,[0]
6,11,0,[0]
6,5,0,[0]
6,1,0,[0]
6,4,0,[0]
6,17,0,[0]
6,10,0,[0]
6,0,0,[0]
"('n_atak', ['8', '18', '6', '13', '3', '15', '16', '12', '19', '7', '14', '2', '9', '11', '5', '1', '4', '17', '10', '0'])"
7,3,0,[0]
7,2,0,[0]
7,5,0,[0]
7,1,0,[0]
7,7,0,[0]
7,19,0,[0]
7,12,0,[0]
7,17,0,[0]
7,15,0,[0]
7,18,0,[0]
7,10,0,[0]
7,6,0,[0]
7,11,0,[0]
7,4,0,[0]
7,16,0,[0]
7,13,0,[0]
7,8,0,[0]
7,9,0,[0]
7,0,0,[0]
7,14,0,[0]
"('n_atak', ['3', '2', '5', '1', '7', '19', '12', '17', '15', '18', '10', '6', '11', '4', '16', '13', '8', '9', '0', '14'])"
8,2,0,[0]
8,18,0,[0]
8,6,0,[0]
8,5,0,[0]
8,3,0,[0]
8,7,0,[0]
8,16,0,[0]
8,13,0,[0]
8,11,0,[0]
8,8,0,[0]
8,0,0,[0]
8,10,0,[0]
8,12,0,[0]
8,4,0,[0]
8,14,0,[0]
8,1,0,[0]
8,17,0,[0]
8,19,0,[0]
8,9,0,[0]
8,15,0,[0]
"('n_atak', ['2', '18', '6', '5', '3', '7', '16', '13', '11', '8', '0', '10', '12', '4', '14', '1', '17', '19', '9', '15'])"
9,3,0,[0]
9,17,0,[0]
9,19,0,[0]
9,2,0,[0]
9,11,0,[0]
9,13,0,[0]
9,18,0,[0]
9,12,0,[0]
9,10,0,[0]
9,6,0,[0]
9,16,0,[0]
9,9,0,[0]
9,14,0,[0]
9,4,0,[0]
9,1,0,[0]
9,8,0,[0]
9,7,0,[0]
9,5,0,[0]
9,15,0,[0]
9,0,0,[0]
"('n_atak', ['3', '17', '19', '2', '11', '13', '18', '12', '10', '6', '16', '9', '14', '4', '1', '8', '7', '5', '15', '0'])"
10,4,0,[0]
10,16,0,[0]
10,9,0,[0]
10,3,0,[0]
10,18,0,[0]
10,5,0,[0]
10,15,0,[0]
10,14,0,[0]
10,2,0,[0]
10,10,0,[0]
10,11,0,[0]
10,1,0,[0]
10,19,0,[0]
10,12,0,[0]
10,13,0,[0]
10,17,0,[0]
10,7,0,[0]
10,8,0,[0]
10,6,0,[0]
10,0,0,[0]
"('n_atak', ['4', '16', '9', '3', '18', '5', '15', '14', '2', '10', '11', '1', '19', '12', '13', '17', '7', '8', '6', '0'])"
11,12,0,[0]
11,0,0,[0]
11,1,0,[0]
11,16,0,[0]
11,4,0,[0]
11,15,0,[0]
11,11,0,[0]
11,9,0,[0]
11,7,0,[0]
11,18,0,[0]
11,10,0,[0]
11,17,0,[0]
11,5,0,[0]
11,8,0,[0]
11,6,0,[0]
11,13,0,[0]
11,14,0,[0]
11,2,0,[0]
11,19,0,[0]
11,3,0,[0]
"('n_atak', ['12', '0', '1', '16', '4', '15', '11', '9', '7', '18', '10', '17', '5', '8', '6', '13', '14', '2', '19', '3'])"
12,8,0,[0]
12,10,0,[0]
12,5,0,[0]
12,6,0,[0]
12,2,0,[0]
12,0,0,[0]
12,18,0,[0]
12,4,0,[0]
12,11,0,[0]
12,1,0,[0]
12,16,0,[0]
12,9,0,[0]
12,15,0,[0]
12,17,0,[0]
12,3,0,[0]
12,14,0,[0]
12,19,0,[0]
12,12,0,[0]
12,7,0,[0]
12,13,0,[0]
"('n_atak', ['8', '10', '5', '6', '2', '0', '18', '4', '11', '1', '16', '9', '15', '17', '3', '14', '19', '12', '7', '13'])"
13,5,0,[0]
13,16,0,[0]
13,2,0,[0]
13,1,0,[0]
13,6,0,[0]
13,18,0,[0]
13,15,0,[0]
13,3,0,[0]
13,0,0,[0]
13,10,0,[0]
13,8,0,[0]
13,7,0,[0]
13,9,0,[0]
13,12,0,[0]
13,4,0,[0]
13,13,0,[0]
13,17,0,[0]
13,11,0,[0]
13,14,0,[0]
13,19,0,[0]
"('n_atak', ['5', '16', '2', '1', '6', '18', '15', '3', '0', '10', '8', '7', '9', '12', '4', '13', '17', '11', '14', '19'])"
14,6,0,[0]
14,13,0,[0]
14,9,0,[0]
14,18,0,[0]
14,2,0,[0]
14,12,0,[0]
14,16,0,[0]
14,4,0,[0]
14,14,0,[0]
14,1,0,[0]
14,0,0,[0]
14,3,0,[0]
14,15,0,[0]
14,8,0,[0]
14,11,0,[0]
14,17,0,[0]
14,19,0,[0]
14,5,0,[0]
14,10,0,[0]
14,7,0,[0]
"('n_atak', ['6', '13', '9', '18', '2', '12', '16', '4', '14', '1', '0', '3', '15', '8', '11', '17', '19', '5', '10', '7'])"
15,16,0,[0]
15,12,0,[0]
15,11,0,[0]
15,6,0,[0]
15,8,0,[0]
15,18,0,[0]
15,9,0,[0]
15,4,0,[0]
15,13,0,[0]
15,3,0,[0]
15,19,0,[0]
15,0,0,[0]
15,7,0,[0]
15,14,0,[0]
15,10,0,[0]
15,15,0,[0]
15,5,0,[0]
15,2,0,[0]
15,17,0,[0]
15,1,0,[0]
"('n_atak', ['16', '12', '11', '6', '8', '18', '9', '4', '13', '3', '19', '0', '7', '14', '10', '15', '5', '2', '17', '1'])"
2,12,0,[0]
2,18,0,[0]
2,11,0,[0]
2,7,0,[0]
2,0,0,[0]
2,16,0,[0]
2,5,0,[0]
2,20,1,[0]
2,6,0,[0]
2,19,0,[0]
2,21,1,[1]
2,23,1,[1]
2,14,0,[0]
2,2,0,[0]
2,13,0,[0]
2,10,0,[0]
2,22,1,[1]
2,4,0,[0]
2,24,1,[1]
2,17,0,[0]
2,3,0,[0]
2,15,0,[0]
2,1,0,[0]
2,8,0,[0]
2,9,0,[0]
"('n_atak', ['12', '18', '11', '7', '0', '16', '5', '20', '6', '19', '14', '2', '13', '10', '4', '17', '3', '15', '1', '8', '9'])","('atak', ['21', '23', '22', '24'])"
3,9,0,[0]
3,5,0,[0]
3,10,0,[0]
3,11,0,[0]
3,18,0,[0]
3,20,1,[1]
3,19,0,[0]
3,2,0,[0]
3,15,0,[0]
3,1,0,[0]
3,14,0,[0]
3,4,0,[0]
3,8,0,[0]
3,16,0,[0]
3,12,0,[0]
3,17,0,[0]
3,6,0,[0]
3,13,0,[0]
3,7,0,[0]
3,0,0,[0]
3,3,0,[0]
"('n_atak', ['9', '5', '10', '11', '18', '19', '2', '15', '1', '14', '4', '8', '16', '12', '17', '6', '13', '7', '0', '3'])","('atak', ['20'])"
4,2,0,[0]
4,7,0,[0]
4,5,0,[0]
4,8,0,[0]
4,13,0,[0]
4,1,0,[0]
4,11,0,[0]
4,9,0,[0]
4,16,0,[0]
4,15,0,[0]
4,17,0,[0]
4,6,0,[0]
4,4,0,[0]
4,0,0,[0]
4,10,0,[0]
4,3,0,[0]
4,14,0,[0]
4,19,0,[0]
4,12,0,[0]
4,18,0,[0]
"('n_atak', ['2', '7', '5', '8', '13', '1', '11', '9', '16', '15', '17', '6', '4', '0', '10', '3', '14', '19', '12', '18'])"
5,4,0,[0]
5,8,0,[0]
5,11,0,[0]
5,3,0,[0]
5,15,0,[0]
5,9,0,[0]
5,5,0,[0]
5,10,0,[0]
5,0,0,[0]
5,16,0,[0]
5,17,0,[0]
5,19,0,[0]
5,13,0,[0]
5,2,0,[0]
5,14,0,[0]
5,18,0,[0]
5,6,0,[0]
5,1,0,[0]
5,7,0,[0]
5,12,0,[0]
"('n_atak', ['4', '8', '11', '3', '15', '9', '5', '10', '0', '16', '17', '19', '13', '2', '14', '18', '6', '1', '7', '12'])"
6,8,0,[0]
6,18,0,[0]
6,6,0,[0]
6,13,0,[0]
6,3,0,[0]
6,15,0,[0]
6,16,0,[0]
6,12,0,[0]
6,19,0,[0]
6,7,0,[0]
6,14,0,[0]
6,2,0,[0]
6,9,0,[0]
6,11,0,[0]
6,5,0,[0]
6,1,0,[0]
6,4,0,[0]
6,17,0,[0]
6,10,0,[0]
6,0,0,[0]
"('n_atak', ['8', '18', '6', '13', '3', '15', '16', '12', '19', '7', '14', '2', '9', '11', '5', '1', '4', '17', '10', '0'])"
7,3,0,[0]
7,2,0,[0]
7,5,0,[0]
7,1,0,[0]
7,7,0,[0]
7,19,0,[0]
7,12,0,[0]
7,17,0,[0]
7,15,0,[0]
7,18,0,[0]
7,10,0,[0]
7,6,0,[0]
7,11,0,[0]
7,4,0,[0]
7,16,0,[0]
7,13,0,[0]
7,8,0,[0]
7,9,0,[0]
7,0,0,[0]
7,14,0,[0]
"('n_atak', ['3', '2', '5', '1', '7', '19', '12', '17', '15', '18', '10', '6', '11', '4', '16', '13', '8', '9', '0', '14'])"
8,2,0,[0]
8,18,0,[0]
8,6,0,[0]
8,5,0,[0]
8,3,0,[0]
8,7,0,[0]
8,16,0,[0]
8,13,0,[0]
8,11,0,[0]
8,8,0,[0]
8,0,0,[0]
8,10,0,[0]
8,12,0,[0]
8,4,0,[0]
8,14,0,[0]
8,1,0,[0]
8,17,0,[0]
8,19,0,[0]
8,9,0,[0]
8,15,0,[0]
"('n_atak', ['2', '18', '6', '5', '3', '7', '16', '13', '11', '8', '0', '10', '12', '4', '14', '1', '17', '19', '9', '15'])"
9,3,0,[0]
9,17,0,[0]
9,19,0,[0]
9,2,0,[0]
9,11,0,[0]
9,13,0,[0]
9,18,0,[0]
9,12,0,[0]
9,10,0,[0]
9,6,0,[0]
9,16,0,[0]
9,9,0,[0]
9,14,0,[0]
9,4,0,[0]
9,1,0,[0]
9,8,0,[0]
9,7,0,[0]
9,5,0,[0]
9,15,0,[0]
9,0,0,[0]
"('n_atak', ['3', '17', '19', '2', '11', '13', '18', '12', '10', '6', '16', '9', '14', '4', '1', '8', '7', '5', '15', '0'])"
10,4,0,[0]
10,16,0,[0]
10,9,0,[0]
10,3,0,[0]
10,18,0,[0]
10,5,0,[0]
10,15,0,[0]
10,14,0,[0]
10,2,0,[0]
10,10,0,[0]
10,11,0,[0]
10,1,0,[0]
10,19,0,[0]
10,12,0,[0]
10,13,0,[0]
10,17,0,[0]
10,7,0,[0]
10,8,0,[0]
10,6,0,[0]
10,0,0,[0]
"('n_atak', ['4', '16', '9', '3', '18', '5', '15', '14', '2', '10', '11', '1', '19', '12', '13', '17', '7', '8', '6', '0'])"
11,12,0,[0]
11,0,0,[0]
11,1,0,[0]
11,16,0,[0]
11,4,0,[0]
11,15,0,[0]
11,11,0,[0]
11,9,0,[0]
11,7,0,[0]
11,18,0,[0]
11,10,0,[0]
11,17,0,[0]
11,5,0,[0]
11,8,0,[0]
11,6,0,[0]
11,13,0,[0]
11,14,0,[0]
11,2,0,[0]
11,19,0,[0]
11,3,0,[0]
"('n_atak', ['12', '0', '1', '16', '4', '15', '11', '9', '7', '18', '10', '17', '5', '8', '6', '13', '14', '2', '19', '3'])"
12,8,0,[0]
12,10,0,[0]
12,5,0,[0]
12,6,0,[0]
12,2,0,[0]
12,0,0,[0]
12,18,0,[0]
12,4,0,[0]
12,11,0,[0]
12,1,0,[0]
12,16,0,[0]
12,9,0,[0]
12,15,0,[0]
12,17,0,[0]
12,3,0,[0]
12,14,0,[0]
12,19,0,[0]
12,12,0,[0]
12,7,0,[0]
12,13,0,[0]
"('n_atak', ['8', '10', '5', '6', '2', '0', '18', '4', '11', '1', '16', '9', '15', '17', '3', '14', '19', '12', '7', '13'])"
13,5,0,[0]
13,16,0,[0]
13,2,0,[0]
13,1,0,[0]
13,6,0,[0]
13,18,0,[0]
13,15,0,[0]
13,3,0,[0]
13,0,0,[0]
13,10,0,[0]
13,8,0,[0]
13,7,0,[0]
13,9,0,[0]
13,12,0,[0]
13,4,0,[0]
13,13,0,[0]
13,17,0,[0]
13,11,0,[0]
13,14,0,[0]
13,19,0,[0]
"('n_atak', ['5', '16', '2', '1', '6', '18', '15', '3', '0', '10', '8', '7', '9', '12', '4', '13', '17', '11', '14', '19'])"
14,6,0,[0]
14,13,0,[0]
14,9,0,[0]
14,18,0,[0]
14,2,0,[0]
14,12,0,[0]
14,16,0,[0]
14,4,0,[0]
14,14,0,[0]
14,1,0,[0]
14,0,0,[0]
14,3,0,[0]
14,15,0,[0]
14,8,0,[0]
14,11,0,[0]
14,17,0,[0]
14,19,0,[0]
14,5,0,[0]
14,10,0,[0]
14,7,0,[0]
"('n_atak', ['6', '13', '9', '18', '2', '12', '16', '4', '14', '1', '0', '3', '15', '8', '11', '17', '19', '5', '10', '7'])"
15,16,0,[0]
15,12,0,[0]
15,11,0,[0]
15,6,0,[0]
15,8,0,[0]
15,18,0,[0]
15,9,0,[0]
15,4,0,[0]
15,13,0,[0]
15,3,0,[0]
15,19,0,[0]
15,0,0,[0]
15,7,0,[0]
15,14,0,[0]
15,10,0,[0]
15,15,0,[0]
15,5,0,[0]
15,2,0,[0]
15,17,0,[0]
15,1,0,[0]
"('n_atak', ['16', '12', '11', '6', '8', '18', '9', '4', '13', '3', '19', '0', '7', '14', '10', '15', '5', '2', '17', '1'])"
16,5,0,[0]
16,4,0,[0]
16,9,0,[0]
16,1,0,[0]
16,14,0,[0]
16,16,0,[0]
16,13,0,[0]
16,6,0,[0]
16,18,0,[0]
16,0,0,[0]
16,8,0,[0]
16,12,0,[0]
16,11,0,[0]
16,2,0,[0]
16,19,0,[0]
16,3,0,[0]
16,10,0,[0]
16,15,0,[0]
16,17,0,[0]
16,7,0,[0]
"('n_atak', ['5', '4', '9', '1', '14', '16', '13', '6', '18', '0', '8', '12', '11', '2', '19', '3', '10', '15', '17', '7'])"
2,12,0,[0]
2,18,0,[0]
2,11,0,[0]
2,7,0,[0]
2,0,0,[0]
2,16,0,[0]
2,5,0,[0]
2,20,1,[0]
2,6,0,[0]
2,19,0,[0]
2,21,1,[1]
2,23,1,[1]
2,14,0,[0]
2,2,0,[0]
2,13,0,[0]
2,10,0,[0]
2,22,1,[1]
2,4,0,[0]
2,24,1,[1]
2,17,0,[0]
2,3,0,[0]
2,15,0,[0]
2,1,0,[0]
2,8,0,[0]
2,9,0,[0]
"('n_atak', ['12', '18', '11', '7', '0', '16', '5', '20', '6', '19', '14', '2', '13', '10', '4', '17', '3', '15', '1', '8', '9'])","('atak', ['21', '23', '22', '24'])"
3,9,0,[0]
3,5,0,[0]
3,10,0,[0]
3,11,0,[0]
3,18,0,[0]
3,20,1,[1]
3,19,0,[0]
3,2,0,[0]
3,15,0,[0]
3,1,0,[0]
3,14,0,[0]
3,4,0,[0]
3,8,0,[0]
3,16,0,[0]
3,12,0,[0]
3,17,0,[0]
3,6,0,[0]
3,13,0,[0]
3,7,0,[0]
3,0,0,[0]
3,3,0,[0]
"('n_atak', ['9', '5', '10', '11', '18', '19', '2', '15', '1', '14', '4', '8', '16', '12', '17', '6', '13', '7', '0', '3'])","('atak', ['20'])"
4,2,0,[0]
4,7,0,[0]
4,5,0,[0]
4,8,0,[0]
4,13,0,[0]
4,1,0,[0]
4,11,0,[0]
4,9,0,[0]
4,16,0,[0]
4,15,0,[0]
4,17,0,[0]
4,6,0,[0]
4,4,0,[0]
4,0,0,[0]
4,10,0,[0]
4,3,0,[0]
4,14,0,[0]
4,19,0,[0]
4,12,0,[0]
4,18,0,[0]
"('n_atak', ['2', '7', '5', '8', '13', '1', '11', '9', '16', '15', '17', '6', '4', '0', '10', '3', '14', '19', '12', '18'])"
5,4,0,[0]
5,8,0,[0]
5,11,0,[0]
5,3,0,[0]
5,15,0,[0]
5,9,0,[0]
5,5,0,[0]
5,10,0,[0]
5,0,0,[0]
5,16,0,[0]
5,17,0,[0]
5,19,0,[0]
5,13,0,[0]
5,2,0,[0]
5,14,0,[0]
5,18,0,[0]
5,6,0,[0]
5,1,0,[0]
5,7,0,[0]
5,12,0,[0]
"('n_atak', ['4', '8', '11', '3', '15', '9', '5', '10', '0', '16', '17', '19', '13', '2', '14', '18', '6', '1', '7', '12'])"
6,8,0,[0]
6,18,0,[0]
6,6,0,[0]
6,13,0,[0]
6,3,0,[0]
6,15,0,[0]
6,16,0,[0]
6,12,0,[0]
6,19,0,[0]
6,7,0,[0]
6,14,0,[0]
6,2,0,[0]
6,9,0,[0]
6,11,0,[0]
6,5,0,[0]
6,1,0,[0]
6,4,0,[0]
6,17,0,[0]
6,10,0,[0]
6,0,0,[0]
"('n_atak', ['8', '18', '6', '13', '3', '15', '16', '12', '19', '7', '14', '2', '9', '11', '5', '1', '4', '17', '10', '0'])"
7,3,0,[0]
7,2,0,[0]
7,5,0,[0]
7,1,0,[0]
7,7,0,[0]
7,19,0,[0]
7,12,0,[0]
7,17,0,[0]
7,15,0,[0]
7,18,0,[0]
7,10,0,[0]
7,6,0,[0]
7,11,0,[0]
7,4,0,[0]
7,16,0,[0]
7,13,0,[0]
7,8,0,[0]
7,9,0,[0]
7,0,0,[0]
7,14,0,[0]
"('n_atak', ['3', '2', '5', '1', '7', '19', '12', '17', '15', '18', '10', '6', '11', '4', '16', '13', '8', '9', '0', '14'])"
8,2,0,[0]
8,18,0,[0]
8,6,0,[0]
8,5,0,[0]
8,3,0,[0]
8,7,0,[0]
8,16,0,[0]
8,13,0,[0]
8,11,0,[0]
8,8,0,[0]
8,0,0,[0]
8,10,0,[0]
8,12,0,[0]
8,4,0,[0]
8,14,0,[0]
8,1,0,[0]
8,17,0,[0]
8,19,0,[0]
8,9,0,[0]
8,15,0,[0]
"('n_atak', ['2', '18', '6', '5', '3', '7', '16', '13', '11', '8', '0', '10', '12', '4', '14', '1', '17', '19', '9', '15'])"
9,3,0,[0]
9,17,0,[0]
9,19,0,[0]
9,2,0,[0]
9,11,0,[0]
9,13,0,[0]
9,18,0,[0]
9,12,0,[0]
9,10,0,[0]
9,6,0,[0]
9,16,0,[0]
9,9,0,[0]
9,14,0,[0]
9,4,0,[0]
9,1,0,[0]
9,8,0,[0]
9,7,0,[0]
9,5,0,[0]
9,15,0,[0]
9,0,0,[0]
"('n_atak', ['3', '17', '19', '2', '11', '13', '18', '12', '10', '6', '16', '9', '14', '4', '1', '8', '7', '5', '15', '0'])"
10,4,0,[0]
10,16,0,[0]
10,9,0,[0]
10,3,0,[0]
10,18,0,[0]
10,5,0,[0]
10,15,0,[0]
10,14,0,[0]
10,2,0,[0]
10,10,0,[0]
10,11,0,[0]
10,1,0,[0]
10,19,0,[0]
10,12,0,[0]
10,13,0,[0]
10,17,0,[0]
10,7,0,[0]
10,8,0,[0]
10,6,0,[0]
10,0,0,[0]
"('n_atak', ['4', '16', '9', '3', '18', '5', '15', '14', '2', '10', '11', '1', '19', '12', '13', '17', '7', '8', '6', '0'])"
11,12,0,[0]
11,0,0,[0]
11,1,0,[0]
11,16,0,[0]
11,4,0,[0]
11,15,0,[0]
11,11,0,[0]
11,9,0,[0]
11,7,0,[0]
11,18,0,[0]
11,10,0,[0]
11,17,0,[0]
11,5,0,[0]
11,8,0,[0]
11,6,0,[0]
11,13,0,[0]
11,14,0,[0]
11,2,0,[0]
11,19,0,[0]
11,3,0,[0]
"('n_atak', ['12', '0', '1', '16', '4', '15', '11', '9', '7', '18', '10', '17', '5', '8', '6', '13', '14', '2', '19', '3'])"
12,8,0,[0]
12,10,0,[0]
12,5,0,[0]
12,6,0,[0]
12,2,0,[0]
12,0,0,[0]
12,18,0,[0]
12,4,0,[0]
12,11,0,[0]
12,1,0,[0]
12,16,0,[0]
12,9,0,[0]
12,15,0,[0]
12,17,0,[0]
12,3,0,[0]
12,14,0,[0]
12,19,0,[0]
12,12,0,[0]
12,7,0,[0]
12,13,0,[0]
"('n_atak', ['8', '10', '5', '6', '2', '0', '18', '4', '11', '1', '16', '9', '15', '17', '3', '14', '19', '12', '7', '13'])"
13,5,0,[0]
13,16,0,[0]
13,2,0,[0]
13,1,0,[0]
13,6,0,[0]
13,18,0,[0]
13,15,0,[0]
13,3,0,[0]
13,0,0,[0]
13,10,0,[0]
13,8,0,[0]
13,7,0,[0]
13,9,0,[0]
13,12,0,[0]
13,4,0,[0]
13,13,0,[0]
13,17,0,[0]
13,11,0,[0]
13,14,0,[0]
13,19,0,[0]
"('n_atak', ['5', '16', '2', '1', '6', '18', '15', '3', '0', '10', '8', '7', '9', '12', '4', '13', '17', '11', '14', '19'])"
14,6,0,[0]
14,13,0,[0]
14,9,0,[0]
14,18,0,[0]
14,2,0,[0]
14,12,0,[0]
14,16,0,[0]
14,4,0,[0]
14,14,0,[0]
14,1,0,[0]
14,0,0,[0]
14,3,0,[0]
14,15,0,[0]
14,8,0,[0]
14,11,0,[0]
14,17,0,[0]
14,19,0,[0]
14,5,0,[0]
14,10,0,[0]
14,7,0,[0]
"('n_atak', ['6', '13', '9', '18', '2', '12', '16', '4', '14', '1', '0', '3', '15', '8', '11', '17', '19', '5', '10', '7'])"
15,16,0,[0]
15,12,0,[0]
15,11,0,[0]
15,6,0,[0]
15,8,0,[0]
15,18,0,[0]
15,9,0,[0]
15,4,0,[0]
15,13,0,[0]
15,3,0,[0]
15,19,0,[0]
15,0,0,[0]
15,7,0,[0]
15,14,0,[0]
15,10,0,[0]
15,15,0,[0]
15,5,0,[0]
15,2,0,[0]
15,17,0,[0]
15,1,0,[0]
"('n_atak', ['16', '12', '11', '6', '8', '18', '9', '4', '13', '3', '19', '0', '7', '14', '10', '15', '5', '2', '17', '1'])"
16,5,0,[0]
16,4,0,[0]
16,9,0,[0]
16,1,0,[0]
16,14,0,[0]
16,16,0,[0]
16,13,0,[0]
16,6,0,[0]
16,18,0,[0]
16,0,0,[0]
16,8,0,[0]
16,12,0,[0]
16,11,0,[0]
16,2,0,[0]
16,19,0,[0]
16,3,0,[0]
16,10,0,[0]
16,15,0,[0]
16,17,0,[0]
16,7,0,[0]
"('n_atak', ['5', '4', '9', '1', '14', '16', '13', '6', '18', '0', '8', '12', '11', '2', '19', '3', '10', '15', '17', '7'])"
17,10,0,[0]
17,12,0,[0]
17,5,0,[0]
17,3,0,[0]
17,7,0,[0]
17,6,0,[0]
17,17,0,[0]
17,0,0,[0]
17,14,0,[0]
17,1,0,[0]
17,15,0,[0]
17,9,0,[0]
17,19,0,[0]
17,8,0,[0]
17,4,0,[0]
17,11,0,[0]
17,2,0,[0]
17,13,0,[0]
17,18,0,[0]
17,16,0,[0]
"('n_atak', ['10', '12', '5', '3', '7', '6', '17', '0', '14', '1', '15', '9', '19', '8', '4', '11', '2', '13', '18', '16'])"
2,12,0,[0]
2,18,0,[0]
2,11,0,[0]
2,7,0,[0]
2,0,0,[0]
2,16,0,[0]
2,5,0,[0]
2,20,1,[0]
2,6,0,[0]
2,19,0,[0]
2,21,1,[1]
2,23,1,[1]
2,14,0,[0]
2,2,0,[0]
2,13,0,[0]
2,10,0,[0]
2,22,1,[1]
2,4,0,[0]
2,24,1,[1]
2,17,0,[0]
2,3,0,[0]
2,15,0,[0]
2,1,0,[0]
2,8,0,[0]
2,9,0,[0]
"('n_atak', ['12', '18', '11', '7', '0', '16', '5', '20', '6', '19', '14', '2', '13', '10', '4', '17', '3', '15', '1', '8', '9'])","('atak', ['21', '23', '22', '24'])"
3,9,0,[0]
3,5,0,[0]
3,10,0,[0]
3,11,0,[0]
3,18,0,[0]
3,20,1,[1]
3,19,0,[0]
3,2,0,[0]
3,15,0,[0]
3,1,0,[0]
3,14,0,[0]
3,4,0,[0]
3,8,0,[0]
3,16,0,[0]
3,12,0,[0]
3,17,0,[0]
3,6,0,[0]
3,13,0,[0]
3,7,0,[0]
3,0,0,[0]
3,3,0,[0]
"('n_atak', ['9', '5', '10', '11', '18', '19', '2', '15', '1', '14', '4', '8', '16', '12', '17', '6', '13', '7', '0', '3'])","('atak', ['20'])"
4,2,0,[0]
4,7,0,[0]
4,5,0,[0]
4,8,0,[0]
4,13,0,[0]
4,1,0,[0]
4,11,0,[0]
4,9,0,[0]
4,16,0,[0]
4,15,0,[0]
4,17,0,[0]
4,6,0,[0]
4,4,0,[0]
4,0,0,[0]
4,10,0,[0]
4,3,0,[0]
4,14,0,[0]
4,19,0,[0]
4,12,0,[0]
4,18,0,[0]
"('n_atak', ['2', '7', '5', '8', '13', '1', '11', '9', '16', '15', '17', '6', '4', '0', '10', '3', '14', '19', '12', '18'])"
5,4,0,[0]
5,8,0,[0]
5,11,0,[0]
5,3,0,[0]
5,15,0,[0]
5,9,0,[0]
5,5,0,[0]
5,10,0,[0]
5,0,0,[0]
5,16,0,[0]
5,17,0,[0]
5,19,0,[0]
5,13,0,[0]
5,2,0,[0]
5,14,0,[0]
5,18,0,[0]
5,6,0,[0]
5,1,0,[0]
5,7,0,[0]
5,12,0,[0]
"('n_atak', ['4', '8', '11', '3', '15', '9', '5', '10', '0', '16', '17', '19', '13', '2', '14', '18', '6', '1', '7', '12'])"
6,8,0,[0]
6,18,0,[0]
6,6,0,[0]
6,13,0,[0]
6,3,0,[0]
6,15,0,[0]
6,16,0,[0]
6,12,0,[0]
6,19,0,[0]
6,7,0,[0]
6,14,0,[0]
6,2,0,[0]
6,9,0,[0]
6,11,0,[0]
6,5,0,[0]
6,1,0,[0]
6,4,0,[0]
6,17,0,[0]
6,10,0,[0]
6,0,0,[0]
"('n_atak', ['8', '18', '6', '13', '3', '15', '16', '12', '19', '7', '14', '2', '9', '11', '5', '1', '4', '17', '10', '0'])"
7,3,0,[0]
7,2,0,[0]
7,5,0,[0]
7,1,0,[0]
7,7,0,[0]
7,19,0,[0]
7,12,0,[0]
7,17,0,[0]
7,15,0,[0]
7,18,0,[0]
7,10,0,[0]
7,6,0,[0]
7,11,0,[0]
7,4,0,[0]
7,16,0,[0]
7,13,0,[0]
7,8,0,[0]
7,9,0,[0]
7,0,0,[0]
7,14,0,[0]
"('n_atak', ['3', '2', '5', '1', '7', '19', '12', '17', '15', '18', '10', '6', '11', '4', '16', '13', '8', '9', '0', '14'])"
8,2,0,[0]
8,18,0,[0]
8,6,0,[0]
8,5,0,[0]
8,3,0,[0]
8,7,0,[0]
8,16,0,[0]
8,13,0,[0]
8,11,0,[0]
8,8,0,[0]
8,0,0,[0]
8,10,0,[0]
8,12,0,[0]
8,4,0,[0]
8,14,0,[0]
8,1,0,[0]
8,17,0,[0]
8,19,0,[0]
8,9,0,[0]
8,15,0,[0]
"('n_atak', ['2', '18', '6', '5', '3', '7', '16', '13', '11', '8', '0', '10', '12', '4', '14', '1', '17', '19', '9', '15'])"
9,3,0,[0]
9,17,0,[0]
9,19,0,[0]
9,2,0,[0]
9,11,0,[0]
9,13,0,[0]
9,18,0,[0]
9,12,0,[0]
9,10,0,[0]
9,6,0,[0]
9,16,0,[0]
9,9,0,[0]
9,14,0,[0]
9,4,0,[0]
9,1,0,[0]
9,8,0,[0]
9,7,0,[0]
9,5,0,[0]
9,15,0,[0]
9,0,0,[0]
"('n_atak', ['3', '17', '19', '2', '11', '13', '18', '12', '10', '6', '16', '9', '14', '4', '1', '8', '7', '5', '15', '0'])"
10,4,0,[0]
10,16,0,[0]
10,9,0,[0]
10,3,0,[0]
10,18,0,[0]
10,5,0,[0]
10,15,0,[0]
10,14,0,[0]
10,2,0,[0]
10,10,0,[0]
10,11,0,[0]
10,1,0,[0]
10,19,0,[0]
10,12,0,[0]
10,13,0,[0]
10,17,0,[0]
10,7,0,[0]
10,8,0,[0]
10,6,0,[0]
10,0,0,[0]
"('n_atak', ['4', '16', '9', '3', '18', '5', '15', '14', '2', '10', '11', '1', '19', '12', '13', '17', '7', '8', '6', '0'])"
11,12,0,[0]
11,0,0,[0]
11,1,0,[0]
11,16,0,[0]
11,4,0,[0]
11,15,0,[0]
11,11,0,[0]
11,9,0,[0]
11,7,0,[0]
11,18,0,[0]
11,10,0,[0]
11,17,0,[0]
11,5,0,[0]
11,8,0,[0]
11,6,0,[0]
11,13,0,[0]
11,14,0,[0]
11,2,0,[0]
11,19,0,[0]
11,3,0,[0]
"('n_atak', ['12', '0', '1', '16', '4', '15', '11', '9', '7', '18', '10', '17', '5', '8', '6', '13', '14', '2', '19', '3'])"
12,8,0,[0]
12,10,0,[0]
12,5,0,[0]
12,6,0,[0]
12,2,0,[0]
12,0,0,[0]
12,18,0,[0]
12,4,0,[0]
12,11,0,[0]
12,1,0,[0]
12,16,0,[0]
12,9,0,[0]
12,15,0,[0]
12,17,0,[0]
12,3,0,[0]
12,14,0,[0]
12,19,0,[0]
12,12,0,[0]
12,7,0,[0]
12,13,0,[0]
"('n_atak', ['8', '10', '5', '6', '2', '0', '18', '4', '11', '1', '16', '9', '15', '17', '3', '14', '19', '12', '7', '13'])"
13,5,0,[0]
13,16,0,[0]
13,2,0,[0]
13,1,0,[0]
13,6,0,[0]
13,18,0,[0]
13,15,0,[0]
13,3,0,[0]
13,0,0,[0]
13,10,0,[0]
13,8,0,[0]
13,7,0,[0]
13,9,0,[0]
13,12,0,[0]
13,4,0,[0]
13,13,0,[0]
13,17,0,[0]
13,11,0,[0]
13,14,0,[0]
13,19,0,[0]
"('n_atak', ['5', '16', '2', '1', '6', '18', '15', '3', '0', '10', '8', '7', '9', '12', '4', '13', '17', '11', '14', '19'])"
14,6,0,[0]
14,13,0,[0]
14,9,0,[0]
14,18,0,[0]
14,2,0,[0]
14,12,0,[0]
14,16,0,[0]
14,4,0,[0]
14,14,0,[0]
14,1,0,[0]
14,0,0,[0]
14,3,0,[0]
14,15,0,[0]
14,8,0,[0]
14,11,0,[0]
14,17,0,[0]
14,19,0,[0]
14,5,0,[0]
14,10,0,[0]
14,7,0,[0]
"('n_atak', ['6', '13', '9', '18', '2', '12', '16', '4', '14', '1', '0', '3', '15', '8', '11', '17', '19', '5', '10', '7'])"
15,16,0,[0]
15,12,0,[0]
15,11,0,[0]
15,6,0,[0]
15,8,0,[0]
15,18,0,[0]
15,9,0,[0]
15,4,0,[0]
15,13,0,[0]
15,3,0,[0]
15,19,0,[0]
15,0,0,[0]
15,7,0,[0]
15,14,0,[0]
15,10,0,[0]
15,15,0,[0]
15,5,0,[0]
15,2,0,[0]
15,17,0,[0]
15,1,0,[0]
"('n_atak', ['16', '12', '11', '6', '8', '18', '9', '4', '13', '3', '19', '0', '7', '14', '10', '15', '5', '2', '17', '1'])"
16,5,0,[0]
16,4,0,[0]
16,9,0,[0]
16,1,0,[0]
16,14,0,[0]
16,16,0,[0]
16,13,0,[0]
16,6,0,[0]
16,18,0,[0]
16,0,0,[0]
16,8,0,[0]
16,12,0,[0]
16,11,0,[0]
16,2,0,[0]
16,19,0,[0]
16,3,0,[0]
16,10,0,[0]
16,15,0,[0]
16,17,0,[0]
16,7,0,[0]
"('n_atak', ['5', '4', '9', '1', '14', '16', '13', '6', '18', '0', '8', '12', '11', '2', '19', '3', '10', '15', '17', '7'])"
17,10,0,[0]
17,12,0,[0]
17,5,0,[0]
17,3,0,[0]
17,7,0,[0]
17,6,0,[0]
17,17,0,[0]
17,0,0,[0]
17,14,0,[0]
17,1,0,[0]
17,15,0,[0]
17,9,0,[0]
17,19,0,[0]
17,8,0,[0]
17,4,0,[0]
17,11,0,[0]
17,2,0,[0]
17,13,0,[0]
17,18,0,[0]
17,16,0,[0]
"('n_atak', ['10', '12', '5', '3', '7', '6', '17', '0', '14', '1', '15', '9', '19', '8', '4', '11', '2', '13', '18', '16'])"
18,2,0,[0]
18,0,0,[0]
18,11,0,[0]
18,17,0,[0]
18,1,0,[0]
18,5,0,[0]
18,19,0,[0]
18,3,0,[0]
18,13,0,[0]
18,18,0,[0]
18,15,0,[0]
18,6,0,[0]
18,12,0,[0]
18,10,0,[0]
18,7,0,[0]
18,16,0,[0]
18,4,0,[0]
18,14,0,[0]
18,8,0,[0]
18,9,0,[0]
"('n_atak', ['2', '0', '11', '17', '1', '5', '19', '3', '13', '18', '15', '6', '12', '10', '7', '16', '4', '14', '8', '9'])"
2,12,0,[0]
2,18,0,[0]
2,11,0,[0]
2,7,0,[0]
2,0,0,[0]
2,16,0,[0]
2,5,0,[0]
2,20,1,[0]
2,6,0,[0]
2,19,0,[0]
2,21,1,[1]
2,23,1,[1]
2,14,0,[0]
2,2,0,[0]
2,13,0,[0]
2,10,0,[0]
2,22,1,[1]
2,4,0,[0]
2,24,1,[1]
2,17,0,[0]
2,3,0,[0]
2,15,0,[0]
2,1,0,[0]
2,8,0,[0]
2,9,0,[0]
"('n_atak', ['12', '18', '11', '7', '0', '16', '5', '20', '6', '19', '14', '2', '13', '10', '4', '17', '3', '15', '1', '8', '9'])","('atak', ['21', '23', '22', '24'])"
3,9,0,[0]
3,5,0,[0]
3,10,0,[0]
3,11,0,[0]
3,18,0,[0]
3,20,1,[1]
3,19,0,[0]
3,2,0,[0]
3,15,0,[0]
3,1,0,[0]
3,14,0,[0]
3,4,0,[0]
3,8,0,[0]
3,16,0,[0]
3,12,0,[0]
3,17,0,[0]
3,6,0,[0]
3,13,0,[0]
3,7,0,[0]
3,0,0,[0]
3,3,0,[0]
"('n_atak', ['9', '5', '10', '11', '18', '19', '2', '15', '1', '14', '4', '8', '16', '12', '17', '6', '13', '7', '0', '3'])","('atak', ['20'])"
4,2,0,[0]
4,7,0,[0]
4,5,0,[0]
4,8,0,[0]
4,13,0,[0]
4,1,0,[0]
4,11,0,[0]
4,9,0,[0]
4,16,0,[0]
4,15,0,[0]
4,17,0,[0]
4,6,0,[0]
4,4,0,[0]
4,0,0,[0]
4,10,0,[0]
4,3,0,[0]
4,14,0,[0]
4,19,0,[0]
4,12,0,[0]
4,18,0,[0]
"('n_atak', ['2', '7', '5', '8', '13', '1', '11', '9', '16', '15', '17', '6', '4', '0', '10', '3', '14', '19', '12', '18'])"
5,4,0,[0]
5,8,0,[0]
5,11,0,[0]
5,3,0,[0]
5,15,0,[0]
5,9,0,[0]
5,5,0,[0]
5,10,0,[0]
5,0,0,[0]
5,16,0,[0]
5,17,0,[0]
5,19,0,[0]
5,13,0,[0]
5,2,0,[0]
5,14,0,[0]
5,18,0,[0]
5,6,0,[0]
5,1,0,[0]
5,7,0,[0]
5,12,0,[0]
"('n_atak', ['4', '8', '11', '3', '15', '9', '5', '10', '0', '16', '17', '19', '13', '2', '14', '18', '6', '1', '7', '12'])"
6,8,0,[0]
6,18,0,[0]
6,6,0,[0]
6,13,0,[0]
6,3,0,[0]
6,15,0,[0]
6,16,0,[0]
6,12,0,[0]
6,19,0,[0]
6,7,0,[0]
6,14,0,[0]
6,2,0,[0]
6,9,0,[0]
6,11,0,[0]
6,5,0,[0]
6,1,0,[0]
6,4,0,[0]
6,17,0,[0]
6,10,0,[0]
6,0,0,[0]
"('n_atak', ['8', '18', '6', '13', '3', '15', '16', '12', '19', '7', '14', '2', '9', '11', '5', '1', '4', '17', '10', '0'])"
7,3,0,[0]
7,2,0,[0]
7,5,0,[0]
7,1,0,[0]
7,7,0,[0]
7,19,0,[0]
7,12,0,[0]
7,17,0,[0]
7,15,0,[0]
7,18,0,[0]
7,10,0,[0]
7,6,0,[0]
7,11,0,[0]
7,4,0,[0]
7,16,0,[0]
7,13,0,[0]
7,8,0,[0]
7,9,0,[0]
7,0,0,[0]
7,14,0,[0]
"('n_atak', ['3', '2', '5', '1', '7', '19', '12', '17', '15', '18', '10', '6', '11', '4', '16', '13', '8', '9', '0', '14'])"
8,2,0,[0]
8,18,0,[0]
8,6,0,[0]
8,5,0,[0]
8,3,0,[0]
8,7,0,[0]
8,16,0,[0]
8,13,0,[0]
8,11,0,[0]
8,8,0,[0]
8,0,0,[0]
8,10,0,[0]
8,12,0,[0]
8,4,0,[0]
8,14,0,[0]
8,1,0,[0]
8,17,0,[0]
8,19,0,[0]
8,9,0,[0]
8,15,0,[0]
"('n_atak', ['2', '18', '6', '5', '3', '7', '16', '13', '11', '8', '0', '10', '12', '4', '14', '1', '17', '19', '9', '15'])"
9,3,0,[0]
9,17,0,[0]
9,19,0,[0]
9,2,0,[0]
9,11,0,[0]
9,13,0,[0]
9,18,0,[0]
9,12,0,[0]
9,10,0,[0]
9,6,0,[0]
9,16,0,[0]
9,9,0,[0]
9,14,0,[0]
9,4,0,[0]
9,1,0,[0]
9,8,0,[0]
9,7,0,[0]
9,5,0,[0]
9,15,0,[0]
9,0,0,[0]
"('n_atak', ['3', '17', '19', '2', '11', '13', '18', '12', '10', '6', '16', '9', '14', '4', '1', '8', '7', '5', '15', '0'])"
10,4,0,[0]
10,16,0,[0]
10,9,0,[0]
10,3,0,[0]
10,18,0,[0]
10,5,0,[0]
10,15,0,[0]
10,14,0,[0]
10,2,0,[0]
10,10,0,[0]
10,11,0,[0]
10,1,0,[0]
10,19,0,[0]
10,12,0,[0]
10,13,0,[0]
10,17,0,[0]
10,7,0,[0]
10,8,0,[0]
10,6,0,[0]
10,0,0,[0]
"('n_atak', ['4', '16', '9', '3', '18', '5', '15', '14', '2', '10', '11', '1', '19', '12', '13', '17', '7', '8', '6', '0'])"
11,12,0,[0]
11,0,0,[0]
11,1,0,[0]
11,16,0,[0]
11,4,0,[0]
11,15,0,[0]
11,11,0,[0]
11,9,0,[0]
11,7,0,[0]
11,18,0,[0]
11,10,0,[0]
11,17,0,[0]
11,5,0,[0]
11,8,0,[0]
11,6,0,[0]
11,13,0,[0]
11,14,0,[0]
11,2,0,[0]
11,19,0,[0]
11,3,0,[0]
"('n_atak', ['12', '0', '1', '16', '4', '15', '11', '9', '7', '18', '10', '17', '5', '8', '6', '13', '14', '2', '19', '3'])"
12,8,0,[0]
12,10,0,[0]
12,5,0,[0]
12,6,0,[0]
12,2,0,[0]
12,0,0,[0]
12,18,0,[0]
12,4,0,[0]
12,11,0,[0]
12,1,0,[0]
12,16,0,[0]
12,9,0,[0]
12,15,0,[0]
12,17,0,[0]
12,3,0,[0]
12,14,0,[0]
12,19,0,[0]
12,12,0,[0]
12,7,0,[0]
12,13,0,[0]
"('n_atak', ['8', '10', '5', '6', '2', '0', '18', '4', '11', '1', '16', '9', '15', '17', '3', '14', '19', '12', '7', '13'])"
13,5,0,[0]
13,16,0,[0]
13,2,0,[0]
13,1,0,[0]
13,6,0,[0]
13,18,0,[0]
13,15,0,[0]
13,3,0,[0]
13,0,0,[0]
13,10,0,[0]
13,8,0,[0]
13,7,0,[0]
13,9,0,[0]
13,12,0,[0]
13,4,0,[0]
13,13,0,[0]
13,17,0,[0]
13,11,0,[0]
13,14,0,[0]
13,19,0,[0]
"('n_atak', ['5', '16', '2', '1', '6', '18', '15', '3', '0', '10', '8', '7', '9', '12', '4', '13', '17', '11', '14', '19'])"
14,6,0,[0]
14,13,0,[0]
14,9,0,[0]
14,18,0,[0]
14,2,0,[0]
14,12,0,[0]
14,16,0,[0]
14,4,0,[0]
14,14,0,[0]
14,1,0,[0]
14,0,0,[0]
14,3,0,[0]
14,15,0,[0]
14,8,0,[0]
14,11,0,[0]
14,17,0,[0]
14,19,0,[0]
14,5,0,[0]
14,10,0,[0]
14,7,0,[0]
"('n_atak', ['6', '13', '9', '18', '2', '12', '16', '4', '14', '1', '0', '3', '15', '8', '11', '17', '19', '5', '10', '7'])"
15,16,0,[0]
15,12,0,[0]
15,11,0,[0]
15,6,0,[0]
15,8,0,[0]
15,18,0,[0]
15,9,0,[0]
15,4,0,[0]
15,13,0,[0]
15,3,0,[0]
15,19,0,[0]
15,0,0,[0]
15,7,0,[0]
15,14,0,[0]
15,10,0,[0]
15,15,0,[0]
15,5,0,[0]
15,2,0,[0]
15,17,0,[0]
15,1,0,[0]
"('n_atak', ['16', '12', '11', '6', '8', '18', '9', '4', '13', '3', '19', '0', '7', '14', '10', '15', '5', '2', '17', '1'])"
16,5,0,[0]
16,4,0,[0]
16,9,0,[0]
16,1,0,[0]
16,14,0,[0]
16,16,0,[0]
16,13,0,[0]
16,6,0,[0]
16,18,0,[0]
16,0,0,[0]
16,8,0,[0]
16,12,0,[0]
16,11,0,[0]
16,2,0,[0]
16,19,0,[0]
16,3,0,[0]
16,10,0,[0]
16,15,0,[0]
16,17,0,[0]
16,7,0,[0]
"('n_atak', ['5', '4', '9', '1', '14', '16', '13', '6', '18', '0', '8', '12', '11', '2', '19', '3', '10', '15', '17', '7'])"
17,10,0,[0]
17,12,0,[0]
17,5,0,[0]
17,3,0,[0]
17,7,0,[0]
17,6,0,[0]
17,17,0,[0]
17,0,0,[0]
17,14,0,[0]
17,1,0,[0]
17,15,0,[0]
17,9,0,[0]
17,19,0,[0]
17,8,0,[0]
17,4,0,[0]
17,11,0,[0]
17,2,0,[0]
17,13,0,[0]
17,18,0,[0]
17,16,0,[0]
"('n_atak', ['10', '12', '5', '3', '7', '6', '17', '0', '14', '1', '15', '9', '19', '8', '4', '11', '2', '13', '18', '16'])"
18,2,0,[0]
18,0,0,[0]
18,11,0,[0]
18,17,0,[0]
18,1,0,[0]
18,5,0,[0]
18,19,0,[0]
18,3,0,[0]
18,13,0,[0]
18,18,0,[0]
18,15,0,[0]
18,6,0,[0]
18,12,0,[0]
18,10,0,[0]
18,7,0,[0]
18,16,0,[0]
18,4,0,[0]
18,14,0,[0]
18,8,0,[0]
18,9,0,[0]
"('n_atak', ['2', '0', '11', '17', '1', '5', '19', '3', '13', '18', '15', '6', '12', '10', '7', '16', '4', '14', '8', '9'])"
19,12,0,[0]
19,8,0,[0]
19,3,0,[0]
19,16,0,[0]
19,15,0,[0]
19,18,0,[0]
19,14,0,[0]
19,9,0,[0]
19,17,0,[0]
19,10,0,[0]
19,4,0,[0]
19,7,0,[0]
19,6,0,[0]
19,2,0,[0]
19,1,0,[0]
19,19,0,[0]
19,13,0,[0]
19,0,0,[0]
19,5,0,[0]
19,11,0,[0]
"('n_atak', ['12', '8', '3', '16', '15', '18', '14', '9', '17', '10', '4', '7', '6', '2', '1', '19', '13', '0', '5', '11'])"
2,12,0,[0]
2,18,0,[0]
2,11,0,[0]
2,7,0,[0]
2,0,0,[0]
2,16,0,[0]
2,5,0,[0]
2,20,1,[0]
2,6,0,[0]
2,19,0,[0]
2,21,1,[1]
2,23,1,[1]
2,14,0,[0]
2,2,0,[0]
2,13,0,[0]
2,10,0,[0]
2,22,1,[1]
2,4,0,[0]
2,24,1,[1]
2,17,0,[0]
2,3,0,[0]
2,15,0,[0]
2,1,0,[0]
2,8,0,[0]
2,9,0,[0]
"('n_atak', ['12', '18', '11', '7', '0', '16', '5', '20', '6', '19', '14', '2', '13', '10', '4', '17', '3', '15', '1', '8', '9'])","('atak', ['21', '23', '22', '24'])"
3,9,0,[0]
3,5,0,[0]
3,10,0,[0]
3,11,0,[0]
3,18,0,[0]
3,20,1,[1]
3,19,0,[0]
3,2,0,[0]
3,15,0,[0]
3,1,0,[0]
3,14,0,[0]
3,4,0,[0]
3,8,0,[0]
3,16,0,[0]
3,12,0,[0]
3,17,0,[0]
3,6,0,[0]
3,13,0,[0]
3,7,0,[0]
3,0,0,[0]
3,3,0,[0]
"('n_atak', ['9', '5', '10', '11', '18', '19', '2', '15', '1', '14', '4', '8', '16', '12', '17', '6', '13', '7', '0', '3'])","('atak', ['20'])"
4,2,0,[0]
4,7,0,[0]
4,5,0,[0]
4,8,0,[0]
4,13,0,[0]
4,1,0,[0]
4,11,0,[0]
4,9,0,[0]
4,16,0,[0]
4,15,0,[0]
4,17,0,[0]
4,6,0,[0]
4,4,0,[0]
4,0,0,[0]
4,10,0,[0]
4,3,0,[0]
4,14,0,[0]
4,19,0,[0]
4,12,0,[0]
4,18,0,[0]
"('n_atak', ['2', '7', '5', '8', '13', '1', '11', '9', '16', '15', '17', '6', '4', '0', '10', '3', '14', '19', '12', '18'])"
5,4,0,[0]
5,8,0,[0]
5,11,0,[0]
5,3,0,[0]
5,15,0,[0]
5,9,0,[0]
5,5,0,[0]
5,10,0,[0]
5,0,0,[0]
5,16,0,[0]
5,17,0,[0]
5,19,0,[0]
5,13,0,[0]
5,2,0,[0]
5,14,0,[0]
5,18,0,[0]
5,6,0,[0]
5,1,0,[0]
5,7,0,[0]
5,12,0,[0]
"('n_atak', ['4', '8', '11', '3', '15', '9', '5', '10', '0', '16', '17', '19', '13', '2', '14', '18', '6', '1', '7', '12'])"
6,8,0,[0]
6,18,0,[0]
6,6,0,[0]
6,13,0,[0]
6,3,0,[0]
6,15,0,[0]
6,16,0,[0]
6,12,0,[0]
6,19,0,[0]
6,7,0,[0]
6,14,0,[0]
6,2,0,[0]
6,9,0,[0]
6,11,0,[0]
6,5,0,[0]
6,1,0,[0]
6,4,0,[0]
6,17,0,[0]
6,10,0,[0]
6,0,0,[0]
"('n_atak', ['8', '18', '6', '13', '3', '15', '16', '12', '19', '7', '14', '2', '9', '11', '5', '1', '4', '17', '10', '0'])"
7,3,0,[0]
7,2,0,[0]
7,5,0,[0]
7,1,0,[0]
7,7,0,[0]
7,19,0,[0]
7,12,0,[0]
7,17,0,[0]
7,15,0,[0]
7,18,0,[0]
7,10,0,[0]
7,6,0,[0]
7,11,0,[0]
7,4,0,[0]
7,16,0,[0]
7,13,0,[0]
7,8,0,[0]
7,9,0,[0]
7,0,0,[0]
7,14,0,[0]
"('n_atak', ['3', '2', '5', '1', '7', '19', '12', '17', '15', '18', '10', '6', '11', '4', '16', '13', '8', '9', '0', '14'])"
8,2,0,[0]
8,18,0,[0]
8,6,0,[0]
8,5,0,[0]
8,3,0,[0]
8,7,0,[0]
8,16,0,[0]
8,13,0,[0]
8,11,0,[0]
8,8,0,[0]
8,0,0,[0]
8,10,0,[0]
8,12,0,[0]
8,4,0,[0]
8,14,0,[0]
8,1,0,[0]
8,17,0,[0]
8,19,0,[0]
8,9,0,[0]
8,15,0,[0]
"('n_atak', ['2', '18', '6', '5', '3', '7', '16', '13', '11', '8', '0', '10', '12', '4', '14', '1', '17', '19', '9', '15'])"
9,3,0,[0]
9,17,0,[0]
9,19,0,[0]
9,2,0,[0]
9,11,0,[0]
9,13,0,[0]
9,18,0,[0]
9,12,0,[0]
9,10,0,[0]
9,6,0,[0]
9,16,0,[0]
9,9,0,[0]
9,14,0,[0]
9,4,0,[0]
9,1,0,[0]
9,8,0,[0]
9,7,0,[0]
9,5,0,[0]
9,15,0,[0]
9,0,0,[0]
"('n_atak', ['3', '17', '19', '2', '11', '13', '18', '12', '10', '6', '16', '9', '14', '4', '1', '8', '7', '5', '15', '0'])"
10,4,0,[0]
10,16,0,[0]
10,9,0,[0]
10,3,0,[0]
10,18,0,[0]
10,5,0,[0]
10,15,0,[0]
10,14,0,[0]
10,2,0,[0]
10,10,0,[0]
10,11,0,[0]
10,1,0,[0]
10,19,0,[0]
10,12,0,[0]
10,13,0,[0]
10,17,0,[0]
10,7,0,[0]
10,8,0,[0]
10,6,0,[0]
10,0,0,[0]
"('n_atak', ['4', '16', '9', '3', '18', '5', '15', '14', '2', '10', '11', '1', '19', '12', '13', '17', '7', '8', '6', '0'])"
11,12,0,[0]
11,0,0,[0]
11,1,0,[0]
11,16,0,[0]
11,4,0,[0]
11,15,0,[0]
11,11,0,[0]
11,9,0,[0]
11,7,0,[0]
11,18,0,[0]
11,10,0,[0]
11,17,0,[0]
11,5,0,[0]
11,8,0,[0]
11,6,0,[0]
11,13,0,[0]
11,14,0,[0]
11,2,0,[0]
11,19,0,[0]
11,3,0,[0]
"('n_atak', ['12', '0', '1', '16', '4', '15', '11', '9', '7', '18', '10', '17', '5', '8', '6', '13', '14', '2', '19', '3'])"
12,8,0,[0]
12,10,0,[0]
12,5,0,[0]
12,6,0,[0]
12,2,0,[0]
12,0,0,[0]
12,18,0,[0]
12,4,0,[0]
12,11,0,[0]
12,1,0,[0]
12,16,0,[0]
12,9,0,[0]
12,15,0,[0]
12,17,0,[0]
12,3,0,[0]
12,14,0,[0]
12,19,0,[0]
12,12,0,[0]
12,7,0,[0]
12,13,0,[0]
"('n_atak', ['8', '10', '5', '6', '2', '0', '18', '4', '11', '1', '16', '9', '15', '17', '3', '14', '19', '12', '7', '13'])"
13,5,0,[0]
13,16,0,[0]
13,2,0,[0]
13,1,0,[0]
13,6,0,[0]
13,18,0,[0]
13,15,0,[0]
13,3,0,[0]
13,0,0,[0]
13,10,0,[0]
13,8,0,[0]
13,7,0,[0]
13,9,0,[0]
13,12,0,[0]
13,4,0,[0]
13,13,0,[0]
13,17,0,[0]
13,11,0,[0]
13,14,0,[0]
13,19,0,[0]
"('n_atak', ['5', '16', '2', '1', '6', '18', '15', '3', '0', '10', '8', '7', '9', '12', '4', '13', '17', '11', '14', '19'])"
14,6,0,[0]
14,13,0,[0]
14,9,0,[0]
14,18,0,[0]
14,2,0,[0]
14,12,0,[0]
14,16,0,[0]
14,4,0,[0]
14,14,0,[0]
14,1,0,[0]
14,0,0,[0]
14,3,0,[0]
14,15,0,[0]
14,8,0,[0]
14,11,0,[0]
14,17,0,[0]
14,19,0,[0]
14,5,0,[0]
14,10,0,[0]
14,7,0,[0]
"('n_atak', ['6', '13', '9', '18', '2', '12', '16', '4', '14', '1', '0', '3', '15', '8', '11', '17', '19', '5', '10', '7'])"
15,16,0,[0]
15,12,0,[0]
15,11,0,[0]
15,6,0,[0]
15,8,0,[0]
15,18,0,[0]
15,9,0,[0]
15,4,0,[0]
15,13,0,[0]
15,3,0,[0]
15,19,0,[0]
15,0,0,[0]
15,7,0,[0]
15,14,0,[0]
15,10,0,[0]
15,15,0,[0]
15,5,0,[0]
15,2,0,[0]
15,17,0,[0]
15,1,0,[0]
"('n_atak', ['16', '12', '11', '6', '8', '18', '9', '4', '13', '3', '19', '0', '7', '14', '10', '15', '5', '2', '17', '1'])"
16,5,0,[0]
16,4,0,[0]
16,9,0,[0]
16,1,0,[0]
16,14,0,[0]
16,16,0,[0]
16,13,0,[0]
16,6,0,[0]
16,18,0,[0]
16,0,0,[0]
16,8,0,[0]
16,12,0,[0]
16,11,0,[0]
16,2,0,[0]
16,19,0,[0]
16,3,0,[0]
16,10,0,[0]
16,15,0,[0]
16,17,0,[0]
16,7,0,[0]
"('n_atak', ['5', '4', '9', '1', '14', '16', '13', '6', '18', '0', '8', '12', '11', '2', '19', '3', '10', '15', '17', '7'])"
17,10,0,[0]
17,12,0,[0]
17,5,0,[0]
17,3,0,[0]
17,7,0,[0]
17,6,0,[0]
17,17,0,[0]
17,0,0,[0]
17,14,0,[0]
17,1,0,[0]
17,15,0,[0]
17,9,0,[0]
17,19,0,[0]
17,8,0,[0]
17,4,0,[0]
17,11,0,[0]
17,2,0,[0]
17,13,0,[0]
17,18,0,[0]
17,16,0,[0]
"('n_atak', ['10', '12', '5', '3', '7', '6', '17', '0', '14', '1', '15', '9', '19', '8', '4', '11', '2', '13', '18', '16'])"
18,2,0,[0]
18,0,0,[0]
18,11,0,[0]
18,17,0,[0]
18,1,0,[0]
18,5,0,[0]
18,19,0,[0]
18,3,0,[0]
18,13,0,[0]
18,18,0,[0]
18,15,0,[0]
18,6,0,[0]
18,12,0,[0]
18,10,0,[0]
18,7,0,[0]
18,16,0,[0]
18,4,0,[0]
18,14,0,[0]
18,8,0,[0]
18,9,0,[0]
"('n_atak', ['2', '0', '11', '17', '1', '5', '19', '3', '13', '18', '15', '6', '12', '10', '7', '16', '4', '14', '8', '9'])"
19,12,0,[0]
19,8,0,[0]
19,3,0,[0]
19,16,0,[0]
19,15,0,[0]
19,18,0,[0]
19,14,0,[0]
19,9,0,[0]
19,17,0,[0]
19,10,0,[0]
19,4,0,[0]
19,7,0,[0]
19,6,0,[0]
19,2,0,[0]
19,1,0,[0]
19,19,0,[0]
19,13,0,[0]
19,0,0,[0]
19,5,0,[0]
19,11,0,[0]
"('n_atak', ['12', '8', '3', '16', '15', '18', '14', '9', '17', '10', '4', '7', '6', '2', '1', '19', '13', '0', '5', '11'])"
20,6,0,[0]
20,1,0,[0]
20,11,0,[0]
20,15,0,[0]
20,10,0,[0]
20,18,0,[0]
20,17,0,[0]
20,14,0,[0]
20,9,0,[0]
20,8,0,[0]
20,3,0,[0]
20,12,0,[0]
20,5,0,[0]
20,16,0,[0]
20,0,0,[0]
20,7,0,[0]
20,4,0,[0]
20,2,0,[0]
20,19,0,[0]
20,13,0,[0]
"('n_atak', ['6', '1', '11', '15', '10', '18', '17', '14', '9', '8', '3', '12', '5', '16', '0', '7', '4', '2', '19', '13'])"
