2,17,0,[0]
2,22,0,[0]
2,7,0,[0]
2,12,0,[0]
2,0,0,[0]
2,10,0,[0]
2,8,0,[0]
2,4,0,[0]
2,2,0,[0]
2,23,0,[0]
2,13,0,[0]
2,19,0,[0]
2,9,0,[0]
2,5,0,[0]
2,21,0,[0]
2,24,0,[0]
2,18,0,[0]
2,1,0,[0]
2,3,0,[0]
2,11,0,[0]
2,20,0,[0]
2,6,0,[0]
2,16,0,[0]
2,15,0,[0]
2,14,0,[0]
"('n_atak', ['17', '22', '7', '12', '0', '10', '8', '4', '2', '23', '13', '19', '9', '5', '21', '24', '18', '1', '3', '11', '20', '6', '16', '15', '14'])"
2,17,0,[0]
2,22,0,[0]
2,7,0,[0]
2,12,0,[0]
2,0,0,[0]
2,10,0,[0]
2,8,0,[0]
2,4,0,[0]
2,2,0,[0]
2,23,0,[0]
2,13,0,[0]
2,19,0,[0]
2,9,0,[0]
2,5,0,[0]
2,21,0,[0]
2,24,0,[0]
2,18,0,[0]
2,1,0,[0]
2,3,0,[0]
2,11,0,[0]
2,20,0,[0]
2,6,0,[0]
2,16,0,[0]
2,15,0,[0]
2,14,0,[0]
"('n_atak', ['17', '22', '7', '12', '0', '10', '8', '4', '2', '23', '13', '19', '9', '5', '21', '24', '18', '1', '3', '11', '20', '6', '16', '15', '14'])"
3,10,0,[0]
3,9,0,[0]
3,5,0,[0]
3,7,0,[0]
3,24,0,[0]
3,4,0,[0]
3,0,0,[0]
3,1,0,[0]
3,2,0,[0]
3,11,0,[0]
3,3,0,[0]
3,15,0,[0]
3,23,0,[0]
3,20,0,[0]
3,16,0,[0]
3,8,0,[0]
3,18,0,[0]
3,19,0,[0]
3,22,0,[0]
3,21,0,[0]
3,13,0,[0]
3,17,0,[0]
3,14,0,[0]
3,6,0,[0]
3,12,0,[0]
"('n_atak', ['10', '9', '5', '7', '24', '4', '0', '1', '2', '11', '3', '15', '23', '20', '16', '8', '18', '19', '22', '21', '13', '17', '14', '6', '12'])"
2,17,0,[0]
2,22,0,[0]
2,7,0,[0]
2,12,0,[0]
2,0,0,[0]
2,10,0,[0]
2,8,0,[0]
2,4,0,[0]
2,2,0,[0]
2,23,0,[0]
2,13,0,[0]
2,19,0,[0]
2,9,0,[0]
2,5,0,[0]
2,21,0,[0]
2,24,0,[0]
2,18,0,[0]
2,1,0,[0]
2,3,0,[0]
2,11,0,[0]
2,20,0,[0]
2,6,0,[0]
2,16,0,[0]
2,15,0,[0]
2,14,0,[0]
"('n_atak', ['17', '22', '7', '12', '0', '10', '8', '4', '2', '23', '13', '19', '9', '5', '21', '24', '18', '1', '3', '11', '20', '6', '16', '15', '14'])"
3,10,0,[0]
3,9,0,[0]
3,5,0,[0]
3,7,0,[0]
3,24,0,[0]
3,4,0,[0]
3,0,0,[0]
3,1,0,[0]
3,2,0,[0]
3,11,0,[0]
3,3,0,[0]
3,15,0,[0]
3,23,0,[0]
3,20,0,[0]
3,16,0,[0]
3,8,0,[0]
3,18,0,[0]
3,19,0,[0]
3,22,0,[0]
3,21,0,[0]
3,13,0,[0]
3,17,0,[0]
3,14,0,[0]
3,6,0,[0]
3,12,0,[0]
"('n_atak', ['10', '9', '5', '7', '24', '4', '0', '1', '2', '11', '3', '15', '23', '20', '16', '8', '18', '19', '22', '21', '13', '17', '14', '6', '12'])"
4,23,0,[0]
4,12,0,[0]
4,11,0,[0]
4,8,0,[0]
4,1,0,[0]
4,13,0,[0]
4,10,0,[0]
4,0,0,[0]
4,5,0,[0]
4,24,0,[0]
4,21,0,[0]
4,3,0,[0]
4,14,0,[0]
4,4,0,[0]
4,19,0,[0]
4,9,0,[0]
4,15,0,[0]
4,17,0,[0]
4,18,0,[0]
4,20,0,[0]
4,22,0,[0]
4,2,0,[0]
4,16,0,[0]
4,7,0,[0]
4,6,0,[0]
"('n_atak', ['23', '12', '11', '8', '1', '13', '10', '0', '5', '24', '21', '3', '14', '4', '19', '9', '15', '17', '18', '20', '22', '2', '16', '7', '6'])"
2,17,0,[0]
2,22,0,[0]
2,7,0,[0]
2,12,0,[0]
2,0,0,[0]
2,10,0,[0]
2,8,0,[0]
2,4,0,[0]
2,2,0,[0]
2,23,0,[0]
2,13,0,[0]
2,19,0,[0]
2,9,0,[0]
2,5,0,[0]
2,21,0,[0]
2,24,0,[0]
2,18,0,[0]
2,1,0,[0]
2,3,0,[0]
2,11,0,[0]
2,20,0,[0]
2,6,0,[0]
2,16,0,[0]
2,15,0,[0]
2,14,0,[0]
"('n_atak', ['17', '22', '7', '12', '0', '10', '8', '4', '2', '23', '13', '19', '9', '5', '21', '24', '18', '1', '3', '11', '20', '6', '16', '15', '14'])"
3,10,0,[0]
3,9,0,[0]
3,5,0,[0]
3,7,0,[0]
3,24,0,[0]
3,4,0,[0]
3,0,0,[0]
3,1,0,[0]
3,2,0,[0]
3,11,0,[0]
3,3,0,[0]
3,15,0,[0]
3,23,0,[0]
3,20,0,[0]
3,16,0,[0]
3,8,0,[0]
3,18,0,[0]
3,19,0,[0]
3,22,0,[0]
3,21,0,[0]
3,13,0,[0]
3,17,0,[0]
3,14,0,[0]
3,6,0,[0]
3,12,0,[0]
"('n_atak', ['10', '9', '5', '7', '24', '4', '0', '1', '2', '11', '3', '15', '23', '20', '16', '8', '18', '19', '22', '21', '13', '17', '14', '6', '12'])"
4,23,0,[0]
4,12,0,[0]
4,11,0,[0]
4,8,0,[0]
4,1,0,[0]
4,13,0,[0]
4,10,0,[0]
4,0,0,[0]
4,5,0,[0]
4,24,0,[0]
4,21,0,[0]
4,3,0,[0]
4,14,0,[0]
4,4,0,[0]
4,19,0,[0]
4,9,0,[0]
4,15,0,[0]
4,17,0,[0]
4,18,0,[0]
4,20,0,[0]
4,22,0,[0]
4,2,0,[0]
4,16,0,[0]
4,7,0,[0]
4,6,0,[0]
"('n_atak', ['23', '12', '11', '8', '1', '13', '10', '0', '5', '24', '21', '3', '14', '4', '19', '9', '15', '17', '18', '20', '22', '2', '16', '7', '6'])"
5,22,0,[0]
5,8,0,[0]
5,23,0,[0]
5,1,0,[0]
5,0,0,[0]
5,7,0,[0]
5,16,0,[0]
5,12,0,[0]
5,5,0,[0]
5,2,0,[0]
5,15,0,[0]
5,18,0,[0]
5,10,0,[0]
5,6,0,[0]
5,20,0,[0]
5,19,0,[0]
5,14,0,[0]
5,24,0,[0]
5,9,0,[0]
5,11,0,[0]
5,13,0,[0]
5,3,0,[0]
5,17,0,[0]
5,21,0,[0]
5,4,0,[0]
"('n_atak', ['22', '8', '23', '1', '0', '7', '16', '12', '5', '2', '15', '18', '10', '6', '20', '19', '14', '24', '9', '11', '13', '3', '17', '21', '4'])"
2,17,0,[0]
2,22,0,[0]
2,7,0,[0]
2,12,0,[0]
2,0,0,[0]
2,10,0,[0]
2,8,0,[0]
2,4,0,[0]
2,2,0,[0]
2,23,0,[0]
2,13,0,[0]
2,19,0,[0]
2,9,0,[0]
2,5,0,[0]
2,21,0,[0]
2,24,0,[0]
2,18,0,[0]
2,1,0,[0]
2,3,0,[0]
2,11,0,[0]
2,20,0,[0]
2,6,0,[0]
2,16,0,[0]
2,15,0,[0]
2,14,0,[0]
"('n_atak', ['17', '22', '7', '12', '0', '10', '8', '4', '2', '23', '13', '19', '9', '5', '21', '24', '18', '1', '3', '11', '20', '6', '16', '15', '14'])"
3,10,0,[0]
3,9,0,[0]
3,5,0,[0]
3,7,0,[0]
3,24,0,[0]
3,4,0,[0]
3,0,0,[0]
3,1,0,[0]
3,2,0,[0]
3,11,0,[0]
3,3,0,[0]
3,15,0,[0]
3,23,0,[0]
3,20,0,[0]
3,16,0,[0]
3,8,0,[0]
3,18,0,[0]
3,19,0,[0]
3,22,0,[0]
3,21,0,[0]
3,13,0,[0]
3,17,0,[0]
3,14,0,[0]
3,6,0,[0]
3,12,0,[0]
"('n_atak', ['10', '9', '5', '7', '24', '4', '0', '1', '2', '11', '3', '15', '23', '20', '16', '8', '18', '19', '22', '21', '13', '17', '14', '6', '12'])"
4,23,0,[0]
4,12,0,[0]
4,11,0,[0]
4,8,0,[0]
4,1,0,[0]
4,13,0,[0]
4,10,0,[0]
4,0,0,[0]
4,5,0,[0]
4,24,0,[0]
4,21,0,[0]
4,3,0,[0]
4,14,0,[0]
4,4,0,[0]
4,19,0,[0]
4,9,0,[0]
4,15,0,[0]
4,17,0,[0]
4,18,0,[0]
4,20,0,[0]
4,22,0,[0]
4,2,0,[0]
4,16,0,[0]
4,7,0,[0]
4,6,0,[0]
"('n_atak', ['23', '12', '11', '8', '1', '13', '10', '0', '5', '24', '21', '3', '14', '4', '19', '9', '15', '17', '18', '20', '22', '2', '16', '7', '6'])"
5,22,0,[0]
5,8,0,[0]
5,23,0,[0]
5,1,0,[0]
5,0,0,[0]
5,7,0,[0]
5,16,0,[0]
5,12,0,[0]
5,5,0,[0]
5,2,0,[0]
5,15,0,[0]
5,18,0,[0]
5,10,0,[0]
5,6,0,[0]
5,20,0,[0]
5,19,0,[0]
5,14,0,[0]
5,24,0,[0]
5,9,0,[0]
5,11,0,[0]
5,13,0,[0]
5,3,0,[0]
5,17,0,[0]
5,21,0,[0]
5,4,0,[0]
"('n_atak', ['22', '8', '23', '1', '0', '7', '16', '12', '5', '2', '15', '18', '10', '6', '20', '19', '14', '24', '9', '11', '13', '3', '17', '21', '4'])"
6,4,0,[0]
6,7,0,[0]
6,3,0,[0]
6,9,0,[0]
6,0,0,[0]
6,16,0,[0]
6,17,0,[0]
6,8,0,[0]
6,14,0,[0]
6,24,1,[1]
6,15,0,[0]
6,2,0,[0]
6,5,0,[0]
6,10,0,[0]
6,6,0,[0]
6,20,1,[1]
6,1,0,[0]
6,18,0,[0]
6,12,0,[0]
6,11,0,[0]
6,19,0,[0]
6,13,0,[0]
6,22,1,[1]
6,21,1,[1]
6,23,1,[1]
"('n_atak', ['4', '7', '3', '9', '0', '16', '17', '8', '14', '15', '2', '5', '10', '6', '1', '18', '12', '11', '19', '13'])","('atak', ['24', '20', '22', '21', '23'])"
2,17,0,[0]
2,22,0,[0]
2,7,0,[0]
2,12,0,[0]
2,0,0,[0]
2,10,0,[0]
2,8,0,[0]
2,4,0,[0]
2,2,0,[0]
2,23,0,[0]
2,13,0,[0]
2,19,0,[0]
2,9,0,[0]
2,5,0,[0]
2,21,0,[0]
2,24,0,[0]
2,18,0,[0]
2,1,0,[0]
2,3,0,[0]
2,11,0,[0]
2,20,0,[0]
2,6,0,[0]
2,16,0,[0]
2,15,0,[0]
2,14,0,[0]
"('n_atak', ['17', '22', '7', '12', '0', '10', '8', '4', '2', '23', '13', '19', '9', '5', '21', '24', '18', '1', '3', '11', '20', '6', '16', '15', '14'])"
3,10,0,[0]
3,9,0,[0]
3,5,0,[0]
3,7,0,[0]
3,24,0,[0]
3,4,0,[0]
3,0,0,[0]
3,1,0,[0]
3,2,0,[0]
3,11,0,[0]
3,3,0,[0]
3,15,0,[0]
3,23,0,[0]
3,20,0,[0]
3,16,0,[0]
3,8,0,[0]
3,18,0,[0]
3,19,0,[0]
3,22,0,[0]
3,21,0,[0]
3,13,0,[0]
3,17,0,[0]
3,14,0,[0]
3,6,0,[0]
3,12,0,[0]
"('n_atak', ['10', '9', '5', '7', '24', '4', '0', '1', '2', '11', '3', '15', '23', '20', '16', '8', '18', '19', '22', '21', '13', '17', '14', '6', '12'])"
4,23,0,[0]
4,12,0,[0]
4,11,0,[0]
4,8,0,[0]
4,1,0,[0]
4,13,0,[0]
4,10,0,[0]
4,0,0,[0]
4,5,0,[0]
4,24,0,[0]
4,21,0,[0]
4,3,0,[0]
4,14,0,[0]
4,4,0,[0]
4,19,0,[0]
4,9,0,[0]
4,15,0,[0]
4,17,0,[0]
4,18,0,[0]
4,20,0,[0]
4,22,0,[0]
4,2,0,[0]
4,16,0,[0]
4,7,0,[0]
4,6,0,[0]
"('n_atak', ['23', '12', '11', '8', '1', '13', '10', '0', '5', '24', '21', '3', '14', '4', '19', '9', '15', '17', '18', '20', '22', '2', '16', '7', '6'])"
5,22,0,[0]
5,8,0,[0]
5,23,0,[0]
5,1,0,[0]
5,0,0,[0]
5,7,0,[0]
5,16,0,[0]
5,12,0,[0]
5,5,0,[0]
5,2,0,[0]
5,15,0,[0]
5,18,0,[0]
5,10,0,[0]
5,6,0,[0]
5,20,0,[0]
5,19,0,[0]
5,14,0,[0]
5,24,0,[0]
5,9,0,[0]
5,11,0,[0]
5,13,0,[0]
5,3,0,[0]
5,17,0,[0]
5,21,0,[0]
5,4,0,[0]
"('n_atak', ['22', '8', '23', '1', '0', '7', '16', '12', '5', '2', '15', '18', '10', '6', '20', '19', '14', '24', '9', '11', '13', '3', '17', '21', '4'])"
6,4,0,[0]
6,7,0,[0]
6,3,0,[0]
6,9,0,[0]
6,0,0,[0]
6,16,0,[0]
6,17,0,[0]
6,8,0,[0]
6,14,0,[0]
6,24,1,[1]
6,15,0,[0]
6,2,0,[0]
6,5,0,[0]
6,10,0,[0]
6,6,0,[0]
6,20,1,[1]
6,1,0,[0]
6,18,0,[0]
6,12,0,[0]
6,11,0,[0]
6,19,0,[0]
6,13,0,[0]
6,22,1,[1]
6,21,1,[1]
6,23,1,[1]
"('n_atak', ['4', '7', '3', '9', '0', '16', '17', '8', '14', '15', '2', '5', '10', '6', '1', '18', '12', '11', '19', '13'])","('atak', ['24', '20', '22', '21', '23'])"
7,4,0,[0]
7,15,0,[0]
7,13,0,[0]
7,12,0,[0]
7,16,0,[0]
7,3,0,[0]
7,2,0,[0]
7,17,0,[0]
7,11,0,[0]
7,6,0,[0]
7,5,0,[0]
7,9,0,[0]
7,0,0,[0]
7,14,0,[0]
7,10,0,[0]
7,7,0,[0]
7,1,0,[0]
7,8,0,[0]
7,19,0,[0]
7,18,0,[0]
"('n_atak', ['4', '15', '13', '12', '16', '3', '2', '17', '11', '6', '5', '9', '0', '14', '10', '7', '1', '8', '19', '18'])"
2,17,0,[0]
2,22,0,[0]
2,7,0,[0]
2,12,0,[0]
2,0,0,[0]
2,10,0,[0]
2,8,0,[0]
2,4,0,[0]
2,2,0,[0]
2,23,0,[0]
2,13,0,[0]
2,19,0,[0]
2,9,0,[0]
2,5,0,[0]
2,21,0,[0]
2,24,0,[0]
2,18,0,[0]
2,1,0,[0]
2,3,0,[0]
2,11,0,[0]
2,20,0,[0]
2,6,0,[0]
2,16,0,[0]
2,15,0,[0]
2,14,0,[0]
"('n_atak', ['17', '22', '7', '12', '0', '10', '8', '4', '2', '23', '13', '19', '9', '5', '21', '24', '18', '1', '3', '11', '20', '6', '16', '15', '14'])"
3,10,0,[0]
3,9,0,[0]
3,5,0,[0]
3,7,0,[0]
3,24,0,[0]
3,4,0,[0]
3,0,0,[0]
3,1,0,[0]
3,2,0,[0]
3,11,0,[0]
3,3,0,[0]
3,15,0,[0]
3,23,0,[0]
3,20,0,[0]
3,16,0,[0]
3,8,0,[0]
3,18,0,[0]
3,19,0,[0]
3,22,0,[0]
3,21,0,[0]
3,13,0,[0]
3,17,0,[0]
3,14,0,[0]
3,6,0,[0]
3,12,0,[0]
"('n_atak', ['10', '9', '5', '7', '24', '4', '0', '1', '2', '11', '3', '15', '23', '20', '16', '8', '18', '19', '22', '21', '13', '17', '14', '6', '12'])"
4,23,0,[0]
4,12,0,[0]
4,11,0,[0]
4,8,0,[0]
4,1,0,[0]
4,13,0,[0]
4,10,0,[0]
4,0,0,[0]
4,5,0,[0]
4,24,0,[0]
4,21,0,[0]
4,3,0,[0]
4,14,0,[0]
4,4,0,[0]
4,19,0,[0]
4,9,0,[0]
4,15,0,[0]
4,17,0,[0]
4,18,0,[0]
4,20,0,[0]
4,22,0,[0]
4,2,0,[0]
4,16,0,[0]
4,7,0,[0]
4,6,0,[0]
"('n_atak', ['23', '12', '11', '8', '1', '13', '10', '0', '5', '24', '21', '3', '14', '4', '19', '9', '15', '17', '18', '20', '22', '2', '16', '7', '6'])"
5,22,0,[0]
5,8,0,[0]
5,23,0,[0]
5,1,0,[0]
5,0,0,[0]
5,7,0,[0]
5,16,0,[0]
5,12,0,[0]
5,5,0,[0]
5,2,0,[0]
5,15,0,[0]
5,18,0,[0]
5,10,0,[0]
5,6,0,[0]
5,20,0,[0]
5,19,0,[0]
5,14,0,[0]
5,24,0,[0]
5,9,0,[0]
5,11,0,[0]
5,13,0,[0]
5,3,0,[0]
5,17,0,[0]
5,21,0,[0]
5,4,0,[0]
"('n_atak', ['22', '8', '23', '1', '0', '7', '16', '12', '5', '2', '15', '18', '10', '6', '20', '19', '14', '24', '9', '11', '13', '3', '17', '21', '4'])"
6,4,0,[0]
6,7,0,[0]
6,3,0,[0]
6,9,0,[0]
6,0,0,[0]
6,16,0,[0]
6,17,0,[0]
6,8,0,[0]
6,14,0,[0]
6,24,1,[1]
6,15,0,[0]
6,2,0,[0]
6,5,0,[0]
6,10,0,[0]
6,6,0,[0]
6,20,1,[1]
6,1,0,[0]
6,18,0,[0]
6,12,0,[0]
6,11,0,[0]
6,19,0,[0]
6,13,0,[0]
6,22,1,[1]
6,21,1,[1]
6,23,1,[1]
"('n_atak', ['4', '7', '3', '9', '0', '16', '17', '8', '14', '15', '2', '5', '10', '6', '1', '18', '12', '11', '19', '13'])","('atak', ['24', '20', '22', '21', '23'])"
7,4,0,[0]
7,15,0,[0]
7,13,0,[0]
7,12,0,[0]
7,16,0,[0]
7,3,0,[0]
7,2,0,[0]
7,17,0,[0]
7,11,0,[0]
7,6,0,[0]
7,5,0,[0]
7,9,0,[0]
7,0,0,[0]
7,14,0,[0]
7,10,0,[0]
7,7,0,[0]
7,1,0,[0]
7,8,0,[0]
7,19,0,[0]
7,18,0,[0]
"('n_atak', ['4', '15', '13', '12', '16', '3', '2', '17', '11', '6', '5', '9', '0', '14', '10', '7', '1', '8', '19', '18'])"
8,0,0,[0]
8,14,0,[0]
8,11,0,[0]
8,7,0,[0]
8,12,0,[0]
8,19,0,[0]
8,18,0,[0]
8,3,0,[0]
8,15,0,[0]
8,2,0,[0]
8,4,0,[0]
8,9,0,[0]
8,10,0,[0]
8,16,0,[0]
8,8,0,[0]
8,6,0,[0]
8,13,0,[0]
8,17,0,[0]
8,1,0,[0]
8,5,0,[0]
"('n_atak', ['0', '14', '11', '7', '12', '19', '18', '3', '15', '2', '4', '9', '10', '16', '8', '6', '13', '17', '1', '5'])"
2,17,0,[0]
2,22,0,[0]
2,7,0,[0]
2,12,0,[0]
2,0,0,[0]
2,10,0,[0]
2,8,0,[0]
2,4,0,[0]
2,2,0,[0]
2,23,0,[0]
2,13,0,[0]
2,19,0,[0]
2,9,0,[0]
2,5,0,[0]
2,21,0,[0]
2,24,0,[0]
2,18,0,[0]
2,1,0,[0]
2,3,0,[0]
2,11,0,[0]
2,20,0,[0]
2,6,0,[0]
2,16,0,[0]
2,15,0,[0]
2,14,0,[0]
"('n_atak', ['17', '22', '7', '12', '0', '10', '8', '4', '2', '23', '13', '19', '9', '5', '21', '24', '18', '1', '3', '11', '20', '6', '16', '15', '14'])"
3,10,0,[0]
3,9,0,[0]
3,5,0,[0]
3,7,0,[0]
3,24,0,[0]
3,4,0,[0]
3,0,0,[0]
3,1,0,[0]
3,2,0,[0]
3,11,0,[0]
3,3,0,[0]
3,15,0,[0]
3,23,0,[0]
3,20,0,[0]
3,16,0,[0]
3,8,0,[0]
3,18,0,[0]
3,19,0,[0]
3,22,0,[0]
3,21,0,[0]
3,13,0,[0]
3,17,0,[0]
3,14,0,[0]
3,6,0,[0]
3,12,0,[0]
"('n_atak', ['10', '9', '5', '7', '24', '4', '0', '1', '2', '11', '3', '15', '23', '20', '16', '8', '18', '19', '22', '21', '13', '17', '14', '6', '12'])"
4,23,0,[0]
4,12,0,[0]
4,11,0,[0]
4,8,0,[0]
4,1,0,[0]
4,13,0,[0]
4,10,0,[0]
4,0,0,[0]
4,5,0,[0]
4,24,0,[0]
4,21,0,[0]
4,3,0,[0]
4,14,0,[0]
4,4,0,[0]
4,19,0,[0]
4,9,0,[0]
4,15,0,[0]
4,17,0,[0]
4,18,0,[0]
4,20,0,[0]
4,22,0,[0]
4,2,0,[0]
4,16,0,[0]
4,7,0,[0]
4,6,0,[0]
"('n_atak', ['23', '12', '11', '8', '1', '13', '10', '0', '5', '24', '21', '3', '14', '4', '19', '9', '15', '17', '18', '20', '22', '2', '16', '7', '6'])"
5,22,0,[0]
5,8,0,[0]
5,23,0,[0]
5,1,0,[0]
5,0,0,[0]
5,7,0,[0]
5,16,0,[0]
5,12,0,[0]
5,5,0,[0]
5,2,0,[0]
5,15,0,[0]
5,18,0,[0]
5,10,0,[0]
5,6,0,[0]
5,20,0,[0]
5,19,0,[0]
5,14,0,[0]
5,24,0,[0]
5,9,0,[0]
5,11,0,[0]
5,13,0,[0]
5,3,0,[0]
5,17,0,[0]
5,21,0,[0]
5,4,0,[0]
"('n_atak', ['22', '8', '23', '1', '0', '7', '16', '12', '5', '2', '15', '18', '10', '6', '20', '19', '14', '24', '9', '11', '13', '3', '17', '21', '4'])"
6,4,0,[0]
6,7,0,[0]
6,3,0,[0]
6,9,0,[0]
6,0,0,[0]
6,16,0,[0]
6,17,0,[0]
6,8,0,[0]
6,14,0,[0]
6,24,1,[1]
6,15,0,[0]
6,2,0,[0]
6,5,0,[0]
6,10,0,[0]
6,6,0,[0]
6,20,1,[1]
6,1,0,[0]
6,18,0,[0]
6,12,0,[0]
6,11,0,[0]
6,19,0,[0]
6,13,0,[0]
6,22,1,[1]
6,21,1,[1]
6,23,1,[1]
"('n_atak', ['4', '7', '3', '9', '0', '16', '17', '8', '14', '15', '2', '5', '10', '6', '1', '18', '12', '11', '19', '13'])","('atak', ['24', '20', '22', '21', '23'])"
7,4,0,[0]
7,15,0,[0]
7,13,0,[0]
7,12,0,[0]
7,16,0,[0]
7,3,0,[0]
7,2,0,[0]
7,17,0,[0]
7,11,0,[0]
7,6,0,[0]
7,5,0,[0]
7,9,0,[0]
7,0,0,[0]
7,14,0,[0]
7,10,0,[0]
7,7,0,[0]
7,1,0,[0]
7,8,0,[0]
7,19,0,[0]
7,18,0,[0]
"('n_atak', ['4', '15', '13', '12', '16', '3', '2', '17', '11', '6', '5', '9', '0', '14', '10', '7', '1', '8', '19', '18'])"
8,0,0,[0]
8,14,0,[0]
8,11,0,[0]
8,7,0,[0]
8,12,0,[0]
8,19,0,[0]
8,18,0,[0]
8,3,0,[0]
8,15,0,[0]
8,2,0,[0]
8,4,0,[0]
8,9,0,[0]
8,10,0,[0]
8,16,0,[0]
8,8,0,[0]
8,6,0,[0]
8,13,0,[0]
8,17,0,[0]
8,1,0,[0]
8,5,0,[0]
"('n_atak', ['0', '14', '11', '7', '12', '19', '18', '3', '15', '2', '4', '9', '10', '16', '8', '6', '13', '17', '1', '5'])"
9,17,0,[0]
9,16,0,[0]
9,8,0,[0]
9,19,0,[0]
9,11,0,[0]
9,12,0,[0]
9,3,0,[0]
9,13,0,[0]
9,9,0,[0]
9,10,0,[0]
9,6,0,[0]
9,1,0,[0]
9,7,0,[0]
9,2,0,[0]
9,0,0,[0]
9,15,0,[0]
9,4,0,[0]
9,18,0,[0]
9,5,0,[0]
9,14,0,[0]
"('n_atak', ['17', '16', '8', '19', '11', '12', '3', '13', '9', '10', '6', '1', '7', '2', '0', '15', '4', '18', '5', '14'])"
2,17,0,[0]
2,22,0,[0]
2,7,0,[0]
2,12,0,[0]
2,0,0,[0]
2,10,0,[0]
2,8,0,[0]
2,4,0,[0]
2,2,0,[0]
2,23,0,[0]
2,13,0,[0]
2,19,0,[0]
2,9,0,[0]
2,5,0,[0]
2,21,0,[0]
2,24,0,[0]
2,18,0,[0]
2,1,0,[0]
2,3,0,[0]
2,11,0,[0]
2,20,0,[0]
2,6,0,[0]
2,16,0,[0]
2,15,0,[0]
2,14,0,[0]
"('n_atak', ['17', '22', '7', '12', '0', '10', '8', '4', '2', '23', '13', '19', '9', '5', '21', '24', '18', '1', '3', '11', '20', '6', '16', '15', '14'])"
3,10,0,[0]
3,9,0,[0]
3,5,0,[0]
3,7,0,[0]
3,24,0,[0]
3,4,0,[0]
3,0,0,[0]
3,1,0,[0]
3,2,0,[0]
3,11,0,[0]
3,3,0,[0]
3,15,0,[0]
3,23,0,[0]
3,20,0,[0]
3,16,0,[0]
3,8,0,[0]
3,18,0,[0]
3,19,0,[0]
3,22,0,[0]
3,21,0,[0]
3,13,0,[0]
3,17,0,[0]
3,14,0,[0]
3,6,0,[0]
3,12,0,[0]
"('n_atak', ['10', '9', '5', '7', '24', '4', '0', '1', '2', '11', '3', '15', '23', '20', '16', '8', '18', '19', '22', '21', '13', '17', '14', '6', '12'])"
4,23,0,[0]
4,12,0,[0]
4,11,0,[0]
4,8,0,[0]
4,1,0,[0]
4,13,0,[0]
4,10,0,[0]
4,0,0,[0]
4,5,0,[0]
4,24,0,[0]
4,21,0,[0]
4,3,0,[0]
4,14,0,[0]
4,4,0,[0]
4,19,0,[0]
4,9,0,[0]
4,15,0,[0]
4,17,0,[0]
4,18,0,[0]
4,20,0,[0]
4,22,0,[0]
4,2,0,[0]
4,16,0,[0]
4,7,0,[0]
4,6,0,[0]
"('n_atak', ['23', '12', '11', '8', '1', '13', '10', '0', '5', '24', '21', '3', '14', '4', '19', '9', '15', '17', '18', '20', '22', '2', '16', '7', '6'])"
5,22,0,[0]
5,8,0,[0]
5,23,0,[0]
5,1,0,[0]
5,0,0,[0]
5,7,0,[0]
5,16,0,[0]
5,12,0,[0]
5,5,0,[0]
5,2,0,[0]
5,15,0,[0]
5,18,0,[0]
5,10,0,[0]
5,6,0,[0]
5,20,0,[0]
5,19,0,[0]
5,14,0,[0]
5,24,0,[0]
5,9,0,[0]
5,11,0,[0]
5,13,0,[0]
5,3,0,[0]
5,17,0,[0]
5,21,0,[0]
5,4,0,[0]
"('n_atak', ['22', '8', '23', '1', '0', '7', '16', '12', '5', '2', '15', '18', '10', '6', '20', '19', '14', '24', '9', '11', '13', '3', '17', '21', '4'])"
6,4,0,[0]
6,7,0,[0]
6,3,0,[0]
6,9,0,[0]
6,0,0,[0]
6,16,0,[0]
6,17,0,[0]
6,8,0,[0]
6,14,0,[0]
6,24,1,[1]
6,15,0,[0]
6,2,0,[0]
6,5,0,[0]
6,10,0,[0]
6,6,0,[0]
6,20,1,[1]
6,1,0,[0]
6,18,0,[0]
6,12,0,[0]
6,11,0,[0]
6,19,0,[0]
6,13,0,[0]
6,22,1,[1]
6,21,1,[1]
6,23,1,[1]
"('n_atak', ['4', '7', '3', '9', '0', '16', '17', '8', '14', '15', '2', '5', '10', '6', '1', '18', '12', '11', '19', '13'])","('atak', ['24', '20', '22', '21', '23'])"
7,4,0,[0]
7,15,0,[0]
7,13,0,[0]
7,12,0,[0]
7,16,0,[0]
7,3,0,[0]
7,2,0,[0]
7,17,0,[0]
7,11,0,[0]
7,6,0,[0]
7,5,0,[0]
7,9,0,[0]
7,0,0,[0]
7,14,0,[0]
7,10,0,[0]
7,7,0,[0]
7,1,0,[0]
7,8,0,[0]
7,19,0,[0]
7,18,0,[0]
"('n_atak', ['4', '15', '13', '12', '16', '3', '2', '17', '11', '6', '5', '9', '0', '14', '10', '7', '1', '8', '19', '18'])"
8,0,0,[0]
8,14,0,[0]
8,11,0,[0]
8,7,0,[0]
8,12,0,[0]
8,19,0,[0]
8,18,0,[0]
8,3,0,[0]
8,15,0,[0]
8,2,0,[0]
8,4,0,[0]
8,9,0,[0]
8,10,0,[0]
8,16,0,[0]
8,8,0,[0]
8,6,0,[0]
8,13,0,[0]
8,17,0,[0]
8,1,0,[0]
8,5,0,[0]
"('n_atak', ['0', '14', '11', '7', '12', '19', '18', '3', '15', '2', '4', '9', '10', '16', '8', '6', '13', '17', '1', '5'])"
9,17,0,[0]
9,16,0,[0]
9,8,0,[0]
9,19,0,[0]
9,11,0,[0]
9,12,0,[0]
9,3,0,[0]
9,13,0,[0]
9,9,0,[0]
9,10,0,[0]
9,6,0,[0]
9,1,0,[0]
9,7,0,[0]
9,2,0,[0]
9,0,0,[0]
9,15,0,[0]
9,4,0,[0]
9,18,0,[0]
9,5,0,[0]
9,14,0,[0]
"('n_atak', ['17', '16', '8', '19', '11', '12', '3', '13', '9', '10', '6', '1', '7', '2', '0', '15', '4', '18', '5', '14'])"
10,8,0,[0]
10,19,0,[0]
10,0,0,[0]
10,10,0,[0]
10,12,0,[0]
10,16,0,[0]
10,6,0,[0]
10,11,0,[0]
10,15,0,[0]
10,9,0,[0]
10,18,0,[0]
10,7,0,[0]
10,3,0,[0]
10,1,0,[0]
10,2,0,[0]
10,4,0,[0]
10,5,0,[0]
10,17,0,[0]
10,13,0,[0]
10,14,0,[0]
"('n_atak', ['8', '19', '0', '10', '12', '16', '6', '11', '15', '9', '18', '7', '3', '1', '2', '4', '5', '17', '13', '14'])"
2,17,0,[0]
2,22,0,[0]
2,7,0,[0]
2,12,0,[0]
2,0,0,[0]
2,10,0,[0]
2,8,0,[0]
2,4,0,[0]
2,2,0,[0]
2,23,0,[0]
2,13,0,[0]
2,19,0,[0]
2,9,0,[0]
2,5,0,[0]
2,21,0,[0]
2,24,0,[0]
2,18,0,[0]
2,1,0,[0]
2,3,0,[0]
2,11,0,[0]
2,20,0,[0]
2,6,0,[0]
2,16,0,[0]
2,15,0,[0]
2,14,0,[0]
"('n_atak', ['17', '22', '7', '12', '0', '10', '8', '4', '2', '23', '13', '19', '9', '5', '21', '24', '18', '1', '3', '11', '20', '6', '16', '15', '14'])"
3,10,0,[0]
3,9,0,[0]
3,5,0,[0]
3,7,0,[0]
3,24,0,[0]
3,4,0,[0]
3,0,0,[0]
3,1,0,[0]
3,2,0,[0]
3,11,0,[0]
3,3,0,[0]
3,15,0,[0]
3,23,0,[0]
3,20,0,[0]
3,16,0,[0]
3,8,0,[0]
3,18,0,[0]
3,19,0,[0]
3,22,0,[0]
3,21,0,[0]
3,13,0,[0]
3,17,0,[0]
3,14,0,[0]
3,6,0,[0]
3,12,0,[0]
"('n_atak', ['10', '9', '5', '7', '24', '4', '0', '1', '2', '11', '3', '15', '23', '20', '16', '8', '18', '19', '22', '21', '13', '17', '14', '6', '12'])"
4,23,0,[0]
4,12,0,[0]
4,11,0,[0]
4,8,0,[0]
4,1,0,[0]
4,13,0,[0]
4,10,0,[0]
4,0,0,[0]
4,5,0,[0]
4,24,0,[0]
4,21,0,[0]
4,3,0,[0]
4,14,0,[0]
4,4,0,[0]
4,19,0,[0]
4,9,0,[0]
4,15,0,[0]
4,17,0,[0]
4,18,0,[0]
4,20,0,[0]
4,22,0,[0]
4,2,0,[0]
4,16,0,[0]
4,7,0,[0]
4,6,0,[0]
"('n_atak', ['23', '12', '11', '8', '1', '13', '10', '0', '5', '24', '21', '3', '14', '4', '19', '9', '15', '17', '18', '20', '22', '2', '16', '7', '6'])"
5,22,0,[0]
5,8,0,[0]
5,23,0,[0]
5,1,0,[0]
5,0,0,[0]
5,7,0,[0]
5,16,0,[0]
5,12,0,[0]
5,5,0,[0]
5,2,0,[0]
5,15,0,[0]
5,18,0,[0]
5,10,0,[0]
5,6,0,[0]
5,20,0,[0]
5,19,0,[0]
5,14,0,[0]
5,24,0,[0]
5,9,0,[0]
5,11,0,[0]
5,13,0,[0]
5,3,0,[0]
5,17,0,[0]
5,21,0,[0]
5,4,0,[0]
"('n_atak', ['22', '8', '23', '1', '0', '7', '16', '12', '5', '2', '15', '18', '10', '6', '20', '19', '14', '24', '9', '11', '13', '3', '17', '21', '4'])"
6,4,0,[0]
6,7,0,[0]
6,3,0,[0]
6,9,0,[0]
6,0,0,[0]
6,16,0,[0]
6,17,0,[0]
6,8,0,[0]
6,14,0,[0]
6,24,1,[1]
6,15,0,[0]
6,2,0,[0]
6,5,0,[0]
6,10,0,[0]
6,6,0,[0]
6,20,1,[1]
6,1,0,[0]
6,18,0,[0]
6,12,0,[0]
6,11,0,[0]
6,19,0,[0]
6,13,0,[0]
6,22,1,[1]
6,21,1,[1]
6,23,1,[1]
"('n_atak', ['4', '7', '3', '9', '0', '16', '17', '8', '14', '15', '2', '5', '10', '6', '1', '18', '12', '11', '19', '13'])","('atak', ['24', '20', '22', '21', '23'])"
7,4,0,[0]
7,15,0,[0]
7,13,0,[0]
7,12,0,[0]
7,16,0,[0]
7,3,0,[0]
7,2,0,[0]
7,17,0,[0]
7,11,0,[0]
7,6,0,[0]
7,5,0,[0]
7,9,0,[0]
7,0,0,[0]
7,14,0,[0]
7,10,0,[0]
7,7,0,[0]
7,1,0,[0]
7,8,0,[0]
7,19,0,[0]
7,18,0,[0]
"('n_atak', ['4', '15', '13', '12', '16', '3', '2', '17', '11', '6', '5', '9', '0', '14', '10', '7', '1', '8', '19', '18'])"
8,0,0,[0]
8,14,0,[0]
8,11,0,[0]
8,7,0,[0]
8,12,0,[0]
8,19,0,[0]
8,18,0,[0]
8,3,0,[0]
8,15,0,[0]
8,2,0,[0]
8,4,0,[0]
8,9,0,[0]
8,10,0,[0]
8,16,0,[0]
8,8,0,[0]
8,6,0,[0]
8,13,0,[0]
8,17,0,[0]
8,1,0,[0]
8,5,0,[0]
"('n_atak', ['0', '14', '11', '7', '12', '19', '18', '3', '15', '2', '4', '9', '10', '16', '8', '6', '13', '17', '1', '5'])"
9,17,0,[0]
9,16,0,[0]
9,8,0,[0]
9,19,0,[0]
9,11,0,[0]
9,12,0,[0]
9,3,0,[0]
9,13,0,[0]
9,9,0,[0]
9,10,0,[0]
9,6,0,[0]
9,1,0,[0]
9,7,0,[0]
9,2,0,[0]
9,0,0,[0]
9,15,0,[0]
9,4,0,[0]
9,18,0,[0]
9,5,0,[0]
9,14,0,[0]
"('n_atak', ['17', '16', '8', '19', '11', '12', '3', '13', '9', '10', '6', '1', '7', '2', '0', '15', '4', '18', '5', '14'])"
10,8,0,[0]
10,19,0,[0]
10,0,0,[0]
10,10,0,[0]
10,12,0,[0]
10,16,0,[0]
10,6,0,[0]
10,11,0,[0]
10,15,0,[0]
10,9,0,[0]
10,18,0,[0]
10,7,0,[0]
10,3,0,[0]
10,1,0,[0]
10,2,0,[0]
10,4,0,[0]
10,5,0,[0]
10,17,0,[0]
10,13,0,[0]
10,14,0,[0]
"('n_atak', ['8', '19', '0', '10', '12', '16', '6', '11', '15', '9', '18', '7', '3', '1', '2', '4', '5', '17', '13', '14'])"
11,1,0,[0]
11,18,0,[0]
11,8,0,[0]
11,16,0,[0]
11,6,0,[0]
11,17,0,[0]
11,0,0,[0]
11,14,0,[0]
11,10,0,[0]
11,3,0,[0]
11,9,0,[0]
11,4,0,[0]
11,11,0,[0]
11,2,0,[0]
11,5,0,[0]
11,19,0,[0]
11,15,0,[0]
11,7,0,[0]
11,12,0,[0]
11,13,0,[0]
"('n_atak', ['1', '18', '8', '16', '6', '17', '0', '14', '10', '3', '9', '4', '11', '2', '5', '19', '15', '7', '12', '13'])"
2,17,0,[0]
2,22,0,[0]
2,7,0,[0]
2,12,0,[0]
2,0,0,[0]
2,10,0,[0]
2,8,0,[0]
2,4,0,[0]
2,2,0,[0]
2,23,0,[0]
2,13,0,[0]
2,19,0,[0]
2,9,0,[0]
2,5,0,[0]
2,21,0,[0]
2,24,0,[0]
2,18,0,[0]
2,1,0,[0]
2,3,0,[0]
2,11,0,[0]
2,20,0,[0]
2,6,0,[0]
2,16,0,[0]
2,15,0,[0]
2,14,0,[0]
"('n_atak', ['17', '22', '7', '12', '0', '10', '8', '4', '2', '23', '13', '19', '9', '5', '21', '24', '18', '1', '3', '11', '20', '6', '16', '15', '14'])"
3,10,0,[0]
3,9,0,[0]
3,5,0,[0]
3,7,0,[0]
3,24,0,[0]
3,4,0,[0]
3,0,0,[0]
3,1,0,[0]
3,2,0,[0]
3,11,0,[0]
3,3,0,[0]
3,15,0,[0]
3,23,0,[0]
3,20,0,[0]
3,16,0,[0]
3,8,0,[0]
3,18,0,[0]
3,19,0,[0]
3,22,0,[0]
3,21,0,[0]
3,13,0,[0]
3,17,0,[0]
3,14,0,[0]
3,6,0,[0]
3,12,0,[0]
"('n_atak', ['10', '9', '5', '7', '24', '4', '0', '1', '2', '11', '3', '15', '23', '20', '16', '8', '18', '19', '22', '21', '13', '17', '14', '6', '12'])"
4,23,0,[0]
4,12,0,[0]
4,11,0,[0]
4,8,0,[0]
4,1,0,[0]
4,13,0,[0]
4,10,0,[0]
4,0,0,[0]
4,5,0,[0]
4,24,0,[0]
4,21,0,[0]
4,3,0,[0]
4,14,0,[0]
4,4,0,[0]
4,19,0,[0]
4,9,0,[0]
4,15,0,[0]
4,17,0,[0]
4,18,0,[0]
4,20,0,[0]
4,22,0,[0]
4,2,0,[0]
4,16,0,[0]
4,7,0,[0]
4,6,0,[0]
"('n_atak', ['23', '12', '11', '8', '1', '13', '10', '0', '5', '24', '21', '3', '14', '4', '19', '9', '15', '17', '18', '20', '22', '2', '16', '7', '6'])"
5,22,0,[0]
5,8,0,[0]
5,23,0,[0]
5,1,0,[0]
5,0,0,[0]
5,7,0,[0]
5,16,0,[0]
5,12,0,[0]
5,5,0,[0]
5,2,0,[0]
5,15,0,[0]
5,18,0,[0]
5,10,0,[0]
5,6,0,[0]
5,20,0,[0]
5,19,0,[0]
5,14,0,[0]
5,24,0,[0]
5,9,0,[0]
5,11,0,[0]
5,13,0,[0]
5,3,0,[0]
5,17,0,[0]
5,21,0,[0]
5,4,0,[0]
"('n_atak', ['22', '8', '23', '1', '0', '7', '16', '12', '5', '2', '15', '18', '10', '6', '20', '19', '14', '24', '9', '11', '13', '3', '17', '21', '4'])"
6,4,0,[0]
6,7,0,[0]
6,3,0,[0]
6,9,0,[0]
6,0,0,[0]
6,16,0,[0]
6,17,0,[0]
6,8,0,[0]
6,14,0,[0]
6,24,1,[1]
6,15,0,[0]
6,2,0,[0]
6,5,0,[0]
6,10,0,[0]
6,6,0,[0]
6,20,1,[1]
6,1,0,[0]
6,18,0,[0]
6,12,0,[0]
6,11,0,[0]
6,19,0,[0]
6,13,0,[0]
6,22,1,[1]
6,21,1,[1]
6,23,1,[1]
"('n_atak', ['4', '7', '3', '9', '0', '16', '17', '8', '14', '15', '2', '5', '10', '6', '1', '18', '12', '11', '19', '13'])","('atak', ['24', '20', '22', '21', '23'])"
7,4,0,[0]
7,15,0,[0]
7,13,0,[0]
7,12,0,[0]
7,16,0,[0]
7,3,0,[0]
7,2,0,[0]
7,17,0,[0]
7,11,0,[0]
7,6,0,[0]
7,5,0,[0]
7,9,0,[0]
7,0,0,[0]
7,14,0,[0]
7,10,0,[0]
7,7,0,[0]
7,1,0,[0]
7,8,0,[0]
7,19,0,[0]
7,18,0,[0]
"('n_atak', ['4', '15', '13', '12', '16', '3', '2', '17', '11', '6', '5', '9', '0', '14', '10', '7', '1', '8', '19', '18'])"
8,0,0,[0]
8,14,0,[0]
8,11,0,[0]
8,7,0,[0]
8,12,0,[0]
8,19,0,[0]
8,18,0,[0]
8,3,0,[0]
8,15,0,[0]
8,2,0,[0]
8,4,0,[0]
8,9,0,[0]
8,10,0,[0]
8,16,0,[0]
8,8,0,[0]
8,6,0,[0]
8,13,0,[0]
8,17,0,[0]
8,1,0,[0]
8,5,0,[0]
"('n_atak', ['0', '14', '11', '7', '12', '19', '18', '3', '15', '2', '4', '9', '10', '16', '8', '6', '13', '17', '1', '5'])"
9,17,0,[0]
9,16,0,[0]
9,8,0,[0]
9,19,0,[0]
9,11,0,[0]
9,12,0,[0]
9,3,0,[0]
9,13,0,[0]
9,9,0,[0]
9,10,0,[0]
9,6,0,[0]
9,1,0,[0]
9,7,0,[0]
9,2,0,[0]
9,0,0,[0]
9,15,0,[0]
9,4,0,[0]
9,18,0,[0]
9,5,0,[0]
9,14,0,[0]
"('n_atak', ['17', '16', '8', '19', '11', '12', '3', '13', '9', '10', '6', '1', '7', '2', '0', '15', '4', '18', '5', '14'])"
10,8,0,[0]
10,19,0,[0]
10,0,0,[0]
10,10,0,[0]
10,12,0,[0]
10,16,0,[0]
10,6,0,[0]
10,11,0,[0]
10,15,0,[0]
10,9,0,[0]
10,18,0,[0]
10,7,0,[0]
10,3,0,[0]
10,1,0,[0]
10,2,0,[0]
10,4,0,[0]
10,5,0,[0]
10,17,0,[0]
10,13,0,[0]
10,14,0,[0]
"('n_atak', ['8', '19', '0', '10', '12', '16', '6', '11', '15', '9', '18', '7', '3', '1', '2', '4', '5', '17', '13', '14'])"
11,1,0,[0]
11,18,0,[0]
11,8,0,[0]
11,16,0,[0]
11,6,0,[0]
11,17,0,[0]
11,0,0,[0]
11,14,0,[0]
11,10,0,[0]
11,3,0,[0]
11,9,0,[0]
11,4,0,[0]
11,11,0,[0]
11,2,0,[0]
11,5,0,[0]
11,19,0,[0]
11,15,0,[0]
11,7,0,[0]
11,12,0,[0]
11,13,0,[0]
"('n_atak', ['1', '18', '8', '16', '6', '17', '0', '14', '10', '3', '9', '4', '11', '2', '5', '19', '15', '7', '12', '13'])"
12,3,0,[0]
12,1,0,[0]
12,10,0,[0]
12,4,0,[0]
12,18,0,[0]
12,14,0,[0]
12,15,0,[0]
12,7,0,[0]
12,16,0,[0]
12,17,0,[0]
12,6,0,[0]
12,19,0,[0]
12,12,0,[0]
12,9,0,[0]
12,13,0,[0]
12,0,0,[0]
12,5,0,[0]
12,11,0,[0]
12,2,0,[0]
12,8,0,[0]
"('n_atak', ['3', '1', '10', '4', '18', '14', '15', '7', '16', '17', '6', '19', '12', '9', '13', '0', '5', '11', '2', '8'])"
2,17,0,[0]
2,22,0,[0]
2,7,0,[0]
2,12,0,[0]
2,0,0,[0]
2,10,0,[0]
2,8,0,[0]
2,4,0,[0]
2,2,0,[0]
2,23,0,[0]
2,13,0,[0]
2,19,0,[0]
2,9,0,[0]
2,5,0,[0]
2,21,0,[0]
2,24,0,[0]
2,18,0,[0]
2,1,0,[0]
2,3,0,[0]
2,11,0,[0]
2,20,0,[0]
2,6,0,[0]
2,16,0,[0]
2,15,0,[0]
2,14,0,[0]
"('n_atak', ['17', '22', '7', '12', '0', '10', '8', '4', '2', '23', '13', '19', '9', '5', '21', '24', '18', '1', '3', '11', '20', '6', '16', '15', '14'])"
3,10,0,[0]
3,9,0,[0]
3,5,0,[0]
3,7,0,[0]
3,24,0,[0]
3,4,0,[0]
3,0,0,[0]
3,1,0,[0]
3,2,0,[0]
3,11,0,[0]
3,3,0,[0]
3,15,0,[0]
3,23,0,[0]
3,20,0,[0]
3,16,0,[0]
3,8,0,[0]
3,18,0,[0]
3,19,0,[0]
3,22,0,[0]
3,21,0,[0]
3,13,0,[0]
3,17,0,[0]
3,14,0,[0]
3,6,0,[0]
3,12,0,[0]
"('n_atak', ['10', '9', '5', '7', '24', '4', '0', '1', '2', '11', '3', '15', '23', '20', '16', '8', '18', '19', '22', '21', '13', '17', '14', '6', '12'])"
4,23,0,[0]
4,12,0,[0]
4,11,0,[0]
4,8,0,[0]
4,1,0,[0]
4,13,0,[0]
4,10,0,[0]
4,0,0,[0]
4,5,0,[0]
4,24,0,[0]
4,21,0,[0]
4,3,0,[0]
4,14,0,[0]
4,4,0,[0]
4,19,0,[0]
4,9,0,[0]
4,15,0,[0]
4,17,0,[0]
4,18,0,[0]
4,20,0,[0]
4,22,0,[0]
4,2,0,[0]
4,16,0,[0]
4,7,0,[0]
4,6,0,[0]
"('n_atak', ['23', '12', '11', '8', '1', '13', '10', '0', '5', '24', '21', '3', '14', '4', '19', '9', '15', '17', '18', '20', '22', '2', '16', '7', '6'])"
5,22,0,[0]
5,8,0,[0]
5,23,0,[0]
5,1,0,[0]
5,0,0,[0]
5,7,0,[0]
5,16,0,[0]
5,12,0,[0]
5,5,0,[0]
5,2,0,[0]
5,15,0,[0]
5,18,0,[0]
5,10,0,[0]
5,6,0,[0]
5,20,0,[0]
5,19,0,[0]
5,14,0,[0]
5,24,0,[0]
5,9,0,[0]
5,11,0,[0]
5,13,0,[0]
5,3,0,[0]
5,17,0,[0]
5,21,0,[0]
5,4,0,[0]
"('n_atak', ['22', '8', '23', '1', '0', '7', '16', '12', '5', '2', '15', '18', '10', '6', '20', '19', '14', '24', '9', '11', '13', '3', '17', '21', '4'])"
6,4,0,[0]
6,7,0,[0]
6,3,0,[0]
6,9,0,[0]
6,0,0,[0]
6,16,0,[0]
6,17,0,[0]
6,8,0,[0]
6,14,0,[0]
6,24,1,[1]
6,15,0,[0]
6,2,0,[0]
6,5,0,[0]
6,10,0,[0]
6,6,0,[0]
6,20,1,[1]
6,1,0,[0]
6,18,0,[0]
6,12,0,[0]
6,11,0,[0]
6,19,0,[0]
6,13,0,[0]
6,22,1,[1]
6,21,1,[1]
6,23,1,[1]
"('n_atak', ['4', '7', '3', '9', '0', '16', '17', '8', '14', '15', '2', '5', '10', '6', '1', '18', '12', '11', '19', '13'])","('atak', ['24', '20', '22', '21', '23'])"
7,4,0,[0]
7,15,0,[0]
7,13,0,[0]
7,12,0,[0]
7,16,0,[0]
7,3,0,[0]
7,2,0,[0]
7,17,0,[0]
7,11,0,[0]
7,6,0,[0]
7,5,0,[0]
7,9,0,[0]
7,0,0,[0]
7,14,0,[0]
7,10,0,[0]
7,7,0,[0]
7,1,0,[0]
7,8,0,[0]
7,19,0,[0]
7,18,0,[0]
"('n_atak', ['4', '15', '13', '12', '16', '3', '2', '17', '11', '6', '5', '9', '0', '14', '10', '7', '1', '8', '19', '18'])"
8,0,0,[0]
8,14,0,[0]
8,11,0,[0]
8,7,0,[0]
8,12,0,[0]
8,19,0,[0]
8,18,0,[0]
8,3,0,[0]
8,15,0,[0]
8,2,0,[0]
8,4,0,[0]
8,9,0,[0]
8,10,0,[0]
8,16,0,[0]
8,8,0,[0]
8,6,0,[0]
8,13,0,[0]
8,17,0,[0]
8,1,0,[0]
8,5,0,[0]
"('n_atak', ['0', '14', '11', '7', '12', '19', '18', '3', '15', '2', '4', '9', '10', '16', '8', '6', '13', '17', '1', '5'])"
9,17,0,[0]
9,16,0,[0]
9,8,0,[0]
9,19,0,[0]
9,11,0,[0]
9,12,0,[0]
9,3,0,[0]
9,13,0,[0]
9,9,0,[0]
9,10,0,[0]
9,6,0,[0]
9,1,0,[0]
9,7,0,[0]
9,2,0,[0]
9,0,0,[0]
9,15,0,[0]
9,4,0,[0]
9,18,0,[0]
9,5,0,[0]
9,14,0,[0]
"('n_atak', ['17', '16', '8', '19', '11', '12', '3', '13', '9', '10', '6', '1', '7', '2', '0', '15', '4', '18', '5', '14'])"
10,8,0,[0]
10,19,0,[0]
10,0,0,[0]
10,10,0,[0]
10,12,0,[0]
10,16,0,[0]
10,6,0,[0]
10,11,0,[0]
10,15,0,[0]
10,9,0,[0]
10,18,0,[0]
10,7,0,[0]
10,3,0,[0]
10,1,0,[0]
10,2,0,[0]
10,4,0,[0]
10,5,0,[0]
10,17,0,[0]
10,13,0,[0]
10,14,0,[0]
"('n_atak', ['8', '19', '0', '10', '12', '16', '6', '11', '15', '9', '18', '7', '3', '1', '2', '4', '5', '17', '13', '14'])"
11,1,0,[0]
11,18,0,[0]
11,8,0,[0]
11,16,0,[0]
11,6,0,[0]
11,17,0,[0]
11,0,0,[0]
11,14,0,[0]
11,10,0,[0]
11,3,0,[0]
11,9,0,[0]
11,4,0,[0]
11,11,0,[0]
11,2,0,[0]
11,5,0,[0]
11,19,0,[0]
11,15,0,[0]
11,7,0,[0]
11,12,0,[0]
11,13,0,[0]
"('n_atak', ['1', '18', '8', '16', '6', '17', '0', '14', '10', '3', '9', '4', '11', '2', '5', '19', '15', '7', '12', '13'])"
12,3,0,[0]
12,1,0,[0]
12,10,0,[0]
12,4,0,[0]
12,18,0,[0]
12,14,0,[0]
12,15,0,[0]
12,7,0,[0]
12,16,0,[0]
12,17,0,[0]
12,6,0,[0]
12,19,0,[0]
12,12,0,[0]
12,9,0,[0]
12,13,0,[0]
12,0,0,[0]
12,5,0,[0]
12,11,0,[0]
12,2,0,[0]
12,8,0,[0]
"('n_atak', ['3', '1', '10', '4', '18', '14', '15', '7', '16', '17', '6', '19', '12', '9', '13', '0', '5', '11', '2', '8'])"
13,1,0,[0]
13,19,0,[0]
13,8,0,[0]
13,16,0,[0]
13,12,0,[0]
13,13,0,[0]
13,11,0,[0]
13,5,0,[0]
13,3,0,[0]
13,7,0,[0]
13,18,0,[0]
13,9,0,[0]
13,14,0,[0]
13,0,0,[0]
13,2,0,[0]
13,4,0,[0]
13,15,0,[0]
13,17,0,[0]
13,6,0,[0]
13,10,0,[0]
"('n_atak', ['1', '19', '8', '16', '12', '13', '11', '5', '3', '7', '18', '9', '14', '0', '2', '4', '15', '17', '6', '10'])"
2,17,0,[0]
2,22,0,[0]
2,7,0,[0]
2,12,0,[0]
2,0,0,[0]
2,10,0,[0]
2,8,0,[0]
2,4,0,[0]
2,2,0,[0]
2,23,0,[0]
2,13,0,[0]
2,19,0,[0]
2,9,0,[0]
2,5,0,[0]
2,21,0,[0]
2,24,0,[0]
2,18,0,[0]
2,1,0,[0]
2,3,0,[0]
2,11,0,[0]
2,20,0,[0]
2,6,0,[0]
2,16,0,[0]
2,15,0,[0]
2,14,0,[0]
"('n_atak', ['17', '22', '7', '12', '0', '10', '8', '4', '2', '23', '13', '19', '9', '5', '21', '24', '18', '1', '3', '11', '20', '6', '16', '15', '14'])"
3,10,0,[0]
3,9,0,[0]
3,5,0,[0]
3,7,0,[0]
3,24,0,[0]
3,4,0,[0]
3,0,0,[0]
3,1,0,[0]
3,2,0,[0]
3,11,0,[0]
3,3,0,[0]
3,15,0,[0]
3,23,0,[0]
3,20,0,[0]
3,16,0,[0]
3,8,0,[0]
3,18,0,[0]
3,19,0,[0]
3,22,0,[0]
3,21,0,[0]
3,13,0,[0]
3,17,0,[0]
3,14,0,[0]
3,6,0,[0]
3,12,0,[0]
"('n_atak', ['10', '9', '5', '7', '24', '4', '0', '1', '2', '11', '3', '15', '23', '20', '16', '8', '18', '19', '22', '21', '13', '17', '14', '6', '12'])"
4,23,0,[0]
4,12,0,[0]
4,11,0,[0]
4,8,0,[0]
4,1,0,[0]
4,13,0,[0]
4,10,0,[0]
4,0,0,[0]
4,5,0,[0]
4,24,0,[0]
4,21,0,[0]
4,3,0,[0]
4,14,0,[0]
4,4,0,[0]
4,19,0,[0]
4,9,0,[0]
4,15,0,[0]
4,17,0,[0]
4,18,0,[0]
4,20,0,[0]
4,22,0,[0]
4,2,0,[0]
4,16,0,[0]
4,7,0,[0]
4,6,0,[0]
"('n_atak', ['23', '12', '11', '8', '1', '13', '10', '0', '5', '24', '21', '3', '14', '4', '19', '9', '15', '17', '18', '20', '22', '2', '16', '7', '6'])"
5,22,0,[0]
5,8,0,[0]
5,23,0,[0]
5,1,0,[0]
5,0,0,[0]
5,7,0,[0]
5,16,0,[0]
5,12,0,[0]
5,5,0,[0]
5,2,0,[0]
5,15,0,[0]
5,18,0,[0]
5,10,0,[0]
5,6,0,[0]
5,20,0,[0]
5,19,0,[0]
5,14,0,[0]
5,24,0,[0]
5,9,0,[0]
5,11,0,[0]
5,13,0,[0]
5,3,0,[0]
5,17,0,[0]
5,21,0,[0]
5,4,0,[0]
"('n_atak', ['22', '8', '23', '1', '0', '7', '16', '12', '5', '2', '15', '18', '10', '6', '20', '19', '14', '24', '9', '11', '13', '3', '17', '21', '4'])"
6,4,0,[0]
6,7,0,[0]
6,3,0,[0]
6,9,0,[0]
6,0,0,[0]
6,16,0,[0]
6,17,0,[0]
6,8,0,[0]
6,14,0,[0]
6,24,1,[1]
6,15,0,[0]
6,2,0,[0]
6,5,0,[0]
6,10,0,[0]
6,6,0,[0]
6,20,1,[1]
6,1,0,[0]
6,18,0,[0]
6,12,0,[0]
6,11,0,[0]
6,19,0,[0]
6,13,0,[0]
6,22,1,[1]
6,21,1,[1]
6,23,1,[1]
"('n_atak', ['4', '7', '3', '9', '0', '16', '17', '8', '14', '15', '2', '5', '10', '6', '1', '18', '12', '11', '19', '13'])","('atak', ['24', '20', '22', '21', '23'])"
7,4,0,[0]
7,15,0,[0]
7,13,0,[0]
7,12,0,[0]
7,16,0,[0]
7,3,0,[0]
7,2,0,[0]
7,17,0,[0]
7,11,0,[0]
7,6,0,[0]
7,5,0,[0]
7,9,0,[0]
7,0,0,[0]
7,14,0,[0]
7,10,0,[0]
7,7,0,[0]
7,1,0,[0]
7,8,0,[0]
7,19,0,[0]
7,18,0,[0]
"('n_atak', ['4', '15', '13', '12', '16', '3', '2', '17', '11', '6', '5', '9', '0', '14', '10', '7', '1', '8', '19', '18'])"
8,0,0,[0]
8,14,0,[0]
8,11,0,[0]
8,7,0,[0]
8,12,0,[0]
8,19,0,[0]
8,18,0,[0]
8,3,0,[0]
8,15,0,[0]
8,2,0,[0]
8,4,0,[0]
8,9,0,[0]
8,10,0,[0]
8,16,0,[0]
8,8,0,[0]
8,6,0,[0]
8,13,0,[0]
8,17,0,[0]
8,1,0,[0]
8,5,0,[0]
"('n_atak', ['0', '14', '11', '7', '12', '19', '18', '3', '15', '2', '4', '9', '10', '16', '8', '6', '13', '17', '1', '5'])"
9,17,0,[0]
9,16,0,[0]
9,8,0,[0]
9,19,0,[0]
9,11,0,[0]
9,12,0,[0]
9,3,0,[0]
9,13,0,[0]
9,9,0,[0]
9,10,0,[0]
9,6,0,[0]
9,1,0,[0]
9,7,0,[0]
9,2,0,[0]
9,0,0,[0]
9,15,0,[0]
9,4,0,[0]
9,18,0,[0]
9,5,0,[0]
9,14,0,[0]
"('n_atak', ['17', '16', '8', '19', '11', '12', '3', '13', '9', '10', '6', '1', '7', '2', '0', '15', '4', '18', '5', '14'])"
10,8,0,[0]
10,19,0,[0]
10,0,0,[0]
10,10,0,[0]
10,12,0,[0]
10,16,0,[0]
10,6,0,[0]
10,11,0,[0]
10,15,0,[0]
10,9,0,[0]
10,18,0,[0]
10,7,0,[0]
10,3,0,[0]
10,1,0,[0]
10,2,0,[0]
10,4,0,[0]
10,5,0,[0]
10,17,0,[0]
10,13,0,[0]
10,14,0,[0]
"('n_atak', ['8', '19', '0', '10', '12', '16', '6', '11', '15', '9', '18', '7', '3', '1', '2', '4', '5', '17', '13', '14'])"
11,1,0,[0]
11,18,0,[0]
11,8,0,[0]
11,16,0,[0]
11,6,0,[0]
11,17,0,[0]
11,0,0,[0]
11,14,0,[0]
11,10,0,[0]
11,3,0,[0]
11,9,0,[0]
11,4,0,[0]
11,11,0,[0]
11,2,0,[0]
11,5,0,[0]
11,19,0,[0]
11,15,0,[0]
11,7,0,[0]
11,12,0,[0]
11,13,0,[0]
"('n_atak', ['1', '18', '8', '16', '6', '17', '0', '14', '10', '3', '9', '4', '11', '2', '5', '19', '15', '7', '12', '13'])"
12,3,0,[0]
12,1,0,[0]
12,10,0,[0]
12,4,0,[0]
12,18,0,[0]
12,14,0,[0]
12,15,0,[0]
12,7,0,[0]
12,16,0,[0]
12,17,0,[0]
12,6,0,[0]
12,19,0,[0]
12,12,0,[0]
12,9,0,[0]
12,13,0,[0]
12,0,0,[0]
12,5,0,[0]
12,11,0,[0]
12,2,0,[0]
12,8,0,[0]
"('n_atak', ['3', '1', '10', '4', '18', '14', '15', '7', '16', '17', '6', '19', '12', '9', '13', '0', '5', '11', '2', '8'])"
13,1,0,[0]
13,19,0,[0]
13,8,0,[0]
13,16,0,[0]
13,12,0,[0]
13,13,0,[0]
13,11,0,[0]
13,5,0,[0]
13,3,0,[0]
13,7,0,[0]
13,18,0,[0]
13,9,0,[0]
13,14,0,[0]
13,0,0,[0]
13,2,0,[0]
13,4,0,[0]
13,15,0,[0]
13,17,0,[0]
13,6,0,[0]
13,10,0,[0]
"('n_atak', ['1', '19', '8', '16', '12', '13', '11', '5', '3', '7', '18', '9', '14', '0', '2', '4', '15', '17', '6', '10'])"
14,14,0,[0]
14,10,0,[0]
14,16,0,[0]
14,6,0,[0]
14,8,0,[0]
14,5,0,[0]
14,7,0,[0]
14,15,0,[0]
14,11,0,[0]
14,0,0,[0]
14,3,0,[0]
14,2,0,[0]
14,1,0,[0]
14,18,0,[0]
14,9,0,[0]
14,19,0,[0]
14,4,0,[0]
14,17,0,[0]
14,13,0,[0]
14,12,0,[0]
"('n_atak', ['14', '10', '16', '6', '8', '5', '7', '15', '11', '0', '3', '2', '1', '18', '9', '19', '4', '17', '13', '12'])"
2,17,0,[0]
2,22,0,[0]
2,7,0,[0]
2,12,0,[0]
2,0,0,[0]
2,10,0,[0]
2,8,0,[0]
2,4,0,[0]
2,2,0,[0]
2,23,0,[0]
2,13,0,[0]
2,19,0,[0]
2,9,0,[0]
2,5,0,[0]
2,21,0,[0]
2,24,0,[0]
2,18,0,[0]
2,1,0,[0]
2,3,0,[0]
2,11,0,[0]
2,20,0,[0]
2,6,0,[0]
2,16,0,[0]
2,15,0,[0]
2,14,0,[0]
"('n_atak', ['17', '22', '7', '12', '0', '10', '8', '4', '2', '23', '13', '19', '9', '5', '21', '24', '18', '1', '3', '11', '20', '6', '16', '15', '14'])"
3,10,0,[0]
3,9,0,[0]
3,5,0,[0]
3,7,0,[0]
3,24,0,[0]
3,4,0,[0]
3,0,0,[0]
3,1,0,[0]
3,2,0,[0]
3,11,0,[0]
3,3,0,[0]
3,15,0,[0]
3,23,0,[0]
3,20,0,[0]
3,16,0,[0]
3,8,0,[0]
3,18,0,[0]
3,19,0,[0]
3,22,0,[0]
3,21,0,[0]
3,13,0,[0]
3,17,0,[0]
3,14,0,[0]
3,6,0,[0]
3,12,0,[0]
"('n_atak', ['10', '9', '5', '7', '24', '4', '0', '1', '2', '11', '3', '15', '23', '20', '16', '8', '18', '19', '22', '21', '13', '17', '14', '6', '12'])"
4,23,0,[0]
4,12,0,[0]
4,11,0,[0]
4,8,0,[0]
4,1,0,[0]
4,13,0,[0]
4,10,0,[0]
4,0,0,[0]
4,5,0,[0]
4,24,0,[0]
4,21,0,[0]
4,3,0,[0]
4,14,0,[0]
4,4,0,[0]
4,19,0,[0]
4,9,0,[0]
4,15,0,[0]
4,17,0,[0]
4,18,0,[0]
4,20,0,[0]
4,22,0,[0]
4,2,0,[0]
4,16,0,[0]
4,7,0,[0]
4,6,0,[0]
"('n_atak', ['23', '12', '11', '8', '1', '13', '10', '0', '5', '24', '21', '3', '14', '4', '19', '9', '15', '17', '18', '20', '22', '2', '16', '7', '6'])"
5,22,0,[0]
5,8,0,[0]
5,23,0,[0]
5,1,0,[0]
5,0,0,[0]
5,7,0,[0]
5,16,0,[0]
5,12,0,[0]
5,5,0,[0]
5,2,0,[0]
5,15,0,[0]
5,18,0,[0]
5,10,0,[0]
5,6,0,[0]
5,20,0,[0]
5,19,0,[0]
5,14,0,[0]
5,24,0,[0]
5,9,0,[0]
5,11,0,[0]
5,13,0,[0]
5,3,0,[0]
5,17,0,[0]
5,21,0,[0]
5,4,0,[0]
"('n_atak', ['22', '8', '23', '1', '0', '7', '16', '12', '5', '2', '15', '18', '10', '6', '20', '19', '14', '24', '9', '11', '13', '3', '17', '21', '4'])"
6,4,0,[0]
6,7,0,[0]
6,3,0,[0]
6,9,0,[0]
6,0,0,[0]
6,16,0,[0]
6,17,0,[0]
6,8,0,[0]
6,14,0,[0]
6,24,1,[1]
6,15,0,[0]
6,2,0,[0]
6,5,0,[0]
6,10,0,[0]
6,6,0,[0]
6,20,1,[1]
6,1,0,[0]
6,18,0,[0]
6,12,0,[0]
6,11,0,[0]
6,19,0,[0]
6,13,0,[0]
6,22,1,[1]
6,21,1,[1]
6,23,1,[1]
"('n_atak', ['4', '7', '3', '9', '0', '16', '17', '8', '14', '15', '2', '5', '10', '6', '1', '18', '12', '11', '19', '13'])","('atak', ['24', '20', '22', '21', '23'])"
7,4,0,[0]
7,15,0,[0]
7,13,0,[0]
7,12,0,[0]
7,16,0,[0]
7,3,0,[0]
7,2,0,[0]
7,17,0,[0]
7,11,0,[0]
7,6,0,[0]
7,5,0,[0]
7,9,0,[0]
7,0,0,[0]
7,14,0,[0]
7,10,0,[0]
7,7,0,[0]
7,1,0,[0]
7,8,0,[0]
7,19,0,[0]
7,18,0,[0]
"('n_atak', ['4', '15', '13', '12', '16', '3', '2', '17', '11', '6', '5', '9', '0', '14', '10', '7', '1', '8', '19', '18'])"
8,0,0,[0]
8,14,0,[0]
8,11,0,[0]
8,7,0,[0]
8,12,0,[0]
8,19,0,[0]
8,18,0,[0]
8,3,0,[0]
8,15,0,[0]
8,2,0,[0]
8,4,0,[0]
8,9,0,[0]
8,10,0,[0]
8,16,0,[0]
8,8,0,[0]
8,6,0,[0]
8,13,0,[0]
8,17,0,[0]
8,1,0,[0]
8,5,0,[0]
"('n_atak', ['0', '14', '11', '7', '12', '19', '18', '3', '15', '2', '4', '9', '10', '16', '8', '6', '13', '17', '1', '5'])"
9,17,0,[0]
9,16,0,[0]
9,8,0,[0]
9,19,0,[0]
9,11,0,[0]
9,12,0,[0]
9,3,0,[0]
9,13,0,[0]
9,9,0,[0]
9,10,0,[0]
9,6,0,[0]
9,1,0,[0]
9,7,0,[0]
9,2,0,[0]
9,0,0,[0]
9,15,0,[0]
9,4,0,[0]
9,18,0,[0]
9,5,0,[0]
9,14,0,[0]
"('n_atak', ['17', '16', '8', '19', '11', '12', '3', '13', '9', '10', '6', '1', '7', '2', '0', '15', '4', '18', '5', '14'])"
10,8,0,[0]
10,19,0,[0]
10,0,0,[0]
10,10,0,[0]
10,12,0,[0]
10,16,0,[0]
10,6,0,[0]
10,11,0,[0]
10,15,0,[0]
10,9,0,[0]
10,18,0,[0]
10,7,0,[0]
10,3,0,[0]
10,1,0,[0]
10,2,0,[0]
10,4,0,[0]
10,5,0,[0]
10,17,0,[0]
10,13,0,[0]
10,14,0,[0]
"('n_atak', ['8', '19', '0', '10', '12', '16', '6', '11', '15', '9', '18', '7', '3', '1', '2', '4', '5', '17', '13', '14'])"
11,1,0,[0]
11,18,0,[0]
11,8,0,[0]
11,16,0,[0]
11,6,0,[0]
11,17,0,[0]
11,0,0,[0]
11,14,0,[0]
11,10,0,[0]
11,3,0,[0]
11,9,0,[0]
11,4,0,[0]
11,11,0,[0]
11,2,0,[0]
11,5,0,[0]
11,19,0,[0]
11,15,0,[0]
11,7,0,[0]
11,12,0,[0]
11,13,0,[0]
"('n_atak', ['1', '18', '8', '16', '6', '17', '0', '14', '10', '3', '9', '4', '11', '2', '5', '19', '15', '7', '12', '13'])"
12,3,0,[0]
12,1,0,[0]
12,10,0,[0]
12,4,0,[0]
12,18,0,[0]
12,14,0,[0]
12,15,0,[0]
12,7,0,[0]
12,16,0,[0]
12,17,0,[0]
12,6,0,[0]
12,19,0,[0]
12,12,0,[0]
12,9,0,[0]
12,13,0,[0]
12,0,0,[0]
12,5,0,[0]
12,11,0,[0]
12,2,0,[0]
12,8,0,[0]
"('n_atak', ['3', '1', '10', '4', '18', '14', '15', '7', '16', '17', '6', '19', '12', '9', '13', '0', '5', '11', '2', '8'])"
13,1,0,[0]
13,19,0,[0]
13,8,0,[0]
13,16,0,[0]
13,12,0,[0]
13,13,0,[0]
13,11,0,[0]
13,5,0,[0]
13,3,0,[0]
13,7,0,[0]
13,18,0,[0]
13,9,0,[0]
13,14,0,[0]
13,0,0,[0]
13,2,0,[0]
13,4,0,[0]
13,15,0,[0]
13,17,0,[0]
13,6,0,[0]
13,10,0,[0]
"('n_atak', ['1', '19', '8', '16', '12', '13', '11', '5', '3', '7', '18', '9', '14', '0', '2', '4', '15', '17', '6', '10'])"
14,14,0,[0]
14,10,0,[0]
14,16,0,[0]
14,6,0,[0]
14,8,0,[0]
14,5,0,[0]
14,7,0,[0]
14,15,0,[0]
14,11,0,[0]
14,0,0,[0]
14,3,0,[0]
14,2,0,[0]
14,1,0,[0]
14,18,0,[0]
14,9,0,[0]
14,19,0,[0]
14,4,0,[0]
14,17,0,[0]
14,13,0,[0]
14,12,0,[0]
"('n_atak', ['14', '10', '16', '6', '8', '5', '7', '15', '11', '0', '3', '2', '1', '18', '9', '19', '4', '17', '13', '12'])"
15,15,0,[0]
15,0,0,[0]
15,10,0,[0]
15,6,0,[0]
15,3,0,[0]
15,2,0,[0]
15,18,0,[0]
15,16,0,[0]
15,17,0,[0]
15,13,0,[0]
15,4,0,[0]
15,1,0,[0]
15,14,0,[0]
15,19,0,[0]
15,11,0,[0]
15,5,0,[0]
15,8,0,[0]
15,7,0,[0]
15,12,0,[0]
15,9,0,[0]
"('n_atak', ['15', '0', '10', '6', '3', '2', '18', '16', '17', '13', '4', '1', '14', '19', '11', '5', '8', '7', '12', '9'])"
2,17,0,[0]
2,22,0,[0]
2,7,0,[0]
2,12,0,[0]
2,0,0,[0]
2,10,0,[0]
2,8,0,[0]
2,4,0,[0]
2,2,0,[0]
2,23,0,[0]
2,13,0,[0]
2,19,0,[0]
2,9,0,[0]
2,5,0,[0]
2,21,0,[0]
2,24,0,[0]
2,18,0,[0]
2,1,0,[0]
2,3,0,[0]
2,11,0,[0]
2,20,0,[0]
2,6,0,[0]
2,16,0,[0]
2,15,0,[0]
2,14,0,[0]
"('n_atak', ['17', '22', '7', '12', '0', '10', '8', '4', '2', '23', '13', '19', '9', '5', '21', '24', '18', '1', '3', '11', '20', '6', '16', '15', '14'])"
3,10,0,[0]
3,9,0,[0]
3,5,0,[0]
3,7,0,[0]
3,24,0,[0]
3,4,0,[0]
3,0,0,[0]
3,1,0,[0]
3,2,0,[0]
3,11,0,[0]
3,3,0,[0]
3,15,0,[0]
3,23,0,[0]
3,20,0,[0]
3,16,0,[0]
3,8,0,[0]
3,18,0,[0]
3,19,0,[0]
3,22,0,[0]
3,21,0,[0]
3,13,0,[0]
3,17,0,[0]
3,14,0,[0]
3,6,0,[0]
3,12,0,[0]
"('n_atak', ['10', '9', '5', '7', '24', '4', '0', '1', '2', '11', '3', '15', '23', '20', '16', '8', '18', '19', '22', '21', '13', '17', '14', '6', '12'])"
4,23,0,[0]
4,12,0,[0]
4,11,0,[0]
4,8,0,[0]
4,1,0,[0]
4,13,0,[0]
4,10,0,[0]
4,0,0,[0]
4,5,0,[0]
4,24,0,[0]
4,21,0,[0]
4,3,0,[0]
4,14,0,[0]
4,4,0,[0]
4,19,0,[0]
4,9,0,[0]
4,15,0,[0]
4,17,0,[0]
4,18,0,[0]
4,20,0,[0]
4,22,0,[0]
4,2,0,[0]
4,16,0,[0]
4,7,0,[0]
4,6,0,[0]
"('n_atak', ['23', '12', '11', '8', '1', '13', '10', '0', '5', '24', '21', '3', '14', '4', '19', '9', '15', '17', '18', '20', '22', '2', '16', '7', '6'])"
5,22,0,[0]
5,8,0,[0]
5,23,0,[0]
5,1,0,[0]
5,0,0,[0]
5,7,0,[0]
5,16,0,[0]
5,12,0,[0]
5,5,0,[0]
5,2,0,[0]
5,15,0,[0]
5,18,0,[0]
5,10,0,[0]
5,6,0,[0]
5,20,0,[0]
5,19,0,[0]
5,14,0,[0]
5,24,0,[0]
5,9,0,[0]
5,11,0,[0]
5,13,0,[0]
5,3,0,[0]
5,17,0,[0]
5,21,0,[0]
5,4,0,[0]
"('n_atak', ['22', '8', '23', '1', '0', '7', '16', '12', '5', '2', '15', '18', '10', '6', '20', '19', '14', '24', '9', '11', '13', '3', '17', '21', '4'])"
6,4,0,[0]
6,7,0,[0]
6,3,0,[0]
6,9,0,[0]
6,0,0,[0]
6,16,0,[0]
6,17,0,[0]
6,8,0,[0]
6,14,0,[0]
6,24,1,[1]
6,15,0,[0]
6,2,0,[0]
6,5,0,[0]
6,10,0,[0]
6,6,0,[0]
6,20,1,[1]
6,1,0,[0]
6,18,0,[0]
6,12,0,[0]
6,11,0,[0]
6,19,0,[0]
6,13,0,[0]
6,22,1,[1]
6,21,1,[1]
6,23,1,[1]
"('n_atak', ['4', '7', '3', '9', '0', '16', '17', '8', '14', '15', '2', '5', '10', '6', '1', '18', '12', '11', '19', '13'])","('atak', ['24', '20', '22', '21', '23'])"
7,4,0,[0]
7,15,0,[0]
7,13,0,[0]
7,12,0,[0]
7,16,0,[0]
7,3,0,[0]
7,2,0,[0]
7,17,0,[0]
7,11,0,[0]
7,6,0,[0]
7,5,0,[0]
7,9,0,[0]
7,0,0,[0]
7,14,0,[0]
7,10,0,[0]
7,7,0,[0]
7,1,0,[0]
7,8,0,[0]
7,19,0,[0]
7,18,0,[0]
"('n_atak', ['4', '15', '13', '12', '16', '3', '2', '17', '11', '6', '5', '9', '0', '14', '10', '7', '1', '8', '19', '18'])"
8,0,0,[0]
8,14,0,[0]
8,11,0,[0]
8,7,0,[0]
8,12,0,[0]
8,19,0,[0]
8,18,0,[0]
8,3,0,[0]
8,15,0,[0]
8,2,0,[0]
8,4,0,[0]
8,9,0,[0]
8,10,0,[0]
8,16,0,[0]
8,8,0,[0]
8,6,0,[0]
8,13,0,[0]
8,17,0,[0]
8,1,0,[0]
8,5,0,[0]
"('n_atak', ['0', '14', '11', '7', '12', '19', '18', '3', '15', '2', '4', '9', '10', '16', '8', '6', '13', '17', '1', '5'])"
9,17,0,[0]
9,16,0,[0]
9,8,0,[0]
9,19,0,[0]
9,11,0,[0]
9,12,0,[0]
9,3,0,[0]
9,13,0,[0]
9,9,0,[0]
9,10,0,[0]
9,6,0,[0]
9,1,0,[0]
9,7,0,[0]
9,2,0,[0]
9,0,0,[0]
9,15,0,[0]
9,4,0,[0]
9,18,0,[0]
9,5,0,[0]
9,14,0,[0]
"('n_atak', ['17', '16', '8', '19', '11', '12', '3', '13', '9', '10', '6', '1', '7', '2', '0', '15', '4', '18', '5', '14'])"
10,8,0,[0]
10,19,0,[0]
10,0,0,[0]
10,10,0,[0]
10,12,0,[0]
10,16,0,[0]
10,6,0,[0]
10,11,0,[0]
10,15,0,[0]
10,9,0,[0]
10,18,0,[0]
10,7,0,[0]
10,3,0,[0]
10,1,0,[0]
10,2,0,[0]
10,4,0,[0]
10,5,0,[0]
10,17,0,[0]
10,13,0,[0]
10,14,0,[0]
"('n_atak', ['8', '19', '0', '10', '12', '16', '6', '11', '15', '9', '18', '7', '3', '1', '2', '4', '5', '17', '13', '14'])"
11,1,0,[0]
11,18,0,[0]
11,8,0,[0]
11,16,0,[0]
11,6,0,[0]
11,17,0,[0]
11,0,0,[0]
11,14,0,[0]
11,10,0,[0]
11,3,0,[0]
11,9,0,[0]
11,4,0,[0]
11,11,0,[0]
11,2,0,[0]
11,5,0,[0]
11,19,0,[0]
11,15,0,[0]
11,7,0,[0]
11,12,0,[0]
11,13,0,[0]
"('n_atak', ['1', '18', '8', '16', '6', '17', '0', '14', '10', '3', '9', '4', '11', '2', '5', '19', '15', '7', '12', '13'])"
12,3,0,[0]
12,1,0,[0]
12,10,0,[0]
12,4,0,[0]
12,18,0,[0]
12,14,0,[0]
12,15,0,[0]
12,7,0,[0]
12,16,0,[0]
12,17,0,[0]
12,6,0,[0]
12,19,0,[0]
12,12,0,[0]
12,9,0,[0]
12,13,0,[0]
12,0,0,[0]
12,5,0,[0]
12,11,0,[0]
12,2,0,[0]
12,8,0,[0]
"('n_atak', ['3', '1', '10', '4', '18', '14', '15', '7', '16', '17', '6', '19', '12', '9', '13', '0', '5', '11', '2', '8'])"
13,1,0,[0]
13,19,0,[0]
13,8,0,[0]
13,16,0,[0]
13,12,0,[0]
13,13,0,[0]
13,11,0,[0]
13,5,0,[0]
13,3,0,[0]
13,7,0,[0]
13,18,0,[0]
13,9,0,[0]
13,14,0,[0]
13,0,0,[0]
13,2,0,[0]
13,4,0,[0]
13,15,0,[0]
13,17,0,[0]
13,6,0,[0]
13,10,0,[0]
"('n_atak', ['1', '19', '8', '16', '12', '13', '11', '5', '3', '7', '18', '9', '14', '0', '2', '4', '15', '17', '6', '10'])"
14,14,0,[0]
14,10,0,[0]
14,16,0,[0]
14,6,0,[0]
14,8,0,[0]
14,5,0,[0]
14,7,0,[0]
14,15,0,[0]
14,11,0,[0]
14,0,0,[0]
14,3,0,[0]
14,2,0,[0]
14,1,0,[0]
14,18,0,[0]
14,9,0,[0]
14,19,0,[0]
14,4,0,[0]
14,17,0,[0]
14,13,0,[0]
14,12,0,[0]
"('n_atak', ['14', '10', '16', '6', '8', '5', '7', '15', '11', '0', '3', '2', '1', '18', '9', '19', '4', '17', '13', '12'])"
15,15,0,[0]
15,0,0,[0]
15,10,0,[0]
15,6,0,[0]
15,3,0,[0]
15,2,0,[0]
15,18,0,[0]
15,16,0,[0]
15,17,0,[0]
15,13,0,[0]
15,4,0,[0]
15,1,0,[0]
15,14,0,[0]
15,19,0,[0]
15,11,0,[0]
15,5,0,[0]
15,8,0,[0]
15,7,0,[0]
15,12,0,[0]
15,9,0,[0]
"('n_atak', ['15', '0', '10', '6', '3', '2', '18', '16', '17', '13', '4', '1', '14', '19', '11', '5', '8', '7', '12', '9'])"
16,1,0,[0]
16,17,0,[0]
16,9,0,[0]
16,15,0,[0]
16,0,0,[0]
16,8,0,[0]
16,6,0,[0]
16,14,0,[0]
16,19,0,[0]
16,11,0,[0]
16,10,0,[0]
16,3,0,[0]
16,4,0,[0]
16,5,0,[0]
16,2,0,[0]
16,7,0,[0]
16,13,0,[0]
16,12,0,[0]
16,16,0,[0]
16,18,0,[0]
"('n_atak', ['1', '17', '9', '15', '0', '8', '6', '14', '19', '11', '10', '3', '4', '5', '2', '7', '13', '12', '16', '18'])"
2,17,0,[0]
2,22,0,[0]
2,7,0,[0]
2,12,0,[0]
2,0,0,[0]
2,10,0,[0]
2,8,0,[0]
2,4,0,[0]
2,2,0,[0]
2,23,0,[0]
2,13,0,[0]
2,19,0,[0]
2,9,0,[0]
2,5,0,[0]
2,21,0,[0]
2,24,0,[0]
2,18,0,[0]
2,1,0,[0]
2,3,0,[0]
2,11,0,[0]
2,20,0,[0]
2,6,0,[0]
2,16,0,[0]
2,15,0,[0]
2,14,0,[0]
"('n_atak', ['17', '22', '7', '12', '0', '10', '8', '4', '2', '23', '13', '19', '9', '5', '21', '24', '18', '1', '3', '11', '20', '6', '16', '15', '14'])"
3,10,0,[0]
3,9,0,[0]
3,5,0,[0]
3,7,0,[0]
3,24,0,[0]
3,4,0,[0]
3,0,0,[0]
3,1,0,[0]
3,2,0,[0]
3,11,0,[0]
3,3,0,[0]
3,15,0,[0]
3,23,0,[0]
3,20,0,[0]
3,16,0,[0]
3,8,0,[0]
3,18,0,[0]
3,19,0,[0]
3,22,0,[0]
3,21,0,[0]
3,13,0,[0]
3,17,0,[0]
3,14,0,[0]
3,6,0,[0]
3,12,0,[0]
"('n_atak', ['10', '9', '5', '7', '24', '4', '0', '1', '2', '11', '3', '15', '23', '20', '16', '8', '18', '19', '22', '21', '13', '17', '14', '6', '12'])"
4,23,0,[0]
4,12,0,[0]
4,11,0,[0]
4,8,0,[0]
4,1,0,[0]
4,13,0,[0]
4,10,0,[0]
4,0,0,[0]
4,5,0,[0]
4,24,0,[0]
4,21,0,[0]
4,3,0,[0]
4,14,0,[0]
4,4,0,[0]
4,19,0,[0]
4,9,0,[0]
4,15,0,[0]
4,17,0,[0]
4,18,0,[0]
4,20,0,[0]
4,22,0,[0]
4,2,0,[0]
4,16,0,[0]
4,7,0,[0]
4,6,0,[0]
"('n_atak', ['23', '12', '11', '8', '1', '13', '10', '0', '5', '24', '21', '3', '14', '4', '19', '9', '15', '17', '18', '20', '22', '2', '16', '7', '6'])"
5,22,0,[0]
5,8,0,[0]
5,23,0,[0]
5,1,0,[0]
5,0,0,[0]
5,7,0,[0]
5,16,0,[0]
5,12,0,[0]
5,5,0,[0]
5,2,0,[0]
5,15,0,[0]
5,18,0,[0]
5,10,0,[0]
5,6,0,[0]
5,20,0,[0]
5,19,0,[0]
5,14,0,[0]
5,24,0,[0]
5,9,0,[0]
5,11,0,[0]
5,13,0,[0]
5,3,0,[0]
5,17,0,[0]
5,21,0,[0]
5,4,0,[0]
"('n_atak', ['22', '8', '23', '1', '0', '7', '16', '12', '5', '2', '15', '18', '10', '6', '20', '19', '14', '24', '9', '11', '13', '3', '17', '21', '4'])"
6,4,0,[0]
6,7,0,[0]
6,3,0,[0]
6,9,0,[0]
6,0,0,[0]
6,16,0,[0]
6,17,0,[0]
6,8,0,[0]
6,14,0,[0]
6,24,1,[1]
6,15,0,[0]
6,2,0,[0]
6,5,0,[0]
6,10,0,[0]
6,6,0,[0]
6,20,1,[1]
6,1,0,[0]
6,18,0,[0]
6,12,0,[0]
6,11,0,[0]
6,19,0,[0]
6,13,0,[0]
6,22,1,[1]
6,21,1,[1]
6,23,1,[1]
"('n_atak', ['4', '7', '3', '9', '0', '16', '17', '8', '14', '15', '2', '5', '10', '6', '1', '18', '12', '11', '19', '13'])","('atak', ['24', '20', '22', '21', '23'])"
7,4,0,[0]
7,15,0,[0]
7,13,0,[0]
7,12,0,[0]
7,16,0,[0]
7,3,0,[0]
7,2,0,[0]
7,17,0,[0]
7,11,0,[0]
7,6,0,[0]
7,5,0,[0]
7,9,0,[0]
7,0,0,[0]
7,14,0,[0]
7,10,0,[0]
7,7,0,[0]
7,1,0,[0]
7,8,0,[0]
7,19,0,[0]
7,18,0,[0]
"('n_atak', ['4', '15', '13', '12', '16', '3', '2', '17', '11', '6', '5', '9', '0', '14', '10', '7', '1', '8', '19', '18'])"
8,0,0,[0]
8,14,0,[0]
8,11,0,[0]
8,7,0,[0]
8,12,0,[0]
8,19,0,[0]
8,18,0,[0]
8,3,0,[0]
8,15,0,[0]
8,2,0,[0]
8,4,0,[0]
8,9,0,[0]
8,10,0,[0]
8,16,0,[0]
8,8,0,[0]
8,6,0,[0]
8,13,0,[0]
8,17,0,[0]
8,1,0,[0]
8,5,0,[0]
"('n_atak', ['0', '14', '11', '7', '12', '19', '18', '3', '15', '2', '4', '9', '10', '16', '8', '6', '13', '17', '1', '5'])"
9,17,0,[0]
9,16,0,[0]
9,8,0,[0]
9,19,0,[0]
9,11,0,[0]
9,12,0,[0]
9,3,0,[0]
9,13,0,[0]
9,9,0,[0]
9,10,0,[0]
9,6,0,[0]
9,1,0,[0]
9,7,0,[0]
9,2,0,[0]
9,0,0,[0]
9,15,0,[0]
9,4,0,[0]
9,18,0,[0]
9,5,0,[0]
9,14,0,[0]
"('n_atak', ['17', '16', '8', '19', '11', '12', '3', '13', '9', '10', '6', '1', '7', '2', '0', '15', '4', '18', '5', '14'])"
10,8,0,[0]
10,19,0,[0]
10,0,0,[0]
10,10,0,[0]
10,12,0,[0]
10,16,0,[0]
10,6,0,[0]
10,11,0,[0]
10,15,0,[0]
10,9,0,[0]
10,18,0,[0]
10,7,0,[0]
10,3,0,[0]
10,1,0,[0]
10,2,0,[0]
10,4,0,[0]
10,5,0,[0]
10,17,0,[0]
10,13,0,[0]
10,14,0,[0]
"('n_atak', ['8', '19', '0', '10', '12', '16', '6', '11', '15', '9', '18', '7', '3', '1', '2', '4', '5', '17', '13', '14'])"
11,1,0,[0]
11,18,0,[0]
11,8,0,[0]
11,16,0,[0]
11,6,0,[0]
11,17,0,[0]
11,0,0,[0]
11,14,0,[0]
11,10,0,[0]
11,3,0,[0]
11,9,0,[0]
11,4,0,[0]
11,11,0,[0]
11,2,0,[0]
11,5,0,[0]
11,19,0,[0]
11,15,0,[0]
11,7,0,[0]
11,12,0,[0]
11,13,0,[0]
"('n_atak', ['1', '18', '8', '16', '6', '17', '0', '14', '10', '3', '9', '4', '11', '2', '5', '19', '15', '7', '12', '13'])"
12,3,0,[0]
12,1,0,[0]
12,10,0,[0]
12,4,0,[0]
12,18,0,[0]
12,14,0,[0]
12,15,0,[0]
12,7,0,[0]
12,16,0,[0]
12,17,0,[0]
12,6,0,[0]
12,19,0,[0]
12,12,0,[0]
12,9,0,[0]
12,13,0,[0]
12,0,0,[0]
12,5,0,[0]
12,11,0,[0]
12,2,0,[0]
12,8,0,[0]
"('n_atak', ['3', '1', '10', '4', '18', '14', '15', '7', '16', '17', '6', '19', '12', '9', '13', '0', '5', '11', '2', '8'])"
13,1,0,[0]
13,19,0,[0]
13,8,0,[0]
13,16,0,[0]
13,12,0,[0]
13,13,0,[0]
13,11,0,[0]
13,5,0,[0]
13,3,0,[0]
13,7,0,[0]
13,18,0,[0]
13,9,0,[0]
13,14,0,[0]
13,0,0,[0]
13,2,0,[0]
13,4,0,[0]
13,15,0,[0]
13,17,0,[0]
13,6,0,[0]
13,10,0,[0]
"('n_atak', ['1', '19', '8', '16', '12', '13', '11', '5', '3', '7', '18', '9', '14', '0', '2', '4', '15', '17', '6', '10'])"
14,14,0,[0]
14,10,0,[0]
14,16,0,[0]
14,6,0,[0]
14,8,0,[0]
14,5,0,[0]
14,7,0,[0]
14,15,0,[0]
14,11,0,[0]
14,0,0,[0]
14,3,0,[0]
14,2,0,[0]
14,1,0,[0]
14,18,0,[0]
14,9,0,[0]
14,19,0,[0]
14,4,0,[0]
14,17,0,[0]
14,13,0,[0]
14,12,0,[0]
"('n_atak', ['14', '10', '16', '6', '8', '5', '7', '15', '11', '0', '3', '2', '1', '18', '9', '19', '4', '17', '13', '12'])"
15,15,0,[0]
15,0,0,[0]
15,10,0,[0]
15,6,0,[0]
15,3,0,[0]
15,2,0,[0]
15,18,0,[0]
15,16,0,[0]
15,17,0,[0]
15,13,0,[0]
15,4,0,[0]
15,1,0,[0]
15,14,0,[0]
15,19,0,[0]
15,11,0,[0]
15,5,0,[0]
15,8,0,[0]
15,7,0,[0]
15,12,0,[0]
15,9,0,[0]
"('n_atak', ['15', '0', '10', '6', '3', '2', '18', '16', '17', '13', '4', '1', '14', '19', '11', '5', '8', '7', '12', '9'])"
16,1,0,[0]
16,17,0,[0]
16,9,0,[0]
16,15,0,[0]
16,0,0,[0]
16,8,0,[0]
16,6,0,[0]
16,14,0,[0]
16,19,0,[0]
16,11,0,[0]
16,10,0,[0]
16,3,0,[0]
16,4,0,[0]
16,5,0,[0]
16,2,0,[0]
16,7,0,[0]
16,13,0,[0]
16,12,0,[0]
16,16,0,[0]
16,18,0,[0]
"('n_atak', ['1', '17', '9', '15', '0', '8', '6', '14', '19', '11', '10', '3', '4', '5', '2', '7', '13', '12', '16', '18'])"
17,7,0,[0]
17,11,0,[0]
17,4,0,[0]
17,6,0,[0]
17,16,0,[0]
17,3,0,[0]
17,17,0,[0]
17,12,0,[0]
17,10,0,[0]
17,18,0,[0]
17,1,0,[0]
17,15,0,[0]
17,0,0,[0]
17,9,0,[0]
17,13,0,[0]
17,5,0,[0]
17,2,0,[0]
17,14,0,[0]
17,19,0,[0]
17,8,0,[0]
"('n_atak', ['7', '11', '4', '6', '16', '3', '17', '12', '10', '18', '1', '15', '0', '9', '13', '5', '2', '14', '19', '8'])"
2,17,0,[0]
2,22,0,[0]
2,7,0,[0]
2,12,0,[0]
2,0,0,[0]
2,10,0,[0]
2,8,0,[0]
2,4,0,[0]
2,2,0,[0]
2,23,0,[0]
2,13,0,[0]
2,19,0,[0]
2,9,0,[0]
2,5,0,[0]
2,21,0,[0]
2,24,0,[0]
2,18,0,[0]
2,1,0,[0]
2,3,0,[0]
2,11,0,[0]
2,20,0,[0]
2,6,0,[0]
2,16,0,[0]
2,15,0,[0]
2,14,0,[0]
"('n_atak', ['17', '22', '7', '12', '0', '10', '8', '4', '2', '23', '13', '19', '9', '5', '21', '24', '18', '1', '3', '11', '20', '6', '16', '15', '14'])"
3,10,0,[0]
3,9,0,[0]
3,5,0,[0]
3,7,0,[0]
3,24,0,[0]
3,4,0,[0]
3,0,0,[0]
3,1,0,[0]
3,2,0,[0]
3,11,0,[0]
3,3,0,[0]
3,15,0,[0]
3,23,0,[0]
3,20,0,[0]
3,16,0,[0]
3,8,0,[0]
3,18,0,[0]
3,19,0,[0]
3,22,0,[0]
3,21,0,[0]
3,13,0,[0]
3,17,0,[0]
3,14,0,[0]
3,6,0,[0]
3,12,0,[0]
"('n_atak', ['10', '9', '5', '7', '24', '4', '0', '1', '2', '11', '3', '15', '23', '20', '16', '8', '18', '19', '22', '21', '13', '17', '14', '6', '12'])"
4,23,0,[0]
4,12,0,[0]
4,11,0,[0]
4,8,0,[0]
4,1,0,[0]
4,13,0,[0]
4,10,0,[0]
4,0,0,[0]
4,5,0,[0]
4,24,0,[0]
4,21,0,[0]
4,3,0,[0]
4,14,0,[0]
4,4,0,[0]
4,19,0,[0]
4,9,0,[0]
4,15,0,[0]
4,17,0,[0]
4,18,0,[0]
4,20,0,[0]
4,22,0,[0]
4,2,0,[0]
4,16,0,[0]
4,7,0,[0]
4,6,0,[0]
"('n_atak', ['23', '12', '11', '8', '1', '13', '10', '0', '5', '24', '21', '3', '14', '4', '19', '9', '15', '17', '18', '20', '22', '2', '16', '7', '6'])"
5,22,0,[0]
5,8,0,[0]
5,23,0,[0]
5,1,0,[0]
5,0,0,[0]
5,7,0,[0]
5,16,0,[0]
5,12,0,[0]
5,5,0,[0]
5,2,0,[0]
5,15,0,[0]
5,18,0,[0]
5,10,0,[0]
5,6,0,[0]
5,20,0,[0]
5,19,0,[0]
5,14,0,[0]
5,24,0,[0]
5,9,0,[0]
5,11,0,[0]
5,13,0,[0]
5,3,0,[0]
5,17,0,[0]
5,21,0,[0]
5,4,0,[0]
"('n_atak', ['22', '8', '23', '1', '0', '7', '16', '12', '5', '2', '15', '18', '10', '6', '20', '19', '14', '24', '9', '11', '13', '3', '17', '21', '4'])"
6,4,0,[0]
6,7,0,[0]
6,3,0,[0]
6,9,0,[0]
6,0,0,[0]
6,16,0,[0]
6,17,0,[0]
6,8,0,[0]
6,14,0,[0]
6,24,1,[1]
6,15,0,[0]
6,2,0,[0]
6,5,0,[0]
6,10,0,[0]
6,6,0,[0]
6,20,1,[1]
6,1,0,[0]
6,18,0,[0]
6,12,0,[0]
6,11,0,[0]
6,19,0,[0]
6,13,0,[0]
6,22,1,[1]
6,21,1,[1]
6,23,1,[1]
"('n_atak', ['4', '7', '3', '9', '0', '16', '17', '8', '14', '15', '2', '5', '10', '6', '1', '18', '12', '11', '19', '13'])","('atak', ['24', '20', '22', '21', '23'])"
7,4,0,[0]
7,15,0,[0]
7,13,0,[0]
7,12,0,[0]
7,16,0,[0]
7,3,0,[0]
7,2,0,[0]
7,17,0,[0]
7,11,0,[0]
7,6,0,[0]
7,5,0,[0]
7,9,0,[0]
7,0,0,[0]
7,14,0,[0]
7,10,0,[0]
7,7,0,[0]
7,1,0,[0]
7,8,0,[0]
7,19,0,[0]
7,18,0,[0]
"('n_atak', ['4', '15', '13', '12', '16', '3', '2', '17', '11', '6', '5', '9', '0', '14', '10', '7', '1', '8', '19', '18'])"
8,0,0,[0]
8,14,0,[0]
8,11,0,[0]
8,7,0,[0]
8,12,0,[0]
8,19,0,[0]
8,18,0,[0]
8,3,0,[0]
8,15,0,[0]
8,2,0,[0]
8,4,0,[0]
8,9,0,[0]
8,10,0,[0]
8,16,0,[0]
8,8,0,[0]
8,6,0,[0]
8,13,0,[0]
8,17,0,[0]
8,1,0,[0]
8,5,0,[0]
"('n_atak', ['0', '14', '11', '7', '12', '19', '18', '3', '15', '2', '4', '9', '10', '16', '8', '6', '13', '17', '1', '5'])"
9,17,0,[0]
9,16,0,[0]
9,8,0,[0]
9,19,0,[0]
9,11,0,[0]
9,12,0,[0]
9,3,0,[0]
9,13,0,[0]
9,9,0,[0]
9,10,0,[0]
9,6,0,[0]
9,1,0,[0]
9,7,0,[0]
9,2,0,[0]
9,0,0,[0]
9,15,0,[0]
9,4,0,[0]
9,18,0,[0]
9,5,0,[0]
9,14,0,[0]
"('n_atak', ['17', '16', '8', '19', '11', '12', '3', '13', '9', '10', '6', '1', '7', '2', '0', '15', '4', '18', '5', '14'])"
10,8,0,[0]
10,19,0,[0]
10,0,0,[0]
10,10,0,[0]
10,12,0,[0]
10,16,0,[0]
10,6,0,[0]
10,11,0,[0]
10,15,0,[0]
10,9,0,[0]
10,18,0,[0]
10,7,0,[0]
10,3,0,[0]
10,1,0,[0]
10,2,0,[0]
10,4,0,[0]
10,5,0,[0]
10,17,0,[0]
10,13,0,[0]
10,14,0,[0]
"('n_atak', ['8', '19', '0', '10', '12', '16', '6', '11', '15', '9', '18', '7', '3', '1', '2', '4', '5', '17', '13', '14'])"
11,1,0,[0]
11,18,0,[0]
11,8,0,[0]
11,16,0,[0]
11,6,0,[0]
11,17,0,[0]
11,0,0,[0]
11,14,0,[0]
11,10,0,[0]
11,3,0,[0]
11,9,0,[0]
11,4,0,[0]
11,11,0,[0]
11,2,0,[0]
11,5,0,[0]
11,19,0,[0]
11,15,0,[0]
11,7,0,[0]
11,12,0,[0]
11,13,0,[0]
"('n_atak', ['1', '18', '8', '16', '6', '17', '0', '14', '10', '3', '9', '4', '11', '2', '5', '19', '15', '7', '12', '13'])"
12,3,0,[0]
12,1,0,[0]
12,10,0,[0]
12,4,0,[0]
12,18,0,[0]
12,14,0,[0]
12,15,0,[0]
12,7,0,[0]
12,16,0,[0]
12,17,0,[0]
12,6,0,[0]
12,19,0,[0]
12,12,0,[0]
12,9,0,[0]
12,13,0,[0]
12,0,0,[0]
12,5,0,[0]
12,11,0,[0]
12,2,0,[0]
12,8,0,[0]
"('n_atak', ['3', '1', '10', '4', '18', '14', '15', '7', '16', '17', '6', '19', '12', '9', '13', '0', '5', '11', '2', '8'])"
13,1,0,[0]
13,19,0,[0]
13,8,0,[0]
13,16,0,[0]
13,12,0,[0]
13,13,0,[0]
13,11,0,[0]
13,5,0,[0]
13,3,0,[0]
13,7,0,[0]
13,18,0,[0]
13,9,0,[0]
13,14,0,[0]
13,0,0,[0]
13,2,0,[0]
13,4,0,[0]
13,15,0,[0]
13,17,0,[0]
13,6,0,[0]
13,10,0,[0]
"('n_atak', ['1', '19', '8', '16', '12', '13', '11', '5', '3', '7', '18', '9', '14', '0', '2', '4', '15', '17', '6', '10'])"
14,14,0,[0]
14,10,0,[0]
14,16,0,[0]
14,6,0,[0]
14,8,0,[0]
14,5,0,[0]
14,7,0,[0]
14,15,0,[0]
14,11,0,[0]
14,0,0,[0]
14,3,0,[0]
14,2,0,[0]
14,1,0,[0]
14,18,0,[0]
14,9,0,[0]
14,19,0,[0]
14,4,0,[0]
14,17,0,[0]
14,13,0,[0]
14,12,0,[0]
"('n_atak', ['14', '10', '16', '6', '8', '5', '7', '15', '11', '0', '3', '2', '1', '18', '9', '19', '4', '17', '13', '12'])"
15,15,0,[0]
15,0,0,[0]
15,10,0,[0]
15,6,0,[0]
15,3,0,[0]
15,2,0,[0]
15,18,0,[0]
15,16,0,[0]
15,17,0,[0]
15,13,0,[0]
15,4,0,[0]
15,1,0,[0]
15,14,0,[0]
15,19,0,[0]
15,11,0,[0]
15,5,0,[0]
15,8,0,[0]
15,7,0,[0]
15,12,0,[0]
15,9,0,[0]
"('n_atak', ['15', '0', '10', '6', '3', '2', '18', '16', '17', '13', '4', '1', '14', '19', '11', '5', '8', '7', '12', '9'])"
16,1,0,[0]
16,17,0,[0]
16,9,0,[0]
16,15,0,[0]
16,0,0,[0]
16,8,0,[0]
16,6,0,[0]
16,14,0,[0]
16,19,0,[0]
16,11,0,[0]
16,10,0,[0]
16,3,0,[0]
16,4,0,[0]
16,5,0,[0]
16,2,0,[0]
16,7,0,[0]
16,13,0,[0]
16,12,0,[0]
16,16,0,[0]
16,18,0,[0]
"('n_atak', ['1', '17', '9', '15', '0', '8', '6', '14', '19', '11', '10', '3', '4', '5', '2', '7', '13', '12', '16', '18'])"
17,7,0,[0]
17,11,0,[0]
17,4,0,[0]
17,6,0,[0]
17,16,0,[0]
17,3,0,[0]
17,17,0,[0]
17,12,0,[0]
17,10,0,[0]
17,18,0,[0]
17,1,0,[0]
17,15,0,[0]
17,0,0,[0]
17,9,0,[0]
17,13,0,[0]
17,5,0,[0]
17,2,0,[0]
17,14,0,[0]
17,19,0,[0]
17,8,0,[0]
"('n_atak', ['7', '11', '4', '6', '16', '3', '17', '12', '10', '18', '1', '15', '0', '9', '13', '5', '2', '14', '19', '8'])"
18,6,0,[0]
18,7,0,[0]
18,12,0,[0]
18,2,0,[0]
18,15,0,[0]
18,19,0,[0]
18,0,0,[0]
18,17,0,[0]
18,3,0,[0]
18,14,0,[0]
18,5,0,[0]
18,16,0,[0]
18,4,0,[0]
18,10,0,[0]
18,1,0,[0]
18,9,0,[0]
18,18,0,[0]
18,8,0,[0]
18,13,0,[0]
18,11,0,[0]
"('n_atak', ['6', '7', '12', '2', '15', '19', '0', '17', '3', '14', '5', '16', '4', '10', '1', '9', '18', '8', '13', '11'])"
2,17,0,[0]
2,22,0,[0]
2,7,0,[0]
2,12,0,[0]
2,0,0,[0]
2,10,0,[0]
2,8,0,[0]
2,4,0,[0]
2,2,0,[0]
2,23,0,[0]
2,13,0,[0]
2,19,0,[0]
2,9,0,[0]
2,5,0,[0]
2,21,0,[0]
2,24,0,[0]
2,18,0,[0]
2,1,0,[0]
2,3,0,[0]
2,11,0,[0]
2,20,0,[0]
2,6,0,[0]
2,16,0,[0]
2,15,0,[0]
2,14,0,[0]
"('n_atak', ['17', '22', '7', '12', '0', '10', '8', '4', '2', '23', '13', '19', '9', '5', '21', '24', '18', '1', '3', '11', '20', '6', '16', '15', '14'])"
3,10,0,[0]
3,9,0,[0]
3,5,0,[0]
3,7,0,[0]
3,24,0,[0]
3,4,0,[0]
3,0,0,[0]
3,1,0,[0]
3,2,0,[0]
3,11,0,[0]
3,3,0,[0]
3,15,0,[0]
3,23,0,[0]
3,20,0,[0]
3,16,0,[0]
3,8,0,[0]
3,18,0,[0]
3,19,0,[0]
3,22,0,[0]
3,21,0,[0]
3,13,0,[0]
3,17,0,[0]
3,14,0,[0]
3,6,0,[0]
3,12,0,[0]
"('n_atak', ['10', '9', '5', '7', '24', '4', '0', '1', '2', '11', '3', '15', '23', '20', '16', '8', '18', '19', '22', '21', '13', '17', '14', '6', '12'])"
4,23,0,[0]
4,12,0,[0]
4,11,0,[0]
4,8,0,[0]
4,1,0,[0]
4,13,0,[0]
4,10,0,[0]
4,0,0,[0]
4,5,0,[0]
4,24,0,[0]
4,21,0,[0]
4,3,0,[0]
4,14,0,[0]
4,4,0,[0]
4,19,0,[0]
4,9,0,[0]
4,15,0,[0]
4,17,0,[0]
4,18,0,[0]
4,20,0,[0]
4,22,0,[0]
4,2,0,[0]
4,16,0,[0]
4,7,0,[0]
4,6,0,[0]
"('n_atak', ['23', '12', '11', '8', '1', '13', '10', '0', '5', '24', '21', '3', '14', '4', '19', '9', '15', '17', '18', '20', '22', '2', '16', '7', '6'])"
5,22,0,[0]
5,8,0,[0]
5,23,0,[0]
5,1,0,[0]
5,0,0,[0]
5,7,0,[0]
5,16,0,[0]
5,12,0,[0]
5,5,0,[0]
5,2,0,[0]
5,15,0,[0]
5,18,0,[0]
5,10,0,[0]
5,6,0,[0]
5,20,0,[0]
5,19,0,[0]
5,14,0,[0]
5,24,0,[0]
5,9,0,[0]
5,11,0,[0]
5,13,0,[0]
5,3,0,[0]
5,17,0,[0]
5,21,0,[0]
5,4,0,[0]
"('n_atak', ['22', '8', '23', '1', '0', '7', '16', '12', '5', '2', '15', '18', '10', '6', '20', '19', '14', '24', '9', '11', '13', '3', '17', '21', '4'])"
6,4,0,[0]
6,7,0,[0]
6,3,0,[0]
6,9,0,[0]
6,0,0,[0]
6,16,0,[0]
6,17,0,[0]
6,8,0,[0]
6,14,0,[0]
6,24,1,[1]
6,15,0,[0]
6,2,0,[0]
6,5,0,[0]
6,10,0,[0]
6,6,0,[0]
6,20,1,[1]
6,1,0,[0]
6,18,0,[0]
6,12,0,[0]
6,11,0,[0]
6,19,0,[0]
6,13,0,[0]
6,22,1,[1]
6,21,1,[1]
6,23,1,[1]
"('n_atak', ['4', '7', '3', '9', '0', '16', '17', '8', '14', '15', '2', '5', '10', '6', '1', '18', '12', '11', '19', '13'])","('atak', ['24', '20', '22', '21', '23'])"
7,4,0,[0]
7,15,0,[0]
7,13,0,[0]
7,12,0,[0]
7,16,0,[0]
7,3,0,[0]
7,2,0,[0]
7,17,0,[0]
7,11,0,[0]
7,6,0,[0]
7,5,0,[0]
7,9,0,[0]
7,0,0,[0]
7,14,0,[0]
7,10,0,[0]
7,7,0,[0]
7,1,0,[0]
7,8,0,[0]
7,19,0,[0]
7,18,0,[0]
"('n_atak', ['4', '15', '13', '12', '16', '3', '2', '17', '11', '6', '5', '9', '0', '14', '10', '7', '1', '8', '19', '18'])"
8,0,0,[0]
8,14,0,[0]
8,11,0,[0]
8,7,0,[0]
8,12,0,[0]
8,19,0,[0]
8,18,0,[0]
8,3,0,[0]
8,15,0,[0]
8,2,0,[0]
8,4,0,[0]
8,9,0,[0]
8,10,0,[0]
8,16,0,[0]
8,8,0,[0]
8,6,0,[0]
8,13,0,[0]
8,17,0,[0]
8,1,0,[0]
8,5,0,[0]
"('n_atak', ['0', '14', '11', '7', '12', '19', '18', '3', '15', '2', '4', '9', '10', '16', '8', '6', '13', '17', '1', '5'])"
9,17,0,[0]
9,16,0,[0]
9,8,0,[0]
9,19,0,[0]
9,11,0,[0]
9,12,0,[0]
9,3,0,[0]
9,13,0,[0]
9,9,0,[0]
9,10,0,[0]
9,6,0,[0]
9,1,0,[0]
9,7,0,[0]
9,2,0,[0]
9,0,0,[0]
9,15,0,[0]
9,4,0,[0]
9,18,0,[0]
9,5,0,[0]
9,14,0,[0]
"('n_atak', ['17', '16', '8', '19', '11', '12', '3', '13', '9', '10', '6', '1', '7', '2', '0', '15', '4', '18', '5', '14'])"
10,8,0,[0]
10,19,0,[0]
10,0,0,[0]
10,10,0,[0]
10,12,0,[0]
10,16,0,[0]
10,6,0,[0]
10,11,0,[0]
10,15,0,[0]
10,9,0,[0]
10,18,0,[0]
10,7,0,[0]
10,3,0,[0]
10,1,0,[0]
10,2,0,[0]
10,4,0,[0]
10,5,0,[0]
10,17,0,[0]
10,13,0,[0]
10,14,0,[0]
"('n_atak', ['8', '19', '0', '10', '12', '16', '6', '11', '15', '9', '18', '7', '3', '1', '2', '4', '5', '17', '13', '14'])"
11,1,0,[0]
11,18,0,[0]
11,8,0,[0]
11,16,0,[0]
11,6,0,[0]
11,17,0,[0]
11,0,0,[0]
11,14,0,[0]
11,10,0,[0]
11,3,0,[0]
11,9,0,[0]
11,4,0,[0]
11,11,0,[0]
11,2,0,[0]
11,5,0,[0]
11,19,0,[0]
11,15,0,[0]
11,7,0,[0]
11,12,0,[0]
11,13,0,[0]
"('n_atak', ['1', '18', '8', '16', '6', '17', '0', '14', '10', '3', '9', '4', '11', '2', '5', '19', '15', '7', '12', '13'])"
12,3,0,[0]
12,1,0,[0]
12,10,0,[0]
12,4,0,[0]
12,18,0,[0]
12,14,0,[0]
12,15,0,[0]
12,7,0,[0]
12,16,0,[0]
12,17,0,[0]
12,6,0,[0]
12,19,0,[0]
12,12,0,[0]
12,9,0,[0]
12,13,0,[0]
12,0,0,[0]
12,5,0,[0]
12,11,0,[0]
12,2,0,[0]
12,8,0,[0]
"('n_atak', ['3', '1', '10', '4', '18', '14', '15', '7', '16', '17', '6', '19', '12', '9', '13', '0', '5', '11', '2', '8'])"
13,1,0,[0]
13,19,0,[0]
13,8,0,[0]
13,16,0,[0]
13,12,0,[0]
13,13,0,[0]
13,11,0,[0]
13,5,0,[0]
13,3,0,[0]
13,7,0,[0]
13,18,0,[0]
13,9,0,[0]
13,14,0,[0]
13,0,0,[0]
13,2,0,[0]
13,4,0,[0]
13,15,0,[0]
13,17,0,[0]
13,6,0,[0]
13,10,0,[0]
"('n_atak', ['1', '19', '8', '16', '12', '13', '11', '5', '3', '7', '18', '9', '14', '0', '2', '4', '15', '17', '6', '10'])"
14,14,0,[0]
14,10,0,[0]
14,16,0,[0]
14,6,0,[0]
14,8,0,[0]
14,5,0,[0]
14,7,0,[0]
14,15,0,[0]
14,11,0,[0]
14,0,0,[0]
14,3,0,[0]
14,2,0,[0]
14,1,0,[0]
14,18,0,[0]
14,9,0,[0]
14,19,0,[0]
14,4,0,[0]
14,17,0,[0]
14,13,0,[0]
14,12,0,[0]
"('n_atak', ['14', '10', '16', '6', '8', '5', '7', '15', '11', '0', '3', '2', '1', '18', '9', '19', '4', '17', '13', '12'])"
15,15,0,[0]
15,0,0,[0]
15,10,0,[0]
15,6,0,[0]
15,3,0,[0]
15,2,0,[0]
15,18,0,[0]
15,16,0,[0]
15,17,0,[0]
15,13,0,[0]
15,4,0,[0]
15,1,0,[0]
15,14,0,[0]
15,19,0,[0]
15,11,0,[0]
15,5,0,[0]
15,8,0,[0]
15,7,0,[0]
15,12,0,[0]
15,9,0,[0]
"('n_atak', ['15', '0', '10', '6', '3', '2', '18', '16', '17', '13', '4', '1', '14', '19', '11', '5', '8', '7', '12', '9'])"
16,1,0,[0]
16,17,0,[0]
16,9,0,[0]
16,15,0,[0]
16,0,0,[0]
16,8,0,[0]
16,6,0,[0]
16,14,0,[0]
16,19,0,[0]
16,11,0,[0]
16,10,0,[0]
16,3,0,[0]
16,4,0,[0]
16,5,0,[0]
16,2,0,[0]
16,7,0,[0]
16,13,0,[0]
16,12,0,[0]
16,16,0,[0]
16,18,0,[0]
"('n_atak', ['1', '17', '9', '15', '0', '8', '6', '14', '19', '11', '10', '3', '4', '5', '2', '7', '13', '12', '16', '18'])"
17,7,0,[0]
17,11,0,[0]
17,4,0,[0]
17,6,0,[0]
17,16,0,[0]
17,3,0,[0]
17,17,0,[0]
17,12,0,[0]
17,10,0,[0]
17,18,0,[0]
17,1,0,[0]
17,15,0,[0]
17,0,0,[0]
17,9,0,[0]
17,13,0,[0]
17,5,0,[0]
17,2,0,[0]
17,14,0,[0]
17,19,0,[0]
17,8,0,[0]
"('n_atak', ['7', '11', '4', '6', '16', '3', '17', '12', '10', '18', '1', '15', '0', '9', '13', '5', '2', '14', '19', '8'])"
18,6,0,[0]
18,7,0,[0]
18,12,0,[0]
18,2,0,[0]
18,15,0,[0]
18,19,0,[0]
18,0,0,[0]
18,17,0,[0]
18,3,0,[0]
18,14,0,[0]
18,5,0,[0]
18,16,0,[0]
18,4,0,[0]
18,10,0,[0]
18,1,0,[0]
18,9,0,[0]
18,18,0,[0]
18,8,0,[0]
18,13,0,[0]
18,11,0,[0]
"('n_atak', ['6', '7', '12', '2', '15', '19', '0', '17', '3', '14', '5', '16', '4', '10', '1', '9', '18', '8', '13', '11'])"
19,13,0,[0]
19,14,0,[0]
19,6,0,[0]
19,2,0,[0]
19,3,0,[0]
19,17,0,[0]
19,0,0,[0]
19,15,0,[0]
19,8,0,[0]
19,1,0,[0]
19,19,0,[0]
19,7,0,[0]
19,4,0,[0]
19,9,0,[0]
19,16,0,[0]
19,10,0,[0]
19,18,0,[0]
19,5,0,[0]
19,11,0,[0]
19,12,0,[0]
"('n_atak', ['13', '14', '6', '2', '3', '17', '0', '15', '8', '1', '19', '7', '4', '9', '16', '10', '18', '5', '11', '12'])"
2,17,0,[0]
2,22,0,[0]
2,7,0,[0]
2,12,0,[0]
2,0,0,[0]
2,10,0,[0]
2,8,0,[0]
2,4,0,[0]
2,2,0,[0]
2,23,0,[0]
2,13,0,[0]
2,19,0,[0]
2,9,0,[0]
2,5,0,[0]
2,21,0,[0]
2,24,0,[0]
2,18,0,[0]
2,1,0,[0]
2,3,0,[0]
2,11,0,[0]
2,20,0,[0]
2,6,0,[0]
2,16,0,[0]
2,15,0,[0]
2,14,0,[0]
"('n_atak', ['17', '22', '7', '12', '0', '10', '8', '4', '2', '23', '13', '19', '9', '5', '21', '24', '18', '1', '3', '11', '20', '6', '16', '15', '14'])"
3,10,0,[0]
3,9,0,[0]
3,5,0,[0]
3,7,0,[0]
3,24,0,[0]
3,4,0,[0]
3,0,0,[0]
3,1,0,[0]
3,2,0,[0]
3,11,0,[0]
3,3,0,[0]
3,15,0,[0]
3,23,0,[0]
3,20,0,[0]
3,16,0,[0]
3,8,0,[0]
3,18,0,[0]
3,19,0,[0]
3,22,0,[0]
3,21,0,[0]
3,13,0,[0]
3,17,0,[0]
3,14,0,[0]
3,6,0,[0]
3,12,0,[0]
"('n_atak', ['10', '9', '5', '7', '24', '4', '0', '1', '2', '11', '3', '15', '23', '20', '16', '8', '18', '19', '22', '21', '13', '17', '14', '6', '12'])"
4,23,0,[0]
4,12,0,[0]
4,11,0,[0]
4,8,0,[0]
4,1,0,[0]
4,13,0,[0]
4,10,0,[0]
4,0,0,[0]
4,5,0,[0]
4,24,0,[0]
4,21,0,[0]
4,3,0,[0]
4,14,0,[0]
4,4,0,[0]
4,19,0,[0]
4,9,0,[0]
4,15,0,[0]
4,17,0,[0]
4,18,0,[0]
4,20,0,[0]
4,22,0,[0]
4,2,0,[0]
4,16,0,[0]
4,7,0,[0]
4,6,0,[0]
"('n_atak', ['23', '12', '11', '8', '1', '13', '10', '0', '5', '24', '21', '3', '14', '4', '19', '9', '15', '17', '18', '20', '22', '2', '16', '7', '6'])"
5,22,0,[0]
5,8,0,[0]
5,23,0,[0]
5,1,0,[0]
5,0,0,[0]
5,7,0,[0]
5,16,0,[0]
5,12,0,[0]
5,5,0,[0]
5,2,0,[0]
5,15,0,[0]
5,18,0,[0]
5,10,0,[0]
5,6,0,[0]
5,20,0,[0]
5,19,0,[0]
5,14,0,[0]
5,24,0,[0]
5,9,0,[0]
5,11,0,[0]
5,13,0,[0]
5,3,0,[0]
5,17,0,[0]
5,21,0,[0]
5,4,0,[0]
"('n_atak', ['22', '8', '23', '1', '0', '7', '16', '12', '5', '2', '15', '18', '10', '6', '20', '19', '14', '24', '9', '11', '13', '3', '17', '21', '4'])"
6,4,0,[0]
6,7,0,[0]
6,3,0,[0]
6,9,0,[0]
6,0,0,[0]
6,16,0,[0]
6,17,0,[0]
6,8,0,[0]
6,14,0,[0]
6,24,1,[1]
6,15,0,[0]
6,2,0,[0]
6,5,0,[0]
6,10,0,[0]
6,6,0,[0]
6,20,1,[1]
6,1,0,[0]
6,18,0,[0]
6,12,0,[0]
6,11,0,[0]
6,19,0,[0]
6,13,0,[0]
6,22,1,[1]
6,21,1,[1]
6,23,1,[1]
"('n_atak', ['4', '7', '3', '9', '0', '16', '17', '8', '14', '15', '2', '5', '10', '6', '1', '18', '12', '11', '19', '13'])","('atak', ['24', '20', '22', '21', '23'])"
7,4,0,[0]
7,15,0,[0]
7,13,0,[0]
7,12,0,[0]
7,16,0,[0]
7,3,0,[0]
7,2,0,[0]
7,17,0,[0]
7,11,0,[0]
7,6,0,[0]
7,5,0,[0]
7,9,0,[0]
7,0,0,[0]
7,14,0,[0]
7,10,0,[0]
7,7,0,[0]
7,1,0,[0]
7,8,0,[0]
7,19,0,[0]
7,18,0,[0]
"('n_atak', ['4', '15', '13', '12', '16', '3', '2', '17', '11', '6', '5', '9', '0', '14', '10', '7', '1', '8', '19', '18'])"
8,0,0,[0]
8,14,0,[0]
8,11,0,[0]
8,7,0,[0]
8,12,0,[0]
8,19,0,[0]
8,18,0,[0]
8,3,0,[0]
8,15,0,[0]
8,2,0,[0]
8,4,0,[0]
8,9,0,[0]
8,10,0,[0]
8,16,0,[0]
8,8,0,[0]
8,6,0,[0]
8,13,0,[0]
8,17,0,[0]
8,1,0,[0]
8,5,0,[0]
"('n_atak', ['0', '14', '11', '7', '12', '19', '18', '3', '15', '2', '4', '9', '10', '16', '8', '6', '13', '17', '1', '5'])"
9,17,0,[0]
9,16,0,[0]
9,8,0,[0]
9,19,0,[0]
9,11,0,[0]
9,12,0,[0]
9,3,0,[0]
9,13,0,[0]
9,9,0,[0]
9,10,0,[0]
9,6,0,[0]
9,1,0,[0]
9,7,0,[0]
9,2,0,[0]
9,0,0,[0]
9,15,0,[0]
9,4,0,[0]
9,18,0,[0]
9,5,0,[0]
9,14,0,[0]
"('n_atak', ['17', '16', '8', '19', '11', '12', '3', '13', '9', '10', '6', '1', '7', '2', '0', '15', '4', '18', '5', '14'])"
10,8,0,[0]
10,19,0,[0]
10,0,0,[0]
10,10,0,[0]
10,12,0,[0]
10,16,0,[0]
10,6,0,[0]
10,11,0,[0]
10,15,0,[0]
10,9,0,[0]
10,18,0,[0]
10,7,0,[0]
10,3,0,[0]
10,1,0,[0]
10,2,0,[0]
10,4,0,[0]
10,5,0,[0]
10,17,0,[0]
10,13,0,[0]
10,14,0,[0]
"('n_atak', ['8', '19', '0', '10', '12', '16', '6', '11', '15', '9', '18', '7', '3', '1', '2', '4', '5', '17', '13', '14'])"
11,1,0,[0]
11,18,0,[0]
11,8,0,[0]
11,16,0,[0]
11,6,0,[0]
11,17,0,[0]
11,0,0,[0]
11,14,0,[0]
11,10,0,[0]
11,3,0,[0]
11,9,0,[0]
11,4,0,[0]
11,11,0,[0]
11,2,0,[0]
11,5,0,[0]
11,19,0,[0]
11,15,0,[0]
11,7,0,[0]
11,12,0,[0]
11,13,0,[0]
"('n_atak', ['1', '18', '8', '16', '6', '17', '0', '14', '10', '3', '9', '4', '11', '2', '5', '19', '15', '7', '12', '13'])"
12,3,0,[0]
12,1,0,[0]
12,10,0,[0]
12,4,0,[0]
12,18,0,[0]
12,14,0,[0]
12,15,0,[0]
12,7,0,[0]
12,16,0,[0]
12,17,0,[0]
12,6,0,[0]
12,19,0,[0]
12,12,0,[0]
12,9,0,[0]
12,13,0,[0]
12,0,0,[0]
12,5,0,[0]
12,11,0,[0]
12,2,0,[0]
12,8,0,[0]
"('n_atak', ['3', '1', '10', '4', '18', '14', '15', '7', '16', '17', '6', '19', '12', '9', '13', '0', '5', '11', '2', '8'])"
13,1,0,[0]
13,19,0,[0]
13,8,0,[0]
13,16,0,[0]
13,12,0,[0]
13,13,0,[0]
13,11,0,[0]
13,5,0,[0]
13,3,0,[0]
13,7,0,[0]
13,18,0,[0]
13,9,0,[0]
13,14,0,[0]
13,0,0,[0]
13,2,0,[0]
13,4,0,[0]
13,15,0,[0]
13,17,0,[0]
13,6,0,[0]
13,10,0,[0]
"('n_atak', ['1', '19', '8', '16', '12', '13', '11', '5', '3', '7', '18', '9', '14', '0', '2', '4', '15', '17', '6', '10'])"
14,14,0,[0]
14,10,0,[0]
14,16,0,[0]
14,6,0,[0]
14,8,0,[0]
14,5,0,[0]
14,7,0,[0]
14,15,0,[0]
14,11,0,[0]
14,0,0,[0]
14,3,0,[0]
14,2,0,[0]
14,1,0,[0]
14,18,0,[0]
14,9,0,[0]
14,19,0,[0]
14,4,0,[0]
14,17,0,[0]
14,13,0,[0]
14,12,0,[0]
"('n_atak', ['14', '10', '16', '6', '8', '5', '7', '15', '11', '0', '3', '2', '1', '18', '9', '19', '4', '17', '13', '12'])"
15,15,0,[0]
15,0,0,[0]
15,10,0,[0]
15,6,0,[0]
15,3,0,[0]
15,2,0,[0]
15,18,0,[0]
15,16,0,[0]
15,17,0,[0]
15,13,0,[0]
15,4,0,[0]
15,1,0,[0]
15,14,0,[0]
15,19,0,[0]
15,11,0,[0]
15,5,0,[0]
15,8,0,[0]
15,7,0,[0]
15,12,0,[0]
15,9,0,[0]
"('n_atak', ['15', '0', '10', '6', '3', '2', '18', '16', '17', '13', '4', '1', '14', '19', '11', '5', '8', '7', '12', '9'])"
16,1,0,[0]
16,17,0,[0]
16,9,0,[0]
16,15,0,[0]
16,0,0,[0]
16,8,0,[0]
16,6,0,[0]
16,14,0,[0]
16,19,0,[0]
16,11,0,[0]
16,10,0,[0]
16,3,0,[0]
16,4,0,[0]
16,5,0,[0]
16,2,0,[0]
16,7,0,[0]
16,13,0,[0]
16,12,0,[0]
16,16,0,[0]
16,18,0,[0]
"('n_atak', ['1', '17', '9', '15', '0', '8', '6', '14', '19', '11', '10', '3', '4', '5', '2', '7', '13', '12', '16', '18'])"
17,7,0,[0]
17,11,0,[0]
17,4,0,[0]
17,6,0,[0]
17,16,0,[0]
17,3,0,[0]
17,17,0,[0]
17,12,0,[0]
17,10,0,[0]
17,18,0,[0]
17,1,0,[0]
17,15,0,[0]
17,0,0,[0]
17,9,0,[0]
17,13,0,[0]
17,5,0,[0]
17,2,0,[0]
17,14,0,[0]
17,19,0,[0]
17,8,0,[0]
"('n_atak', ['7', '11', '4', '6', '16', '3', '17', '12', '10', '18', '1', '15', '0', '9', '13', '5', '2', '14', '19', '8'])"
18,6,0,[0]
18,7,0,[0]
18,12,0,[0]
18,2,0,[0]
18,15,0,[0]
18,19,0,[0]
18,0,0,[0]
18,17,0,[0]
18,3,0,[0]
18,14,0,[0]
18,5,0,[0]
18,16,0,[0]
18,4,0,[0]
18,10,0,[0]
18,1,0,[0]
18,9,0,[0]
18,18,0,[0]
18,8,0,[0]
18,13,0,[0]
18,11,0,[0]
"('n_atak', ['6', '7', '12', '2', '15', '19', '0', '17', '3', '14', '5', '16', '4', '10', '1', '9', '18', '8', '13', '11'])"
19,13,0,[0]
19,14,0,[0]
19,6,0,[0]
19,2,0,[0]
19,3,0,[0]
19,17,0,[0]
19,0,0,[0]
19,15,0,[0]
19,8,0,[0]
19,1,0,[0]
19,19,0,[0]
19,7,0,[0]
19,4,0,[0]
19,9,0,[0]
19,16,0,[0]
19,10,0,[0]
19,18,0,[0]
19,5,0,[0]
19,11,0,[0]
19,12,0,[0]
"('n_atak', ['13', '14', '6', '2', '3', '17', '0', '15', '8', '1', '19', '7', '4', '9', '16', '10', '18', '5', '11', '12'])"
20,11,0,[0]
20,1,0,[0]
20,16,0,[0]
20,15,0,[0]
20,13,0,[0]
20,5,0,[0]
20,6,0,[0]
20,0,0,[0]
20,19,0,[0]
20,12,0,[0]
20,18,0,[0]
20,14,0,[0]
20,10,0,[0]
20,7,0,[0]
20,8,0,[0]
20,3,0,[0]
20,17,0,[0]
20,2,0,[0]
20,4,0,[0]
20,9,0,[0]
"('n_atak', ['11', '1', '16', '15', '13', '5', '6', '0', '19', '12', '18', '14', '10', '7', '8', '3', '17', '2', '4', '9'])"
