2,24,0,[0]
2,1,0,[0]
2,17,0,[0]
2,3,0,[0]
2,21,0,[0]
2,7,0,[0]
2,11,0,[0]
2,5,0,[0]
2,22,0,[0]
2,2,0,[0]
2,14,0,[0]
2,6,0,[0]
2,16,0,[0]
2,15,0,[0]
2,0,0,[0]
2,8,0,[0]
2,4,0,[0]
2,20,0,[0]
2,10,0,[0]
2,23,0,[0]
2,18,0,[0]
2,13,0,[0]
2,12,0,[0]
2,19,0,[0]
2,9,0,[0]
"('n_atak', ['24', '1', '17', '3', '21', '7', '11', '5', '22', '2', '14', '6', '16', '15', '0', '8', '4', '20', '10', '23', '18', '13', '12', '19', '9'])"
2,24,0,[0]
2,1,0,[0]
2,17,0,[0]
2,3,0,[0]
2,21,0,[0]
2,7,0,[0]
2,11,0,[0]
2,5,0,[0]
2,22,0,[0]
2,2,0,[0]
2,14,0,[0]
2,6,0,[0]
2,16,0,[0]
2,15,0,[0]
2,0,0,[0]
2,8,0,[0]
2,4,0,[0]
2,20,0,[0]
2,10,0,[0]
2,23,0,[0]
2,18,0,[0]
2,13,0,[0]
2,12,0,[0]
2,19,0,[0]
2,9,0,[0]
"('n_atak', ['24', '1', '17', '3', '21', '7', '11', '5', '22', '2', '14', '6', '16', '15', '0', '8', '4', '20', '10', '23', '18', '13', '12', '19', '9'])"
3,21,0,[0]
3,24,0,[0]
3,18,0,[0]
3,12,0,[0]
3,15,0,[0]
3,23,0,[0]
3,13,0,[0]
3,19,0,[0]
3,10,0,[0]
3,2,0,[0]
3,3,0,[0]
3,16,0,[0]
3,14,0,[0]
3,0,0,[0]
3,1,0,[0]
3,5,0,[0]
3,4,0,[0]
3,20,0,[0]
3,6,0,[0]
3,8,0,[0]
3,11,0,[0]
3,9,0,[0]
3,7,0,[0]
3,17,0,[0]
3,22,0,[0]
"('n_atak', ['21', '24', '18', '12', '15', '23', '13', '19', '10', '2', '3', '16', '14', '0', '1', '5', '4', '20', '6', '8', '11', '9', '7', '17', '22'])"
2,24,0,[0]
2,1,0,[0]
2,17,0,[0]
2,3,0,[0]
2,21,0,[0]
2,7,0,[0]
2,11,0,[0]
2,5,0,[0]
2,22,0,[0]
2,2,0,[0]
2,14,0,[0]
2,6,0,[0]
2,16,0,[0]
2,15,0,[0]
2,0,0,[0]
2,8,0,[0]
2,4,0,[0]
2,20,0,[0]
2,10,0,[0]
2,23,0,[0]
2,18,0,[0]
2,13,0,[0]
2,12,0,[0]
2,19,0,[0]
2,9,0,[0]
"('n_atak', ['24', '1', '17', '3', '21', '7', '11', '5', '22', '2', '14', '6', '16', '15', '0', '8', '4', '20', '10', '23', '18', '13', '12', '19', '9'])"
3,21,0,[0]
3,24,0,[0]
3,18,0,[0]
3,12,0,[0]
3,15,0,[0]
3,23,0,[0]
3,13,0,[0]
3,19,0,[0]
3,10,0,[0]
3,2,0,[0]
3,3,0,[0]
3,16,0,[0]
3,14,0,[0]
3,0,0,[0]
3,1,0,[0]
3,5,0,[0]
3,4,0,[0]
3,20,0,[0]
3,6,0,[0]
3,8,0,[0]
3,11,0,[0]
3,9,0,[0]
3,7,0,[0]
3,17,0,[0]
3,22,0,[0]
"('n_atak', ['21', '24', '18', '12', '15', '23', '13', '19', '10', '2', '3', '16', '14', '0', '1', '5', '4', '20', '6', '8', '11', '9', '7', '17', '22'])"
4,15,0,[0]
4,2,0,[0]
4,1,0,[0]
4,10,0,[0]
4,3,0,[0]
4,21,0,[0]
4,19,0,[0]
4,20,0,[0]
4,24,0,[0]
4,5,0,[0]
4,4,0,[0]
4,16,0,[0]
4,12,0,[0]
4,8,0,[0]
4,9,0,[0]
4,22,0,[0]
4,23,0,[0]
4,13,0,[0]
4,0,0,[0]
4,7,0,[0]
4,6,0,[0]
4,17,0,[0]
4,11,0,[0]
4,18,0,[0]
4,14,0,[0]
"('n_atak', ['15', '2', '1', '10', '3', '21', '19', '20', '24', '5', '4', '16', '12', '8', '9', '22', '23', '13', '0', '7', '6', '17', '11', '18', '14'])"
2,24,0,[0]
2,1,0,[0]
2,17,0,[0]
2,3,0,[0]
2,21,0,[0]
2,7,0,[0]
2,11,0,[0]
2,5,0,[0]
2,22,0,[0]
2,2,0,[0]
2,14,0,[0]
2,6,0,[0]
2,16,0,[0]
2,15,0,[0]
2,0,0,[0]
2,8,0,[0]
2,4,0,[0]
2,20,0,[0]
2,10,0,[0]
2,23,0,[0]
2,18,0,[0]
2,13,0,[0]
2,12,0,[0]
2,19,0,[0]
2,9,0,[0]
"('n_atak', ['24', '1', '17', '3', '21', '7', '11', '5', '22', '2', '14', '6', '16', '15', '0', '8', '4', '20', '10', '23', '18', '13', '12', '19', '9'])"
3,21,0,[0]
3,24,0,[0]
3,18,0,[0]
3,12,0,[0]
3,15,0,[0]
3,23,0,[0]
3,13,0,[0]
3,19,0,[0]
3,10,0,[0]
3,2,0,[0]
3,3,0,[0]
3,16,0,[0]
3,14,0,[0]
3,0,0,[0]
3,1,0,[0]
3,5,0,[0]
3,4,0,[0]
3,20,0,[0]
3,6,0,[0]
3,8,0,[0]
3,11,0,[0]
3,9,0,[0]
3,7,0,[0]
3,17,0,[0]
3,22,0,[0]
"('n_atak', ['21', '24', '18', '12', '15', '23', '13', '19', '10', '2', '3', '16', '14', '0', '1', '5', '4', '20', '6', '8', '11', '9', '7', '17', '22'])"
4,15,0,[0]
4,2,0,[0]
4,1,0,[0]
4,10,0,[0]
4,3,0,[0]
4,21,0,[0]
4,19,0,[0]
4,20,0,[0]
4,24,0,[0]
4,5,0,[0]
4,4,0,[0]
4,16,0,[0]
4,12,0,[0]
4,8,0,[0]
4,9,0,[0]
4,22,0,[0]
4,23,0,[0]
4,13,0,[0]
4,0,0,[0]
4,7,0,[0]
4,6,0,[0]
4,17,0,[0]
4,11,0,[0]
4,18,0,[0]
4,14,0,[0]
"('n_atak', ['15', '2', '1', '10', '3', '21', '19', '20', '24', '5', '4', '16', '12', '8', '9', '22', '23', '13', '0', '7', '6', '17', '11', '18', '14'])"
5,16,0,[0]
5,15,0,[0]
5,2,0,[0]
5,22,0,[0]
5,3,0,[0]
5,9,0,[0]
5,4,0,[0]
5,11,0,[0]
5,6,0,[0]
5,12,0,[0]
5,7,0,[0]
5,8,0,[0]
5,20,0,[0]
5,14,0,[0]
5,1,0,[0]
5,17,0,[0]
5,5,0,[0]
5,23,0,[0]
5,24,0,[0]
5,21,0,[0]
5,18,0,[0]
5,19,0,[0]
5,10,0,[0]
5,13,0,[0]
5,0,0,[0]
"('n_atak', ['16', '15', '2', '22', '3', '9', '4', '11', '6', '12', '7', '8', '20', '14', '1', '17', '5', '23', '24', '21', '18', '19', '10', '13', '0'])"
2,24,0,[0]
2,1,0,[0]
2,17,0,[0]
2,3,0,[0]
2,21,0,[0]
2,7,0,[0]
2,11,0,[0]
2,5,0,[0]
2,22,0,[0]
2,2,0,[0]
2,14,0,[0]
2,6,0,[0]
2,16,0,[0]
2,15,0,[0]
2,0,0,[0]
2,8,0,[0]
2,4,0,[0]
2,20,0,[0]
2,10,0,[0]
2,23,0,[0]
2,18,0,[0]
2,13,0,[0]
2,12,0,[0]
2,19,0,[0]
2,9,0,[0]
"('n_atak', ['24', '1', '17', '3', '21', '7', '11', '5', '22', '2', '14', '6', '16', '15', '0', '8', '4', '20', '10', '23', '18', '13', '12', '19', '9'])"
3,21,0,[0]
3,24,0,[0]
3,18,0,[0]
3,12,0,[0]
3,15,0,[0]
3,23,0,[0]
3,13,0,[0]
3,19,0,[0]
3,10,0,[0]
3,2,0,[0]
3,3,0,[0]
3,16,0,[0]
3,14,0,[0]
3,0,0,[0]
3,1,0,[0]
3,5,0,[0]
3,4,0,[0]
3,20,0,[0]
3,6,0,[0]
3,8,0,[0]
3,11,0,[0]
3,9,0,[0]
3,7,0,[0]
3,17,0,[0]
3,22,0,[0]
"('n_atak', ['21', '24', '18', '12', '15', '23', '13', '19', '10', '2', '3', '16', '14', '0', '1', '5', '4', '20', '6', '8', '11', '9', '7', '17', '22'])"
4,15,0,[0]
4,2,0,[0]
4,1,0,[0]
4,10,0,[0]
4,3,0,[0]
4,21,0,[0]
4,19,0,[0]
4,20,0,[0]
4,24,0,[0]
4,5,0,[0]
4,4,0,[0]
4,16,0,[0]
4,12,0,[0]
4,8,0,[0]
4,9,0,[0]
4,22,0,[0]
4,23,0,[0]
4,13,0,[0]
4,0,0,[0]
4,7,0,[0]
4,6,0,[0]
4,17,0,[0]
4,11,0,[0]
4,18,0,[0]
4,14,0,[0]
"('n_atak', ['15', '2', '1', '10', '3', '21', '19', '20', '24', '5', '4', '16', '12', '8', '9', '22', '23', '13', '0', '7', '6', '17', '11', '18', '14'])"
5,16,0,[0]
5,15,0,[0]
5,2,0,[0]
5,22,0,[0]
5,3,0,[0]
5,9,0,[0]
5,4,0,[0]
5,11,0,[0]
5,6,0,[0]
5,12,0,[0]
5,7,0,[0]
5,8,0,[0]
5,20,0,[0]
5,14,0,[0]
5,1,0,[0]
5,17,0,[0]
5,5,0,[0]
5,23,0,[0]
5,24,0,[0]
5,21,0,[0]
5,18,0,[0]
5,19,0,[0]
5,10,0,[0]
5,13,0,[0]
5,0,0,[0]
"('n_atak', ['16', '15', '2', '22', '3', '9', '4', '11', '6', '12', '7', '8', '20', '14', '1', '17', '5', '23', '24', '21', '18', '19', '10', '13', '0'])"
6,5,0,[0]
6,19,0,[0]
6,2,0,[0]
6,12,0,[0]
6,13,0,[0]
6,22,0,[0]
6,20,0,[0]
6,21,0,[0]
6,6,0,[0]
6,1,0,[0]
6,11,0,[0]
6,4,0,[0]
6,15,0,[0]
6,10,0,[0]
6,9,0,[0]
6,16,0,[0]
6,23,0,[0]
6,24,0,[0]
6,3,0,[0]
6,0,0,[0]
6,8,0,[0]
6,17,0,[0]
6,14,0,[0]
6,7,0,[0]
6,18,0,[0]
"('n_atak', ['5', '19', '2', '12', '13', '22', '20', '21', '6', '1', '11', '4', '15', '10', '9', '16', '23', '24', '3', '0', '8', '17', '14', '7', '18'])"
2,24,0,[0]
2,1,0,[0]
2,17,0,[0]
2,3,0,[0]
2,21,0,[0]
2,7,0,[0]
2,11,0,[0]
2,5,0,[0]
2,22,0,[0]
2,2,0,[0]
2,14,0,[0]
2,6,0,[0]
2,16,0,[0]
2,15,0,[0]
2,0,0,[0]
2,8,0,[0]
2,4,0,[0]
2,20,0,[0]
2,10,0,[0]
2,23,0,[0]
2,18,0,[0]
2,13,0,[0]
2,12,0,[0]
2,19,0,[0]
2,9,0,[0]
"('n_atak', ['24', '1', '17', '3', '21', '7', '11', '5', '22', '2', '14', '6', '16', '15', '0', '8', '4', '20', '10', '23', '18', '13', '12', '19', '9'])"
3,21,0,[0]
3,24,0,[0]
3,18,0,[0]
3,12,0,[0]
3,15,0,[0]
3,23,0,[0]
3,13,0,[0]
3,19,0,[0]
3,10,0,[0]
3,2,0,[0]
3,3,0,[0]
3,16,0,[0]
3,14,0,[0]
3,0,0,[0]
3,1,0,[0]
3,5,0,[0]
3,4,0,[0]
3,20,0,[0]
3,6,0,[0]
3,8,0,[0]
3,11,0,[0]
3,9,0,[0]
3,7,0,[0]
3,17,0,[0]
3,22,0,[0]
"('n_atak', ['21', '24', '18', '12', '15', '23', '13', '19', '10', '2', '3', '16', '14', '0', '1', '5', '4', '20', '6', '8', '11', '9', '7', '17', '22'])"
4,15,0,[0]
4,2,0,[0]
4,1,0,[0]
4,10,0,[0]
4,3,0,[0]
4,21,0,[0]
4,19,0,[0]
4,20,0,[0]
4,24,0,[0]
4,5,0,[0]
4,4,0,[0]
4,16,0,[0]
4,12,0,[0]
4,8,0,[0]
4,9,0,[0]
4,22,0,[0]
4,23,0,[0]
4,13,0,[0]
4,0,0,[0]
4,7,0,[0]
4,6,0,[0]
4,17,0,[0]
4,11,0,[0]
4,18,0,[0]
4,14,0,[0]
"('n_atak', ['15', '2', '1', '10', '3', '21', '19', '20', '24', '5', '4', '16', '12', '8', '9', '22', '23', '13', '0', '7', '6', '17', '11', '18', '14'])"
5,16,0,[0]
5,15,0,[0]
5,2,0,[0]
5,22,0,[0]
5,3,0,[0]
5,9,0,[0]
5,4,0,[0]
5,11,0,[0]
5,6,0,[0]
5,12,0,[0]
5,7,0,[0]
5,8,0,[0]
5,20,0,[0]
5,14,0,[0]
5,1,0,[0]
5,17,0,[0]
5,5,0,[0]
5,23,0,[0]
5,24,0,[0]
5,21,0,[0]
5,18,0,[0]
5,19,0,[0]
5,10,0,[0]
5,13,0,[0]
5,0,0,[0]
"('n_atak', ['16', '15', '2', '22', '3', '9', '4', '11', '6', '12', '7', '8', '20', '14', '1', '17', '5', '23', '24', '21', '18', '19', '10', '13', '0'])"
6,5,0,[0]
6,19,0,[0]
6,2,0,[0]
6,12,0,[0]
6,13,0,[0]
6,22,0,[0]
6,20,0,[0]
6,21,0,[0]
6,6,0,[0]
6,1,0,[0]
6,11,0,[0]
6,4,0,[0]
6,15,0,[0]
6,10,0,[0]
6,9,0,[0]
6,16,0,[0]
6,23,0,[0]
6,24,0,[0]
6,3,0,[0]
6,0,0,[0]
6,8,0,[0]
6,17,0,[0]
6,14,0,[0]
6,7,0,[0]
6,18,0,[0]
"('n_atak', ['5', '19', '2', '12', '13', '22', '20', '21', '6', '1', '11', '4', '15', '10', '9', '16', '23', '24', '3', '0', '8', '17', '14', '7', '18'])"
7,24,0,[0]
7,10,0,[0]
7,11,0,[0]
7,18,0,[0]
7,8,0,[0]
7,14,0,[0]
7,5,0,[0]
7,23,0,[0]
7,2,0,[0]
7,20,0,[0]
7,16,0,[0]
7,21,0,[0]
7,19,0,[0]
7,7,0,[0]
7,15,0,[0]
7,6,0,[0]
7,9,0,[0]
7,3,0,[0]
7,13,0,[0]
7,4,0,[0]
7,1,0,[0]
7,17,0,[0]
7,0,0,[0]
7,12,0,[0]
7,22,0,[0]
"('n_atak', ['24', '10', '11', '18', '8', '14', '5', '23', '2', '20', '16', '21', '19', '7', '15', '6', '9', '3', '13', '4', '1', '17', '0', '12', '22'])"
2,24,0,[0]
2,1,0,[0]
2,17,0,[0]
2,3,0,[0]
2,21,0,[0]
2,7,0,[0]
2,11,0,[0]
2,5,0,[0]
2,22,0,[0]
2,2,0,[0]
2,14,0,[0]
2,6,0,[0]
2,16,0,[0]
2,15,0,[0]
2,0,0,[0]
2,8,0,[0]
2,4,0,[0]
2,20,0,[0]
2,10,0,[0]
2,23,0,[0]
2,18,0,[0]
2,13,0,[0]
2,12,0,[0]
2,19,0,[0]
2,9,0,[0]
"('n_atak', ['24', '1', '17', '3', '21', '7', '11', '5', '22', '2', '14', '6', '16', '15', '0', '8', '4', '20', '10', '23', '18', '13', '12', '19', '9'])"
3,21,0,[0]
3,24,0,[0]
3,18,0,[0]
3,12,0,[0]
3,15,0,[0]
3,23,0,[0]
3,13,0,[0]
3,19,0,[0]
3,10,0,[0]
3,2,0,[0]
3,3,0,[0]
3,16,0,[0]
3,14,0,[0]
3,0,0,[0]
3,1,0,[0]
3,5,0,[0]
3,4,0,[0]
3,20,0,[0]
3,6,0,[0]
3,8,0,[0]
3,11,0,[0]
3,9,0,[0]
3,7,0,[0]
3,17,0,[0]
3,22,0,[0]
"('n_atak', ['21', '24', '18', '12', '15', '23', '13', '19', '10', '2', '3', '16', '14', '0', '1', '5', '4', '20', '6', '8', '11', '9', '7', '17', '22'])"
4,15,0,[0]
4,2,0,[0]
4,1,0,[0]
4,10,0,[0]
4,3,0,[0]
4,21,0,[0]
4,19,0,[0]
4,20,0,[0]
4,24,0,[0]
4,5,0,[0]
4,4,0,[0]
4,16,0,[0]
4,12,0,[0]
4,8,0,[0]
4,9,0,[0]
4,22,0,[0]
4,23,0,[0]
4,13,0,[0]
4,0,0,[0]
4,7,0,[0]
4,6,0,[0]
4,17,0,[0]
4,11,0,[0]
4,18,0,[0]
4,14,0,[0]
"('n_atak', ['15', '2', '1', '10', '3', '21', '19', '20', '24', '5', '4', '16', '12', '8', '9', '22', '23', '13', '0', '7', '6', '17', '11', '18', '14'])"
5,16,0,[0]
5,15,0,[0]
5,2,0,[0]
5,22,0,[0]
5,3,0,[0]
5,9,0,[0]
5,4,0,[0]
5,11,0,[0]
5,6,0,[0]
5,12,0,[0]
5,7,0,[0]
5,8,0,[0]
5,20,0,[0]
5,14,0,[0]
5,1,0,[0]
5,17,0,[0]
5,5,0,[0]
5,23,0,[0]
5,24,0,[0]
5,21,0,[0]
5,18,0,[0]
5,19,0,[0]
5,10,0,[0]
5,13,0,[0]
5,0,0,[0]
"('n_atak', ['16', '15', '2', '22', '3', '9', '4', '11', '6', '12', '7', '8', '20', '14', '1', '17', '5', '23', '24', '21', '18', '19', '10', '13', '0'])"
6,5,0,[0]
6,19,0,[0]
6,2,0,[0]
6,12,0,[0]
6,13,0,[0]
6,22,0,[0]
6,20,0,[0]
6,21,0,[0]
6,6,0,[0]
6,1,0,[0]
6,11,0,[0]
6,4,0,[0]
6,15,0,[0]
6,10,0,[0]
6,9,0,[0]
6,16,0,[0]
6,23,0,[0]
6,24,0,[0]
6,3,0,[0]
6,0,0,[0]
6,8,0,[0]
6,17,0,[0]
6,14,0,[0]
6,7,0,[0]
6,18,0,[0]
"('n_atak', ['5', '19', '2', '12', '13', '22', '20', '21', '6', '1', '11', '4', '15', '10', '9', '16', '23', '24', '3', '0', '8', '17', '14', '7', '18'])"
7,24,0,[0]
7,10,0,[0]
7,11,0,[0]
7,18,0,[0]
7,8,0,[0]
7,14,0,[0]
7,5,0,[0]
7,23,0,[0]
7,2,0,[0]
7,20,0,[0]
7,16,0,[0]
7,21,0,[0]
7,19,0,[0]
7,7,0,[0]
7,15,0,[0]
7,6,0,[0]
7,9,0,[0]
7,3,0,[0]
7,13,0,[0]
7,4,0,[0]
7,1,0,[0]
7,17,0,[0]
7,0,0,[0]
7,12,0,[0]
7,22,0,[0]
"('n_atak', ['24', '10', '11', '18', '8', '14', '5', '23', '2', '20', '16', '21', '19', '7', '15', '6', '9', '3', '13', '4', '1', '17', '0', '12', '22'])"
8,23,0,[0]
8,9,0,[0]
8,19,0,[0]
8,22,0,[0]
8,5,0,[0]
8,8,0,[0]
8,18,0,[0]
8,1,0,[0]
8,13,0,[0]
8,3,0,[0]
8,14,0,[0]
8,2,0,[0]
8,6,0,[0]
8,11,0,[0]
8,0,0,[0]
8,17,0,[0]
8,15,0,[0]
8,7,0,[0]
8,20,0,[0]
8,4,0,[0]
8,21,0,[0]
8,24,0,[0]
8,10,0,[0]
8,16,0,[0]
8,12,0,[0]
"('n_atak', ['23', '9', '19', '22', '5', '8', '18', '1', '13', '3', '14', '2', '6', '11', '0', '17', '15', '7', '20', '4', '21', '24', '10', '16', '12'])"
2,24,0,[0]
2,1,0,[0]
2,17,0,[0]
2,3,0,[0]
2,21,0,[0]
2,7,0,[0]
2,11,0,[0]
2,5,0,[0]
2,22,0,[0]
2,2,0,[0]
2,14,0,[0]
2,6,0,[0]
2,16,0,[0]
2,15,0,[0]
2,0,0,[0]
2,8,0,[0]
2,4,0,[0]
2,20,0,[0]
2,10,0,[0]
2,23,0,[0]
2,18,0,[0]
2,13,0,[0]
2,12,0,[0]
2,19,0,[0]
2,9,0,[0]
"('n_atak', ['24', '1', '17', '3', '21', '7', '11', '5', '22', '2', '14', '6', '16', '15', '0', '8', '4', '20', '10', '23', '18', '13', '12', '19', '9'])"
3,21,0,[0]
3,24,0,[0]
3,18,0,[0]
3,12,0,[0]
3,15,0,[0]
3,23,0,[0]
3,13,0,[0]
3,19,0,[0]
3,10,0,[0]
3,2,0,[0]
3,3,0,[0]
3,16,0,[0]
3,14,0,[0]
3,0,0,[0]
3,1,0,[0]
3,5,0,[0]
3,4,0,[0]
3,20,0,[0]
3,6,0,[0]
3,8,0,[0]
3,11,0,[0]
3,9,0,[0]
3,7,0,[0]
3,17,0,[0]
3,22,0,[0]
"('n_atak', ['21', '24', '18', '12', '15', '23', '13', '19', '10', '2', '3', '16', '14', '0', '1', '5', '4', '20', '6', '8', '11', '9', '7', '17', '22'])"
4,15,0,[0]
4,2,0,[0]
4,1,0,[0]
4,10,0,[0]
4,3,0,[0]
4,21,0,[0]
4,19,0,[0]
4,20,0,[0]
4,24,0,[0]
4,5,0,[0]
4,4,0,[0]
4,16,0,[0]
4,12,0,[0]
4,8,0,[0]
4,9,0,[0]
4,22,0,[0]
4,23,0,[0]
4,13,0,[0]
4,0,0,[0]
4,7,0,[0]
4,6,0,[0]
4,17,0,[0]
4,11,0,[0]
4,18,0,[0]
4,14,0,[0]
"('n_atak', ['15', '2', '1', '10', '3', '21', '19', '20', '24', '5', '4', '16', '12', '8', '9', '22', '23', '13', '0', '7', '6', '17', '11', '18', '14'])"
5,16,0,[0]
5,15,0,[0]
5,2,0,[0]
5,22,0,[0]
5,3,0,[0]
5,9,0,[0]
5,4,0,[0]
5,11,0,[0]
5,6,0,[0]
5,12,0,[0]
5,7,0,[0]
5,8,0,[0]
5,20,0,[0]
5,14,0,[0]
5,1,0,[0]
5,17,0,[0]
5,5,0,[0]
5,23,0,[0]
5,24,0,[0]
5,21,0,[0]
5,18,0,[0]
5,19,0,[0]
5,10,0,[0]
5,13,0,[0]
5,0,0,[0]
"('n_atak', ['16', '15', '2', '22', '3', '9', '4', '11', '6', '12', '7', '8', '20', '14', '1', '17', '5', '23', '24', '21', '18', '19', '10', '13', '0'])"
6,5,0,[0]
6,19,0,[0]
6,2,0,[0]
6,12,0,[0]
6,13,0,[0]
6,22,0,[0]
6,20,0,[0]
6,21,0,[0]
6,6,0,[0]
6,1,0,[0]
6,11,0,[0]
6,4,0,[0]
6,15,0,[0]
6,10,0,[0]
6,9,0,[0]
6,16,0,[0]
6,23,0,[0]
6,24,0,[0]
6,3,0,[0]
6,0,0,[0]
6,8,0,[0]
6,17,0,[0]
6,14,0,[0]
6,7,0,[0]
6,18,0,[0]
"('n_atak', ['5', '19', '2', '12', '13', '22', '20', '21', '6', '1', '11', '4', '15', '10', '9', '16', '23', '24', '3', '0', '8', '17', '14', '7', '18'])"
7,24,0,[0]
7,10,0,[0]
7,11,0,[0]
7,18,0,[0]
7,8,0,[0]
7,14,0,[0]
7,5,0,[0]
7,23,0,[0]
7,2,0,[0]
7,20,0,[0]
7,16,0,[0]
7,21,0,[0]
7,19,0,[0]
7,7,0,[0]
7,15,0,[0]
7,6,0,[0]
7,9,0,[0]
7,3,0,[0]
7,13,0,[0]
7,4,0,[0]
7,1,0,[0]
7,17,0,[0]
7,0,0,[0]
7,12,0,[0]
7,22,0,[0]
"('n_atak', ['24', '10', '11', '18', '8', '14', '5', '23', '2', '20', '16', '21', '19', '7', '15', '6', '9', '3', '13', '4', '1', '17', '0', '12', '22'])"
8,23,0,[0]
8,9,0,[0]
8,19,0,[0]
8,22,0,[0]
8,5,0,[0]
8,8,0,[0]
8,18,0,[0]
8,1,0,[0]
8,13,0,[0]
8,3,0,[0]
8,14,0,[0]
8,2,0,[0]
8,6,0,[0]
8,11,0,[0]
8,0,0,[0]
8,17,0,[0]
8,15,0,[0]
8,7,0,[0]
8,20,0,[0]
8,4,0,[0]
8,21,0,[0]
8,24,0,[0]
8,10,0,[0]
8,16,0,[0]
8,12,0,[0]
"('n_atak', ['23', '9', '19', '22', '5', '8', '18', '1', '13', '3', '14', '2', '6', '11', '0', '17', '15', '7', '20', '4', '21', '24', '10', '16', '12'])"
9,11,0,[0]
9,1,0,[0]
9,23,0,[0]
9,10,0,[0]
9,24,0,[0]
9,16,0,[0]
9,0,0,[0]
9,2,0,[0]
9,4,0,[0]
9,18,0,[0]
9,6,0,[0]
9,12,0,[0]
9,8,0,[0]
9,9,0,[0]
9,7,0,[0]
9,13,0,[0]
9,3,0,[0]
9,21,0,[0]
9,15,0,[0]
9,20,0,[0]
9,17,0,[0]
9,5,0,[0]
9,19,0,[0]
9,22,0,[0]
9,14,0,[0]
"('n_atak', ['11', '1', '23', '10', '24', '16', '0', '2', '4', '18', '6', '12', '8', '9', '7', '13', '3', '21', '15', '20', '17', '5', '19', '22', '14'])"
2,24,0,[0]
2,1,0,[0]
2,17,0,[0]
2,3,0,[0]
2,21,0,[0]
2,7,0,[0]
2,11,0,[0]
2,5,0,[0]
2,22,0,[0]
2,2,0,[0]
2,14,0,[0]
2,6,0,[0]
2,16,0,[0]
2,15,0,[0]
2,0,0,[0]
2,8,0,[0]
2,4,0,[0]
2,20,0,[0]
2,10,0,[0]
2,23,0,[0]
2,18,0,[0]
2,13,0,[0]
2,12,0,[0]
2,19,0,[0]
2,9,0,[0]
"('n_atak', ['24', '1', '17', '3', '21', '7', '11', '5', '22', '2', '14', '6', '16', '15', '0', '8', '4', '20', '10', '23', '18', '13', '12', '19', '9'])"
3,21,0,[0]
3,24,0,[0]
3,18,0,[0]
3,12,0,[0]
3,15,0,[0]
3,23,0,[0]
3,13,0,[0]
3,19,0,[0]
3,10,0,[0]
3,2,0,[0]
3,3,0,[0]
3,16,0,[0]
3,14,0,[0]
3,0,0,[0]
3,1,0,[0]
3,5,0,[0]
3,4,0,[0]
3,20,0,[0]
3,6,0,[0]
3,8,0,[0]
3,11,0,[0]
3,9,0,[0]
3,7,0,[0]
3,17,0,[0]
3,22,0,[0]
"('n_atak', ['21', '24', '18', '12', '15', '23', '13', '19', '10', '2', '3', '16', '14', '0', '1', '5', '4', '20', '6', '8', '11', '9', '7', '17', '22'])"
4,15,0,[0]
4,2,0,[0]
4,1,0,[0]
4,10,0,[0]
4,3,0,[0]
4,21,0,[0]
4,19,0,[0]
4,20,0,[0]
4,24,0,[0]
4,5,0,[0]
4,4,0,[0]
4,16,0,[0]
4,12,0,[0]
4,8,0,[0]
4,9,0,[0]
4,22,0,[0]
4,23,0,[0]
4,13,0,[0]
4,0,0,[0]
4,7,0,[0]
4,6,0,[0]
4,17,0,[0]
4,11,0,[0]
4,18,0,[0]
4,14,0,[0]
"('n_atak', ['15', '2', '1', '10', '3', '21', '19', '20', '24', '5', '4', '16', '12', '8', '9', '22', '23', '13', '0', '7', '6', '17', '11', '18', '14'])"
5,16,0,[0]
5,15,0,[0]
5,2,0,[0]
5,22,0,[0]
5,3,0,[0]
5,9,0,[0]
5,4,0,[0]
5,11,0,[0]
5,6,0,[0]
5,12,0,[0]
5,7,0,[0]
5,8,0,[0]
5,20,0,[0]
5,14,0,[0]
5,1,0,[0]
5,17,0,[0]
5,5,0,[0]
5,23,0,[0]
5,24,0,[0]
5,21,0,[0]
5,18,0,[0]
5,19,0,[0]
5,10,0,[0]
5,13,0,[0]
5,0,0,[0]
"('n_atak', ['16', '15', '2', '22', '3', '9', '4', '11', '6', '12', '7', '8', '20', '14', '1', '17', '5', '23', '24', '21', '18', '19', '10', '13', '0'])"
6,5,0,[0]
6,19,0,[0]
6,2,0,[0]
6,12,0,[0]
6,13,0,[0]
6,22,0,[0]
6,20,0,[0]
6,21,0,[0]
6,6,0,[0]
6,1,0,[0]
6,11,0,[0]
6,4,0,[0]
6,15,0,[0]
6,10,0,[0]
6,9,0,[0]
6,16,0,[0]
6,23,0,[0]
6,24,0,[0]
6,3,0,[0]
6,0,0,[0]
6,8,0,[0]
6,17,0,[0]
6,14,0,[0]
6,7,0,[0]
6,18,0,[0]
"('n_atak', ['5', '19', '2', '12', '13', '22', '20', '21', '6', '1', '11', '4', '15', '10', '9', '16', '23', '24', '3', '0', '8', '17', '14', '7', '18'])"
7,24,0,[0]
7,10,0,[0]
7,11,0,[0]
7,18,0,[0]
7,8,0,[0]
7,14,0,[0]
7,5,0,[0]
7,23,0,[0]
7,2,0,[0]
7,20,0,[0]
7,16,0,[0]
7,21,0,[0]
7,19,0,[0]
7,7,0,[0]
7,15,0,[0]
7,6,0,[0]
7,9,0,[0]
7,3,0,[0]
7,13,0,[0]
7,4,0,[0]
7,1,0,[0]
7,17,0,[0]
7,0,0,[0]
7,12,0,[0]
7,22,0,[0]
"('n_atak', ['24', '10', '11', '18', '8', '14', '5', '23', '2', '20', '16', '21', '19', '7', '15', '6', '9', '3', '13', '4', '1', '17', '0', '12', '22'])"
8,23,0,[0]
8,9,0,[0]
8,19,0,[0]
8,22,0,[0]
8,5,0,[0]
8,8,0,[0]
8,18,0,[0]
8,1,0,[0]
8,13,0,[0]
8,3,0,[0]
8,14,0,[0]
8,2,0,[0]
8,6,0,[0]
8,11,0,[0]
8,0,0,[0]
8,17,0,[0]
8,15,0,[0]
8,7,0,[0]
8,20,0,[0]
8,4,0,[0]
8,21,0,[0]
8,24,0,[0]
8,10,0,[0]
8,16,0,[0]
8,12,0,[0]
"('n_atak', ['23', '9', '19', '22', '5', '8', '18', '1', '13', '3', '14', '2', '6', '11', '0', '17', '15', '7', '20', '4', '21', '24', '10', '16', '12'])"
9,11,0,[0]
9,1,0,[0]
9,23,0,[0]
9,10,0,[0]
9,24,0,[0]
9,16,0,[0]
9,0,0,[0]
9,2,0,[0]
9,4,0,[0]
9,18,0,[0]
9,6,0,[0]
9,12,0,[0]
9,8,0,[0]
9,9,0,[0]
9,7,0,[0]
9,13,0,[0]
9,3,0,[0]
9,21,0,[0]
9,15,0,[0]
9,20,0,[0]
9,17,0,[0]
9,5,0,[0]
9,19,0,[0]
9,22,0,[0]
9,14,0,[0]
"('n_atak', ['11', '1', '23', '10', '24', '16', '0', '2', '4', '18', '6', '12', '8', '9', '7', '13', '3', '21', '15', '20', '17', '5', '19', '22', '14'])"
10,0,0,[0]
10,22,0,[0]
10,18,0,[0]
10,13,0,[0]
10,2,0,[0]
10,9,0,[0]
10,16,0,[0]
10,10,0,[0]
10,4,0,[0]
10,5,0,[0]
10,12,0,[0]
10,8,0,[0]
10,6,0,[0]
10,20,0,[0]
10,3,0,[0]
10,19,0,[0]
10,21,0,[0]
10,23,0,[0]
10,14,0,[0]
10,11,0,[0]
10,24,0,[0]
10,7,0,[0]
10,15,0,[0]
10,1,0,[0]
10,17,0,[0]
"('n_atak', ['0', '22', '18', '13', '2', '9', '16', '10', '4', '5', '12', '8', '6', '20', '3', '19', '21', '23', '14', '11', '24', '7', '15', '1', '17'])"
2,24,0,[0]
2,1,0,[0]
2,17,0,[0]
2,3,0,[0]
2,21,0,[0]
2,7,0,[0]
2,11,0,[0]
2,5,0,[0]
2,22,0,[0]
2,2,0,[0]
2,14,0,[0]
2,6,0,[0]
2,16,0,[0]
2,15,0,[0]
2,0,0,[0]
2,8,0,[0]
2,4,0,[0]
2,20,0,[0]
2,10,0,[0]
2,23,0,[0]
2,18,0,[0]
2,13,0,[0]
2,12,0,[0]
2,19,0,[0]
2,9,0,[0]
"('n_atak', ['24', '1', '17', '3', '21', '7', '11', '5', '22', '2', '14', '6', '16', '15', '0', '8', '4', '20', '10', '23', '18', '13', '12', '19', '9'])"
3,21,0,[0]
3,24,0,[0]
3,18,0,[0]
3,12,0,[0]
3,15,0,[0]
3,23,0,[0]
3,13,0,[0]
3,19,0,[0]
3,10,0,[0]
3,2,0,[0]
3,3,0,[0]
3,16,0,[0]
3,14,0,[0]
3,0,0,[0]
3,1,0,[0]
3,5,0,[0]
3,4,0,[0]
3,20,0,[0]
3,6,0,[0]
3,8,0,[0]
3,11,0,[0]
3,9,0,[0]
3,7,0,[0]
3,17,0,[0]
3,22,0,[0]
"('n_atak', ['21', '24', '18', '12', '15', '23', '13', '19', '10', '2', '3', '16', '14', '0', '1', '5', '4', '20', '6', '8', '11', '9', '7', '17', '22'])"
4,15,0,[0]
4,2,0,[0]
4,1,0,[0]
4,10,0,[0]
4,3,0,[0]
4,21,0,[0]
4,19,0,[0]
4,20,0,[0]
4,24,0,[0]
4,5,0,[0]
4,4,0,[0]
4,16,0,[0]
4,12,0,[0]
4,8,0,[0]
4,9,0,[0]
4,22,0,[0]
4,23,0,[0]
4,13,0,[0]
4,0,0,[0]
4,7,0,[0]
4,6,0,[0]
4,17,0,[0]
4,11,0,[0]
4,18,0,[0]
4,14,0,[0]
"('n_atak', ['15', '2', '1', '10', '3', '21', '19', '20', '24', '5', '4', '16', '12', '8', '9', '22', '23', '13', '0', '7', '6', '17', '11', '18', '14'])"
5,16,0,[0]
5,15,0,[0]
5,2,0,[0]
5,22,0,[0]
5,3,0,[0]
5,9,0,[0]
5,4,0,[0]
5,11,0,[0]
5,6,0,[0]
5,12,0,[0]
5,7,0,[0]
5,8,0,[0]
5,20,0,[0]
5,14,0,[0]
5,1,0,[0]
5,17,0,[0]
5,5,0,[0]
5,23,0,[0]
5,24,0,[0]
5,21,0,[0]
5,18,0,[0]
5,19,0,[0]
5,10,0,[0]
5,13,0,[0]
5,0,0,[0]
"('n_atak', ['16', '15', '2', '22', '3', '9', '4', '11', '6', '12', '7', '8', '20', '14', '1', '17', '5', '23', '24', '21', '18', '19', '10', '13', '0'])"
6,5,0,[0]
6,19,0,[0]
6,2,0,[0]
6,12,0,[0]
6,13,0,[0]
6,22,0,[0]
6,20,0,[0]
6,21,0,[0]
6,6,0,[0]
6,1,0,[0]
6,11,0,[0]
6,4,0,[0]
6,15,0,[0]
6,10,0,[0]
6,9,0,[0]
6,16,0,[0]
6,23,0,[0]
6,24,0,[0]
6,3,0,[0]
6,0,0,[0]
6,8,0,[0]
6,17,0,[0]
6,14,0,[0]
6,7,0,[0]
6,18,0,[0]
"('n_atak', ['5', '19', '2', '12', '13', '22', '20', '21', '6', '1', '11', '4', '15', '10', '9', '16', '23', '24', '3', '0', '8', '17', '14', '7', '18'])"
7,24,0,[0]
7,10,0,[0]
7,11,0,[0]
7,18,0,[0]
7,8,0,[0]
7,14,0,[0]
7,5,0,[0]
7,23,0,[0]
7,2,0,[0]
7,20,0,[0]
7,16,0,[0]
7,21,0,[0]
7,19,0,[0]
7,7,0,[0]
7,15,0,[0]
7,6,0,[0]
7,9,0,[0]
7,3,0,[0]
7,13,0,[0]
7,4,0,[0]
7,1,0,[0]
7,17,0,[0]
7,0,0,[0]
7,12,0,[0]
7,22,0,[0]
"('n_atak', ['24', '10', '11', '18', '8', '14', '5', '23', '2', '20', '16', '21', '19', '7', '15', '6', '9', '3', '13', '4', '1', '17', '0', '12', '22'])"
8,23,0,[0]
8,9,0,[0]
8,19,0,[0]
8,22,0,[0]
8,5,0,[0]
8,8,0,[0]
8,18,0,[0]
8,1,0,[0]
8,13,0,[0]
8,3,0,[0]
8,14,0,[0]
8,2,0,[0]
8,6,0,[0]
8,11,0,[0]
8,0,0,[0]
8,17,0,[0]
8,15,0,[0]
8,7,0,[0]
8,20,0,[0]
8,4,0,[0]
8,21,0,[0]
8,24,0,[0]
8,10,0,[0]
8,16,0,[0]
8,12,0,[0]
"('n_atak', ['23', '9', '19', '22', '5', '8', '18', '1', '13', '3', '14', '2', '6', '11', '0', '17', '15', '7', '20', '4', '21', '24', '10', '16', '12'])"
9,11,0,[0]
9,1,0,[0]
9,23,0,[0]
9,10,0,[0]
9,24,0,[0]
9,16,0,[0]
9,0,0,[0]
9,2,0,[0]
9,4,0,[0]
9,18,0,[0]
9,6,0,[0]
9,12,0,[0]
9,8,0,[0]
9,9,0,[0]
9,7,0,[0]
9,13,0,[0]
9,3,0,[0]
9,21,0,[0]
9,15,0,[0]
9,20,0,[0]
9,17,0,[0]
9,5,0,[0]
9,19,0,[0]
9,22,0,[0]
9,14,0,[0]
"('n_atak', ['11', '1', '23', '10', '24', '16', '0', '2', '4', '18', '6', '12', '8', '9', '7', '13', '3', '21', '15', '20', '17', '5', '19', '22', '14'])"
10,0,0,[0]
10,22,0,[0]
10,18,0,[0]
10,13,0,[0]
10,2,0,[0]
10,9,0,[0]
10,16,0,[0]
10,10,0,[0]
10,4,0,[0]
10,5,0,[0]
10,12,0,[0]
10,8,0,[0]
10,6,0,[0]
10,20,0,[0]
10,3,0,[0]
10,19,0,[0]
10,21,0,[0]
10,23,0,[0]
10,14,0,[0]
10,11,0,[0]
10,24,0,[0]
10,7,0,[0]
10,15,0,[0]
10,1,0,[0]
10,17,0,[0]
"('n_atak', ['0', '22', '18', '13', '2', '9', '16', '10', '4', '5', '12', '8', '6', '20', '3', '19', '21', '23', '14', '11', '24', '7', '15', '1', '17'])"
11,6,0,[0]
11,9,0,[0]
11,18,0,[0]
11,10,0,[0]
11,15,0,[0]
11,13,0,[0]
11,22,0,[0]
11,21,0,[0]
11,5,0,[0]
11,14,0,[0]
11,20,0,[0]
11,11,0,[0]
11,23,0,[0]
11,3,0,[0]
11,2,0,[0]
11,1,0,[0]
11,16,0,[0]
11,4,0,[0]
11,0,0,[0]
11,12,0,[0]
11,24,0,[0]
11,7,0,[0]
11,17,0,[0]
11,8,0,[0]
11,19,0,[0]
"('n_atak', ['6', '9', '18', '10', '15', '13', '22', '21', '5', '14', '20', '11', '23', '3', '2', '1', '16', '4', '0', '12', '24', '7', '17', '8', '19'])"
2,24,0,[0]
2,1,0,[0]
2,17,0,[0]
2,3,0,[0]
2,21,0,[0]
2,7,0,[0]
2,11,0,[0]
2,5,0,[0]
2,22,0,[0]
2,2,0,[0]
2,14,0,[0]
2,6,0,[0]
2,16,0,[0]
2,15,0,[0]
2,0,0,[0]
2,8,0,[0]
2,4,0,[0]
2,20,0,[0]
2,10,0,[0]
2,23,0,[0]
2,18,0,[0]
2,13,0,[0]
2,12,0,[0]
2,19,0,[0]
2,9,0,[0]
"('n_atak', ['24', '1', '17', '3', '21', '7', '11', '5', '22', '2', '14', '6', '16', '15', '0', '8', '4', '20', '10', '23', '18', '13', '12', '19', '9'])"
3,21,0,[0]
3,24,0,[0]
3,18,0,[0]
3,12,0,[0]
3,15,0,[0]
3,23,0,[0]
3,13,0,[0]
3,19,0,[0]
3,10,0,[0]
3,2,0,[0]
3,3,0,[0]
3,16,0,[0]
3,14,0,[0]
3,0,0,[0]
3,1,0,[0]
3,5,0,[0]
3,4,0,[0]
3,20,0,[0]
3,6,0,[0]
3,8,0,[0]
3,11,0,[0]
3,9,0,[0]
3,7,0,[0]
3,17,0,[0]
3,22,0,[0]
"('n_atak', ['21', '24', '18', '12', '15', '23', '13', '19', '10', '2', '3', '16', '14', '0', '1', '5', '4', '20', '6', '8', '11', '9', '7', '17', '22'])"
4,15,0,[0]
4,2,0,[0]
4,1,0,[0]
4,10,0,[0]
4,3,0,[0]
4,21,0,[0]
4,19,0,[0]
4,20,0,[0]
4,24,0,[0]
4,5,0,[0]
4,4,0,[0]
4,16,0,[0]
4,12,0,[0]
4,8,0,[0]
4,9,0,[0]
4,22,0,[0]
4,23,0,[0]
4,13,0,[0]
4,0,0,[0]
4,7,0,[0]
4,6,0,[0]
4,17,0,[0]
4,11,0,[0]
4,18,0,[0]
4,14,0,[0]
"('n_atak', ['15', '2', '1', '10', '3', '21', '19', '20', '24', '5', '4', '16', '12', '8', '9', '22', '23', '13', '0', '7', '6', '17', '11', '18', '14'])"
5,16,0,[0]
5,15,0,[0]
5,2,0,[0]
5,22,0,[0]
5,3,0,[0]
5,9,0,[0]
5,4,0,[0]
5,11,0,[0]
5,6,0,[0]
5,12,0,[0]
5,7,0,[0]
5,8,0,[0]
5,20,0,[0]
5,14,0,[0]
5,1,0,[0]
5,17,0,[0]
5,5,0,[0]
5,23,0,[0]
5,24,0,[0]
5,21,0,[0]
5,18,0,[0]
5,19,0,[0]
5,10,0,[0]
5,13,0,[0]
5,0,0,[0]
"('n_atak', ['16', '15', '2', '22', '3', '9', '4', '11', '6', '12', '7', '8', '20', '14', '1', '17', '5', '23', '24', '21', '18', '19', '10', '13', '0'])"
6,5,0,[0]
6,19,0,[0]
6,2,0,[0]
6,12,0,[0]
6,13,0,[0]
6,22,0,[0]
6,20,0,[0]
6,21,0,[0]
6,6,0,[0]
6,1,0,[0]
6,11,0,[0]
6,4,0,[0]
6,15,0,[0]
6,10,0,[0]
6,9,0,[0]
6,16,0,[0]
6,23,0,[0]
6,24,0,[0]
6,3,0,[0]
6,0,0,[0]
6,8,0,[0]
6,17,0,[0]
6,14,0,[0]
6,7,0,[0]
6,18,0,[0]
"('n_atak', ['5', '19', '2', '12', '13', '22', '20', '21', '6', '1', '11', '4', '15', '10', '9', '16', '23', '24', '3', '0', '8', '17', '14', '7', '18'])"
7,24,0,[0]
7,10,0,[0]
7,11,0,[0]
7,18,0,[0]
7,8,0,[0]
7,14,0,[0]
7,5,0,[0]
7,23,0,[0]
7,2,0,[0]
7,20,0,[0]
7,16,0,[0]
7,21,0,[0]
7,19,0,[0]
7,7,0,[0]
7,15,0,[0]
7,6,0,[0]
7,9,0,[0]
7,3,0,[0]
7,13,0,[0]
7,4,0,[0]
7,1,0,[0]
7,17,0,[0]
7,0,0,[0]
7,12,0,[0]
7,22,0,[0]
"('n_atak', ['24', '10', '11', '18', '8', '14', '5', '23', '2', '20', '16', '21', '19', '7', '15', '6', '9', '3', '13', '4', '1', '17', '0', '12', '22'])"
8,23,0,[0]
8,9,0,[0]
8,19,0,[0]
8,22,0,[0]
8,5,0,[0]
8,8,0,[0]
8,18,0,[0]
8,1,0,[0]
8,13,0,[0]
8,3,0,[0]
8,14,0,[0]
8,2,0,[0]
8,6,0,[0]
8,11,0,[0]
8,0,0,[0]
8,17,0,[0]
8,15,0,[0]
8,7,0,[0]
8,20,0,[0]
8,4,0,[0]
8,21,0,[0]
8,24,0,[0]
8,10,0,[0]
8,16,0,[0]
8,12,0,[0]
"('n_atak', ['23', '9', '19', '22', '5', '8', '18', '1', '13', '3', '14', '2', '6', '11', '0', '17', '15', '7', '20', '4', '21', '24', '10', '16', '12'])"
9,11,0,[0]
9,1,0,[0]
9,23,0,[0]
9,10,0,[0]
9,24,0,[0]
9,16,0,[0]
9,0,0,[0]
9,2,0,[0]
9,4,0,[0]
9,18,0,[0]
9,6,0,[0]
9,12,0,[0]
9,8,0,[0]
9,9,0,[0]
9,7,0,[0]
9,13,0,[0]
9,3,0,[0]
9,21,0,[0]
9,15,0,[0]
9,20,0,[0]
9,17,0,[0]
9,5,0,[0]
9,19,0,[0]
9,22,0,[0]
9,14,0,[0]
"('n_atak', ['11', '1', '23', '10', '24', '16', '0', '2', '4', '18', '6', '12', '8', '9', '7', '13', '3', '21', '15', '20', '17', '5', '19', '22', '14'])"
10,0,0,[0]
10,22,0,[0]
10,18,0,[0]
10,13,0,[0]
10,2,0,[0]
10,9,0,[0]
10,16,0,[0]
10,10,0,[0]
10,4,0,[0]
10,5,0,[0]
10,12,0,[0]
10,8,0,[0]
10,6,0,[0]
10,20,0,[0]
10,3,0,[0]
10,19,0,[0]
10,21,0,[0]
10,23,0,[0]
10,14,0,[0]
10,11,0,[0]
10,24,0,[0]
10,7,0,[0]
10,15,0,[0]
10,1,0,[0]
10,17,0,[0]
"('n_atak', ['0', '22', '18', '13', '2', '9', '16', '10', '4', '5', '12', '8', '6', '20', '3', '19', '21', '23', '14', '11', '24', '7', '15', '1', '17'])"
11,6,0,[0]
11,9,0,[0]
11,18,0,[0]
11,10,0,[0]
11,15,0,[0]
11,13,0,[0]
11,22,0,[0]
11,21,0,[0]
11,5,0,[0]
11,14,0,[0]
11,20,0,[0]
11,11,0,[0]
11,23,0,[0]
11,3,0,[0]
11,2,0,[0]
11,1,0,[0]
11,16,0,[0]
11,4,0,[0]
11,0,0,[0]
11,12,0,[0]
11,24,0,[0]
11,7,0,[0]
11,17,0,[0]
11,8,0,[0]
11,19,0,[0]
"('n_atak', ['6', '9', '18', '10', '15', '13', '22', '21', '5', '14', '20', '11', '23', '3', '2', '1', '16', '4', '0', '12', '24', '7', '17', '8', '19'])"
12,14,0,[0]
12,1,0,[0]
12,19,0,[0]
12,5,0,[0]
12,15,0,[0]
12,0,0,[0]
12,17,0,[0]
12,7,0,[0]
12,12,0,[0]
12,2,0,[0]
12,18,0,[0]
12,4,0,[0]
12,22,0,[0]
12,24,0,[0]
12,10,0,[0]
12,20,0,[0]
12,16,0,[0]
12,3,0,[0]
12,21,0,[0]
12,13,0,[0]
12,6,0,[0]
12,9,0,[0]
12,11,0,[0]
12,23,0,[0]
12,8,0,[0]
"('n_atak', ['14', '1', '19', '5', '15', '0', '17', '7', '12', '2', '18', '4', '22', '24', '10', '20', '16', '3', '21', '13', '6', '9', '11', '23', '8'])"
2,24,0,[0]
2,1,0,[0]
2,17,0,[0]
2,3,0,[0]
2,21,0,[0]
2,7,0,[0]
2,11,0,[0]
2,5,0,[0]
2,22,0,[0]
2,2,0,[0]
2,14,0,[0]
2,6,0,[0]
2,16,0,[0]
2,15,0,[0]
2,0,0,[0]
2,8,0,[0]
2,4,0,[0]
2,20,0,[0]
2,10,0,[0]
2,23,0,[0]
2,18,0,[0]
2,13,0,[0]
2,12,0,[0]
2,19,0,[0]
2,9,0,[0]
"('n_atak', ['24', '1', '17', '3', '21', '7', '11', '5', '22', '2', '14', '6', '16', '15', '0', '8', '4', '20', '10', '23', '18', '13', '12', '19', '9'])"
3,21,0,[0]
3,24,0,[0]
3,18,0,[0]
3,12,0,[0]
3,15,0,[0]
3,23,0,[0]
3,13,0,[0]
3,19,0,[0]
3,10,0,[0]
3,2,0,[0]
3,3,0,[0]
3,16,0,[0]
3,14,0,[0]
3,0,0,[0]
3,1,0,[0]
3,5,0,[0]
3,4,0,[0]
3,20,0,[0]
3,6,0,[0]
3,8,0,[0]
3,11,0,[0]
3,9,0,[0]
3,7,0,[0]
3,17,0,[0]
3,22,0,[0]
"('n_atak', ['21', '24', '18', '12', '15', '23', '13', '19', '10', '2', '3', '16', '14', '0', '1', '5', '4', '20', '6', '8', '11', '9', '7', '17', '22'])"
4,15,0,[0]
4,2,0,[0]
4,1,0,[0]
4,10,0,[0]
4,3,0,[0]
4,21,0,[0]
4,19,0,[0]
4,20,0,[0]
4,24,0,[0]
4,5,0,[0]
4,4,0,[0]
4,16,0,[0]
4,12,0,[0]
4,8,0,[0]
4,9,0,[0]
4,22,0,[0]
4,23,0,[0]
4,13,0,[0]
4,0,0,[0]
4,7,0,[0]
4,6,0,[0]
4,17,0,[0]
4,11,0,[0]
4,18,0,[0]
4,14,0,[0]
"('n_atak', ['15', '2', '1', '10', '3', '21', '19', '20', '24', '5', '4', '16', '12', '8', '9', '22', '23', '13', '0', '7', '6', '17', '11', '18', '14'])"
5,16,0,[0]
5,15,0,[0]
5,2,0,[0]
5,22,0,[0]
5,3,0,[0]
5,9,0,[0]
5,4,0,[0]
5,11,0,[0]
5,6,0,[0]
5,12,0,[0]
5,7,0,[0]
5,8,0,[0]
5,20,0,[0]
5,14,0,[0]
5,1,0,[0]
5,17,0,[0]
5,5,0,[0]
5,23,0,[0]
5,24,0,[0]
5,21,0,[0]
5,18,0,[0]
5,19,0,[0]
5,10,0,[0]
5,13,0,[0]
5,0,0,[0]
"('n_atak', ['16', '15', '2', '22', '3', '9', '4', '11', '6', '12', '7', '8', '20', '14', '1', '17', '5', '23', '24', '21', '18', '19', '10', '13', '0'])"
6,5,0,[0]
6,19,0,[0]
6,2,0,[0]
6,12,0,[0]
6,13,0,[0]
6,22,0,[0]
6,20,0,[0]
6,21,0,[0]
6,6,0,[0]
6,1,0,[0]
6,11,0,[0]
6,4,0,[0]
6,15,0,[0]
6,10,0,[0]
6,9,0,[0]
6,16,0,[0]
6,23,0,[0]
6,24,0,[0]
6,3,0,[0]
6,0,0,[0]
6,8,0,[0]
6,17,0,[0]
6,14,0,[0]
6,7,0,[0]
6,18,0,[0]
"('n_atak', ['5', '19', '2', '12', '13', '22', '20', '21', '6', '1', '11', '4', '15', '10', '9', '16', '23', '24', '3', '0', '8', '17', '14', '7', '18'])"
7,24,0,[0]
7,10,0,[0]
7,11,0,[0]
7,18,0,[0]
7,8,0,[0]
7,14,0,[0]
7,5,0,[0]
7,23,0,[0]
7,2,0,[0]
7,20,0,[0]
7,16,0,[0]
7,21,0,[0]
7,19,0,[0]
7,7,0,[0]
7,15,0,[0]
7,6,0,[0]
7,9,0,[0]
7,3,0,[0]
7,13,0,[0]
7,4,0,[0]
7,1,0,[0]
7,17,0,[0]
7,0,0,[0]
7,12,0,[0]
7,22,0,[0]
"('n_atak', ['24', '10', '11', '18', '8', '14', '5', '23', '2', '20', '16', '21', '19', '7', '15', '6', '9', '3', '13', '4', '1', '17', '0', '12', '22'])"
8,23,0,[0]
8,9,0,[0]
8,19,0,[0]
8,22,0,[0]
8,5,0,[0]
8,8,0,[0]
8,18,0,[0]
8,1,0,[0]
8,13,0,[0]
8,3,0,[0]
8,14,0,[0]
8,2,0,[0]
8,6,0,[0]
8,11,0,[0]
8,0,0,[0]
8,17,0,[0]
8,15,0,[0]
8,7,0,[0]
8,20,0,[0]
8,4,0,[0]
8,21,0,[0]
8,24,0,[0]
8,10,0,[0]
8,16,0,[0]
8,12,0,[0]
"('n_atak', ['23', '9', '19', '22', '5', '8', '18', '1', '13', '3', '14', '2', '6', '11', '0', '17', '15', '7', '20', '4', '21', '24', '10', '16', '12'])"
9,11,0,[0]
9,1,0,[0]
9,23,0,[0]
9,10,0,[0]
9,24,0,[0]
9,16,0,[0]
9,0,0,[0]
9,2,0,[0]
9,4,0,[0]
9,18,0,[0]
9,6,0,[0]
9,12,0,[0]
9,8,0,[0]
9,9,0,[0]
9,7,0,[0]
9,13,0,[0]
9,3,0,[0]
9,21,0,[0]
9,15,0,[0]
9,20,0,[0]
9,17,0,[0]
9,5,0,[0]
9,19,0,[0]
9,22,0,[0]
9,14,0,[0]
"('n_atak', ['11', '1', '23', '10', '24', '16', '0', '2', '4', '18', '6', '12', '8', '9', '7', '13', '3', '21', '15', '20', '17', '5', '19', '22', '14'])"
10,0,0,[0]
10,22,0,[0]
10,18,0,[0]
10,13,0,[0]
10,2,0,[0]
10,9,0,[0]
10,16,0,[0]
10,10,0,[0]
10,4,0,[0]
10,5,0,[0]
10,12,0,[0]
10,8,0,[0]
10,6,0,[0]
10,20,0,[0]
10,3,0,[0]
10,19,0,[0]
10,21,0,[0]
10,23,0,[0]
10,14,0,[0]
10,11,0,[0]
10,24,0,[0]
10,7,0,[0]
10,15,0,[0]
10,1,0,[0]
10,17,0,[0]
"('n_atak', ['0', '22', '18', '13', '2', '9', '16', '10', '4', '5', '12', '8', '6', '20', '3', '19', '21', '23', '14', '11', '24', '7', '15', '1', '17'])"
11,6,0,[0]
11,9,0,[0]
11,18,0,[0]
11,10,0,[0]
11,15,0,[0]
11,13,0,[0]
11,22,0,[0]
11,21,0,[0]
11,5,0,[0]
11,14,0,[0]
11,20,0,[0]
11,11,0,[0]
11,23,0,[0]
11,3,0,[0]
11,2,0,[0]
11,1,0,[0]
11,16,0,[0]
11,4,0,[0]
11,0,0,[0]
11,12,0,[0]
11,24,0,[0]
11,7,0,[0]
11,17,0,[0]
11,8,0,[0]
11,19,0,[0]
"('n_atak', ['6', '9', '18', '10', '15', '13', '22', '21', '5', '14', '20', '11', '23', '3', '2', '1', '16', '4', '0', '12', '24', '7', '17', '8', '19'])"
12,14,0,[0]
12,1,0,[0]
12,19,0,[0]
12,5,0,[0]
12,15,0,[0]
12,0,0,[0]
12,17,0,[0]
12,7,0,[0]
12,12,0,[0]
12,2,0,[0]
12,18,0,[0]
12,4,0,[0]
12,22,0,[0]
12,24,0,[0]
12,10,0,[0]
12,20,0,[0]
12,16,0,[0]
12,3,0,[0]
12,21,0,[0]
12,13,0,[0]
12,6,0,[0]
12,9,0,[0]
12,11,0,[0]
12,23,0,[0]
12,8,0,[0]
"('n_atak', ['14', '1', '19', '5', '15', '0', '17', '7', '12', '2', '18', '4', '22', '24', '10', '20', '16', '3', '21', '13', '6', '9', '11', '23', '8'])"
13,3,0,[0]
13,4,0,[0]
13,20,0,[0]
13,24,0,[0]
13,15,0,[0]
13,12,0,[0]
13,19,0,[0]
13,11,0,[0]
13,14,0,[0]
13,8,0,[0]
13,7,0,[0]
13,18,0,[0]
13,13,0,[0]
13,21,0,[0]
13,17,0,[0]
13,9,0,[0]
13,0,0,[0]
13,6,0,[0]
13,10,0,[0]
13,16,0,[0]
13,1,0,[0]
13,22,0,[0]
13,2,0,[0]
13,5,0,[0]
13,23,0,[0]
"('n_atak', ['3', '4', '20', '24', '15', '12', '19', '11', '14', '8', '7', '18', '13', '21', '17', '9', '0', '6', '10', '16', '1', '22', '2', '5', '23'])"
2,24,0,[0]
2,1,0,[0]
2,17,0,[0]
2,3,0,[0]
2,21,0,[0]
2,7,0,[0]
2,11,0,[0]
2,5,0,[0]
2,22,0,[0]
2,2,0,[0]
2,14,0,[0]
2,6,0,[0]
2,16,0,[0]
2,15,0,[0]
2,0,0,[0]
2,8,0,[0]
2,4,0,[0]
2,20,0,[0]
2,10,0,[0]
2,23,0,[0]
2,18,0,[0]
2,13,0,[0]
2,12,0,[0]
2,19,0,[0]
2,9,0,[0]
"('n_atak', ['24', '1', '17', '3', '21', '7', '11', '5', '22', '2', '14', '6', '16', '15', '0', '8', '4', '20', '10', '23', '18', '13', '12', '19', '9'])"
3,21,0,[0]
3,24,0,[0]
3,18,0,[0]
3,12,0,[0]
3,15,0,[0]
3,23,0,[0]
3,13,0,[0]
3,19,0,[0]
3,10,0,[0]
3,2,0,[0]
3,3,0,[0]
3,16,0,[0]
3,14,0,[0]
3,0,0,[0]
3,1,0,[0]
3,5,0,[0]
3,4,0,[0]
3,20,0,[0]
3,6,0,[0]
3,8,0,[0]
3,11,0,[0]
3,9,0,[0]
3,7,0,[0]
3,17,0,[0]
3,22,0,[0]
"('n_atak', ['21', '24', '18', '12', '15', '23', '13', '19', '10', '2', '3', '16', '14', '0', '1', '5', '4', '20', '6', '8', '11', '9', '7', '17', '22'])"
4,15,0,[0]
4,2,0,[0]
4,1,0,[0]
4,10,0,[0]
4,3,0,[0]
4,21,0,[0]
4,19,0,[0]
4,20,0,[0]
4,24,0,[0]
4,5,0,[0]
4,4,0,[0]
4,16,0,[0]
4,12,0,[0]
4,8,0,[0]
4,9,0,[0]
4,22,0,[0]
4,23,0,[0]
4,13,0,[0]
4,0,0,[0]
4,7,0,[0]
4,6,0,[0]
4,17,0,[0]
4,11,0,[0]
4,18,0,[0]
4,14,0,[0]
"('n_atak', ['15', '2', '1', '10', '3', '21', '19', '20', '24', '5', '4', '16', '12', '8', '9', '22', '23', '13', '0', '7', '6', '17', '11', '18', '14'])"
5,16,0,[0]
5,15,0,[0]
5,2,0,[0]
5,22,0,[0]
5,3,0,[0]
5,9,0,[0]
5,4,0,[0]
5,11,0,[0]
5,6,0,[0]
5,12,0,[0]
5,7,0,[0]
5,8,0,[0]
5,20,0,[0]
5,14,0,[0]
5,1,0,[0]
5,17,0,[0]
5,5,0,[0]
5,23,0,[0]
5,24,0,[0]
5,21,0,[0]
5,18,0,[0]
5,19,0,[0]
5,10,0,[0]
5,13,0,[0]
5,0,0,[0]
"('n_atak', ['16', '15', '2', '22', '3', '9', '4', '11', '6', '12', '7', '8', '20', '14', '1', '17', '5', '23', '24', '21', '18', '19', '10', '13', '0'])"
6,5,0,[0]
6,19,0,[0]
6,2,0,[0]
6,12,0,[0]
6,13,0,[0]
6,22,0,[0]
6,20,0,[0]
6,21,0,[0]
6,6,0,[0]
6,1,0,[0]
6,11,0,[0]
6,4,0,[0]
6,15,0,[0]
6,10,0,[0]
6,9,0,[0]
6,16,0,[0]
6,23,0,[0]
6,24,0,[0]
6,3,0,[0]
6,0,0,[0]
6,8,0,[0]
6,17,0,[0]
6,14,0,[0]
6,7,0,[0]
6,18,0,[0]
"('n_atak', ['5', '19', '2', '12', '13', '22', '20', '21', '6', '1', '11', '4', '15', '10', '9', '16', '23', '24', '3', '0', '8', '17', '14', '7', '18'])"
7,24,0,[0]
7,10,0,[0]
7,11,0,[0]
7,18,0,[0]
7,8,0,[0]
7,14,0,[0]
7,5,0,[0]
7,23,0,[0]
7,2,0,[0]
7,20,0,[0]
7,16,0,[0]
7,21,0,[0]
7,19,0,[0]
7,7,0,[0]
7,15,0,[0]
7,6,0,[0]
7,9,0,[0]
7,3,0,[0]
7,13,0,[0]
7,4,0,[0]
7,1,0,[0]
7,17,0,[0]
7,0,0,[0]
7,12,0,[0]
7,22,0,[0]
"('n_atak', ['24', '10', '11', '18', '8', '14', '5', '23', '2', '20', '16', '21', '19', '7', '15', '6', '9', '3', '13', '4', '1', '17', '0', '12', '22'])"
8,23,0,[0]
8,9,0,[0]
8,19,0,[0]
8,22,0,[0]
8,5,0,[0]
8,8,0,[0]
8,18,0,[0]
8,1,0,[0]
8,13,0,[0]
8,3,0,[0]
8,14,0,[0]
8,2,0,[0]
8,6,0,[0]
8,11,0,[0]
8,0,0,[0]
8,17,0,[0]
8,15,0,[0]
8,7,0,[0]
8,20,0,[0]
8,4,0,[0]
8,21,0,[0]
8,24,0,[0]
8,10,0,[0]
8,16,0,[0]
8,12,0,[0]
"('n_atak', ['23', '9', '19', '22', '5', '8', '18', '1', '13', '3', '14', '2', '6', '11', '0', '17', '15', '7', '20', '4', '21', '24', '10', '16', '12'])"
9,11,0,[0]
9,1,0,[0]
9,23,0,[0]
9,10,0,[0]
9,24,0,[0]
9,16,0,[0]
9,0,0,[0]
9,2,0,[0]
9,4,0,[0]
9,18,0,[0]
9,6,0,[0]
9,12,0,[0]
9,8,0,[0]
9,9,0,[0]
9,7,0,[0]
9,13,0,[0]
9,3,0,[0]
9,21,0,[0]
9,15,0,[0]
9,20,0,[0]
9,17,0,[0]
9,5,0,[0]
9,19,0,[0]
9,22,0,[0]
9,14,0,[0]
"('n_atak', ['11', '1', '23', '10', '24', '16', '0', '2', '4', '18', '6', '12', '8', '9', '7', '13', '3', '21', '15', '20', '17', '5', '19', '22', '14'])"
10,0,0,[0]
10,22,0,[0]
10,18,0,[0]
10,13,0,[0]
10,2,0,[0]
10,9,0,[0]
10,16,0,[0]
10,10,0,[0]
10,4,0,[0]
10,5,0,[0]
10,12,0,[0]
10,8,0,[0]
10,6,0,[0]
10,20,0,[0]
10,3,0,[0]
10,19,0,[0]
10,21,0,[0]
10,23,0,[0]
10,14,0,[0]
10,11,0,[0]
10,24,0,[0]
10,7,0,[0]
10,15,0,[0]
10,1,0,[0]
10,17,0,[0]
"('n_atak', ['0', '22', '18', '13', '2', '9', '16', '10', '4', '5', '12', '8', '6', '20', '3', '19', '21', '23', '14', '11', '24', '7', '15', '1', '17'])"
11,6,0,[0]
11,9,0,[0]
11,18,0,[0]
11,10,0,[0]
11,15,0,[0]
11,13,0,[0]
11,22,0,[0]
11,21,0,[0]
11,5,0,[0]
11,14,0,[0]
11,20,0,[0]
11,11,0,[0]
11,23,0,[0]
11,3,0,[0]
11,2,0,[0]
11,1,0,[0]
11,16,0,[0]
11,4,0,[0]
11,0,0,[0]
11,12,0,[0]
11,24,0,[0]
11,7,0,[0]
11,17,0,[0]
11,8,0,[0]
11,19,0,[0]
"('n_atak', ['6', '9', '18', '10', '15', '13', '22', '21', '5', '14', '20', '11', '23', '3', '2', '1', '16', '4', '0', '12', '24', '7', '17', '8', '19'])"
12,14,0,[0]
12,1,0,[0]
12,19,0,[0]
12,5,0,[0]
12,15,0,[0]
12,0,0,[0]
12,17,0,[0]
12,7,0,[0]
12,12,0,[0]
12,2,0,[0]
12,18,0,[0]
12,4,0,[0]
12,22,0,[0]
12,24,0,[0]
12,10,0,[0]
12,20,0,[0]
12,16,0,[0]
12,3,0,[0]
12,21,0,[0]
12,13,0,[0]
12,6,0,[0]
12,9,0,[0]
12,11,0,[0]
12,23,0,[0]
12,8,0,[0]
"('n_atak', ['14', '1', '19', '5', '15', '0', '17', '7', '12', '2', '18', '4', '22', '24', '10', '20', '16', '3', '21', '13', '6', '9', '11', '23', '8'])"
13,3,0,[0]
13,4,0,[0]
13,20,0,[0]
13,24,0,[0]
13,15,0,[0]
13,12,0,[0]
13,19,0,[0]
13,11,0,[0]
13,14,0,[0]
13,8,0,[0]
13,7,0,[0]
13,18,0,[0]
13,13,0,[0]
13,21,0,[0]
13,17,0,[0]
13,9,0,[0]
13,0,0,[0]
13,6,0,[0]
13,10,0,[0]
13,16,0,[0]
13,1,0,[0]
13,22,0,[0]
13,2,0,[0]
13,5,0,[0]
13,23,0,[0]
"('n_atak', ['3', '4', '20', '24', '15', '12', '19', '11', '14', '8', '7', '18', '13', '21', '17', '9', '0', '6', '10', '16', '1', '22', '2', '5', '23'])"
14,6,0,[0]
14,7,0,[0]
14,2,0,[0]
14,8,0,[0]
14,24,0,[0]
14,20,0,[0]
14,23,0,[0]
14,4,0,[0]
14,17,0,[0]
14,9,0,[0]
14,21,0,[0]
14,22,0,[0]
14,18,0,[0]
14,13,0,[0]
14,14,0,[0]
14,0,0,[0]
14,16,0,[0]
14,10,0,[0]
14,12,0,[0]
14,19,0,[0]
14,15,0,[0]
14,3,0,[0]
14,11,0,[0]
14,5,0,[0]
14,1,0,[0]
"('n_atak', ['6', '7', '2', '8', '24', '20', '23', '4', '17', '9', '21', '22', '18', '13', '14', '0', '16', '10', '12', '19', '15', '3', '11', '5', '1'])"
2,24,0,[0]
2,1,0,[0]
2,17,0,[0]
2,3,0,[0]
2,21,0,[0]
2,7,0,[0]
2,11,0,[0]
2,5,0,[0]
2,22,0,[0]
2,2,0,[0]
2,14,0,[0]
2,6,0,[0]
2,16,0,[0]
2,15,0,[0]
2,0,0,[0]
2,8,0,[0]
2,4,0,[0]
2,20,0,[0]
2,10,0,[0]
2,23,0,[0]
2,18,0,[0]
2,13,0,[0]
2,12,0,[0]
2,19,0,[0]
2,9,0,[0]
"('n_atak', ['24', '1', '17', '3', '21', '7', '11', '5', '22', '2', '14', '6', '16', '15', '0', '8', '4', '20', '10', '23', '18', '13', '12', '19', '9'])"
3,21,0,[0]
3,24,0,[0]
3,18,0,[0]
3,12,0,[0]
3,15,0,[0]
3,23,0,[0]
3,13,0,[0]
3,19,0,[0]
3,10,0,[0]
3,2,0,[0]
3,3,0,[0]
3,16,0,[0]
3,14,0,[0]
3,0,0,[0]
3,1,0,[0]
3,5,0,[0]
3,4,0,[0]
3,20,0,[0]
3,6,0,[0]
3,8,0,[0]
3,11,0,[0]
3,9,0,[0]
3,7,0,[0]
3,17,0,[0]
3,22,0,[0]
"('n_atak', ['21', '24', '18', '12', '15', '23', '13', '19', '10', '2', '3', '16', '14', '0', '1', '5', '4', '20', '6', '8', '11', '9', '7', '17', '22'])"
4,15,0,[0]
4,2,0,[0]
4,1,0,[0]
4,10,0,[0]
4,3,0,[0]
4,21,0,[0]
4,19,0,[0]
4,20,0,[0]
4,24,0,[0]
4,5,0,[0]
4,4,0,[0]
4,16,0,[0]
4,12,0,[0]
4,8,0,[0]
4,9,0,[0]
4,22,0,[0]
4,23,0,[0]
4,13,0,[0]
4,0,0,[0]
4,7,0,[0]
4,6,0,[0]
4,17,0,[0]
4,11,0,[0]
4,18,0,[0]
4,14,0,[0]
"('n_atak', ['15', '2', '1', '10', '3', '21', '19', '20', '24', '5', '4', '16', '12', '8', '9', '22', '23', '13', '0', '7', '6', '17', '11', '18', '14'])"
5,16,0,[0]
5,15,0,[0]
5,2,0,[0]
5,22,0,[0]
5,3,0,[0]
5,9,0,[0]
5,4,0,[0]
5,11,0,[0]
5,6,0,[0]
5,12,0,[0]
5,7,0,[0]
5,8,0,[0]
5,20,0,[0]
5,14,0,[0]
5,1,0,[0]
5,17,0,[0]
5,5,0,[0]
5,23,0,[0]
5,24,0,[0]
5,21,0,[0]
5,18,0,[0]
5,19,0,[0]
5,10,0,[0]
5,13,0,[0]
5,0,0,[0]
"('n_atak', ['16', '15', '2', '22', '3', '9', '4', '11', '6', '12', '7', '8', '20', '14', '1', '17', '5', '23', '24', '21', '18', '19', '10', '13', '0'])"
6,5,0,[0]
6,19,0,[0]
6,2,0,[0]
6,12,0,[0]
6,13,0,[0]
6,22,0,[0]
6,20,0,[0]
6,21,0,[0]
6,6,0,[0]
6,1,0,[0]
6,11,0,[0]
6,4,0,[0]
6,15,0,[0]
6,10,0,[0]
6,9,0,[0]
6,16,0,[0]
6,23,0,[0]
6,24,0,[0]
6,3,0,[0]
6,0,0,[0]
6,8,0,[0]
6,17,0,[0]
6,14,0,[0]
6,7,0,[0]
6,18,0,[0]
"('n_atak', ['5', '19', '2', '12', '13', '22', '20', '21', '6', '1', '11', '4', '15', '10', '9', '16', '23', '24', '3', '0', '8', '17', '14', '7', '18'])"
7,24,0,[0]
7,10,0,[0]
7,11,0,[0]
7,18,0,[0]
7,8,0,[0]
7,14,0,[0]
7,5,0,[0]
7,23,0,[0]
7,2,0,[0]
7,20,0,[0]
7,16,0,[0]
7,21,0,[0]
7,19,0,[0]
7,7,0,[0]
7,15,0,[0]
7,6,0,[0]
7,9,0,[0]
7,3,0,[0]
7,13,0,[0]
7,4,0,[0]
7,1,0,[0]
7,17,0,[0]
7,0,0,[0]
7,12,0,[0]
7,22,0,[0]
"('n_atak', ['24', '10', '11', '18', '8', '14', '5', '23', '2', '20', '16', '21', '19', '7', '15', '6', '9', '3', '13', '4', '1', '17', '0', '12', '22'])"
8,23,0,[0]
8,9,0,[0]
8,19,0,[0]
8,22,0,[0]
8,5,0,[0]
8,8,0,[0]
8,18,0,[0]
8,1,0,[0]
8,13,0,[0]
8,3,0,[0]
8,14,0,[0]
8,2,0,[0]
8,6,0,[0]
8,11,0,[0]
8,0,0,[0]
8,17,0,[0]
8,15,0,[0]
8,7,0,[0]
8,20,0,[0]
8,4,0,[0]
8,21,0,[0]
8,24,0,[0]
8,10,0,[0]
8,16,0,[0]
8,12,0,[0]
"('n_atak', ['23', '9', '19', '22', '5', '8', '18', '1', '13', '3', '14', '2', '6', '11', '0', '17', '15', '7', '20', '4', '21', '24', '10', '16', '12'])"
9,11,0,[0]
9,1,0,[0]
9,23,0,[0]
9,10,0,[0]
9,24,0,[0]
9,16,0,[0]
9,0,0,[0]
9,2,0,[0]
9,4,0,[0]
9,18,0,[0]
9,6,0,[0]
9,12,0,[0]
9,8,0,[0]
9,9,0,[0]
9,7,0,[0]
9,13,0,[0]
9,3,0,[0]
9,21,0,[0]
9,15,0,[0]
9,20,0,[0]
9,17,0,[0]
9,5,0,[0]
9,19,0,[0]
9,22,0,[0]
9,14,0,[0]
"('n_atak', ['11', '1', '23', '10', '24', '16', '0', '2', '4', '18', '6', '12', '8', '9', '7', '13', '3', '21', '15', '20', '17', '5', '19', '22', '14'])"
10,0,0,[0]
10,22,0,[0]
10,18,0,[0]
10,13,0,[0]
10,2,0,[0]
10,9,0,[0]
10,16,0,[0]
10,10,0,[0]
10,4,0,[0]
10,5,0,[0]
10,12,0,[0]
10,8,0,[0]
10,6,0,[0]
10,20,0,[0]
10,3,0,[0]
10,19,0,[0]
10,21,0,[0]
10,23,0,[0]
10,14,0,[0]
10,11,0,[0]
10,24,0,[0]
10,7,0,[0]
10,15,0,[0]
10,1,0,[0]
10,17,0,[0]
"('n_atak', ['0', '22', '18', '13', '2', '9', '16', '10', '4', '5', '12', '8', '6', '20', '3', '19', '21', '23', '14', '11', '24', '7', '15', '1', '17'])"
11,6,0,[0]
11,9,0,[0]
11,18,0,[0]
11,10,0,[0]
11,15,0,[0]
11,13,0,[0]
11,22,0,[0]
11,21,0,[0]
11,5,0,[0]
11,14,0,[0]
11,20,0,[0]
11,11,0,[0]
11,23,0,[0]
11,3,0,[0]
11,2,0,[0]
11,1,0,[0]
11,16,0,[0]
11,4,0,[0]
11,0,0,[0]
11,12,0,[0]
11,24,0,[0]
11,7,0,[0]
11,17,0,[0]
11,8,0,[0]
11,19,0,[0]
"('n_atak', ['6', '9', '18', '10', '15', '13', '22', '21', '5', '14', '20', '11', '23', '3', '2', '1', '16', '4', '0', '12', '24', '7', '17', '8', '19'])"
12,14,0,[0]
12,1,0,[0]
12,19,0,[0]
12,5,0,[0]
12,15,0,[0]
12,0,0,[0]
12,17,0,[0]
12,7,0,[0]
12,12,0,[0]
12,2,0,[0]
12,18,0,[0]
12,4,0,[0]
12,22,0,[0]
12,24,0,[0]
12,10,0,[0]
12,20,0,[0]
12,16,0,[0]
12,3,0,[0]
12,21,0,[0]
12,13,0,[0]
12,6,0,[0]
12,9,0,[0]
12,11,0,[0]
12,23,0,[0]
12,8,0,[0]
"('n_atak', ['14', '1', '19', '5', '15', '0', '17', '7', '12', '2', '18', '4', '22', '24', '10', '20', '16', '3', '21', '13', '6', '9', '11', '23', '8'])"
13,3,0,[0]
13,4,0,[0]
13,20,0,[0]
13,24,0,[0]
13,15,0,[0]
13,12,0,[0]
13,19,0,[0]
13,11,0,[0]
13,14,0,[0]
13,8,0,[0]
13,7,0,[0]
13,18,0,[0]
13,13,0,[0]
13,21,0,[0]
13,17,0,[0]
13,9,0,[0]
13,0,0,[0]
13,6,0,[0]
13,10,0,[0]
13,16,0,[0]
13,1,0,[0]
13,22,0,[0]
13,2,0,[0]
13,5,0,[0]
13,23,0,[0]
"('n_atak', ['3', '4', '20', '24', '15', '12', '19', '11', '14', '8', '7', '18', '13', '21', '17', '9', '0', '6', '10', '16', '1', '22', '2', '5', '23'])"
14,6,0,[0]
14,7,0,[0]
14,2,0,[0]
14,8,0,[0]
14,24,0,[0]
14,20,0,[0]
14,23,0,[0]
14,4,0,[0]
14,17,0,[0]
14,9,0,[0]
14,21,0,[0]
14,22,0,[0]
14,18,0,[0]
14,13,0,[0]
14,14,0,[0]
14,0,0,[0]
14,16,0,[0]
14,10,0,[0]
14,12,0,[0]
14,19,0,[0]
14,15,0,[0]
14,3,0,[0]
14,11,0,[0]
14,5,0,[0]
14,1,0,[0]
"('n_atak', ['6', '7', '2', '8', '24', '20', '23', '4', '17', '9', '21', '22', '18', '13', '14', '0', '16', '10', '12', '19', '15', '3', '11', '5', '1'])"
15,16,0,[0]
15,8,0,[0]
15,20,0,[0]
15,1,0,[0]
15,15,0,[0]
15,24,0,[0]
15,4,0,[0]
15,2,0,[0]
15,12,0,[0]
15,9,0,[0]
15,13,0,[0]
15,0,0,[0]
15,19,0,[0]
15,18,0,[0]
15,11,0,[0]
15,14,0,[0]
15,5,0,[0]
15,6,0,[0]
15,10,0,[0]
15,21,0,[0]
15,7,0,[0]
15,23,0,[0]
15,17,0,[0]
15,22,0,[0]
15,3,0,[0]
"('n_atak', ['16', '8', '20', '1', '15', '24', '4', '2', '12', '9', '13', '0', '19', '18', '11', '14', '5', '6', '10', '21', '7', '23', '17', '22', '3'])"
2,24,0,[0]
2,1,0,[0]
2,17,0,[0]
2,3,0,[0]
2,21,0,[0]
2,7,0,[0]
2,11,0,[0]
2,5,0,[0]
2,22,0,[0]
2,2,0,[0]
2,14,0,[0]
2,6,0,[0]
2,16,0,[0]
2,15,0,[0]
2,0,0,[0]
2,8,0,[0]
2,4,0,[0]
2,20,0,[0]
2,10,0,[0]
2,23,0,[0]
2,18,0,[0]
2,13,0,[0]
2,12,0,[0]
2,19,0,[0]
2,9,0,[0]
"('n_atak', ['24', '1', '17', '3', '21', '7', '11', '5', '22', '2', '14', '6', '16', '15', '0', '8', '4', '20', '10', '23', '18', '13', '12', '19', '9'])"
3,21,0,[0]
3,24,0,[0]
3,18,0,[0]
3,12,0,[0]
3,15,0,[0]
3,23,0,[0]
3,13,0,[0]
3,19,0,[0]
3,10,0,[0]
3,2,0,[0]
3,3,0,[0]
3,16,0,[0]
3,14,0,[0]
3,0,0,[0]
3,1,0,[0]
3,5,0,[0]
3,4,0,[0]
3,20,0,[0]
3,6,0,[0]
3,8,0,[0]
3,11,0,[0]
3,9,0,[0]
3,7,0,[0]
3,17,0,[0]
3,22,0,[0]
"('n_atak', ['21', '24', '18', '12', '15', '23', '13', '19', '10', '2', '3', '16', '14', '0', '1', '5', '4', '20', '6', '8', '11', '9', '7', '17', '22'])"
4,15,0,[0]
4,2,0,[0]
4,1,0,[0]
4,10,0,[0]
4,3,0,[0]
4,21,0,[0]
4,19,0,[0]
4,20,0,[0]
4,24,0,[0]
4,5,0,[0]
4,4,0,[0]
4,16,0,[0]
4,12,0,[0]
4,8,0,[0]
4,9,0,[0]
4,22,0,[0]
4,23,0,[0]
4,13,0,[0]
4,0,0,[0]
4,7,0,[0]
4,6,0,[0]
4,17,0,[0]
4,11,0,[0]
4,18,0,[0]
4,14,0,[0]
"('n_atak', ['15', '2', '1', '10', '3', '21', '19', '20', '24', '5', '4', '16', '12', '8', '9', '22', '23', '13', '0', '7', '6', '17', '11', '18', '14'])"
5,16,0,[0]
5,15,0,[0]
5,2,0,[0]
5,22,0,[0]
5,3,0,[0]
5,9,0,[0]
5,4,0,[0]
5,11,0,[0]
5,6,0,[0]
5,12,0,[0]
5,7,0,[0]
5,8,0,[0]
5,20,0,[0]
5,14,0,[0]
5,1,0,[0]
5,17,0,[0]
5,5,0,[0]
5,23,0,[0]
5,24,0,[0]
5,21,0,[0]
5,18,0,[0]
5,19,0,[0]
5,10,0,[0]
5,13,0,[0]
5,0,0,[0]
"('n_atak', ['16', '15', '2', '22', '3', '9', '4', '11', '6', '12', '7', '8', '20', '14', '1', '17', '5', '23', '24', '21', '18', '19', '10', '13', '0'])"
6,5,0,[0]
6,19,0,[0]
6,2,0,[0]
6,12,0,[0]
6,13,0,[0]
6,22,0,[0]
6,20,0,[0]
6,21,0,[0]
6,6,0,[0]
6,1,0,[0]
6,11,0,[0]
6,4,0,[0]
6,15,0,[0]
6,10,0,[0]
6,9,0,[0]
6,16,0,[0]
6,23,0,[0]
6,24,0,[0]
6,3,0,[0]
6,0,0,[0]
6,8,0,[0]
6,17,0,[0]
6,14,0,[0]
6,7,0,[0]
6,18,0,[0]
"('n_atak', ['5', '19', '2', '12', '13', '22', '20', '21', '6', '1', '11', '4', '15', '10', '9', '16', '23', '24', '3', '0', '8', '17', '14', '7', '18'])"
7,24,0,[0]
7,10,0,[0]
7,11,0,[0]
7,18,0,[0]
7,8,0,[0]
7,14,0,[0]
7,5,0,[0]
7,23,0,[0]
7,2,0,[0]
7,20,0,[0]
7,16,0,[0]
7,21,0,[0]
7,19,0,[0]
7,7,0,[0]
7,15,0,[0]
7,6,0,[0]
7,9,0,[0]
7,3,0,[0]
7,13,0,[0]
7,4,0,[0]
7,1,0,[0]
7,17,0,[0]
7,0,0,[0]
7,12,0,[0]
7,22,0,[0]
"('n_atak', ['24', '10', '11', '18', '8', '14', '5', '23', '2', '20', '16', '21', '19', '7', '15', '6', '9', '3', '13', '4', '1', '17', '0', '12', '22'])"
8,23,0,[0]
8,9,0,[0]
8,19,0,[0]
8,22,0,[0]
8,5,0,[0]
8,8,0,[0]
8,18,0,[0]
8,1,0,[0]
8,13,0,[0]
8,3,0,[0]
8,14,0,[0]
8,2,0,[0]
8,6,0,[0]
8,11,0,[0]
8,0,0,[0]
8,17,0,[0]
8,15,0,[0]
8,7,0,[0]
8,20,0,[0]
8,4,0,[0]
8,21,0,[0]
8,24,0,[0]
8,10,0,[0]
8,16,0,[0]
8,12,0,[0]
"('n_atak', ['23', '9', '19', '22', '5', '8', '18', '1', '13', '3', '14', '2', '6', '11', '0', '17', '15', '7', '20', '4', '21', '24', '10', '16', '12'])"
9,11,0,[0]
9,1,0,[0]
9,23,0,[0]
9,10,0,[0]
9,24,0,[0]
9,16,0,[0]
9,0,0,[0]
9,2,0,[0]
9,4,0,[0]
9,18,0,[0]
9,6,0,[0]
9,12,0,[0]
9,8,0,[0]
9,9,0,[0]
9,7,0,[0]
9,13,0,[0]
9,3,0,[0]
9,21,0,[0]
9,15,0,[0]
9,20,0,[0]
9,17,0,[0]
9,5,0,[0]
9,19,0,[0]
9,22,0,[0]
9,14,0,[0]
"('n_atak', ['11', '1', '23', '10', '24', '16', '0', '2', '4', '18', '6', '12', '8', '9', '7', '13', '3', '21', '15', '20', '17', '5', '19', '22', '14'])"
10,0,0,[0]
10,22,0,[0]
10,18,0,[0]
10,13,0,[0]
10,2,0,[0]
10,9,0,[0]
10,16,0,[0]
10,10,0,[0]
10,4,0,[0]
10,5,0,[0]
10,12,0,[0]
10,8,0,[0]
10,6,0,[0]
10,20,0,[0]
10,3,0,[0]
10,19,0,[0]
10,21,0,[0]
10,23,0,[0]
10,14,0,[0]
10,11,0,[0]
10,24,0,[0]
10,7,0,[0]
10,15,0,[0]
10,1,0,[0]
10,17,0,[0]
"('n_atak', ['0', '22', '18', '13', '2', '9', '16', '10', '4', '5', '12', '8', '6', '20', '3', '19', '21', '23', '14', '11', '24', '7', '15', '1', '17'])"
11,6,0,[0]
11,9,0,[0]
11,18,0,[0]
11,10,0,[0]
11,15,0,[0]
11,13,0,[0]
11,22,0,[0]
11,21,0,[0]
11,5,0,[0]
11,14,0,[0]
11,20,0,[0]
11,11,0,[0]
11,23,0,[0]
11,3,0,[0]
11,2,0,[0]
11,1,0,[0]
11,16,0,[0]
11,4,0,[0]
11,0,0,[0]
11,12,0,[0]
11,24,0,[0]
11,7,0,[0]
11,17,0,[0]
11,8,0,[0]
11,19,0,[0]
"('n_atak', ['6', '9', '18', '10', '15', '13', '22', '21', '5', '14', '20', '11', '23', '3', '2', '1', '16', '4', '0', '12', '24', '7', '17', '8', '19'])"
12,14,0,[0]
12,1,0,[0]
12,19,0,[0]
12,5,0,[0]
12,15,0,[0]
12,0,0,[0]
12,17,0,[0]
12,7,0,[0]
12,12,0,[0]
12,2,0,[0]
12,18,0,[0]
12,4,0,[0]
12,22,0,[0]
12,24,0,[0]
12,10,0,[0]
12,20,0,[0]
12,16,0,[0]
12,3,0,[0]
12,21,0,[0]
12,13,0,[0]
12,6,0,[0]
12,9,0,[0]
12,11,0,[0]
12,23,0,[0]
12,8,0,[0]
"('n_atak', ['14', '1', '19', '5', '15', '0', '17', '7', '12', '2', '18', '4', '22', '24', '10', '20', '16', '3', '21', '13', '6', '9', '11', '23', '8'])"
13,3,0,[0]
13,4,0,[0]
13,20,0,[0]
13,24,0,[0]
13,15,0,[0]
13,12,0,[0]
13,19,0,[0]
13,11,0,[0]
13,14,0,[0]
13,8,0,[0]
13,7,0,[0]
13,18,0,[0]
13,13,0,[0]
13,21,0,[0]
13,17,0,[0]
13,9,0,[0]
13,0,0,[0]
13,6,0,[0]
13,10,0,[0]
13,16,0,[0]
13,1,0,[0]
13,22,0,[0]
13,2,0,[0]
13,5,0,[0]
13,23,0,[0]
"('n_atak', ['3', '4', '20', '24', '15', '12', '19', '11', '14', '8', '7', '18', '13', '21', '17', '9', '0', '6', '10', '16', '1', '22', '2', '5', '23'])"
14,6,0,[0]
14,7,0,[0]
14,2,0,[0]
14,8,0,[0]
14,24,0,[0]
14,20,0,[0]
14,23,0,[0]
14,4,0,[0]
14,17,0,[0]
14,9,0,[0]
14,21,0,[0]
14,22,0,[0]
14,18,0,[0]
14,13,0,[0]
14,14,0,[0]
14,0,0,[0]
14,16,0,[0]
14,10,0,[0]
14,12,0,[0]
14,19,0,[0]
14,15,0,[0]
14,3,0,[0]
14,11,0,[0]
14,5,0,[0]
14,1,0,[0]
"('n_atak', ['6', '7', '2', '8', '24', '20', '23', '4', '17', '9', '21', '22', '18', '13', '14', '0', '16', '10', '12', '19', '15', '3', '11', '5', '1'])"
15,16,0,[0]
15,8,0,[0]
15,20,0,[0]
15,1,0,[0]
15,15,0,[0]
15,24,0,[0]
15,4,0,[0]
15,2,0,[0]
15,12,0,[0]
15,9,0,[0]
15,13,0,[0]
15,0,0,[0]
15,19,0,[0]
15,18,0,[0]
15,11,0,[0]
15,14,0,[0]
15,5,0,[0]
15,6,0,[0]
15,10,0,[0]
15,21,0,[0]
15,7,0,[0]
15,23,0,[0]
15,17,0,[0]
15,22,0,[0]
15,3,0,[0]
"('n_atak', ['16', '8', '20', '1', '15', '24', '4', '2', '12', '9', '13', '0', '19', '18', '11', '14', '5', '6', '10', '21', '7', '23', '17', '22', '3'])"
16,18,0,[0]
16,22,0,[0]
16,10,0,[0]
16,6,0,[0]
16,0,0,[0]
16,13,0,[0]
16,19,0,[0]
16,21,0,[0]
16,4,0,[0]
16,17,0,[0]
16,7,0,[0]
16,9,0,[0]
16,3,0,[0]
16,12,0,[0]
16,15,0,[0]
16,16,0,[0]
16,20,0,[0]
16,8,0,[0]
16,24,0,[0]
16,11,0,[0]
16,23,0,[0]
16,5,0,[0]
16,2,0,[0]
16,14,0,[0]
16,1,0,[0]
"('n_atak', ['18', '22', '10', '6', '0', '13', '19', '21', '4', '17', '7', '9', '3', '12', '15', '16', '20', '8', '24', '11', '23', '5', '2', '14', '1'])"
2,24,0,[0]
2,1,0,[0]
2,17,0,[0]
2,3,0,[0]
2,21,0,[0]
2,7,0,[0]
2,11,0,[0]
2,5,0,[0]
2,22,0,[0]
2,2,0,[0]
2,14,0,[0]
2,6,0,[0]
2,16,0,[0]
2,15,0,[0]
2,0,0,[0]
2,8,0,[0]
2,4,0,[0]
2,20,0,[0]
2,10,0,[0]
2,23,0,[0]
2,18,0,[0]
2,13,0,[0]
2,12,0,[0]
2,19,0,[0]
2,9,0,[0]
"('n_atak', ['24', '1', '17', '3', '21', '7', '11', '5', '22', '2', '14', '6', '16', '15', '0', '8', '4', '20', '10', '23', '18', '13', '12', '19', '9'])"
3,21,0,[0]
3,24,0,[0]
3,18,0,[0]
3,12,0,[0]
3,15,0,[0]
3,23,0,[0]
3,13,0,[0]
3,19,0,[0]
3,10,0,[0]
3,2,0,[0]
3,3,0,[0]
3,16,0,[0]
3,14,0,[0]
3,0,0,[0]
3,1,0,[0]
3,5,0,[0]
3,4,0,[0]
3,20,0,[0]
3,6,0,[0]
3,8,0,[0]
3,11,0,[0]
3,9,0,[0]
3,7,0,[0]
3,17,0,[0]
3,22,0,[0]
"('n_atak', ['21', '24', '18', '12', '15', '23', '13', '19', '10', '2', '3', '16', '14', '0', '1', '5', '4', '20', '6', '8', '11', '9', '7', '17', '22'])"
4,15,0,[0]
4,2,0,[0]
4,1,0,[0]
4,10,0,[0]
4,3,0,[0]
4,21,0,[0]
4,19,0,[0]
4,20,0,[0]
4,24,0,[0]
4,5,0,[0]
4,4,0,[0]
4,16,0,[0]
4,12,0,[0]
4,8,0,[0]
4,9,0,[0]
4,22,0,[0]
4,23,0,[0]
4,13,0,[0]
4,0,0,[0]
4,7,0,[0]
4,6,0,[0]
4,17,0,[0]
4,11,0,[0]
4,18,0,[0]
4,14,0,[0]
"('n_atak', ['15', '2', '1', '10', '3', '21', '19', '20', '24', '5', '4', '16', '12', '8', '9', '22', '23', '13', '0', '7', '6', '17', '11', '18', '14'])"
5,16,0,[0]
5,15,0,[0]
5,2,0,[0]
5,22,0,[0]
5,3,0,[0]
5,9,0,[0]
5,4,0,[0]
5,11,0,[0]
5,6,0,[0]
5,12,0,[0]
5,7,0,[0]
5,8,0,[0]
5,20,0,[0]
5,14,0,[0]
5,1,0,[0]
5,17,0,[0]
5,5,0,[0]
5,23,0,[0]
5,24,0,[0]
5,21,0,[0]
5,18,0,[0]
5,19,0,[0]
5,10,0,[0]
5,13,0,[0]
5,0,0,[0]
"('n_atak', ['16', '15', '2', '22', '3', '9', '4', '11', '6', '12', '7', '8', '20', '14', '1', '17', '5', '23', '24', '21', '18', '19', '10', '13', '0'])"
6,5,0,[0]
6,19,0,[0]
6,2,0,[0]
6,12,0,[0]
6,13,0,[0]
6,22,0,[0]
6,20,0,[0]
6,21,0,[0]
6,6,0,[0]
6,1,0,[0]
6,11,0,[0]
6,4,0,[0]
6,15,0,[0]
6,10,0,[0]
6,9,0,[0]
6,16,0,[0]
6,23,0,[0]
6,24,0,[0]
6,3,0,[0]
6,0,0,[0]
6,8,0,[0]
6,17,0,[0]
6,14,0,[0]
6,7,0,[0]
6,18,0,[0]
"('n_atak', ['5', '19', '2', '12', '13', '22', '20', '21', '6', '1', '11', '4', '15', '10', '9', '16', '23', '24', '3', '0', '8', '17', '14', '7', '18'])"
7,24,0,[0]
7,10,0,[0]
7,11,0,[0]
7,18,0,[0]
7,8,0,[0]
7,14,0,[0]
7,5,0,[0]
7,23,0,[0]
7,2,0,[0]
7,20,0,[0]
7,16,0,[0]
7,21,0,[0]
7,19,0,[0]
7,7,0,[0]
7,15,0,[0]
7,6,0,[0]
7,9,0,[0]
7,3,0,[0]
7,13,0,[0]
7,4,0,[0]
7,1,0,[0]
7,17,0,[0]
7,0,0,[0]
7,12,0,[0]
7,22,0,[0]
"('n_atak', ['24', '10', '11', '18', '8', '14', '5', '23', '2', '20', '16', '21', '19', '7', '15', '6', '9', '3', '13', '4', '1', '17', '0', '12', '22'])"
8,23,0,[0]
8,9,0,[0]
8,19,0,[0]
8,22,0,[0]
8,5,0,[0]
8,8,0,[0]
8,18,0,[0]
8,1,0,[0]
8,13,0,[0]
8,3,0,[0]
8,14,0,[0]
8,2,0,[0]
8,6,0,[0]
8,11,0,[0]
8,0,0,[0]
8,17,0,[0]
8,15,0,[0]
8,7,0,[0]
8,20,0,[0]
8,4,0,[0]
8,21,0,[0]
8,24,0,[0]
8,10,0,[0]
8,16,0,[0]
8,12,0,[0]
"('n_atak', ['23', '9', '19', '22', '5', '8', '18', '1', '13', '3', '14', '2', '6', '11', '0', '17', '15', '7', '20', '4', '21', '24', '10', '16', '12'])"
9,11,0,[0]
9,1,0,[0]
9,23,0,[0]
9,10,0,[0]
9,24,0,[0]
9,16,0,[0]
9,0,0,[0]
9,2,0,[0]
9,4,0,[0]
9,18,0,[0]
9,6,0,[0]
9,12,0,[0]
9,8,0,[0]
9,9,0,[0]
9,7,0,[0]
9,13,0,[0]
9,3,0,[0]
9,21,0,[0]
9,15,0,[0]
9,20,0,[0]
9,17,0,[0]
9,5,0,[0]
9,19,0,[0]
9,22,0,[0]
9,14,0,[0]
"('n_atak', ['11', '1', '23', '10', '24', '16', '0', '2', '4', '18', '6', '12', '8', '9', '7', '13', '3', '21', '15', '20', '17', '5', '19', '22', '14'])"
10,0,0,[0]
10,22,0,[0]
10,18,0,[0]
10,13,0,[0]
10,2,0,[0]
10,9,0,[0]
10,16,0,[0]
10,10,0,[0]
10,4,0,[0]
10,5,0,[0]
10,12,0,[0]
10,8,0,[0]
10,6,0,[0]
10,20,0,[0]
10,3,0,[0]
10,19,0,[0]
10,21,0,[0]
10,23,0,[0]
10,14,0,[0]
10,11,0,[0]
10,24,0,[0]
10,7,0,[0]
10,15,0,[0]
10,1,0,[0]
10,17,0,[0]
"('n_atak', ['0', '22', '18', '13', '2', '9', '16', '10', '4', '5', '12', '8', '6', '20', '3', '19', '21', '23', '14', '11', '24', '7', '15', '1', '17'])"
11,6,0,[0]
11,9,0,[0]
11,18,0,[0]
11,10,0,[0]
11,15,0,[0]
11,13,0,[0]
11,22,0,[0]
11,21,0,[0]
11,5,0,[0]
11,14,0,[0]
11,20,0,[0]
11,11,0,[0]
11,23,0,[0]
11,3,0,[0]
11,2,0,[0]
11,1,0,[0]
11,16,0,[0]
11,4,0,[0]
11,0,0,[0]
11,12,0,[0]
11,24,0,[0]
11,7,0,[0]
11,17,0,[0]
11,8,0,[0]
11,19,0,[0]
"('n_atak', ['6', '9', '18', '10', '15', '13', '22', '21', '5', '14', '20', '11', '23', '3', '2', '1', '16', '4', '0', '12', '24', '7', '17', '8', '19'])"
12,14,0,[0]
12,1,0,[0]
12,19,0,[0]
12,5,0,[0]
12,15,0,[0]
12,0,0,[0]
12,17,0,[0]
12,7,0,[0]
12,12,0,[0]
12,2,0,[0]
12,18,0,[0]
12,4,0,[0]
12,22,0,[0]
12,24,0,[0]
12,10,0,[0]
12,20,0,[0]
12,16,0,[0]
12,3,0,[0]
12,21,0,[0]
12,13,0,[0]
12,6,0,[0]
12,9,0,[0]
12,11,0,[0]
12,23,0,[0]
12,8,0,[0]
"('n_atak', ['14', '1', '19', '5', '15', '0', '17', '7', '12', '2', '18', '4', '22', '24', '10', '20', '16', '3', '21', '13', '6', '9', '11', '23', '8'])"
13,3,0,[0]
13,4,0,[0]
13,20,0,[0]
13,24,0,[0]
13,15,0,[0]
13,12,0,[0]
13,19,0,[0]
13,11,0,[0]
13,14,0,[0]
13,8,0,[0]
13,7,0,[0]
13,18,0,[0]
13,13,0,[0]
13,21,0,[0]
13,17,0,[0]
13,9,0,[0]
13,0,0,[0]
13,6,0,[0]
13,10,0,[0]
13,16,0,[0]
13,1,0,[0]
13,22,0,[0]
13,2,0,[0]
13,5,0,[0]
13,23,0,[0]
"('n_atak', ['3', '4', '20', '24', '15', '12', '19', '11', '14', '8', '7', '18', '13', '21', '17', '9', '0', '6', '10', '16', '1', '22', '2', '5', '23'])"
14,6,0,[0]
14,7,0,[0]
14,2,0,[0]
14,8,0,[0]
14,24,0,[0]
14,20,0,[0]
14,23,0,[0]
14,4,0,[0]
14,17,0,[0]
14,9,0,[0]
14,21,0,[0]
14,22,0,[0]
14,18,0,[0]
14,13,0,[0]
14,14,0,[0]
14,0,0,[0]
14,16,0,[0]
14,10,0,[0]
14,12,0,[0]
14,19,0,[0]
14,15,0,[0]
14,3,0,[0]
14,11,0,[0]
14,5,0,[0]
14,1,0,[0]
"('n_atak', ['6', '7', '2', '8', '24', '20', '23', '4', '17', '9', '21', '22', '18', '13', '14', '0', '16', '10', '12', '19', '15', '3', '11', '5', '1'])"
15,16,0,[0]
15,8,0,[0]
15,20,0,[0]
15,1,0,[0]
15,15,0,[0]
15,24,0,[0]
15,4,0,[0]
15,2,0,[0]
15,12,0,[0]
15,9,0,[0]
15,13,0,[0]
15,0,0,[0]
15,19,0,[0]
15,18,0,[0]
15,11,0,[0]
15,14,0,[0]
15,5,0,[0]
15,6,0,[0]
15,10,0,[0]
15,21,0,[0]
15,7,0,[0]
15,23,0,[0]
15,17,0,[0]
15,22,0,[0]
15,3,0,[0]
"('n_atak', ['16', '8', '20', '1', '15', '24', '4', '2', '12', '9', '13', '0', '19', '18', '11', '14', '5', '6', '10', '21', '7', '23', '17', '22', '3'])"
16,18,0,[0]
16,22,0,[0]
16,10,0,[0]
16,6,0,[0]
16,0,0,[0]
16,13,0,[0]
16,19,0,[0]
16,21,0,[0]
16,4,0,[0]
16,17,0,[0]
16,7,0,[0]
16,9,0,[0]
16,3,0,[0]
16,12,0,[0]
16,15,0,[0]
16,16,0,[0]
16,20,0,[0]
16,8,0,[0]
16,24,0,[0]
16,11,0,[0]
16,23,0,[0]
16,5,0,[0]
16,2,0,[0]
16,14,0,[0]
16,1,0,[0]
"('n_atak', ['18', '22', '10', '6', '0', '13', '19', '21', '4', '17', '7', '9', '3', '12', '15', '16', '20', '8', '24', '11', '23', '5', '2', '14', '1'])"
17,1,0,[0]
17,10,0,[0]
17,11,0,[0]
17,0,0,[0]
17,12,0,[0]
17,24,0,[0]
17,8,0,[0]
17,3,0,[0]
17,14,0,[0]
17,22,0,[0]
17,19,0,[0]
17,16,0,[0]
17,7,0,[0]
17,2,0,[0]
17,6,0,[0]
17,21,0,[0]
17,17,0,[0]
17,5,0,[0]
17,15,0,[0]
17,18,0,[0]
17,13,0,[0]
17,20,0,[0]
17,23,0,[0]
17,4,0,[0]
17,9,0,[0]
"('n_atak', ['1', '10', '11', '0', '12', '24', '8', '3', '14', '22', '19', '16', '7', '2', '6', '21', '17', '5', '15', '18', '13', '20', '23', '4', '9'])"
2,24,0,[0]
2,1,0,[0]
2,17,0,[0]
2,3,0,[0]
2,21,0,[0]
2,7,0,[0]
2,11,0,[0]
2,5,0,[0]
2,22,0,[0]
2,2,0,[0]
2,14,0,[0]
2,6,0,[0]
2,16,0,[0]
2,15,0,[0]
2,0,0,[0]
2,8,0,[0]
2,4,0,[0]
2,20,0,[0]
2,10,0,[0]
2,23,0,[0]
2,18,0,[0]
2,13,0,[0]
2,12,0,[0]
2,19,0,[0]
2,9,0,[0]
"('n_atak', ['24', '1', '17', '3', '21', '7', '11', '5', '22', '2', '14', '6', '16', '15', '0', '8', '4', '20', '10', '23', '18', '13', '12', '19', '9'])"
3,21,0,[0]
3,24,0,[0]
3,18,0,[0]
3,12,0,[0]
3,15,0,[0]
3,23,0,[0]
3,13,0,[0]
3,19,0,[0]
3,10,0,[0]
3,2,0,[0]
3,3,0,[0]
3,16,0,[0]
3,14,0,[0]
3,0,0,[0]
3,1,0,[0]
3,5,0,[0]
3,4,0,[0]
3,20,0,[0]
3,6,0,[0]
3,8,0,[0]
3,11,0,[0]
3,9,0,[0]
3,7,0,[0]
3,17,0,[0]
3,22,0,[0]
"('n_atak', ['21', '24', '18', '12', '15', '23', '13', '19', '10', '2', '3', '16', '14', '0', '1', '5', '4', '20', '6', '8', '11', '9', '7', '17', '22'])"
4,15,0,[0]
4,2,0,[0]
4,1,0,[0]
4,10,0,[0]
4,3,0,[0]
4,21,0,[0]
4,19,0,[0]
4,20,0,[0]
4,24,0,[0]
4,5,0,[0]
4,4,0,[0]
4,16,0,[0]
4,12,0,[0]
4,8,0,[0]
4,9,0,[0]
4,22,0,[0]
4,23,0,[0]
4,13,0,[0]
4,0,0,[0]
4,7,0,[0]
4,6,0,[0]
4,17,0,[0]
4,11,0,[0]
4,18,0,[0]
4,14,0,[0]
"('n_atak', ['15', '2', '1', '10', '3', '21', '19', '20', '24', '5', '4', '16', '12', '8', '9', '22', '23', '13', '0', '7', '6', '17', '11', '18', '14'])"
5,16,0,[0]
5,15,0,[0]
5,2,0,[0]
5,22,0,[0]
5,3,0,[0]
5,9,0,[0]
5,4,0,[0]
5,11,0,[0]
5,6,0,[0]
5,12,0,[0]
5,7,0,[0]
5,8,0,[0]
5,20,0,[0]
5,14,0,[0]
5,1,0,[0]
5,17,0,[0]
5,5,0,[0]
5,23,0,[0]
5,24,0,[0]
5,21,0,[0]
5,18,0,[0]
5,19,0,[0]
5,10,0,[0]
5,13,0,[0]
5,0,0,[0]
"('n_atak', ['16', '15', '2', '22', '3', '9', '4', '11', '6', '12', '7', '8', '20', '14', '1', '17', '5', '23', '24', '21', '18', '19', '10', '13', '0'])"
6,5,0,[0]
6,19,0,[0]
6,2,0,[0]
6,12,0,[0]
6,13,0,[0]
6,22,0,[0]
6,20,0,[0]
6,21,0,[0]
6,6,0,[0]
6,1,0,[0]
6,11,0,[0]
6,4,0,[0]
6,15,0,[0]
6,10,0,[0]
6,9,0,[0]
6,16,0,[0]
6,23,0,[0]
6,24,0,[0]
6,3,0,[0]
6,0,0,[0]
6,8,0,[0]
6,17,0,[0]
6,14,0,[0]
6,7,0,[0]
6,18,0,[0]
"('n_atak', ['5', '19', '2', '12', '13', '22', '20', '21', '6', '1', '11', '4', '15', '10', '9', '16', '23', '24', '3', '0', '8', '17', '14', '7', '18'])"
7,24,0,[0]
7,10,0,[0]
7,11,0,[0]
7,18,0,[0]
7,8,0,[0]
7,14,0,[0]
7,5,0,[0]
7,23,0,[0]
7,2,0,[0]
7,20,0,[0]
7,16,0,[0]
7,21,0,[0]
7,19,0,[0]
7,7,0,[0]
7,15,0,[0]
7,6,0,[0]
7,9,0,[0]
7,3,0,[0]
7,13,0,[0]
7,4,0,[0]
7,1,0,[0]
7,17,0,[0]
7,0,0,[0]
7,12,0,[0]
7,22,0,[0]
"('n_atak', ['24', '10', '11', '18', '8', '14', '5', '23', '2', '20', '16', '21', '19', '7', '15', '6', '9', '3', '13', '4', '1', '17', '0', '12', '22'])"
8,23,0,[0]
8,9,0,[0]
8,19,0,[0]
8,22,0,[0]
8,5,0,[0]
8,8,0,[0]
8,18,0,[0]
8,1,0,[0]
8,13,0,[0]
8,3,0,[0]
8,14,0,[0]
8,2,0,[0]
8,6,0,[0]
8,11,0,[0]
8,0,0,[0]
8,17,0,[0]
8,15,0,[0]
8,7,0,[0]
8,20,0,[0]
8,4,0,[0]
8,21,0,[0]
8,24,0,[0]
8,10,0,[0]
8,16,0,[0]
8,12,0,[0]
"('n_atak', ['23', '9', '19', '22', '5', '8', '18', '1', '13', '3', '14', '2', '6', '11', '0', '17', '15', '7', '20', '4', '21', '24', '10', '16', '12'])"
9,11,0,[0]
9,1,0,[0]
9,23,0,[0]
9,10,0,[0]
9,24,0,[0]
9,16,0,[0]
9,0,0,[0]
9,2,0,[0]
9,4,0,[0]
9,18,0,[0]
9,6,0,[0]
9,12,0,[0]
9,8,0,[0]
9,9,0,[0]
9,7,0,[0]
9,13,0,[0]
9,3,0,[0]
9,21,0,[0]
9,15,0,[0]
9,20,0,[0]
9,17,0,[0]
9,5,0,[0]
9,19,0,[0]
9,22,0,[0]
9,14,0,[0]
"('n_atak', ['11', '1', '23', '10', '24', '16', '0', '2', '4', '18', '6', '12', '8', '9', '7', '13', '3', '21', '15', '20', '17', '5', '19', '22', '14'])"
10,0,0,[0]
10,22,0,[0]
10,18,0,[0]
10,13,0,[0]
10,2,0,[0]
10,9,0,[0]
10,16,0,[0]
10,10,0,[0]
10,4,0,[0]
10,5,0,[0]
10,12,0,[0]
10,8,0,[0]
10,6,0,[0]
10,20,0,[0]
10,3,0,[0]
10,19,0,[0]
10,21,0,[0]
10,23,0,[0]
10,14,0,[0]
10,11,0,[0]
10,24,0,[0]
10,7,0,[0]
10,15,0,[0]
10,1,0,[0]
10,17,0,[0]
"('n_atak', ['0', '22', '18', '13', '2', '9', '16', '10', '4', '5', '12', '8', '6', '20', '3', '19', '21', '23', '14', '11', '24', '7', '15', '1', '17'])"
11,6,0,[0]
11,9,0,[0]
11,18,0,[0]
11,10,0,[0]
11,15,0,[0]
11,13,0,[0]
11,22,0,[0]
11,21,0,[0]
11,5,0,[0]
11,14,0,[0]
11,20,0,[0]
11,11,0,[0]
11,23,0,[0]
11,3,0,[0]
11,2,0,[0]
11,1,0,[0]
11,16,0,[0]
11,4,0,[0]
11,0,0,[0]
11,12,0,[0]
11,24,0,[0]
11,7,0,[0]
11,17,0,[0]
11,8,0,[0]
11,19,0,[0]
"('n_atak', ['6', '9', '18', '10', '15', '13', '22', '21', '5', '14', '20', '11', '23', '3', '2', '1', '16', '4', '0', '12', '24', '7', '17', '8', '19'])"
12,14,0,[0]
12,1,0,[0]
12,19,0,[0]
12,5,0,[0]
12,15,0,[0]
12,0,0,[0]
12,17,0,[0]
12,7,0,[0]
12,12,0,[0]
12,2,0,[0]
12,18,0,[0]
12,4,0,[0]
12,22,0,[0]
12,24,0,[0]
12,10,0,[0]
12,20,0,[0]
12,16,0,[0]
12,3,0,[0]
12,21,0,[0]
12,13,0,[0]
12,6,0,[0]
12,9,0,[0]
12,11,0,[0]
12,23,0,[0]
12,8,0,[0]
"('n_atak', ['14', '1', '19', '5', '15', '0', '17', '7', '12', '2', '18', '4', '22', '24', '10', '20', '16', '3', '21', '13', '6', '9', '11', '23', '8'])"
13,3,0,[0]
13,4,0,[0]
13,20,0,[0]
13,24,0,[0]
13,15,0,[0]
13,12,0,[0]
13,19,0,[0]
13,11,0,[0]
13,14,0,[0]
13,8,0,[0]
13,7,0,[0]
13,18,0,[0]
13,13,0,[0]
13,21,0,[0]
13,17,0,[0]
13,9,0,[0]
13,0,0,[0]
13,6,0,[0]
13,10,0,[0]
13,16,0,[0]
13,1,0,[0]
13,22,0,[0]
13,2,0,[0]
13,5,0,[0]
13,23,0,[0]
"('n_atak', ['3', '4', '20', '24', '15', '12', '19', '11', '14', '8', '7', '18', '13', '21', '17', '9', '0', '6', '10', '16', '1', '22', '2', '5', '23'])"
14,6,0,[0]
14,7,0,[0]
14,2,0,[0]
14,8,0,[0]
14,24,0,[0]
14,20,0,[0]
14,23,0,[0]
14,4,0,[0]
14,17,0,[0]
14,9,0,[0]
14,21,0,[0]
14,22,0,[0]
14,18,0,[0]
14,13,0,[0]
14,14,0,[0]
14,0,0,[0]
14,16,0,[0]
14,10,0,[0]
14,12,0,[0]
14,19,0,[0]
14,15,0,[0]
14,3,0,[0]
14,11,0,[0]
14,5,0,[0]
14,1,0,[0]
"('n_atak', ['6', '7', '2', '8', '24', '20', '23', '4', '17', '9', '21', '22', '18', '13', '14', '0', '16', '10', '12', '19', '15', '3', '11', '5', '1'])"
15,16,0,[0]
15,8,0,[0]
15,20,0,[0]
15,1,0,[0]
15,15,0,[0]
15,24,0,[0]
15,4,0,[0]
15,2,0,[0]
15,12,0,[0]
15,9,0,[0]
15,13,0,[0]
15,0,0,[0]
15,19,0,[0]
15,18,0,[0]
15,11,0,[0]
15,14,0,[0]
15,5,0,[0]
15,6,0,[0]
15,10,0,[0]
15,21,0,[0]
15,7,0,[0]
15,23,0,[0]
15,17,0,[0]
15,22,0,[0]
15,3,0,[0]
"('n_atak', ['16', '8', '20', '1', '15', '24', '4', '2', '12', '9', '13', '0', '19', '18', '11', '14', '5', '6', '10', '21', '7', '23', '17', '22', '3'])"
16,18,0,[0]
16,22,0,[0]
16,10,0,[0]
16,6,0,[0]
16,0,0,[0]
16,13,0,[0]
16,19,0,[0]
16,21,0,[0]
16,4,0,[0]
16,17,0,[0]
16,7,0,[0]
16,9,0,[0]
16,3,0,[0]
16,12,0,[0]
16,15,0,[0]
16,16,0,[0]
16,20,0,[0]
16,8,0,[0]
16,24,0,[0]
16,11,0,[0]
16,23,0,[0]
16,5,0,[0]
16,2,0,[0]
16,14,0,[0]
16,1,0,[0]
"('n_atak', ['18', '22', '10', '6', '0', '13', '19', '21', '4', '17', '7', '9', '3', '12', '15', '16', '20', '8', '24', '11', '23', '5', '2', '14', '1'])"
17,1,0,[0]
17,10,0,[0]
17,11,0,[0]
17,0,0,[0]
17,12,0,[0]
17,24,0,[0]
17,8,0,[0]
17,3,0,[0]
17,14,0,[0]
17,22,0,[0]
17,19,0,[0]
17,16,0,[0]
17,7,0,[0]
17,2,0,[0]
17,6,0,[0]
17,21,0,[0]
17,17,0,[0]
17,5,0,[0]
17,15,0,[0]
17,18,0,[0]
17,13,0,[0]
17,20,0,[0]
17,23,0,[0]
17,4,0,[0]
17,9,0,[0]
"('n_atak', ['1', '10', '11', '0', '12', '24', '8', '3', '14', '22', '19', '16', '7', '2', '6', '21', '17', '5', '15', '18', '13', '20', '23', '4', '9'])"
18,22,0,[0]
18,9,0,[0]
18,8,0,[0]
18,11,0,[0]
18,23,0,[0]
18,1,0,[0]
18,20,0,[0]
18,14,0,[0]
18,5,0,[0]
18,17,0,[0]
18,3,0,[0]
18,13,0,[0]
18,19,0,[0]
18,2,0,[0]
18,10,0,[0]
18,0,0,[0]
18,18,0,[0]
18,4,0,[0]
18,12,0,[0]
18,21,0,[0]
18,15,0,[0]
18,6,0,[0]
18,7,0,[0]
18,24,0,[0]
18,16,0,[0]
"('n_atak', ['22', '9', '8', '11', '23', '1', '20', '14', '5', '17', '3', '13', '19', '2', '10', '0', '18', '4', '12', '21', '15', '6', '7', '24', '16'])"
2,24,0,[0]
2,1,0,[0]
2,17,0,[0]
2,3,0,[0]
2,21,0,[0]
2,7,0,[0]
2,11,0,[0]
2,5,0,[0]
2,22,0,[0]
2,2,0,[0]
2,14,0,[0]
2,6,0,[0]
2,16,0,[0]
2,15,0,[0]
2,0,0,[0]
2,8,0,[0]
2,4,0,[0]
2,20,0,[0]
2,10,0,[0]
2,23,0,[0]
2,18,0,[0]
2,13,0,[0]
2,12,0,[0]
2,19,0,[0]
2,9,0,[0]
"('n_atak', ['24', '1', '17', '3', '21', '7', '11', '5', '22', '2', '14', '6', '16', '15', '0', '8', '4', '20', '10', '23', '18', '13', '12', '19', '9'])"
3,21,0,[0]
3,24,0,[0]
3,18,0,[0]
3,12,0,[0]
3,15,0,[0]
3,23,0,[0]
3,13,0,[0]
3,19,0,[0]
3,10,0,[0]
3,2,0,[0]
3,3,0,[0]
3,16,0,[0]
3,14,0,[0]
3,0,0,[0]
3,1,0,[0]
3,5,0,[0]
3,4,0,[0]
3,20,0,[0]
3,6,0,[0]
3,8,0,[0]
3,11,0,[0]
3,9,0,[0]
3,7,0,[0]
3,17,0,[0]
3,22,0,[0]
"('n_atak', ['21', '24', '18', '12', '15', '23', '13', '19', '10', '2', '3', '16', '14', '0', '1', '5', '4', '20', '6', '8', '11', '9', '7', '17', '22'])"
4,15,0,[0]
4,2,0,[0]
4,1,0,[0]
4,10,0,[0]
4,3,0,[0]
4,21,0,[0]
4,19,0,[0]
4,20,0,[0]
4,24,0,[0]
4,5,0,[0]
4,4,0,[0]
4,16,0,[0]
4,12,0,[0]
4,8,0,[0]
4,9,0,[0]
4,22,0,[0]
4,23,0,[0]
4,13,0,[0]
4,0,0,[0]
4,7,0,[0]
4,6,0,[0]
4,17,0,[0]
4,11,0,[0]
4,18,0,[0]
4,14,0,[0]
"('n_atak', ['15', '2', '1', '10', '3', '21', '19', '20', '24', '5', '4', '16', '12', '8', '9', '22', '23', '13', '0', '7', '6', '17', '11', '18', '14'])"
5,16,0,[0]
5,15,0,[0]
5,2,0,[0]
5,22,0,[0]
5,3,0,[0]
5,9,0,[0]
5,4,0,[0]
5,11,0,[0]
5,6,0,[0]
5,12,0,[0]
5,7,0,[0]
5,8,0,[0]
5,20,0,[0]
5,14,0,[0]
5,1,0,[0]
5,17,0,[0]
5,5,0,[0]
5,23,0,[0]
5,24,0,[0]
5,21,0,[0]
5,18,0,[0]
5,19,0,[0]
5,10,0,[0]
5,13,0,[0]
5,0,0,[0]
"('n_atak', ['16', '15', '2', '22', '3', '9', '4', '11', '6', '12', '7', '8', '20', '14', '1', '17', '5', '23', '24', '21', '18', '19', '10', '13', '0'])"
6,5,0,[0]
6,19,0,[0]
6,2,0,[0]
6,12,0,[0]
6,13,0,[0]
6,22,0,[0]
6,20,0,[0]
6,21,0,[0]
6,6,0,[0]
6,1,0,[0]
6,11,0,[0]
6,4,0,[0]
6,15,0,[0]
6,10,0,[0]
6,9,0,[0]
6,16,0,[0]
6,23,0,[0]
6,24,0,[0]
6,3,0,[0]
6,0,0,[0]
6,8,0,[0]
6,17,0,[0]
6,14,0,[0]
6,7,0,[0]
6,18,0,[0]
"('n_atak', ['5', '19', '2', '12', '13', '22', '20', '21', '6', '1', '11', '4', '15', '10', '9', '16', '23', '24', '3', '0', '8', '17', '14', '7', '18'])"
7,24,0,[0]
7,10,0,[0]
7,11,0,[0]
7,18,0,[0]
7,8,0,[0]
7,14,0,[0]
7,5,0,[0]
7,23,0,[0]
7,2,0,[0]
7,20,0,[0]
7,16,0,[0]
7,21,0,[0]
7,19,0,[0]
7,7,0,[0]
7,15,0,[0]
7,6,0,[0]
7,9,0,[0]
7,3,0,[0]
7,13,0,[0]
7,4,0,[0]
7,1,0,[0]
7,17,0,[0]
7,0,0,[0]
7,12,0,[0]
7,22,0,[0]
"('n_atak', ['24', '10', '11', '18', '8', '14', '5', '23', '2', '20', '16', '21', '19', '7', '15', '6', '9', '3', '13', '4', '1', '17', '0', '12', '22'])"
8,23,0,[0]
8,9,0,[0]
8,19,0,[0]
8,22,0,[0]
8,5,0,[0]
8,8,0,[0]
8,18,0,[0]
8,1,0,[0]
8,13,0,[0]
8,3,0,[0]
8,14,0,[0]
8,2,0,[0]
8,6,0,[0]
8,11,0,[0]
8,0,0,[0]
8,17,0,[0]
8,15,0,[0]
8,7,0,[0]
8,20,0,[0]
8,4,0,[0]
8,21,0,[0]
8,24,0,[0]
8,10,0,[0]
8,16,0,[0]
8,12,0,[0]
"('n_atak', ['23', '9', '19', '22', '5', '8', '18', '1', '13', '3', '14', '2', '6', '11', '0', '17', '15', '7', '20', '4', '21', '24', '10', '16', '12'])"
9,11,0,[0]
9,1,0,[0]
9,23,0,[0]
9,10,0,[0]
9,24,0,[0]
9,16,0,[0]
9,0,0,[0]
9,2,0,[0]
9,4,0,[0]
9,18,0,[0]
9,6,0,[0]
9,12,0,[0]
9,8,0,[0]
9,9,0,[0]
9,7,0,[0]
9,13,0,[0]
9,3,0,[0]
9,21,0,[0]
9,15,0,[0]
9,20,0,[0]
9,17,0,[0]
9,5,0,[0]
9,19,0,[0]
9,22,0,[0]
9,14,0,[0]
"('n_atak', ['11', '1', '23', '10', '24', '16', '0', '2', '4', '18', '6', '12', '8', '9', '7', '13', '3', '21', '15', '20', '17', '5', '19', '22', '14'])"
10,0,0,[0]
10,22,0,[0]
10,18,0,[0]
10,13,0,[0]
10,2,0,[0]
10,9,0,[0]
10,16,0,[0]
10,10,0,[0]
10,4,0,[0]
10,5,0,[0]
10,12,0,[0]
10,8,0,[0]
10,6,0,[0]
10,20,0,[0]
10,3,0,[0]
10,19,0,[0]
10,21,0,[0]
10,23,0,[0]
10,14,0,[0]
10,11,0,[0]
10,24,0,[0]
10,7,0,[0]
10,15,0,[0]
10,1,0,[0]
10,17,0,[0]
"('n_atak', ['0', '22', '18', '13', '2', '9', '16', '10', '4', '5', '12', '8', '6', '20', '3', '19', '21', '23', '14', '11', '24', '7', '15', '1', '17'])"
11,6,0,[0]
11,9,0,[0]
11,18,0,[0]
11,10,0,[0]
11,15,0,[0]
11,13,0,[0]
11,22,0,[0]
11,21,0,[0]
11,5,0,[0]
11,14,0,[0]
11,20,0,[0]
11,11,0,[0]
11,23,0,[0]
11,3,0,[0]
11,2,0,[0]
11,1,0,[0]
11,16,0,[0]
11,4,0,[0]
11,0,0,[0]
11,12,0,[0]
11,24,0,[0]
11,7,0,[0]
11,17,0,[0]
11,8,0,[0]
11,19,0,[0]
"('n_atak', ['6', '9', '18', '10', '15', '13', '22', '21', '5', '14', '20', '11', '23', '3', '2', '1', '16', '4', '0', '12', '24', '7', '17', '8', '19'])"
12,14,0,[0]
12,1,0,[0]
12,19,0,[0]
12,5,0,[0]
12,15,0,[0]
12,0,0,[0]
12,17,0,[0]
12,7,0,[0]
12,12,0,[0]
12,2,0,[0]
12,18,0,[0]
12,4,0,[0]
12,22,0,[0]
12,24,0,[0]
12,10,0,[0]
12,20,0,[0]
12,16,0,[0]
12,3,0,[0]
12,21,0,[0]
12,13,0,[0]
12,6,0,[0]
12,9,0,[0]
12,11,0,[0]
12,23,0,[0]
12,8,0,[0]
"('n_atak', ['14', '1', '19', '5', '15', '0', '17', '7', '12', '2', '18', '4', '22', '24', '10', '20', '16', '3', '21', '13', '6', '9', '11', '23', '8'])"
13,3,0,[0]
13,4,0,[0]
13,20,0,[0]
13,24,0,[0]
13,15,0,[0]
13,12,0,[0]
13,19,0,[0]
13,11,0,[0]
13,14,0,[0]
13,8,0,[0]
13,7,0,[0]
13,18,0,[0]
13,13,0,[0]
13,21,0,[0]
13,17,0,[0]
13,9,0,[0]
13,0,0,[0]
13,6,0,[0]
13,10,0,[0]
13,16,0,[0]
13,1,0,[0]
13,22,0,[0]
13,2,0,[0]
13,5,0,[0]
13,23,0,[0]
"('n_atak', ['3', '4', '20', '24', '15', '12', '19', '11', '14', '8', '7', '18', '13', '21', '17', '9', '0', '6', '10', '16', '1', '22', '2', '5', '23'])"
14,6,0,[0]
14,7,0,[0]
14,2,0,[0]
14,8,0,[0]
14,24,0,[0]
14,20,0,[0]
14,23,0,[0]
14,4,0,[0]
14,17,0,[0]
14,9,0,[0]
14,21,0,[0]
14,22,0,[0]
14,18,0,[0]
14,13,0,[0]
14,14,0,[0]
14,0,0,[0]
14,16,0,[0]
14,10,0,[0]
14,12,0,[0]
14,19,0,[0]
14,15,0,[0]
14,3,0,[0]
14,11,0,[0]
14,5,0,[0]
14,1,0,[0]
"('n_atak', ['6', '7', '2', '8', '24', '20', '23', '4', '17', '9', '21', '22', '18', '13', '14', '0', '16', '10', '12', '19', '15', '3', '11', '5', '1'])"
15,16,0,[0]
15,8,0,[0]
15,20,0,[0]
15,1,0,[0]
15,15,0,[0]
15,24,0,[0]
15,4,0,[0]
15,2,0,[0]
15,12,0,[0]
15,9,0,[0]
15,13,0,[0]
15,0,0,[0]
15,19,0,[0]
15,18,0,[0]
15,11,0,[0]
15,14,0,[0]
15,5,0,[0]
15,6,0,[0]
15,10,0,[0]
15,21,0,[0]
15,7,0,[0]
15,23,0,[0]
15,17,0,[0]
15,22,0,[0]
15,3,0,[0]
"('n_atak', ['16', '8', '20', '1', '15', '24', '4', '2', '12', '9', '13', '0', '19', '18', '11', '14', '5', '6', '10', '21', '7', '23', '17', '22', '3'])"
16,18,0,[0]
16,22,0,[0]
16,10,0,[0]
16,6,0,[0]
16,0,0,[0]
16,13,0,[0]
16,19,0,[0]
16,21,0,[0]
16,4,0,[0]
16,17,0,[0]
16,7,0,[0]
16,9,0,[0]
16,3,0,[0]
16,12,0,[0]
16,15,0,[0]
16,16,0,[0]
16,20,0,[0]
16,8,0,[0]
16,24,0,[0]
16,11,0,[0]
16,23,0,[0]
16,5,0,[0]
16,2,0,[0]
16,14,0,[0]
16,1,0,[0]
"('n_atak', ['18', '22', '10', '6', '0', '13', '19', '21', '4', '17', '7', '9', '3', '12', '15', '16', '20', '8', '24', '11', '23', '5', '2', '14', '1'])"
17,1,0,[0]
17,10,0,[0]
17,11,0,[0]
17,0,0,[0]
17,12,0,[0]
17,24,0,[0]
17,8,0,[0]
17,3,0,[0]
17,14,0,[0]
17,22,0,[0]
17,19,0,[0]
17,16,0,[0]
17,7,0,[0]
17,2,0,[0]
17,6,0,[0]
17,21,0,[0]
17,17,0,[0]
17,5,0,[0]
17,15,0,[0]
17,18,0,[0]
17,13,0,[0]
17,20,0,[0]
17,23,0,[0]
17,4,0,[0]
17,9,0,[0]
"('n_atak', ['1', '10', '11', '0', '12', '24', '8', '3', '14', '22', '19', '16', '7', '2', '6', '21', '17', '5', '15', '18', '13', '20', '23', '4', '9'])"
18,22,0,[0]
18,9,0,[0]
18,8,0,[0]
18,11,0,[0]
18,23,0,[0]
18,1,0,[0]
18,20,0,[0]
18,14,0,[0]
18,5,0,[0]
18,17,0,[0]
18,3,0,[0]
18,13,0,[0]
18,19,0,[0]
18,2,0,[0]
18,10,0,[0]
18,0,0,[0]
18,18,0,[0]
18,4,0,[0]
18,12,0,[0]
18,21,0,[0]
18,15,0,[0]
18,6,0,[0]
18,7,0,[0]
18,24,0,[0]
18,16,0,[0]
"('n_atak', ['22', '9', '8', '11', '23', '1', '20', '14', '5', '17', '3', '13', '19', '2', '10', '0', '18', '4', '12', '21', '15', '6', '7', '24', '16'])"
19,4,0,[0]
19,0,0,[0]
19,22,0,[0]
19,18,0,[0]
19,3,0,[0]
19,11,0,[0]
19,16,0,[0]
19,7,0,[0]
19,23,0,[0]
19,19,0,[0]
19,12,0,[0]
19,13,0,[0]
19,10,0,[0]
19,14,0,[0]
19,1,0,[0]
19,8,0,[0]
19,24,0,[0]
19,2,0,[0]
19,5,0,[0]
19,17,0,[0]
19,9,0,[0]
19,15,0,[0]
19,21,0,[0]
19,6,0,[0]
19,20,0,[0]
"('n_atak', ['4', '0', '22', '18', '3', '11', '16', '7', '23', '19', '12', '13', '10', '14', '1', '8', '24', '2', '5', '17', '9', '15', '21', '6', '20'])"
2,24,0,[0]
2,1,0,[0]
2,17,0,[0]
2,3,0,[0]
2,21,0,[0]
2,7,0,[0]
2,11,0,[0]
2,5,0,[0]
2,22,0,[0]
2,2,0,[0]
2,14,0,[0]
2,6,0,[0]
2,16,0,[0]
2,15,0,[0]
2,0,0,[0]
2,8,0,[0]
2,4,0,[0]
2,20,0,[0]
2,10,0,[0]
2,23,0,[0]
2,18,0,[0]
2,13,0,[0]
2,12,0,[0]
2,19,0,[0]
2,9,0,[0]
"('n_atak', ['24', '1', '17', '3', '21', '7', '11', '5', '22', '2', '14', '6', '16', '15', '0', '8', '4', '20', '10', '23', '18', '13', '12', '19', '9'])"
3,21,0,[0]
3,24,0,[0]
3,18,0,[0]
3,12,0,[0]
3,15,0,[0]
3,23,0,[0]
3,13,0,[0]
3,19,0,[0]
3,10,0,[0]
3,2,0,[0]
3,3,0,[0]
3,16,0,[0]
3,14,0,[0]
3,0,0,[0]
3,1,0,[0]
3,5,0,[0]
3,4,0,[0]
3,20,0,[0]
3,6,0,[0]
3,8,0,[0]
3,11,0,[0]
3,9,0,[0]
3,7,0,[0]
3,17,0,[0]
3,22,0,[0]
"('n_atak', ['21', '24', '18', '12', '15', '23', '13', '19', '10', '2', '3', '16', '14', '0', '1', '5', '4', '20', '6', '8', '11', '9', '7', '17', '22'])"
4,15,0,[0]
4,2,0,[0]
4,1,0,[0]
4,10,0,[0]
4,3,0,[0]
4,21,0,[0]
4,19,0,[0]
4,20,0,[0]
4,24,0,[0]
4,5,0,[0]
4,4,0,[0]
4,16,0,[0]
4,12,0,[0]
4,8,0,[0]
4,9,0,[0]
4,22,0,[0]
4,23,0,[0]
4,13,0,[0]
4,0,0,[0]
4,7,0,[0]
4,6,0,[0]
4,17,0,[0]
4,11,0,[0]
4,18,0,[0]
4,14,0,[0]
"('n_atak', ['15', '2', '1', '10', '3', '21', '19', '20', '24', '5', '4', '16', '12', '8', '9', '22', '23', '13', '0', '7', '6', '17', '11', '18', '14'])"
5,16,0,[0]
5,15,0,[0]
5,2,0,[0]
5,22,0,[0]
5,3,0,[0]
5,9,0,[0]
5,4,0,[0]
5,11,0,[0]
5,6,0,[0]
5,12,0,[0]
5,7,0,[0]
5,8,0,[0]
5,20,0,[0]
5,14,0,[0]
5,1,0,[0]
5,17,0,[0]
5,5,0,[0]
5,23,0,[0]
5,24,0,[0]
5,21,0,[0]
5,18,0,[0]
5,19,0,[0]
5,10,0,[0]
5,13,0,[0]
5,0,0,[0]
"('n_atak', ['16', '15', '2', '22', '3', '9', '4', '11', '6', '12', '7', '8', '20', '14', '1', '17', '5', '23', '24', '21', '18', '19', '10', '13', '0'])"
6,5,0,[0]
6,19,0,[0]
6,2,0,[0]
6,12,0,[0]
6,13,0,[0]
6,22,0,[0]
6,20,0,[0]
6,21,0,[0]
6,6,0,[0]
6,1,0,[0]
6,11,0,[0]
6,4,0,[0]
6,15,0,[0]
6,10,0,[0]
6,9,0,[0]
6,16,0,[0]
6,23,0,[0]
6,24,0,[0]
6,3,0,[0]
6,0,0,[0]
6,8,0,[0]
6,17,0,[0]
6,14,0,[0]
6,7,0,[0]
6,18,0,[0]
"('n_atak', ['5', '19', '2', '12', '13', '22', '20', '21', '6', '1', '11', '4', '15', '10', '9', '16', '23', '24', '3', '0', '8', '17', '14', '7', '18'])"
7,24,0,[0]
7,10,0,[0]
7,11,0,[0]
7,18,0,[0]
7,8,0,[0]
7,14,0,[0]
7,5,0,[0]
7,23,0,[0]
7,2,0,[0]
7,20,0,[0]
7,16,0,[0]
7,21,0,[0]
7,19,0,[0]
7,7,0,[0]
7,15,0,[0]
7,6,0,[0]
7,9,0,[0]
7,3,0,[0]
7,13,0,[0]
7,4,0,[0]
7,1,0,[0]
7,17,0,[0]
7,0,0,[0]
7,12,0,[0]
7,22,0,[0]
"('n_atak', ['24', '10', '11', '18', '8', '14', '5', '23', '2', '20', '16', '21', '19', '7', '15', '6', '9', '3', '13', '4', '1', '17', '0', '12', '22'])"
8,23,0,[0]
8,9,0,[0]
8,19,0,[0]
8,22,0,[0]
8,5,0,[0]
8,8,0,[0]
8,18,0,[0]
8,1,0,[0]
8,13,0,[0]
8,3,0,[0]
8,14,0,[0]
8,2,0,[0]
8,6,0,[0]
8,11,0,[0]
8,0,0,[0]
8,17,0,[0]
8,15,0,[0]
8,7,0,[0]
8,20,0,[0]
8,4,0,[0]
8,21,0,[0]
8,24,0,[0]
8,10,0,[0]
8,16,0,[0]
8,12,0,[0]
"('n_atak', ['23', '9', '19', '22', '5', '8', '18', '1', '13', '3', '14', '2', '6', '11', '0', '17', '15', '7', '20', '4', '21', '24', '10', '16', '12'])"
9,11,0,[0]
9,1,0,[0]
9,23,0,[0]
9,10,0,[0]
9,24,0,[0]
9,16,0,[0]
9,0,0,[0]
9,2,0,[0]
9,4,0,[0]
9,18,0,[0]
9,6,0,[0]
9,12,0,[0]
9,8,0,[0]
9,9,0,[0]
9,7,0,[0]
9,13,0,[0]
9,3,0,[0]
9,21,0,[0]
9,15,0,[0]
9,20,0,[0]
9,17,0,[0]
9,5,0,[0]
9,19,0,[0]
9,22,0,[0]
9,14,0,[0]
"('n_atak', ['11', '1', '23', '10', '24', '16', '0', '2', '4', '18', '6', '12', '8', '9', '7', '13', '3', '21', '15', '20', '17', '5', '19', '22', '14'])"
10,0,0,[0]
10,22,0,[0]
10,18,0,[0]
10,13,0,[0]
10,2,0,[0]
10,9,0,[0]
10,16,0,[0]
10,10,0,[0]
10,4,0,[0]
10,5,0,[0]
10,12,0,[0]
10,8,0,[0]
10,6,0,[0]
10,20,0,[0]
10,3,0,[0]
10,19,0,[0]
10,21,0,[0]
10,23,0,[0]
10,14,0,[0]
10,11,0,[0]
10,24,0,[0]
10,7,0,[0]
10,15,0,[0]
10,1,0,[0]
10,17,0,[0]
"('n_atak', ['0', '22', '18', '13', '2', '9', '16', '10', '4', '5', '12', '8', '6', '20', '3', '19', '21', '23', '14', '11', '24', '7', '15', '1', '17'])"
11,6,0,[0]
11,9,0,[0]
11,18,0,[0]
11,10,0,[0]
11,15,0,[0]
11,13,0,[0]
11,22,0,[0]
11,21,0,[0]
11,5,0,[0]
11,14,0,[0]
11,20,0,[0]
11,11,0,[0]
11,23,0,[0]
11,3,0,[0]
11,2,0,[0]
11,1,0,[0]
11,16,0,[0]
11,4,0,[0]
11,0,0,[0]
11,12,0,[0]
11,24,0,[0]
11,7,0,[0]
11,17,0,[0]
11,8,0,[0]
11,19,0,[0]
"('n_atak', ['6', '9', '18', '10', '15', '13', '22', '21', '5', '14', '20', '11', '23', '3', '2', '1', '16', '4', '0', '12', '24', '7', '17', '8', '19'])"
12,14,0,[0]
12,1,0,[0]
12,19,0,[0]
12,5,0,[0]
12,15,0,[0]
12,0,0,[0]
12,17,0,[0]
12,7,0,[0]
12,12,0,[0]
12,2,0,[0]
12,18,0,[0]
12,4,0,[0]
12,22,0,[0]
12,24,0,[0]
12,10,0,[0]
12,20,0,[0]
12,16,0,[0]
12,3,0,[0]
12,21,0,[0]
12,13,0,[0]
12,6,0,[0]
12,9,0,[0]
12,11,0,[0]
12,23,0,[0]
12,8,0,[0]
"('n_atak', ['14', '1', '19', '5', '15', '0', '17', '7', '12', '2', '18', '4', '22', '24', '10', '20', '16', '3', '21', '13', '6', '9', '11', '23', '8'])"
13,3,0,[0]
13,4,0,[0]
13,20,0,[0]
13,24,0,[0]
13,15,0,[0]
13,12,0,[0]
13,19,0,[0]
13,11,0,[0]
13,14,0,[0]
13,8,0,[0]
13,7,0,[0]
13,18,0,[0]
13,13,0,[0]
13,21,0,[0]
13,17,0,[0]
13,9,0,[0]
13,0,0,[0]
13,6,0,[0]
13,10,0,[0]
13,16,0,[0]
13,1,0,[0]
13,22,0,[0]
13,2,0,[0]
13,5,0,[0]
13,23,0,[0]
"('n_atak', ['3', '4', '20', '24', '15', '12', '19', '11', '14', '8', '7', '18', '13', '21', '17', '9', '0', '6', '10', '16', '1', '22', '2', '5', '23'])"
14,6,0,[0]
14,7,0,[0]
14,2,0,[0]
14,8,0,[0]
14,24,0,[0]
14,20,0,[0]
14,23,0,[0]
14,4,0,[0]
14,17,0,[0]
14,9,0,[0]
14,21,0,[0]
14,22,0,[0]
14,18,0,[0]
14,13,0,[0]
14,14,0,[0]
14,0,0,[0]
14,16,0,[0]
14,10,0,[0]
14,12,0,[0]
14,19,0,[0]
14,15,0,[0]
14,3,0,[0]
14,11,0,[0]
14,5,0,[0]
14,1,0,[0]
"('n_atak', ['6', '7', '2', '8', '24', '20', '23', '4', '17', '9', '21', '22', '18', '13', '14', '0', '16', '10', '12', '19', '15', '3', '11', '5', '1'])"
15,16,0,[0]
15,8,0,[0]
15,20,0,[0]
15,1,0,[0]
15,15,0,[0]
15,24,0,[0]
15,4,0,[0]
15,2,0,[0]
15,12,0,[0]
15,9,0,[0]
15,13,0,[0]
15,0,0,[0]
15,19,0,[0]
15,18,0,[0]
15,11,0,[0]
15,14,0,[0]
15,5,0,[0]
15,6,0,[0]
15,10,0,[0]
15,21,0,[0]
15,7,0,[0]
15,23,0,[0]
15,17,0,[0]
15,22,0,[0]
15,3,0,[0]
"('n_atak', ['16', '8', '20', '1', '15', '24', '4', '2', '12', '9', '13', '0', '19', '18', '11', '14', '5', '6', '10', '21', '7', '23', '17', '22', '3'])"
16,18,0,[0]
16,22,0,[0]
16,10,0,[0]
16,6,0,[0]
16,0,0,[0]
16,13,0,[0]
16,19,0,[0]
16,21,0,[0]
16,4,0,[0]
16,17,0,[0]
16,7,0,[0]
16,9,0,[0]
16,3,0,[0]
16,12,0,[0]
16,15,0,[0]
16,16,0,[0]
16,20,0,[0]
16,8,0,[0]
16,24,0,[0]
16,11,0,[0]
16,23,0,[0]
16,5,0,[0]
16,2,0,[0]
16,14,0,[0]
16,1,0,[0]
"('n_atak', ['18', '22', '10', '6', '0', '13', '19', '21', '4', '17', '7', '9', '3', '12', '15', '16', '20', '8', '24', '11', '23', '5', '2', '14', '1'])"
17,1,0,[0]
17,10,0,[0]
17,11,0,[0]
17,0,0,[0]
17,12,0,[0]
17,24,0,[0]
17,8,0,[0]
17,3,0,[0]
17,14,0,[0]
17,22,0,[0]
17,19,0,[0]
17,16,0,[0]
17,7,0,[0]
17,2,0,[0]
17,6,0,[0]
17,21,0,[0]
17,17,0,[0]
17,5,0,[0]
17,15,0,[0]
17,18,0,[0]
17,13,0,[0]
17,20,0,[0]
17,23,0,[0]
17,4,0,[0]
17,9,0,[0]
"('n_atak', ['1', '10', '11', '0', '12', '24', '8', '3', '14', '22', '19', '16', '7', '2', '6', '21', '17', '5', '15', '18', '13', '20', '23', '4', '9'])"
18,22,0,[0]
18,9,0,[0]
18,8,0,[0]
18,11,0,[0]
18,23,0,[0]
18,1,0,[0]
18,20,0,[0]
18,14,0,[0]
18,5,0,[0]
18,17,0,[0]
18,3,0,[0]
18,13,0,[0]
18,19,0,[0]
18,2,0,[0]
18,10,0,[0]
18,0,0,[0]
18,18,0,[0]
18,4,0,[0]
18,12,0,[0]
18,21,0,[0]
18,15,0,[0]
18,6,0,[0]
18,7,0,[0]
18,24,0,[0]
18,16,0,[0]
"('n_atak', ['22', '9', '8', '11', '23', '1', '20', '14', '5', '17', '3', '13', '19', '2', '10', '0', '18', '4', '12', '21', '15', '6', '7', '24', '16'])"
19,4,0,[0]
19,0,0,[0]
19,22,0,[0]
19,18,0,[0]
19,3,0,[0]
19,11,0,[0]
19,16,0,[0]
19,7,0,[0]
19,23,0,[0]
19,19,0,[0]
19,12,0,[0]
19,13,0,[0]
19,10,0,[0]
19,14,0,[0]
19,1,0,[0]
19,8,0,[0]
19,24,0,[0]
19,2,0,[0]
19,5,0,[0]
19,17,0,[0]
19,9,0,[0]
19,15,0,[0]
19,21,0,[0]
19,6,0,[0]
19,20,0,[0]
"('n_atak', ['4', '0', '22', '18', '3', '11', '16', '7', '23', '19', '12', '13', '10', '14', '1', '8', '24', '2', '5', '17', '9', '15', '21', '6', '20'])"
20,21,0,[0]
20,8,0,[0]
20,6,0,[0]
20,9,0,[0]
20,16,0,[0]
20,12,0,[0]
20,7,0,[0]
20,22,0,[0]
20,20,0,[0]
20,11,0,[0]
20,3,0,[0]
20,17,0,[0]
20,10,0,[0]
20,1,0,[0]
20,24,0,[0]
20,15,0,[0]
20,4,0,[0]
20,0,0,[0]
20,23,0,[0]
20,18,0,[0]
20,13,0,[0]
20,5,0,[0]
20,19,0,[0]
20,2,0,[0]
20,14,0,[0]
"('n_atak', ['21', '8', '6', '9', '16', '12', '7', '22', '20', '11', '3', '17', '10', '1', '24', '15', '4', '0', '23', '18', '13', '5', '19', '2', '14'])"
