{},<built-in method values of dict object at 0x7ff9d4268e40>
{},<built-in method values of dict object at 0x7ff9d4268e40>
{},<built-in method values of dict object at 0x7ff9d4268e40>
{},<built-in method values of dict object at 0x7ff9d4268e40>
{},<built-in method values of dict object at 0x7ff9d4268e40>
{},<built-in method values of dict object at 0x7ff9d4268e40>
{},<built-in method values of dict object at 0x7ff9d4268e40>
{},<built-in method values of dict object at 0x7ff9d4268e40>
{},<built-in method values of dict object at 0x7ff9d4268e40>
{},<built-in method values of dict object at 0x7ff9d4268e40>
{},<built-in method values of dict object at 0x7ff9d4268e40>
{},<built-in method values of dict object at 0x7ff9d4268e40>
{},<built-in method values of dict object at 0x7ff9d4268e40>
{},<built-in method values of dict object at 0x7ff9d4268e40>
{},<built-in method values of dict object at 0x7ff9d4268e40>
{},<built-in method values of dict object at 0x7ff9d4268e40>
{},<built-in method values of dict object at 0x7ff9d4268e40>
{},<built-in method values of dict object at 0x7ff9d4268e40>
{},<built-in method values of dict object at 0x7ff9d4268e40>
{},<built-in method values of dict object at 0x7ff9d4268e40>
"{'n_atak': ['0', '18', '2', '1', '14', '19', '6', '3', '5', '13', '9', '8', '17', '11', '4', '7', '16', '12', '10', '15']}",<built-in method values of dict object at 0x7ff9d42b5380>
"{'n_atak': ['0', '18', '2', '1', '14', '19', '6', '3', '5', '13', '9', '8', '17', '11', '4', '7', '16', '12', '10', '15']}",<built-in method values of dict object at 0x7ff9d42b5380>
"{'n_atak': ['0', '18', '2', '1', '14', '19', '6', '3', '5', '13', '9', '8', '17', '11', '4', '7', '16', '12', '10', '15']}",<built-in method values of dict object at 0x7ff9d42b5380>
"{'n_atak': ['0', '18', '2', '1', '14', '19', '6', '3', '5', '13', '9', '8', '17', '11', '4', '7', '16', '12', '10', '15']}",<built-in method values of dict object at 0x7ff9d42b5380>
"{'n_atak': ['0', '18', '2', '1', '14', '19', '6', '3', '5', '13', '9', '8', '17', '11', '4', '7', '16', '12', '10', '15']}",<built-in method values of dict object at 0x7ff9d42b5380>
"{'n_atak': ['0', '18', '2', '1', '14', '19', '6', '3', '5', '13', '9', '8', '17', '11', '4', '7', '16', '12', '10', '15']}",<built-in method values of dict object at 0x7ff9d42b5380>
"{'n_atak': ['0', '18', '2', '1', '14', '19', '6', '3', '5', '13', '9', '8', '17', '11', '4', '7', '16', '12', '10', '15']}",<built-in method values of dict object at 0x7ff9d42b5380>
"{'n_atak': ['0', '18', '2', '1', '14', '19', '6', '3', '5', '13', '9', '8', '17', '11', '4', '7', '16', '12', '10', '15']}",<built-in method values of dict object at 0x7ff9d42b5380>
"{'n_atak': ['0', '18', '2', '1', '14', '19', '6', '3', '5', '13', '9', '8', '17', '11', '4', '7', '16', '12', '10', '15']}",<built-in method values of dict object at 0x7ff9d42b5380>
"{'n_atak': ['0', '18', '2', '1', '14', '19', '6', '3', '5', '13', '9', '8', '17', '11', '4', '7', '16', '12', '10', '15']}",<built-in method values of dict object at 0x7ff9d42b5380>
"{'n_atak': ['0', '18', '2', '1', '14', '19', '6', '3', '5', '13', '9', '8', '17', '11', '4', '7', '16', '12', '10', '15']}",<built-in method values of dict object at 0x7ff9d42b5380>
"{'n_atak': ['0', '18', '2', '1', '14', '19', '6', '3', '5', '13', '9', '8', '17', '11', '4', '7', '16', '12', '10', '15']}",<built-in method values of dict object at 0x7ff9d42b5380>
"{'n_atak': ['0', '18', '2', '1', '14', '19', '6', '3', '5', '13', '9', '8', '17', '11', '4', '7', '16', '12', '10', '15']}",<built-in method values of dict object at 0x7ff9d42b5380>
"{'n_atak': ['0', '18', '2', '1', '14', '19', '6', '3', '5', '13', '9', '8', '17', '11', '4', '7', '16', '12', '10', '15']}",<built-in method values of dict object at 0x7ff9d42b5380>
"{'n_atak': ['0', '18', '2', '1', '14', '19', '6', '3', '5', '13', '9', '8', '17', '11', '4', '7', '16', '12', '10', '15']}",<built-in method values of dict object at 0x7ff9d42b5380>
"{'n_atak': ['0', '18', '2', '1', '14', '19', '6', '3', '5', '13', '9', '8', '17', '11', '4', '7', '16', '12', '10', '15']}",<built-in method values of dict object at 0x7ff9d42b5380>
"{'n_atak': ['0', '18', '2', '1', '14', '19', '6', '3', '5', '13', '9', '8', '17', '11', '4', '7', '16', '12', '10', '15']}",<built-in method values of dict object at 0x7ff9d42b5380>
"{'n_atak': ['0', '18', '2', '1', '14', '19', '6', '3', '5', '13', '9', '8', '17', '11', '4', '7', '16', '12', '10', '15']}",<built-in method values of dict object at 0x7ff9d42b5380>
"{'n_atak': ['0', '18', '2', '1', '14', '19', '6', '3', '5', '13', '9', '8', '17', '11', '4', '7', '16', '12', '10', '15']}",<built-in method values of dict object at 0x7ff9d42b5380>
"{'n_atak': ['0', '18', '2', '1', '14', '19', '6', '3', '5', '13', '9', '8', '17', '11', '4', '7', '16', '12', '10', '15']}",<built-in method values of dict object at 0x7ff9d42b5380>
"{'n_atak': ['6', '10', '2', '16', '13', '11', '12', '19', '0', '9', '15', '14', '8', '18', '4', '7', '5', '17', '3', '1']}",<built-in method values of dict object at 0x7ff9d42b63c0>
"{'n_atak': ['6', '10', '2', '16', '13', '11', '12', '19', '0', '9', '15', '14', '8', '18', '4', '7', '5', '17', '3', '1']}",<built-in method values of dict object at 0x7ff9d42b63c0>
"{'n_atak': ['6', '10', '2', '16', '13', '11', '12', '19', '0', '9', '15', '14', '8', '18', '4', '7', '5', '17', '3', '1']}",<built-in method values of dict object at 0x7ff9d42b63c0>
"{'n_atak': ['6', '10', '2', '16', '13', '11', '12', '19', '0', '9', '15', '14', '8', '18', '4', '7', '5', '17', '3', '1']}",<built-in method values of dict object at 0x7ff9d42b63c0>
"{'n_atak': ['6', '10', '2', '16', '13', '11', '12', '19', '0', '9', '15', '14', '8', '18', '4', '7', '5', '17', '3', '1']}",<built-in method values of dict object at 0x7ff9d42b63c0>
"{'n_atak': ['6', '10', '2', '16', '13', '11', '12', '19', '0', '9', '15', '14', '8', '18', '4', '7', '5', '17', '3', '1']}",<built-in method values of dict object at 0x7ff9d42b63c0>
"{'n_atak': ['6', '10', '2', '16', '13', '11', '12', '19', '0', '9', '15', '14', '8', '18', '4', '7', '5', '17', '3', '1']}",<built-in method values of dict object at 0x7ff9d42b63c0>
"{'n_atak': ['6', '10', '2', '16', '13', '11', '12', '19', '0', '9', '15', '14', '8', '18', '4', '7', '5', '17', '3', '1']}",<built-in method values of dict object at 0x7ff9d42b63c0>
"{'n_atak': ['6', '10', '2', '16', '13', '11', '12', '19', '0', '9', '15', '14', '8', '18', '4', '7', '5', '17', '3', '1']}",<built-in method values of dict object at 0x7ff9d42b63c0>
"{'n_atak': ['6', '10', '2', '16', '13', '11', '12', '19', '0', '9', '15', '14', '8', '18', '4', '7', '5', '17', '3', '1']}",<built-in method values of dict object at 0x7ff9d42b63c0>
"{'n_atak': ['6', '10', '2', '16', '13', '11', '12', '19', '0', '9', '15', '14', '8', '18', '4', '7', '5', '17', '3', '1']}",<built-in method values of dict object at 0x7ff9d42b63c0>
"{'n_atak': ['6', '10', '2', '16', '13', '11', '12', '19', '0', '9', '15', '14', '8', '18', '4', '7', '5', '17', '3', '1']}",<built-in method values of dict object at 0x7ff9d42b63c0>
"{'n_atak': ['6', '10', '2', '16', '13', '11', '12', '19', '0', '9', '15', '14', '8', '18', '4', '7', '5', '17', '3', '1']}",<built-in method values of dict object at 0x7ff9d42b63c0>
"{'n_atak': ['6', '10', '2', '16', '13', '11', '12', '19', '0', '9', '15', '14', '8', '18', '4', '7', '5', '17', '3', '1']}",<built-in method values of dict object at 0x7ff9d42b63c0>
"{'n_atak': ['6', '10', '2', '16', '13', '11', '12', '19', '0', '9', '15', '14', '8', '18', '4', '7', '5', '17', '3', '1']}",<built-in method values of dict object at 0x7ff9d42b63c0>
"{'n_atak': ['6', '10', '2', '16', '13', '11', '12', '19', '0', '9', '15', '14', '8', '18', '4', '7', '5', '17', '3', '1']}",<built-in method values of dict object at 0x7ff9d42b63c0>
"{'n_atak': ['6', '10', '2', '16', '13', '11', '12', '19', '0', '9', '15', '14', '8', '18', '4', '7', '5', '17', '3', '1']}",<built-in method values of dict object at 0x7ff9d42b63c0>
"{'n_atak': ['6', '10', '2', '16', '13', '11', '12', '19', '0', '9', '15', '14', '8', '18', '4', '7', '5', '17', '3', '1']}",<built-in method values of dict object at 0x7ff9d42b63c0>
"{'n_atak': ['6', '10', '2', '16', '13', '11', '12', '19', '0', '9', '15', '14', '8', '18', '4', '7', '5', '17', '3', '1']}",<built-in method values of dict object at 0x7ff9d42b63c0>
"{'n_atak': ['6', '10', '2', '16', '13', '11', '12', '19', '0', '9', '15', '14', '8', '18', '4', '7', '5', '17', '3', '1']}",<built-in method values of dict object at 0x7ff9d42b63c0>
"{'n_atak': ['9', '13', '1', '8', '15', '16', '5', '6', '4', '10', '17', '18', '3', '12', '2', '11', '14', '19', '7', '0']}",<built-in method values of dict object at 0x7ff9d42b6580>
"{'n_atak': ['9', '13', '1', '8', '15', '16', '5', '6', '4', '10', '17', '18', '3', '12', '2', '11', '14', '19', '7', '0']}",<built-in method values of dict object at 0x7ff9d42b6580>
"{'n_atak': ['9', '13', '1', '8', '15', '16', '5', '6', '4', '10', '17', '18', '3', '12', '2', '11', '14', '19', '7', '0']}",<built-in method values of dict object at 0x7ff9d42b6580>
"{'n_atak': ['9', '13', '1', '8', '15', '16', '5', '6', '4', '10', '17', '18', '3', '12', '2', '11', '14', '19', '7', '0']}",<built-in method values of dict object at 0x7ff9d42b6580>
"{'n_atak': ['9', '13', '1', '8', '15', '16', '5', '6', '4', '10', '17', '18', '3', '12', '2', '11', '14', '19', '7', '0']}",<built-in method values of dict object at 0x7ff9d42b6580>
"{'n_atak': ['9', '13', '1', '8', '15', '16', '5', '6', '4', '10', '17', '18', '3', '12', '2', '11', '14', '19', '7', '0']}",<built-in method values of dict object at 0x7ff9d42b6580>
"{'n_atak': ['9', '13', '1', '8', '15', '16', '5', '6', '4', '10', '17', '18', '3', '12', '2', '11', '14', '19', '7', '0']}",<built-in method values of dict object at 0x7ff9d42b6580>
"{'n_atak': ['9', '13', '1', '8', '15', '16', '5', '6', '4', '10', '17', '18', '3', '12', '2', '11', '14', '19', '7', '0']}",<built-in method values of dict object at 0x7ff9d42b6580>
"{'n_atak': ['9', '13', '1', '8', '15', '16', '5', '6', '4', '10', '17', '18', '3', '12', '2', '11', '14', '19', '7', '0']}",<built-in method values of dict object at 0x7ff9d42b6580>
"{'n_atak': ['9', '13', '1', '8', '15', '16', '5', '6', '4', '10', '17', '18', '3', '12', '2', '11', '14', '19', '7', '0']}",<built-in method values of dict object at 0x7ff9d42b6580>
"{'n_atak': ['9', '13', '1', '8', '15', '16', '5', '6', '4', '10', '17', '18', '3', '12', '2', '11', '14', '19', '7', '0']}",<built-in method values of dict object at 0x7ff9d42b6580>
"{'n_atak': ['9', '13', '1', '8', '15', '16', '5', '6', '4', '10', '17', '18', '3', '12', '2', '11', '14', '19', '7', '0']}",<built-in method values of dict object at 0x7ff9d42b6580>
"{'n_atak': ['9', '13', '1', '8', '15', '16', '5', '6', '4', '10', '17', '18', '3', '12', '2', '11', '14', '19', '7', '0']}",<built-in method values of dict object at 0x7ff9d42b6580>
"{'n_atak': ['9', '13', '1', '8', '15', '16', '5', '6', '4', '10', '17', '18', '3', '12', '2', '11', '14', '19', '7', '0']}",<built-in method values of dict object at 0x7ff9d42b6580>
"{'n_atak': ['9', '13', '1', '8', '15', '16', '5', '6', '4', '10', '17', '18', '3', '12', '2', '11', '14', '19', '7', '0']}",<built-in method values of dict object at 0x7ff9d42b6580>
"{'n_atak': ['9', '13', '1', '8', '15', '16', '5', '6', '4', '10', '17', '18', '3', '12', '2', '11', '14', '19', '7', '0']}",<built-in method values of dict object at 0x7ff9d42b6580>
"{'n_atak': ['9', '13', '1', '8', '15', '16', '5', '6', '4', '10', '17', '18', '3', '12', '2', '11', '14', '19', '7', '0']}",<built-in method values of dict object at 0x7ff9d42b6580>
"{'n_atak': ['9', '13', '1', '8', '15', '16', '5', '6', '4', '10', '17', '18', '3', '12', '2', '11', '14', '19', '7', '0']}",<built-in method values of dict object at 0x7ff9d42b6580>
"{'n_atak': ['9', '13', '1', '8', '15', '16', '5', '6', '4', '10', '17', '18', '3', '12', '2', '11', '14', '19', '7', '0']}",<built-in method values of dict object at 0x7ff9d42b6580>
"{'n_atak': ['9', '13', '1', '8', '15', '16', '5', '6', '4', '10', '17', '18', '3', '12', '2', '11', '14', '19', '7', '0']}",<built-in method values of dict object at 0x7ff9d42b6580>
"{'n_atak': ['0', '8', '5', '1', '16', '11', '3', '19', '10', '12', '7', '17', '6', '13', '2', '15', '18', '9', '4', '14']}",<built-in method values of dict object at 0x7ff9d42dfec0>
"{'n_atak': ['0', '8', '5', '1', '16', '11', '3', '19', '10', '12', '7', '17', '6', '13', '2', '15', '18', '9', '4', '14']}",<built-in method values of dict object at 0x7ff9d42dfec0>
"{'n_atak': ['0', '8', '5', '1', '16', '11', '3', '19', '10', '12', '7', '17', '6', '13', '2', '15', '18', '9', '4', '14']}",<built-in method values of dict object at 0x7ff9d42dfec0>
"{'n_atak': ['0', '8', '5', '1', '16', '11', '3', '19', '10', '12', '7', '17', '6', '13', '2', '15', '18', '9', '4', '14']}",<built-in method values of dict object at 0x7ff9d42dfec0>
"{'n_atak': ['0', '8', '5', '1', '16', '11', '3', '19', '10', '12', '7', '17', '6', '13', '2', '15', '18', '9', '4', '14']}",<built-in method values of dict object at 0x7ff9d42dfec0>
"{'n_atak': ['0', '8', '5', '1', '16', '11', '3', '19', '10', '12', '7', '17', '6', '13', '2', '15', '18', '9', '4', '14']}",<built-in method values of dict object at 0x7ff9d42dfec0>
"{'n_atak': ['0', '8', '5', '1', '16', '11', '3', '19', '10', '12', '7', '17', '6', '13', '2', '15', '18', '9', '4', '14']}",<built-in method values of dict object at 0x7ff9d42dfec0>
"{'n_atak': ['0', '8', '5', '1', '16', '11', '3', '19', '10', '12', '7', '17', '6', '13', '2', '15', '18', '9', '4', '14']}",<built-in method values of dict object at 0x7ff9d42dfec0>
"{'n_atak': ['0', '8', '5', '1', '16', '11', '3', '19', '10', '12', '7', '17', '6', '13', '2', '15', '18', '9', '4', '14']}",<built-in method values of dict object at 0x7ff9d42dfec0>
"{'n_atak': ['0', '8', '5', '1', '16', '11', '3', '19', '10', '12', '7', '17', '6', '13', '2', '15', '18', '9', '4', '14']}",<built-in method values of dict object at 0x7ff9d42dfec0>
"{'n_atak': ['0', '8', '5', '1', '16', '11', '3', '19', '10', '12', '7', '17', '6', '13', '2', '15', '18', '9', '4', '14']}",<built-in method values of dict object at 0x7ff9d42dfec0>
"{'n_atak': ['0', '8', '5', '1', '16', '11', '3', '19', '10', '12', '7', '17', '6', '13', '2', '15', '18', '9', '4', '14']}",<built-in method values of dict object at 0x7ff9d42dfec0>
"{'n_atak': ['0', '8', '5', '1', '16', '11', '3', '19', '10', '12', '7', '17', '6', '13', '2', '15', '18', '9', '4', '14']}",<built-in method values of dict object at 0x7ff9d42dfec0>
"{'n_atak': ['0', '8', '5', '1', '16', '11', '3', '19', '10', '12', '7', '17', '6', '13', '2', '15', '18', '9', '4', '14']}",<built-in method values of dict object at 0x7ff9d42dfec0>
"{'n_atak': ['0', '8', '5', '1', '16', '11', '3', '19', '10', '12', '7', '17', '6', '13', '2', '15', '18', '9', '4', '14']}",<built-in method values of dict object at 0x7ff9d42dfec0>
"{'n_atak': ['0', '8', '5', '1', '16', '11', '3', '19', '10', '12', '7', '17', '6', '13', '2', '15', '18', '9', '4', '14']}",<built-in method values of dict object at 0x7ff9d42dfec0>
"{'n_atak': ['0', '8', '5', '1', '16', '11', '3', '19', '10', '12', '7', '17', '6', '13', '2', '15', '18', '9', '4', '14']}",<built-in method values of dict object at 0x7ff9d42dfec0>
"{'n_atak': ['0', '8', '5', '1', '16', '11', '3', '19', '10', '12', '7', '17', '6', '13', '2', '15', '18', '9', '4', '14']}",<built-in method values of dict object at 0x7ff9d42dfec0>
"{'n_atak': ['0', '8', '5', '1', '16', '11', '3', '19', '10', '12', '7', '17', '6', '13', '2', '15', '18', '9', '4', '14']}",<built-in method values of dict object at 0x7ff9d42dfec0>
"{'n_atak': ['0', '8', '5', '1', '16', '11', '3', '19', '10', '12', '7', '17', '6', '13', '2', '15', '18', '9', '4', '14']}",<built-in method values of dict object at 0x7ff9d42dfec0>
"{'n_atak': ['16', '18', '2', '9', '3', '10', '6', '0', '11', '1', '12', '4', '19', '7', '8', '17', '15', '5', '14', '13']}",<built-in method values of dict object at 0x7ff9d429fe40>
"{'n_atak': ['16', '18', '2', '9', '3', '10', '6', '0', '11', '1', '12', '4', '19', '7', '8', '17', '15', '5', '14', '13']}",<built-in method values of dict object at 0x7ff9d429fe40>
"{'n_atak': ['16', '18', '2', '9', '3', '10', '6', '0', '11', '1', '12', '4', '19', '7', '8', '17', '15', '5', '14', '13']}",<built-in method values of dict object at 0x7ff9d429fe40>
"{'n_atak': ['16', '18', '2', '9', '3', '10', '6', '0', '11', '1', '12', '4', '19', '7', '8', '17', '15', '5', '14', '13']}",<built-in method values of dict object at 0x7ff9d429fe40>
"{'n_atak': ['16', '18', '2', '9', '3', '10', '6', '0', '11', '1', '12', '4', '19', '7', '8', '17', '15', '5', '14', '13']}",<built-in method values of dict object at 0x7ff9d429fe40>
"{'n_atak': ['16', '18', '2', '9', '3', '10', '6', '0', '11', '1', '12', '4', '19', '7', '8', '17', '15', '5', '14', '13']}",<built-in method values of dict object at 0x7ff9d429fe40>
"{'n_atak': ['16', '18', '2', '9', '3', '10', '6', '0', '11', '1', '12', '4', '19', '7', '8', '17', '15', '5', '14', '13']}",<built-in method values of dict object at 0x7ff9d429fe40>
"{'n_atak': ['16', '18', '2', '9', '3', '10', '6', '0', '11', '1', '12', '4', '19', '7', '8', '17', '15', '5', '14', '13']}",<built-in method values of dict object at 0x7ff9d429fe40>
"{'n_atak': ['16', '18', '2', '9', '3', '10', '6', '0', '11', '1', '12', '4', '19', '7', '8', '17', '15', '5', '14', '13']}",<built-in method values of dict object at 0x7ff9d429fe40>
"{'n_atak': ['16', '18', '2', '9', '3', '10', '6', '0', '11', '1', '12', '4', '19', '7', '8', '17', '15', '5', '14', '13']}",<built-in method values of dict object at 0x7ff9d429fe40>
"{'n_atak': ['16', '18', '2', '9', '3', '10', '6', '0', '11', '1', '12', '4', '19', '7', '8', '17', '15', '5', '14', '13']}",<built-in method values of dict object at 0x7ff9d429fe40>
"{'n_atak': ['16', '18', '2', '9', '3', '10', '6', '0', '11', '1', '12', '4', '19', '7', '8', '17', '15', '5', '14', '13']}",<built-in method values of dict object at 0x7ff9d429fe40>
"{'n_atak': ['16', '18', '2', '9', '3', '10', '6', '0', '11', '1', '12', '4', '19', '7', '8', '17', '15', '5', '14', '13']}",<built-in method values of dict object at 0x7ff9d429fe40>
"{'n_atak': ['16', '18', '2', '9', '3', '10', '6', '0', '11', '1', '12', '4', '19', '7', '8', '17', '15', '5', '14', '13']}",<built-in method values of dict object at 0x7ff9d429fe40>
"{'n_atak': ['16', '18', '2', '9', '3', '10', '6', '0', '11', '1', '12', '4', '19', '7', '8', '17', '15', '5', '14', '13']}",<built-in method values of dict object at 0x7ff9d429fe40>
"{'n_atak': ['16', '18', '2', '9', '3', '10', '6', '0', '11', '1', '12', '4', '19', '7', '8', '17', '15', '5', '14', '13']}",<built-in method values of dict object at 0x7ff9d429fe40>
"{'n_atak': ['16', '18', '2', '9', '3', '10', '6', '0', '11', '1', '12', '4', '19', '7', '8', '17', '15', '5', '14', '13']}",<built-in method values of dict object at 0x7ff9d429fe40>
"{'n_atak': ['16', '18', '2', '9', '3', '10', '6', '0', '11', '1', '12', '4', '19', '7', '8', '17', '15', '5', '14', '13']}",<built-in method values of dict object at 0x7ff9d429fe40>
"{'n_atak': ['16', '18', '2', '9', '3', '10', '6', '0', '11', '1', '12', '4', '19', '7', '8', '17', '15', '5', '14', '13']}",<built-in method values of dict object at 0x7ff9d429fe40>
"{'n_atak': ['16', '18', '2', '9', '3', '10', '6', '0', '11', '1', '12', '4', '19', '7', '8', '17', '15', '5', '14', '13']}",<built-in method values of dict object at 0x7ff9d429fe40>
"{'n_atak': ['5', '14', '8', '11', '7', '0', '3', '19', '9', '6', '2', '10', '17', '1', '15', '12', '16', '13', '4', '18']}",<built-in method values of dict object at 0x7ff9d422a540>
"{'n_atak': ['5', '14', '8', '11', '7', '0', '3', '19', '9', '6', '2', '10', '17', '1', '15', '12', '16', '13', '4', '18']}",<built-in method values of dict object at 0x7ff9d422a540>
"{'n_atak': ['5', '14', '8', '11', '7', '0', '3', '19', '9', '6', '2', '10', '17', '1', '15', '12', '16', '13', '4', '18']}",<built-in method values of dict object at 0x7ff9d422a540>
"{'n_atak': ['5', '14', '8', '11', '7', '0', '3', '19', '9', '6', '2', '10', '17', '1', '15', '12', '16', '13', '4', '18']}",<built-in method values of dict object at 0x7ff9d422a540>
"{'n_atak': ['5', '14', '8', '11', '7', '0', '3', '19', '9', '6', '2', '10', '17', '1', '15', '12', '16', '13', '4', '18']}",<built-in method values of dict object at 0x7ff9d422a540>
"{'n_atak': ['5', '14', '8', '11', '7', '0', '3', '19', '9', '6', '2', '10', '17', '1', '15', '12', '16', '13', '4', '18']}",<built-in method values of dict object at 0x7ff9d422a540>
"{'n_atak': ['5', '14', '8', '11', '7', '0', '3', '19', '9', '6', '2', '10', '17', '1', '15', '12', '16', '13', '4', '18']}",<built-in method values of dict object at 0x7ff9d422a540>
"{'n_atak': ['5', '14', '8', '11', '7', '0', '3', '19', '9', '6', '2', '10', '17', '1', '15', '12', '16', '13', '4', '18']}",<built-in method values of dict object at 0x7ff9d422a540>
"{'n_atak': ['5', '14', '8', '11', '7', '0', '3', '19', '9', '6', '2', '10', '17', '1', '15', '12', '16', '13', '4', '18']}",<built-in method values of dict object at 0x7ff9d422a540>
"{'n_atak': ['5', '14', '8', '11', '7', '0', '3', '19', '9', '6', '2', '10', '17', '1', '15', '12', '16', '13', '4', '18']}",<built-in method values of dict object at 0x7ff9d422a540>
"{'n_atak': ['5', '14', '8', '11', '7', '0', '3', '19', '9', '6', '2', '10', '17', '1', '15', '12', '16', '13', '4', '18']}",<built-in method values of dict object at 0x7ff9d422a540>
"{'n_atak': ['5', '14', '8', '11', '7', '0', '3', '19', '9', '6', '2', '10', '17', '1', '15', '12', '16', '13', '4', '18']}",<built-in method values of dict object at 0x7ff9d422a540>
"{'n_atak': ['5', '14', '8', '11', '7', '0', '3', '19', '9', '6', '2', '10', '17', '1', '15', '12', '16', '13', '4', '18']}",<built-in method values of dict object at 0x7ff9d422a540>
"{'n_atak': ['5', '14', '8', '11', '7', '0', '3', '19', '9', '6', '2', '10', '17', '1', '15', '12', '16', '13', '4', '18']}",<built-in method values of dict object at 0x7ff9d422a540>
"{'n_atak': ['5', '14', '8', '11', '7', '0', '3', '19', '9', '6', '2', '10', '17', '1', '15', '12', '16', '13', '4', '18']}",<built-in method values of dict object at 0x7ff9d422a540>
"{'n_atak': ['5', '14', '8', '11', '7', '0', '3', '19', '9', '6', '2', '10', '17', '1', '15', '12', '16', '13', '4', '18']}",<built-in method values of dict object at 0x7ff9d422a540>
"{'n_atak': ['5', '14', '8', '11', '7', '0', '3', '19', '9', '6', '2', '10', '17', '1', '15', '12', '16', '13', '4', '18']}",<built-in method values of dict object at 0x7ff9d422a540>
"{'n_atak': ['5', '14', '8', '11', '7', '0', '3', '19', '9', '6', '2', '10', '17', '1', '15', '12', '16', '13', '4', '18']}",<built-in method values of dict object at 0x7ff9d422a540>
"{'n_atak': ['5', '14', '8', '11', '7', '0', '3', '19', '9', '6', '2', '10', '17', '1', '15', '12', '16', '13', '4', '18']}",<built-in method values of dict object at 0x7ff9d422a540>
"{'n_atak': ['5', '14', '8', '11', '7', '0', '3', '19', '9', '6', '2', '10', '17', '1', '15', '12', '16', '13', '4', '18']}",<built-in method values of dict object at 0x7ff9d422a540>
"{'n_atak': ['15', '6', '10', '13', '19', '17', '14', '18', '11', '0', '7', '4', '9', '16', '12'], 'atak': ['1', '8', '5', '3', '2']}",<built-in method values of dict object at 0x7ff9d42dfe00>
"{'n_atak': ['15', '6', '10', '13', '19', '17', '14', '18', '11', '0', '7', '4', '9', '16', '12'], 'atak': ['1', '8', '5', '3', '2']}",<built-in method values of dict object at 0x7ff9d42dfe00>
"{'n_atak': ['15', '6', '10', '13', '19', '17', '14', '18', '11', '0', '7', '4', '9', '16', '12'], 'atak': ['1', '8', '5', '3', '2']}",<built-in method values of dict object at 0x7ff9d42dfe00>
"{'n_atak': ['15', '6', '10', '13', '19', '17', '14', '18', '11', '0', '7', '4', '9', '16', '12'], 'atak': ['1', '8', '5', '3', '2']}",<built-in method values of dict object at 0x7ff9d42dfe00>
"{'n_atak': ['15', '6', '10', '13', '19', '17', '14', '18', '11', '0', '7', '4', '9', '16', '12'], 'atak': ['1', '8', '5', '3', '2']}",<built-in method values of dict object at 0x7ff9d42dfe00>
"{'n_atak': ['15', '6', '10', '13', '19', '17', '14', '18', '11', '0', '7', '4', '9', '16', '12'], 'atak': ['1', '8', '5', '3', '2']}",<built-in method values of dict object at 0x7ff9d42dfe00>
"{'n_atak': ['15', '6', '10', '13', '19', '17', '14', '18', '11', '0', '7', '4', '9', '16', '12'], 'atak': ['1', '8', '5', '3', '2']}",<built-in method values of dict object at 0x7ff9d42dfe00>
"{'n_atak': ['15', '6', '10', '13', '19', '17', '14', '18', '11', '0', '7', '4', '9', '16', '12'], 'atak': ['1', '8', '5', '3', '2']}",<built-in method values of dict object at 0x7ff9d42dfe00>
"{'n_atak': ['15', '6', '10', '13', '19', '17', '14', '18', '11', '0', '7', '4', '9', '16', '12'], 'atak': ['1', '8', '5', '3', '2']}",<built-in method values of dict object at 0x7ff9d42dfe00>
"{'n_atak': ['15', '6', '10', '13', '19', '17', '14', '18', '11', '0', '7', '4', '9', '16', '12'], 'atak': ['1', '8', '5', '3', '2']}",<built-in method values of dict object at 0x7ff9d42dfe00>
"{'n_atak': ['15', '6', '10', '13', '19', '17', '14', '18', '11', '0', '7', '4', '9', '16', '12'], 'atak': ['1', '8', '5', '3', '2']}",<built-in method values of dict object at 0x7ff9d42dfe00>
"{'n_atak': ['15', '6', '10', '13', '19', '17', '14', '18', '11', '0', '7', '4', '9', '16', '12'], 'atak': ['1', '8', '5', '3', '2']}",<built-in method values of dict object at 0x7ff9d42dfe00>
"{'n_atak': ['15', '6', '10', '13', '19', '17', '14', '18', '11', '0', '7', '4', '9', '16', '12'], 'atak': ['1', '8', '5', '3', '2']}",<built-in method values of dict object at 0x7ff9d42dfe00>
"{'n_atak': ['15', '6', '10', '13', '19', '17', '14', '18', '11', '0', '7', '4', '9', '16', '12'], 'atak': ['1', '8', '5', '3', '2']}",<built-in method values of dict object at 0x7ff9d42dfe00>
"{'n_atak': ['15', '6', '10', '13', '19', '17', '14', '18', '11', '0', '7', '4', '9', '16', '12'], 'atak': ['1', '8', '5', '3', '2']}",<built-in method values of dict object at 0x7ff9d42dfe00>
"{'n_atak': ['15', '6', '10', '13', '19', '17', '14', '18', '11', '0', '7', '4', '9', '16', '12'], 'atak': ['1', '8', '5', '3', '2']}",<built-in method values of dict object at 0x7ff9d42dfe00>
"{'n_atak': ['15', '6', '10', '13', '19', '17', '14', '18', '11', '0', '7', '4', '9', '16', '12'], 'atak': ['1', '8', '5', '3', '2']}",<built-in method values of dict object at 0x7ff9d42dfe00>
"{'n_atak': ['15', '6', '10', '13', '19', '17', '14', '18', '11', '0', '7', '4', '9', '16', '12'], 'atak': ['1', '8', '5', '3', '2']}",<built-in method values of dict object at 0x7ff9d42dfe00>
"{'n_atak': ['15', '6', '10', '13', '19', '17', '14', '18', '11', '0', '7', '4', '9', '16', '12'], 'atak': ['1', '8', '5', '3', '2']}",<built-in method values of dict object at 0x7ff9d42dfe00>
"{'n_atak': ['15', '6', '10', '13', '19', '17', '14', '18', '11', '0', '7', '4', '9', '16', '12'], 'atak': ['1', '8', '5', '3', '2']}",<built-in method values of dict object at 0x7ff9d42dfe00>
"{'atak': ['0', '5', '3', '1', '8', '7', '6'], 'n_atak': ['2', '14', '16', '4', '12', '9', '11', '17', '18', '15', '19', '10', '13']}",<built-in method values of dict object at 0x7ff9d42c9100>
"{'atak': ['0', '5', '3', '1', '8', '7', '6'], 'n_atak': ['2', '14', '16', '4', '12', '9', '11', '17', '18', '15', '19', '10', '13']}",<built-in method values of dict object at 0x7ff9d42c9100>
"{'atak': ['0', '5', '3', '1', '8', '7', '6'], 'n_atak': ['2', '14', '16', '4', '12', '9', '11', '17', '18', '15', '19', '10', '13']}",<built-in method values of dict object at 0x7ff9d42c9100>
"{'atak': ['0', '5', '3', '1', '8', '7', '6'], 'n_atak': ['2', '14', '16', '4', '12', '9', '11', '17', '18', '15', '19', '10', '13']}",<built-in method values of dict object at 0x7ff9d42c9100>
"{'atak': ['0', '5', '3', '1', '8', '7', '6'], 'n_atak': ['2', '14', '16', '4', '12', '9', '11', '17', '18', '15', '19', '10', '13']}",<built-in method values of dict object at 0x7ff9d42c9100>
"{'atak': ['0', '5', '3', '1', '8', '7', '6'], 'n_atak': ['2', '14', '16', '4', '12', '9', '11', '17', '18', '15', '19', '10', '13']}",<built-in method values of dict object at 0x7ff9d42c9100>
"{'atak': ['0', '5', '3', '1', '8', '7', '6'], 'n_atak': ['2', '14', '16', '4', '12', '9', '11', '17', '18', '15', '19', '10', '13']}",<built-in method values of dict object at 0x7ff9d42c9100>
"{'atak': ['0', '5', '3', '1', '8', '7', '6'], 'n_atak': ['2', '14', '16', '4', '12', '9', '11', '17', '18', '15', '19', '10', '13']}",<built-in method values of dict object at 0x7ff9d42c9100>
"{'atak': ['0', '5', '3', '1', '8', '7', '6'], 'n_atak': ['2', '14', '16', '4', '12', '9', '11', '17', '18', '15', '19', '10', '13']}",<built-in method values of dict object at 0x7ff9d42c9100>
"{'atak': ['0', '5', '3', '1', '8', '7', '6'], 'n_atak': ['2', '14', '16', '4', '12', '9', '11', '17', '18', '15', '19', '10', '13']}",<built-in method values of dict object at 0x7ff9d42c9100>
"{'atak': ['0', '5', '3', '1', '8', '7', '6'], 'n_atak': ['2', '14', '16', '4', '12', '9', '11', '17', '18', '15', '19', '10', '13']}",<built-in method values of dict object at 0x7ff9d42c9100>
"{'atak': ['0', '5', '3', '1', '8', '7', '6'], 'n_atak': ['2', '14', '16', '4', '12', '9', '11', '17', '18', '15', '19', '10', '13']}",<built-in method values of dict object at 0x7ff9d42c9100>
"{'atak': ['0', '5', '3', '1', '8', '7', '6'], 'n_atak': ['2', '14', '16', '4', '12', '9', '11', '17', '18', '15', '19', '10', '13']}",<built-in method values of dict object at 0x7ff9d42c9100>
"{'atak': ['0', '5', '3', '1', '8', '7', '6'], 'n_atak': ['2', '14', '16', '4', '12', '9', '11', '17', '18', '15', '19', '10', '13']}",<built-in method values of dict object at 0x7ff9d42c9100>
"{'atak': ['0', '5', '3', '1', '8', '7', '6'], 'n_atak': ['2', '14', '16', '4', '12', '9', '11', '17', '18', '15', '19', '10', '13']}",<built-in method values of dict object at 0x7ff9d42c9100>
"{'atak': ['0', '5', '3', '1', '8', '7', '6'], 'n_atak': ['2', '14', '16', '4', '12', '9', '11', '17', '18', '15', '19', '10', '13']}",<built-in method values of dict object at 0x7ff9d42c9100>
"{'atak': ['0', '5', '3', '1', '8', '7', '6'], 'n_atak': ['2', '14', '16', '4', '12', '9', '11', '17', '18', '15', '19', '10', '13']}",<built-in method values of dict object at 0x7ff9d42c9100>
"{'atak': ['0', '5', '3', '1', '8', '7', '6'], 'n_atak': ['2', '14', '16', '4', '12', '9', '11', '17', '18', '15', '19', '10', '13']}",<built-in method values of dict object at 0x7ff9d42c9100>
"{'atak': ['0', '5', '3', '1', '8', '7', '6'], 'n_atak': ['2', '14', '16', '4', '12', '9', '11', '17', '18', '15', '19', '10', '13']}",<built-in method values of dict object at 0x7ff9d42c9100>
"{'atak': ['0', '5', '3', '1', '8', '7', '6'], 'n_atak': ['2', '14', '16', '4', '12', '9', '11', '17', '18', '15', '19', '10', '13']}",<built-in method values of dict object at 0x7ff9d42c9100>
"{'atak': ['2', '5', '4', '0', '3', '8'], 'n_atak': ['18', '7', '19', '9', '6', '14', '16', '13', '11', '1', '10', '17', '12', '15']}",<built-in method values of dict object at 0x7ff9d426ac40>
"{'atak': ['2', '5', '4', '0', '3', '8'], 'n_atak': ['18', '7', '19', '9', '6', '14', '16', '13', '11', '1', '10', '17', '12', '15']}",<built-in method values of dict object at 0x7ff9d426ac40>
"{'atak': ['2', '5', '4', '0', '3', '8'], 'n_atak': ['18', '7', '19', '9', '6', '14', '16', '13', '11', '1', '10', '17', '12', '15']}",<built-in method values of dict object at 0x7ff9d426ac40>
"{'atak': ['2', '5', '4', '0', '3', '8'], 'n_atak': ['18', '7', '19', '9', '6', '14', '16', '13', '11', '1', '10', '17', '12', '15']}",<built-in method values of dict object at 0x7ff9d426ac40>
"{'atak': ['2', '5', '4', '0', '3', '8'], 'n_atak': ['18', '7', '19', '9', '6', '14', '16', '13', '11', '1', '10', '17', '12', '15']}",<built-in method values of dict object at 0x7ff9d426ac40>
"{'atak': ['2', '5', '4', '0', '3', '8'], 'n_atak': ['18', '7', '19', '9', '6', '14', '16', '13', '11', '1', '10', '17', '12', '15']}",<built-in method values of dict object at 0x7ff9d426ac40>
"{'atak': ['2', '5', '4', '0', '3', '8'], 'n_atak': ['18', '7', '19', '9', '6', '14', '16', '13', '11', '1', '10', '17', '12', '15']}",<built-in method values of dict object at 0x7ff9d426ac40>
"{'atak': ['2', '5', '4', '0', '3', '8'], 'n_atak': ['18', '7', '19', '9', '6', '14', '16', '13', '11', '1', '10', '17', '12', '15']}",<built-in method values of dict object at 0x7ff9d426ac40>
"{'atak': ['2', '5', '4', '0', '3', '8'], 'n_atak': ['18', '7', '19', '9', '6', '14', '16', '13', '11', '1', '10', '17', '12', '15']}",<built-in method values of dict object at 0x7ff9d426ac40>
"{'atak': ['2', '5', '4', '0', '3', '8'], 'n_atak': ['18', '7', '19', '9', '6', '14', '16', '13', '11', '1', '10', '17', '12', '15']}",<built-in method values of dict object at 0x7ff9d426ac40>
"{'atak': ['2', '5', '4', '0', '3', '8'], 'n_atak': ['18', '7', '19', '9', '6', '14', '16', '13', '11', '1', '10', '17', '12', '15']}",<built-in method values of dict object at 0x7ff9d426ac40>
"{'atak': ['2', '5', '4', '0', '3', '8'], 'n_atak': ['18', '7', '19', '9', '6', '14', '16', '13', '11', '1', '10', '17', '12', '15']}",<built-in method values of dict object at 0x7ff9d426ac40>
"{'atak': ['2', '5', '4', '0', '3', '8'], 'n_atak': ['18', '7', '19', '9', '6', '14', '16', '13', '11', '1', '10', '17', '12', '15']}",<built-in method values of dict object at 0x7ff9d426ac40>
"{'atak': ['2', '5', '4', '0', '3', '8'], 'n_atak': ['18', '7', '19', '9', '6', '14', '16', '13', '11', '1', '10', '17', '12', '15']}",<built-in method values of dict object at 0x7ff9d426ac40>
"{'atak': ['2', '5', '4', '0', '3', '8'], 'n_atak': ['18', '7', '19', '9', '6', '14', '16', '13', '11', '1', '10', '17', '12', '15']}",<built-in method values of dict object at 0x7ff9d426ac40>
"{'atak': ['2', '5', '4', '0', '3', '8'], 'n_atak': ['18', '7', '19', '9', '6', '14', '16', '13', '11', '1', '10', '17', '12', '15']}",<built-in method values of dict object at 0x7ff9d426ac40>
"{'atak': ['2', '5', '4', '0', '3', '8'], 'n_atak': ['18', '7', '19', '9', '6', '14', '16', '13', '11', '1', '10', '17', '12', '15']}",<built-in method values of dict object at 0x7ff9d426ac40>
"{'atak': ['2', '5', '4', '0', '3', '8'], 'n_atak': ['18', '7', '19', '9', '6', '14', '16', '13', '11', '1', '10', '17', '12', '15']}",<built-in method values of dict object at 0x7ff9d426ac40>
"{'atak': ['2', '5', '4', '0', '3', '8'], 'n_atak': ['18', '7', '19', '9', '6', '14', '16', '13', '11', '1', '10', '17', '12', '15']}",<built-in method values of dict object at 0x7ff9d426ac40>
"{'atak': ['2', '5', '4', '0', '3', '8'], 'n_atak': ['18', '7', '19', '9', '6', '14', '16', '13', '11', '1', '10', '17', '12', '15']}",<built-in method values of dict object at 0x7ff9d426ac40>
"{'n_atak': ['18', '8', '6', '7', '12', '1', '0', '5', '17', '19', '14', '13', '9', '10', '4', '3', '16', '11', '15'], 'atak': ['2']}",<built-in method values of dict object at 0x7ff9d411ee80>
"{'n_atak': ['18', '8', '6', '7', '12', '1', '0', '5', '17', '19', '14', '13', '9', '10', '4', '3', '16', '11', '15'], 'atak': ['2']}",<built-in method values of dict object at 0x7ff9d411ee80>
"{'n_atak': ['18', '8', '6', '7', '12', '1', '0', '5', '17', '19', '14', '13', '9', '10', '4', '3', '16', '11', '15'], 'atak': ['2']}",<built-in method values of dict object at 0x7ff9d411ee80>
"{'n_atak': ['18', '8', '6', '7', '12', '1', '0', '5', '17', '19', '14', '13', '9', '10', '4', '3', '16', '11', '15'], 'atak': ['2']}",<built-in method values of dict object at 0x7ff9d411ee80>
"{'n_atak': ['18', '8', '6', '7', '12', '1', '0', '5', '17', '19', '14', '13', '9', '10', '4', '3', '16', '11', '15'], 'atak': ['2']}",<built-in method values of dict object at 0x7ff9d411ee80>
"{'n_atak': ['18', '8', '6', '7', '12', '1', '0', '5', '17', '19', '14', '13', '9', '10', '4', '3', '16', '11', '15'], 'atak': ['2']}",<built-in method values of dict object at 0x7ff9d411ee80>
"{'n_atak': ['18', '8', '6', '7', '12', '1', '0', '5', '17', '19', '14', '13', '9', '10', '4', '3', '16', '11', '15'], 'atak': ['2']}",<built-in method values of dict object at 0x7ff9d411ee80>
"{'n_atak': ['18', '8', '6', '7', '12', '1', '0', '5', '17', '19', '14', '13', '9', '10', '4', '3', '16', '11', '15'], 'atak': ['2']}",<built-in method values of dict object at 0x7ff9d411ee80>
"{'n_atak': ['18', '8', '6', '7', '12', '1', '0', '5', '17', '19', '14', '13', '9', '10', '4', '3', '16', '11', '15'], 'atak': ['2']}",<built-in method values of dict object at 0x7ff9d411ee80>
"{'n_atak': ['18', '8', '6', '7', '12', '1', '0', '5', '17', '19', '14', '13', '9', '10', '4', '3', '16', '11', '15'], 'atak': ['2']}",<built-in method values of dict object at 0x7ff9d411ee80>
"{'n_atak': ['18', '8', '6', '7', '12', '1', '0', '5', '17', '19', '14', '13', '9', '10', '4', '3', '16', '11', '15'], 'atak': ['2']}",<built-in method values of dict object at 0x7ff9d411ee80>
"{'n_atak': ['18', '8', '6', '7', '12', '1', '0', '5', '17', '19', '14', '13', '9', '10', '4', '3', '16', '11', '15'], 'atak': ['2']}",<built-in method values of dict object at 0x7ff9d411ee80>
"{'n_atak': ['18', '8', '6', '7', '12', '1', '0', '5', '17', '19', '14', '13', '9', '10', '4', '3', '16', '11', '15'], 'atak': ['2']}",<built-in method values of dict object at 0x7ff9d411ee80>
"{'n_atak': ['18', '8', '6', '7', '12', '1', '0', '5', '17', '19', '14', '13', '9', '10', '4', '3', '16', '11', '15'], 'atak': ['2']}",<built-in method values of dict object at 0x7ff9d411ee80>
"{'n_atak': ['18', '8', '6', '7', '12', '1', '0', '5', '17', '19', '14', '13', '9', '10', '4', '3', '16', '11', '15'], 'atak': ['2']}",<built-in method values of dict object at 0x7ff9d411ee80>
"{'n_atak': ['18', '8', '6', '7', '12', '1', '0', '5', '17', '19', '14', '13', '9', '10', '4', '3', '16', '11', '15'], 'atak': ['2']}",<built-in method values of dict object at 0x7ff9d411ee80>
"{'n_atak': ['18', '8', '6', '7', '12', '1', '0', '5', '17', '19', '14', '13', '9', '10', '4', '3', '16', '11', '15'], 'atak': ['2']}",<built-in method values of dict object at 0x7ff9d411ee80>
"{'n_atak': ['18', '8', '6', '7', '12', '1', '0', '5', '17', '19', '14', '13', '9', '10', '4', '3', '16', '11', '15'], 'atak': ['2']}",<built-in method values of dict object at 0x7ff9d411ee80>
"{'n_atak': ['18', '8', '6', '7', '12', '1', '0', '5', '17', '19', '14', '13', '9', '10', '4', '3', '16', '11', '15'], 'atak': ['2']}",<built-in method values of dict object at 0x7ff9d411ee80>
"{'n_atak': ['18', '8', '6', '7', '12', '1', '0', '5', '17', '19', '14', '13', '9', '10', '4', '3', '16', '11', '15'], 'atak': ['2']}",<built-in method values of dict object at 0x7ff9d411ee80>
"{'n_atak': ['6', '8', '19', '18', '11', '3', '2', '5', '17', '9', '12', '14', '15', '16', '13', '4', '1', '10'], 'atak': ['0', '7']}",<built-in method values of dict object at 0x7ff9d41046c0>
"{'n_atak': ['6', '8', '19', '18', '11', '3', '2', '5', '17', '9', '12', '14', '15', '16', '13', '4', '1', '10'], 'atak': ['0', '7']}",<built-in method values of dict object at 0x7ff9d41046c0>
"{'n_atak': ['6', '8', '19', '18', '11', '3', '2', '5', '17', '9', '12', '14', '15', '16', '13', '4', '1', '10'], 'atak': ['0', '7']}",<built-in method values of dict object at 0x7ff9d41046c0>
"{'n_atak': ['6', '8', '19', '18', '11', '3', '2', '5', '17', '9', '12', '14', '15', '16', '13', '4', '1', '10'], 'atak': ['0', '7']}",<built-in method values of dict object at 0x7ff9d41046c0>
"{'n_atak': ['6', '8', '19', '18', '11', '3', '2', '5', '17', '9', '12', '14', '15', '16', '13', '4', '1', '10'], 'atak': ['0', '7']}",<built-in method values of dict object at 0x7ff9d41046c0>
"{'n_atak': ['6', '8', '19', '18', '11', '3', '2', '5', '17', '9', '12', '14', '15', '16', '13', '4', '1', '10'], 'atak': ['0', '7']}",<built-in method values of dict object at 0x7ff9d41046c0>
"{'n_atak': ['6', '8', '19', '18', '11', '3', '2', '5', '17', '9', '12', '14', '15', '16', '13', '4', '1', '10'], 'atak': ['0', '7']}",<built-in method values of dict object at 0x7ff9d41046c0>
"{'n_atak': ['6', '8', '19', '18', '11', '3', '2', '5', '17', '9', '12', '14', '15', '16', '13', '4', '1', '10'], 'atak': ['0', '7']}",<built-in method values of dict object at 0x7ff9d41046c0>
"{'n_atak': ['6', '8', '19', '18', '11', '3', '2', '5', '17', '9', '12', '14', '15', '16', '13', '4', '1', '10'], 'atak': ['0', '7']}",<built-in method values of dict object at 0x7ff9d41046c0>
"{'n_atak': ['6', '8', '19', '18', '11', '3', '2', '5', '17', '9', '12', '14', '15', '16', '13', '4', '1', '10'], 'atak': ['0', '7']}",<built-in method values of dict object at 0x7ff9d41046c0>
"{'n_atak': ['6', '8', '19', '18', '11', '3', '2', '5', '17', '9', '12', '14', '15', '16', '13', '4', '1', '10'], 'atak': ['0', '7']}",<built-in method values of dict object at 0x7ff9d41046c0>
"{'n_atak': ['6', '8', '19', '18', '11', '3', '2', '5', '17', '9', '12', '14', '15', '16', '13', '4', '1', '10'], 'atak': ['0', '7']}",<built-in method values of dict object at 0x7ff9d41046c0>
"{'n_atak': ['6', '8', '19', '18', '11', '3', '2', '5', '17', '9', '12', '14', '15', '16', '13', '4', '1', '10'], 'atak': ['0', '7']}",<built-in method values of dict object at 0x7ff9d41046c0>
"{'n_atak': ['6', '8', '19', '18', '11', '3', '2', '5', '17', '9', '12', '14', '15', '16', '13', '4', '1', '10'], 'atak': ['0', '7']}",<built-in method values of dict object at 0x7ff9d41046c0>
"{'n_atak': ['6', '8', '19', '18', '11', '3', '2', '5', '17', '9', '12', '14', '15', '16', '13', '4', '1', '10'], 'atak': ['0', '7']}",<built-in method values of dict object at 0x7ff9d41046c0>
"{'n_atak': ['6', '8', '19', '18', '11', '3', '2', '5', '17', '9', '12', '14', '15', '16', '13', '4', '1', '10'], 'atak': ['0', '7']}",<built-in method values of dict object at 0x7ff9d41046c0>
"{'n_atak': ['6', '8', '19', '18', '11', '3', '2', '5', '17', '9', '12', '14', '15', '16', '13', '4', '1', '10'], 'atak': ['0', '7']}",<built-in method values of dict object at 0x7ff9d41046c0>
"{'n_atak': ['6', '8', '19', '18', '11', '3', '2', '5', '17', '9', '12', '14', '15', '16', '13', '4', '1', '10'], 'atak': ['0', '7']}",<built-in method values of dict object at 0x7ff9d41046c0>
"{'n_atak': ['6', '8', '19', '18', '11', '3', '2', '5', '17', '9', '12', '14', '15', '16', '13', '4', '1', '10'], 'atak': ['0', '7']}",<built-in method values of dict object at 0x7ff9d41046c0>
"{'n_atak': ['6', '8', '19', '18', '11', '3', '2', '5', '17', '9', '12', '14', '15', '16', '13', '4', '1', '10'], 'atak': ['0', '7']}",<built-in method values of dict object at 0x7ff9d41046c0>
"{'n_atak': ['13', '11', '6', '8', '14', '10', '17', '5', '3', '0', '9', '16', '12', '4', '15', '18', '7', '19', '1'], 'atak': ['2']}",<built-in method values of dict object at 0x7ff9d429d900>
"{'n_atak': ['13', '11', '6', '8', '14', '10', '17', '5', '3', '0', '9', '16', '12', '4', '15', '18', '7', '19', '1'], 'atak': ['2']}",<built-in method values of dict object at 0x7ff9d429d900>
"{'n_atak': ['13', '11', '6', '8', '14', '10', '17', '5', '3', '0', '9', '16', '12', '4', '15', '18', '7', '19', '1'], 'atak': ['2']}",<built-in method values of dict object at 0x7ff9d429d900>
"{'n_atak': ['13', '11', '6', '8', '14', '10', '17', '5', '3', '0', '9', '16', '12', '4', '15', '18', '7', '19', '1'], 'atak': ['2']}",<built-in method values of dict object at 0x7ff9d429d900>
"{'n_atak': ['13', '11', '6', '8', '14', '10', '17', '5', '3', '0', '9', '16', '12', '4', '15', '18', '7', '19', '1'], 'atak': ['2']}",<built-in method values of dict object at 0x7ff9d429d900>
"{'n_atak': ['13', '11', '6', '8', '14', '10', '17', '5', '3', '0', '9', '16', '12', '4', '15', '18', '7', '19', '1'], 'atak': ['2']}",<built-in method values of dict object at 0x7ff9d429d900>
"{'n_atak': ['13', '11', '6', '8', '14', '10', '17', '5', '3', '0', '9', '16', '12', '4', '15', '18', '7', '19', '1'], 'atak': ['2']}",<built-in method values of dict object at 0x7ff9d429d900>
"{'n_atak': ['13', '11', '6', '8', '14', '10', '17', '5', '3', '0', '9', '16', '12', '4', '15', '18', '7', '19', '1'], 'atak': ['2']}",<built-in method values of dict object at 0x7ff9d429d900>
"{'n_atak': ['13', '11', '6', '8', '14', '10', '17', '5', '3', '0', '9', '16', '12', '4', '15', '18', '7', '19', '1'], 'atak': ['2']}",<built-in method values of dict object at 0x7ff9d429d900>
"{'n_atak': ['13', '11', '6', '8', '14', '10', '17', '5', '3', '0', '9', '16', '12', '4', '15', '18', '7', '19', '1'], 'atak': ['2']}",<built-in method values of dict object at 0x7ff9d429d900>
"{'n_atak': ['13', '11', '6', '8', '14', '10', '17', '5', '3', '0', '9', '16', '12', '4', '15', '18', '7', '19', '1'], 'atak': ['2']}",<built-in method values of dict object at 0x7ff9d429d900>
"{'n_atak': ['13', '11', '6', '8', '14', '10', '17', '5', '3', '0', '9', '16', '12', '4', '15', '18', '7', '19', '1'], 'atak': ['2']}",<built-in method values of dict object at 0x7ff9d429d900>
"{'n_atak': ['13', '11', '6', '8', '14', '10', '17', '5', '3', '0', '9', '16', '12', '4', '15', '18', '7', '19', '1'], 'atak': ['2']}",<built-in method values of dict object at 0x7ff9d429d900>
"{'n_atak': ['13', '11', '6', '8', '14', '10', '17', '5', '3', '0', '9', '16', '12', '4', '15', '18', '7', '19', '1'], 'atak': ['2']}",<built-in method values of dict object at 0x7ff9d429d900>
"{'n_atak': ['13', '11', '6', '8', '14', '10', '17', '5', '3', '0', '9', '16', '12', '4', '15', '18', '7', '19', '1'], 'atak': ['2']}",<built-in method values of dict object at 0x7ff9d429d900>
"{'n_atak': ['13', '11', '6', '8', '14', '10', '17', '5', '3', '0', '9', '16', '12', '4', '15', '18', '7', '19', '1'], 'atak': ['2']}",<built-in method values of dict object at 0x7ff9d429d900>
"{'n_atak': ['13', '11', '6', '8', '14', '10', '17', '5', '3', '0', '9', '16', '12', '4', '15', '18', '7', '19', '1'], 'atak': ['2']}",<built-in method values of dict object at 0x7ff9d429d900>
"{'n_atak': ['13', '11', '6', '8', '14', '10', '17', '5', '3', '0', '9', '16', '12', '4', '15', '18', '7', '19', '1'], 'atak': ['2']}",<built-in method values of dict object at 0x7ff9d429d900>
"{'n_atak': ['13', '11', '6', '8', '14', '10', '17', '5', '3', '0', '9', '16', '12', '4', '15', '18', '7', '19', '1'], 'atak': ['2']}",<built-in method values of dict object at 0x7ff9d429d900>
"{'n_atak': ['13', '11', '6', '8', '14', '10', '17', '5', '3', '0', '9', '16', '12', '4', '15', '18', '7', '19', '1'], 'atak': ['2']}",<built-in method values of dict object at 0x7ff9d429d900>
"{'n_atak': ['5', '9', '14', '11', '10', '8', '2', '7', '18', '3', '4', '17', '6', '1', '16', '19', '13', '0', '12', '15']}",<built-in method values of dict object at 0x7ff9d429ec00>
"{'n_atak': ['5', '9', '14', '11', '10', '8', '2', '7', '18', '3', '4', '17', '6', '1', '16', '19', '13', '0', '12', '15']}",<built-in method values of dict object at 0x7ff9d429ec00>
"{'n_atak': ['5', '9', '14', '11', '10', '8', '2', '7', '18', '3', '4', '17', '6', '1', '16', '19', '13', '0', '12', '15']}",<built-in method values of dict object at 0x7ff9d429ec00>
"{'n_atak': ['5', '9', '14', '11', '10', '8', '2', '7', '18', '3', '4', '17', '6', '1', '16', '19', '13', '0', '12', '15']}",<built-in method values of dict object at 0x7ff9d429ec00>
"{'n_atak': ['5', '9', '14', '11', '10', '8', '2', '7', '18', '3', '4', '17', '6', '1', '16', '19', '13', '0', '12', '15']}",<built-in method values of dict object at 0x7ff9d429ec00>
"{'n_atak': ['5', '9', '14', '11', '10', '8', '2', '7', '18', '3', '4', '17', '6', '1', '16', '19', '13', '0', '12', '15']}",<built-in method values of dict object at 0x7ff9d429ec00>
"{'n_atak': ['5', '9', '14', '11', '10', '8', '2', '7', '18', '3', '4', '17', '6', '1', '16', '19', '13', '0', '12', '15']}",<built-in method values of dict object at 0x7ff9d429ec00>
"{'n_atak': ['5', '9', '14', '11', '10', '8', '2', '7', '18', '3', '4', '17', '6', '1', '16', '19', '13', '0', '12', '15']}",<built-in method values of dict object at 0x7ff9d429ec00>
"{'n_atak': ['5', '9', '14', '11', '10', '8', '2', '7', '18', '3', '4', '17', '6', '1', '16', '19', '13', '0', '12', '15']}",<built-in method values of dict object at 0x7ff9d429ec00>
"{'n_atak': ['5', '9', '14', '11', '10', '8', '2', '7', '18', '3', '4', '17', '6', '1', '16', '19', '13', '0', '12', '15']}",<built-in method values of dict object at 0x7ff9d429ec00>
"{'n_atak': ['5', '9', '14', '11', '10', '8', '2', '7', '18', '3', '4', '17', '6', '1', '16', '19', '13', '0', '12', '15']}",<built-in method values of dict object at 0x7ff9d429ec00>
"{'n_atak': ['5', '9', '14', '11', '10', '8', '2', '7', '18', '3', '4', '17', '6', '1', '16', '19', '13', '0', '12', '15']}",<built-in method values of dict object at 0x7ff9d429ec00>
"{'n_atak': ['5', '9', '14', '11', '10', '8', '2', '7', '18', '3', '4', '17', '6', '1', '16', '19', '13', '0', '12', '15']}",<built-in method values of dict object at 0x7ff9d429ec00>
"{'n_atak': ['5', '9', '14', '11', '10', '8', '2', '7', '18', '3', '4', '17', '6', '1', '16', '19', '13', '0', '12', '15']}",<built-in method values of dict object at 0x7ff9d429ec00>
"{'n_atak': ['5', '9', '14', '11', '10', '8', '2', '7', '18', '3', '4', '17', '6', '1', '16', '19', '13', '0', '12', '15']}",<built-in method values of dict object at 0x7ff9d429ec00>
"{'n_atak': ['5', '9', '14', '11', '10', '8', '2', '7', '18', '3', '4', '17', '6', '1', '16', '19', '13', '0', '12', '15']}",<built-in method values of dict object at 0x7ff9d429ec00>
"{'n_atak': ['5', '9', '14', '11', '10', '8', '2', '7', '18', '3', '4', '17', '6', '1', '16', '19', '13', '0', '12', '15']}",<built-in method values of dict object at 0x7ff9d429ec00>
"{'n_atak': ['5', '9', '14', '11', '10', '8', '2', '7', '18', '3', '4', '17', '6', '1', '16', '19', '13', '0', '12', '15']}",<built-in method values of dict object at 0x7ff9d429ec00>
"{'n_atak': ['5', '9', '14', '11', '10', '8', '2', '7', '18', '3', '4', '17', '6', '1', '16', '19', '13', '0', '12', '15']}",<built-in method values of dict object at 0x7ff9d429ec00>
"{'n_atak': ['5', '9', '14', '11', '10', '8', '2', '7', '18', '3', '4', '17', '6', '1', '16', '19', '13', '0', '12', '15']}",<built-in method values of dict object at 0x7ff9d429ec00>
"{'n_atak': ['2', '9', '16', '5', '13', '1', '11', '15', '14', '7', '3', '19', '12', '10', '4', '18', '17'], 'atak': ['6', '8', '0']}",<built-in method values of dict object at 0x7ff9d4115140>
"{'n_atak': ['2', '9', '16', '5', '13', '1', '11', '15', '14', '7', '3', '19', '12', '10', '4', '18', '17'], 'atak': ['6', '8', '0']}",<built-in method values of dict object at 0x7ff9d4115140>
"{'n_atak': ['2', '9', '16', '5', '13', '1', '11', '15', '14', '7', '3', '19', '12', '10', '4', '18', '17'], 'atak': ['6', '8', '0']}",<built-in method values of dict object at 0x7ff9d4115140>
"{'n_atak': ['2', '9', '16', '5', '13', '1', '11', '15', '14', '7', '3', '19', '12', '10', '4', '18', '17'], 'atak': ['6', '8', '0']}",<built-in method values of dict object at 0x7ff9d4115140>
"{'n_atak': ['2', '9', '16', '5', '13', '1', '11', '15', '14', '7', '3', '19', '12', '10', '4', '18', '17'], 'atak': ['6', '8', '0']}",<built-in method values of dict object at 0x7ff9d4115140>
"{'n_atak': ['2', '9', '16', '5', '13', '1', '11', '15', '14', '7', '3', '19', '12', '10', '4', '18', '17'], 'atak': ['6', '8', '0']}",<built-in method values of dict object at 0x7ff9d4115140>
"{'n_atak': ['2', '9', '16', '5', '13', '1', '11', '15', '14', '7', '3', '19', '12', '10', '4', '18', '17'], 'atak': ['6', '8', '0']}",<built-in method values of dict object at 0x7ff9d4115140>
"{'n_atak': ['2', '9', '16', '5', '13', '1', '11', '15', '14', '7', '3', '19', '12', '10', '4', '18', '17'], 'atak': ['6', '8', '0']}",<built-in method values of dict object at 0x7ff9d4115140>
"{'n_atak': ['2', '9', '16', '5', '13', '1', '11', '15', '14', '7', '3', '19', '12', '10', '4', '18', '17'], 'atak': ['6', '8', '0']}",<built-in method values of dict object at 0x7ff9d4115140>
"{'n_atak': ['2', '9', '16', '5', '13', '1', '11', '15', '14', '7', '3', '19', '12', '10', '4', '18', '17'], 'atak': ['6', '8', '0']}",<built-in method values of dict object at 0x7ff9d4115140>
"{'n_atak': ['2', '9', '16', '5', '13', '1', '11', '15', '14', '7', '3', '19', '12', '10', '4', '18', '17'], 'atak': ['6', '8', '0']}",<built-in method values of dict object at 0x7ff9d4115140>
"{'n_atak': ['2', '9', '16', '5', '13', '1', '11', '15', '14', '7', '3', '19', '12', '10', '4', '18', '17'], 'atak': ['6', '8', '0']}",<built-in method values of dict object at 0x7ff9d4115140>
"{'n_atak': ['2', '9', '16', '5', '13', '1', '11', '15', '14', '7', '3', '19', '12', '10', '4', '18', '17'], 'atak': ['6', '8', '0']}",<built-in method values of dict object at 0x7ff9d4115140>
"{'n_atak': ['2', '9', '16', '5', '13', '1', '11', '15', '14', '7', '3', '19', '12', '10', '4', '18', '17'], 'atak': ['6', '8', '0']}",<built-in method values of dict object at 0x7ff9d4115140>
"{'n_atak': ['2', '9', '16', '5', '13', '1', '11', '15', '14', '7', '3', '19', '12', '10', '4', '18', '17'], 'atak': ['6', '8', '0']}",<built-in method values of dict object at 0x7ff9d4115140>
"{'n_atak': ['2', '9', '16', '5', '13', '1', '11', '15', '14', '7', '3', '19', '12', '10', '4', '18', '17'], 'atak': ['6', '8', '0']}",<built-in method values of dict object at 0x7ff9d4115140>
"{'n_atak': ['2', '9', '16', '5', '13', '1', '11', '15', '14', '7', '3', '19', '12', '10', '4', '18', '17'], 'atak': ['6', '8', '0']}",<built-in method values of dict object at 0x7ff9d4115140>
"{'n_atak': ['2', '9', '16', '5', '13', '1', '11', '15', '14', '7', '3', '19', '12', '10', '4', '18', '17'], 'atak': ['6', '8', '0']}",<built-in method values of dict object at 0x7ff9d4115140>
"{'n_atak': ['2', '9', '16', '5', '13', '1', '11', '15', '14', '7', '3', '19', '12', '10', '4', '18', '17'], 'atak': ['6', '8', '0']}",<built-in method values of dict object at 0x7ff9d4115140>
"{'n_atak': ['2', '9', '16', '5', '13', '1', '11', '15', '14', '7', '3', '19', '12', '10', '4', '18', '17'], 'atak': ['6', '8', '0']}",<built-in method values of dict object at 0x7ff9d4115140>
"{'n_atak': ['11', '15', '8', '6', '13', '17', '18', '4', '12', '3', '10', '19', '1', '14', '5', '9', '16'], 'atak': ['7', '0', '2']}",<built-in method values of dict object at 0x7ff9d42d1740>
"{'n_atak': ['11', '15', '8', '6', '13', '17', '18', '4', '12', '3', '10', '19', '1', '14', '5', '9', '16'], 'atak': ['7', '0', '2']}",<built-in method values of dict object at 0x7ff9d42d1740>
"{'n_atak': ['11', '15', '8', '6', '13', '17', '18', '4', '12', '3', '10', '19', '1', '14', '5', '9', '16'], 'atak': ['7', '0', '2']}",<built-in method values of dict object at 0x7ff9d42d1740>
"{'n_atak': ['11', '15', '8', '6', '13', '17', '18', '4', '12', '3', '10', '19', '1', '14', '5', '9', '16'], 'atak': ['7', '0', '2']}",<built-in method values of dict object at 0x7ff9d42d1740>
"{'n_atak': ['11', '15', '8', '6', '13', '17', '18', '4', '12', '3', '10', '19', '1', '14', '5', '9', '16'], 'atak': ['7', '0', '2']}",<built-in method values of dict object at 0x7ff9d42d1740>
"{'n_atak': ['11', '15', '8', '6', '13', '17', '18', '4', '12', '3', '10', '19', '1', '14', '5', '9', '16'], 'atak': ['7', '0', '2']}",<built-in method values of dict object at 0x7ff9d42d1740>
"{'n_atak': ['11', '15', '8', '6', '13', '17', '18', '4', '12', '3', '10', '19', '1', '14', '5', '9', '16'], 'atak': ['7', '0', '2']}",<built-in method values of dict object at 0x7ff9d42d1740>
"{'n_atak': ['11', '15', '8', '6', '13', '17', '18', '4', '12', '3', '10', '19', '1', '14', '5', '9', '16'], 'atak': ['7', '0', '2']}",<built-in method values of dict object at 0x7ff9d42d1740>
"{'n_atak': ['11', '15', '8', '6', '13', '17', '18', '4', '12', '3', '10', '19', '1', '14', '5', '9', '16'], 'atak': ['7', '0', '2']}",<built-in method values of dict object at 0x7ff9d42d1740>
"{'n_atak': ['11', '15', '8', '6', '13', '17', '18', '4', '12', '3', '10', '19', '1', '14', '5', '9', '16'], 'atak': ['7', '0', '2']}",<built-in method values of dict object at 0x7ff9d42d1740>
"{'n_atak': ['11', '15', '8', '6', '13', '17', '18', '4', '12', '3', '10', '19', '1', '14', '5', '9', '16'], 'atak': ['7', '0', '2']}",<built-in method values of dict object at 0x7ff9d42d1740>
"{'n_atak': ['11', '15', '8', '6', '13', '17', '18', '4', '12', '3', '10', '19', '1', '14', '5', '9', '16'], 'atak': ['7', '0', '2']}",<built-in method values of dict object at 0x7ff9d42d1740>
"{'n_atak': ['11', '15', '8', '6', '13', '17', '18', '4', '12', '3', '10', '19', '1', '14', '5', '9', '16'], 'atak': ['7', '0', '2']}",<built-in method values of dict object at 0x7ff9d42d1740>
"{'n_atak': ['11', '15', '8', '6', '13', '17', '18', '4', '12', '3', '10', '19', '1', '14', '5', '9', '16'], 'atak': ['7', '0', '2']}",<built-in method values of dict object at 0x7ff9d42d1740>
"{'n_atak': ['11', '15', '8', '6', '13', '17', '18', '4', '12', '3', '10', '19', '1', '14', '5', '9', '16'], 'atak': ['7', '0', '2']}",<built-in method values of dict object at 0x7ff9d42d1740>
"{'n_atak': ['11', '15', '8', '6', '13', '17', '18', '4', '12', '3', '10', '19', '1', '14', '5', '9', '16'], 'atak': ['7', '0', '2']}",<built-in method values of dict object at 0x7ff9d42d1740>
"{'n_atak': ['11', '15', '8', '6', '13', '17', '18', '4', '12', '3', '10', '19', '1', '14', '5', '9', '16'], 'atak': ['7', '0', '2']}",<built-in method values of dict object at 0x7ff9d42d1740>
"{'n_atak': ['11', '15', '8', '6', '13', '17', '18', '4', '12', '3', '10', '19', '1', '14', '5', '9', '16'], 'atak': ['7', '0', '2']}",<built-in method values of dict object at 0x7ff9d42d1740>
"{'n_atak': ['11', '15', '8', '6', '13', '17', '18', '4', '12', '3', '10', '19', '1', '14', '5', '9', '16'], 'atak': ['7', '0', '2']}",<built-in method values of dict object at 0x7ff9d42d1740>
"{'n_atak': ['11', '15', '8', '6', '13', '17', '18', '4', '12', '3', '10', '19', '1', '14', '5', '9', '16'], 'atak': ['7', '0', '2']}",<built-in method values of dict object at 0x7ff9d42d1740>
"{'n_atak': ['18', '14', '5', '7', '12', '8', '15', '19', '16', '0', '10', '4', '11', '13', '9', '6', '17'], 'atak': ['1', '2', '3']}",<built-in method values of dict object at 0x7ff9d42c8d40>
"{'n_atak': ['18', '14', '5', '7', '12', '8', '15', '19', '16', '0', '10', '4', '11', '13', '9', '6', '17'], 'atak': ['1', '2', '3']}",<built-in method values of dict object at 0x7ff9d42c8d40>
"{'n_atak': ['18', '14', '5', '7', '12', '8', '15', '19', '16', '0', '10', '4', '11', '13', '9', '6', '17'], 'atak': ['1', '2', '3']}",<built-in method values of dict object at 0x7ff9d42c8d40>
"{'n_atak': ['18', '14', '5', '7', '12', '8', '15', '19', '16', '0', '10', '4', '11', '13', '9', '6', '17'], 'atak': ['1', '2', '3']}",<built-in method values of dict object at 0x7ff9d42c8d40>
"{'n_atak': ['18', '14', '5', '7', '12', '8', '15', '19', '16', '0', '10', '4', '11', '13', '9', '6', '17'], 'atak': ['1', '2', '3']}",<built-in method values of dict object at 0x7ff9d42c8d40>
"{'n_atak': ['18', '14', '5', '7', '12', '8', '15', '19', '16', '0', '10', '4', '11', '13', '9', '6', '17'], 'atak': ['1', '2', '3']}",<built-in method values of dict object at 0x7ff9d42c8d40>
"{'n_atak': ['18', '14', '5', '7', '12', '8', '15', '19', '16', '0', '10', '4', '11', '13', '9', '6', '17'], 'atak': ['1', '2', '3']}",<built-in method values of dict object at 0x7ff9d42c8d40>
"{'n_atak': ['18', '14', '5', '7', '12', '8', '15', '19', '16', '0', '10', '4', '11', '13', '9', '6', '17'], 'atak': ['1', '2', '3']}",<built-in method values of dict object at 0x7ff9d42c8d40>
"{'n_atak': ['18', '14', '5', '7', '12', '8', '15', '19', '16', '0', '10', '4', '11', '13', '9', '6', '17'], 'atak': ['1', '2', '3']}",<built-in method values of dict object at 0x7ff9d42c8d40>
"{'n_atak': ['18', '14', '5', '7', '12', '8', '15', '19', '16', '0', '10', '4', '11', '13', '9', '6', '17'], 'atak': ['1', '2', '3']}",<built-in method values of dict object at 0x7ff9d42c8d40>
"{'n_atak': ['18', '14', '5', '7', '12', '8', '15', '19', '16', '0', '10', '4', '11', '13', '9', '6', '17'], 'atak': ['1', '2', '3']}",<built-in method values of dict object at 0x7ff9d42c8d40>
"{'n_atak': ['18', '14', '5', '7', '12', '8', '15', '19', '16', '0', '10', '4', '11', '13', '9', '6', '17'], 'atak': ['1', '2', '3']}",<built-in method values of dict object at 0x7ff9d42c8d40>
"{'n_atak': ['18', '14', '5', '7', '12', '8', '15', '19', '16', '0', '10', '4', '11', '13', '9', '6', '17'], 'atak': ['1', '2', '3']}",<built-in method values of dict object at 0x7ff9d42c8d40>
"{'n_atak': ['18', '14', '5', '7', '12', '8', '15', '19', '16', '0', '10', '4', '11', '13', '9', '6', '17'], 'atak': ['1', '2', '3']}",<built-in method values of dict object at 0x7ff9d42c8d40>
"{'n_atak': ['18', '14', '5', '7', '12', '8', '15', '19', '16', '0', '10', '4', '11', '13', '9', '6', '17'], 'atak': ['1', '2', '3']}",<built-in method values of dict object at 0x7ff9d42c8d40>
"{'n_atak': ['18', '14', '5', '7', '12', '8', '15', '19', '16', '0', '10', '4', '11', '13', '9', '6', '17'], 'atak': ['1', '2', '3']}",<built-in method values of dict object at 0x7ff9d42c8d40>
"{'n_atak': ['18', '14', '5', '7', '12', '8', '15', '19', '16', '0', '10', '4', '11', '13', '9', '6', '17'], 'atak': ['1', '2', '3']}",<built-in method values of dict object at 0x7ff9d42c8d40>
"{'n_atak': ['18', '14', '5', '7', '12', '8', '15', '19', '16', '0', '10', '4', '11', '13', '9', '6', '17'], 'atak': ['1', '2', '3']}",<built-in method values of dict object at 0x7ff9d42c8d40>
"{'n_atak': ['18', '14', '5', '7', '12', '8', '15', '19', '16', '0', '10', '4', '11', '13', '9', '6', '17'], 'atak': ['1', '2', '3']}",<built-in method values of dict object at 0x7ff9d42c8d40>
"{'n_atak': ['18', '14', '5', '7', '12', '8', '15', '19', '16', '0', '10', '4', '11', '13', '9', '6', '17'], 'atak': ['1', '2', '3']}",<built-in method values of dict object at 0x7ff9d42c8d40>
"{'n_atak': ['17', '11', '19', '14', '13', '15', '10', '8', '18', '12', '1', '4', '2', '16', '5', '9'], 'atak': ['3', '7', '0', '6']}",<built-in method values of dict object at 0x7ff9d4269240>
"{'n_atak': ['17', '11', '19', '14', '13', '15', '10', '8', '18', '12', '1', '4', '2', '16', '5', '9'], 'atak': ['3', '7', '0', '6']}",<built-in method values of dict object at 0x7ff9d4269240>
"{'n_atak': ['17', '11', '19', '14', '13', '15', '10', '8', '18', '12', '1', '4', '2', '16', '5', '9'], 'atak': ['3', '7', '0', '6']}",<built-in method values of dict object at 0x7ff9d4269240>
"{'n_atak': ['17', '11', '19', '14', '13', '15', '10', '8', '18', '12', '1', '4', '2', '16', '5', '9'], 'atak': ['3', '7', '0', '6']}",<built-in method values of dict object at 0x7ff9d4269240>
"{'n_atak': ['17', '11', '19', '14', '13', '15', '10', '8', '18', '12', '1', '4', '2', '16', '5', '9'], 'atak': ['3', '7', '0', '6']}",<built-in method values of dict object at 0x7ff9d4269240>
"{'n_atak': ['17', '11', '19', '14', '13', '15', '10', '8', '18', '12', '1', '4', '2', '16', '5', '9'], 'atak': ['3', '7', '0', '6']}",<built-in method values of dict object at 0x7ff9d4269240>
"{'n_atak': ['17', '11', '19', '14', '13', '15', '10', '8', '18', '12', '1', '4', '2', '16', '5', '9'], 'atak': ['3', '7', '0', '6']}",<built-in method values of dict object at 0x7ff9d4269240>
"{'n_atak': ['17', '11', '19', '14', '13', '15', '10', '8', '18', '12', '1', '4', '2', '16', '5', '9'], 'atak': ['3', '7', '0', '6']}",<built-in method values of dict object at 0x7ff9d4269240>
"{'n_atak': ['17', '11', '19', '14', '13', '15', '10', '8', '18', '12', '1', '4', '2', '16', '5', '9'], 'atak': ['3', '7', '0', '6']}",<built-in method values of dict object at 0x7ff9d4269240>
"{'n_atak': ['17', '11', '19', '14', '13', '15', '10', '8', '18', '12', '1', '4', '2', '16', '5', '9'], 'atak': ['3', '7', '0', '6']}",<built-in method values of dict object at 0x7ff9d4269240>
"{'n_atak': ['17', '11', '19', '14', '13', '15', '10', '8', '18', '12', '1', '4', '2', '16', '5', '9'], 'atak': ['3', '7', '0', '6']}",<built-in method values of dict object at 0x7ff9d4269240>
"{'n_atak': ['17', '11', '19', '14', '13', '15', '10', '8', '18', '12', '1', '4', '2', '16', '5', '9'], 'atak': ['3', '7', '0', '6']}",<built-in method values of dict object at 0x7ff9d4269240>
"{'n_atak': ['17', '11', '19', '14', '13', '15', '10', '8', '18', '12', '1', '4', '2', '16', '5', '9'], 'atak': ['3', '7', '0', '6']}",<built-in method values of dict object at 0x7ff9d4269240>
"{'n_atak': ['17', '11', '19', '14', '13', '15', '10', '8', '18', '12', '1', '4', '2', '16', '5', '9'], 'atak': ['3', '7', '0', '6']}",<built-in method values of dict object at 0x7ff9d4269240>
"{'n_atak': ['17', '11', '19', '14', '13', '15', '10', '8', '18', '12', '1', '4', '2', '16', '5', '9'], 'atak': ['3', '7', '0', '6']}",<built-in method values of dict object at 0x7ff9d4269240>
"{'n_atak': ['17', '11', '19', '14', '13', '15', '10', '8', '18', '12', '1', '4', '2', '16', '5', '9'], 'atak': ['3', '7', '0', '6']}",<built-in method values of dict object at 0x7ff9d4269240>
"{'n_atak': ['17', '11', '19', '14', '13', '15', '10', '8', '18', '12', '1', '4', '2', '16', '5', '9'], 'atak': ['3', '7', '0', '6']}",<built-in method values of dict object at 0x7ff9d4269240>
"{'n_atak': ['17', '11', '19', '14', '13', '15', '10', '8', '18', '12', '1', '4', '2', '16', '5', '9'], 'atak': ['3', '7', '0', '6']}",<built-in method values of dict object at 0x7ff9d4269240>
"{'n_atak': ['17', '11', '19', '14', '13', '15', '10', '8', '18', '12', '1', '4', '2', '16', '5', '9'], 'atak': ['3', '7', '0', '6']}",<built-in method values of dict object at 0x7ff9d4269240>
"{'n_atak': ['17', '11', '19', '14', '13', '15', '10', '8', '18', '12', '1', '4', '2', '16', '5', '9'], 'atak': ['3', '7', '0', '6']}",<built-in method values of dict object at 0x7ff9d4269240>
"{'n_atak': ['8', '13', '17', '9', '10', '6', '0', '12', '14', '4', '19', '11', '16', '7', '18', '3', '2', '15'], 'atak': ['1', '5']}",<built-in method values of dict object at 0x7ff9d42dc8c0>
"{'n_atak': ['8', '13', '17', '9', '10', '6', '0', '12', '14', '4', '19', '11', '16', '7', '18', '3', '2', '15'], 'atak': ['1', '5']}",<built-in method values of dict object at 0x7ff9d42dc8c0>
"{'n_atak': ['8', '13', '17', '9', '10', '6', '0', '12', '14', '4', '19', '11', '16', '7', '18', '3', '2', '15'], 'atak': ['1', '5']}",<built-in method values of dict object at 0x7ff9d42dc8c0>
"{'n_atak': ['8', '13', '17', '9', '10', '6', '0', '12', '14', '4', '19', '11', '16', '7', '18', '3', '2', '15'], 'atak': ['1', '5']}",<built-in method values of dict object at 0x7ff9d42dc8c0>
"{'n_atak': ['8', '13', '17', '9', '10', '6', '0', '12', '14', '4', '19', '11', '16', '7', '18', '3', '2', '15'], 'atak': ['1', '5']}",<built-in method values of dict object at 0x7ff9d42dc8c0>
"{'n_atak': ['8', '13', '17', '9', '10', '6', '0', '12', '14', '4', '19', '11', '16', '7', '18', '3', '2', '15'], 'atak': ['1', '5']}",<built-in method values of dict object at 0x7ff9d42dc8c0>
"{'n_atak': ['8', '13', '17', '9', '10', '6', '0', '12', '14', '4', '19', '11', '16', '7', '18', '3', '2', '15'], 'atak': ['1', '5']}",<built-in method values of dict object at 0x7ff9d42dc8c0>
"{'n_atak': ['8', '13', '17', '9', '10', '6', '0', '12', '14', '4', '19', '11', '16', '7', '18', '3', '2', '15'], 'atak': ['1', '5']}",<built-in method values of dict object at 0x7ff9d42dc8c0>
"{'n_atak': ['8', '13', '17', '9', '10', '6', '0', '12', '14', '4', '19', '11', '16', '7', '18', '3', '2', '15'], 'atak': ['1', '5']}",<built-in method values of dict object at 0x7ff9d42dc8c0>
"{'n_atak': ['8', '13', '17', '9', '10', '6', '0', '12', '14', '4', '19', '11', '16', '7', '18', '3', '2', '15'], 'atak': ['1', '5']}",<built-in method values of dict object at 0x7ff9d42dc8c0>
"{'n_atak': ['8', '13', '17', '9', '10', '6', '0', '12', '14', '4', '19', '11', '16', '7', '18', '3', '2', '15'], 'atak': ['1', '5']}",<built-in method values of dict object at 0x7ff9d42dc8c0>
"{'n_atak': ['8', '13', '17', '9', '10', '6', '0', '12', '14', '4', '19', '11', '16', '7', '18', '3', '2', '15'], 'atak': ['1', '5']}",<built-in method values of dict object at 0x7ff9d42dc8c0>
"{'n_atak': ['8', '13', '17', '9', '10', '6', '0', '12', '14', '4', '19', '11', '16', '7', '18', '3', '2', '15'], 'atak': ['1', '5']}",<built-in method values of dict object at 0x7ff9d42dc8c0>
"{'n_atak': ['8', '13', '17', '9', '10', '6', '0', '12', '14', '4', '19', '11', '16', '7', '18', '3', '2', '15'], 'atak': ['1', '5']}",<built-in method values of dict object at 0x7ff9d42dc8c0>
"{'n_atak': ['8', '13', '17', '9', '10', '6', '0', '12', '14', '4', '19', '11', '16', '7', '18', '3', '2', '15'], 'atak': ['1', '5']}",<built-in method values of dict object at 0x7ff9d42dc8c0>
"{'n_atak': ['8', '13', '17', '9', '10', '6', '0', '12', '14', '4', '19', '11', '16', '7', '18', '3', '2', '15'], 'atak': ['1', '5']}",<built-in method values of dict object at 0x7ff9d42dc8c0>
"{'n_atak': ['8', '13', '17', '9', '10', '6', '0', '12', '14', '4', '19', '11', '16', '7', '18', '3', '2', '15'], 'atak': ['1', '5']}",<built-in method values of dict object at 0x7ff9d42dc8c0>
"{'n_atak': ['8', '13', '17', '9', '10', '6', '0', '12', '14', '4', '19', '11', '16', '7', '18', '3', '2', '15'], 'atak': ['1', '5']}",<built-in method values of dict object at 0x7ff9d42dc8c0>
"{'n_atak': ['8', '13', '17', '9', '10', '6', '0', '12', '14', '4', '19', '11', '16', '7', '18', '3', '2', '15'], 'atak': ['1', '5']}",<built-in method values of dict object at 0x7ff9d42dc8c0>
"{'n_atak': ['8', '13', '17', '9', '10', '6', '0', '12', '14', '4', '19', '11', '16', '7', '18', '3', '2', '15'], 'atak': ['1', '5']}",<built-in method values of dict object at 0x7ff9d42dc8c0>
"{'n_atak': ['0', '3', '5', '13', '17', '1', '8', '10', '4', '7', '9', '18', '6', '12', '15', '14', '11', '19', '2', '16']}",<built-in method values of dict object at 0x7ff9d4245200>
"{'n_atak': ['0', '3', '5', '13', '17', '1', '8', '10', '4', '7', '9', '18', '6', '12', '15', '14', '11', '19', '2', '16']}",<built-in method values of dict object at 0x7ff9d4245200>
"{'n_atak': ['0', '3', '5', '13', '17', '1', '8', '10', '4', '7', '9', '18', '6', '12', '15', '14', '11', '19', '2', '16']}",<built-in method values of dict object at 0x7ff9d4245200>
"{'n_atak': ['0', '3', '5', '13', '17', '1', '8', '10', '4', '7', '9', '18', '6', '12', '15', '14', '11', '19', '2', '16']}",<built-in method values of dict object at 0x7ff9d4245200>
"{'n_atak': ['0', '3', '5', '13', '17', '1', '8', '10', '4', '7', '9', '18', '6', '12', '15', '14', '11', '19', '2', '16']}",<built-in method values of dict object at 0x7ff9d4245200>
"{'n_atak': ['0', '3', '5', '13', '17', '1', '8', '10', '4', '7', '9', '18', '6', '12', '15', '14', '11', '19', '2', '16']}",<built-in method values of dict object at 0x7ff9d4245200>
"{'n_atak': ['0', '3', '5', '13', '17', '1', '8', '10', '4', '7', '9', '18', '6', '12', '15', '14', '11', '19', '2', '16']}",<built-in method values of dict object at 0x7ff9d4245200>
"{'n_atak': ['0', '3', '5', '13', '17', '1', '8', '10', '4', '7', '9', '18', '6', '12', '15', '14', '11', '19', '2', '16']}",<built-in method values of dict object at 0x7ff9d4245200>
"{'n_atak': ['0', '3', '5', '13', '17', '1', '8', '10', '4', '7', '9', '18', '6', '12', '15', '14', '11', '19', '2', '16']}",<built-in method values of dict object at 0x7ff9d4245200>
"{'n_atak': ['0', '3', '5', '13', '17', '1', '8', '10', '4', '7', '9', '18', '6', '12', '15', '14', '11', '19', '2', '16']}",<built-in method values of dict object at 0x7ff9d4245200>
"{'n_atak': ['0', '3', '5', '13', '17', '1', '8', '10', '4', '7', '9', '18', '6', '12', '15', '14', '11', '19', '2', '16']}",<built-in method values of dict object at 0x7ff9d4245200>
"{'n_atak': ['0', '3', '5', '13', '17', '1', '8', '10', '4', '7', '9', '18', '6', '12', '15', '14', '11', '19', '2', '16']}",<built-in method values of dict object at 0x7ff9d4245200>
"{'n_atak': ['0', '3', '5', '13', '17', '1', '8', '10', '4', '7', '9', '18', '6', '12', '15', '14', '11', '19', '2', '16']}",<built-in method values of dict object at 0x7ff9d4245200>
"{'n_atak': ['0', '3', '5', '13', '17', '1', '8', '10', '4', '7', '9', '18', '6', '12', '15', '14', '11', '19', '2', '16']}",<built-in method values of dict object at 0x7ff9d4245200>
"{'n_atak': ['0', '3', '5', '13', '17', '1', '8', '10', '4', '7', '9', '18', '6', '12', '15', '14', '11', '19', '2', '16']}",<built-in method values of dict object at 0x7ff9d4245200>
"{'n_atak': ['0', '3', '5', '13', '17', '1', '8', '10', '4', '7', '9', '18', '6', '12', '15', '14', '11', '19', '2', '16']}",<built-in method values of dict object at 0x7ff9d4245200>
"{'n_atak': ['0', '3', '5', '13', '17', '1', '8', '10', '4', '7', '9', '18', '6', '12', '15', '14', '11', '19', '2', '16']}",<built-in method values of dict object at 0x7ff9d4245200>
"{'n_atak': ['0', '3', '5', '13', '17', '1', '8', '10', '4', '7', '9', '18', '6', '12', '15', '14', '11', '19', '2', '16']}",<built-in method values of dict object at 0x7ff9d4245200>
"{'n_atak': ['0', '3', '5', '13', '17', '1', '8', '10', '4', '7', '9', '18', '6', '12', '15', '14', '11', '19', '2', '16']}",<built-in method values of dict object at 0x7ff9d4245200>
"{'n_atak': ['0', '3', '5', '13', '17', '1', '8', '10', '4', '7', '9', '18', '6', '12', '15', '14', '11', '19', '2', '16']}",<built-in method values of dict object at 0x7ff9d4245200>
