{},<built-in method values of dict object at 0x7f4ce065bd40>
{},<built-in method values of dict object at 0x7f4ce065bd40>
{},<built-in method values of dict object at 0x7f4ce065bd40>
{},<built-in method values of dict object at 0x7f4ce065bd40>
{},<built-in method values of dict object at 0x7f4ce065bd40>
{},<built-in method values of dict object at 0x7f4ce065bd40>
{},<built-in method values of dict object at 0x7f4ce065bd40>
{},<built-in method values of dict object at 0x7f4ce065bd40>
{},<built-in method values of dict object at 0x7f4ce065bd40>
{},<built-in method values of dict object at 0x7f4ce065bd40>
{},<built-in method values of dict object at 0x7f4ce065bd40>
{},<built-in method values of dict object at 0x7f4ce065bd40>
{},<built-in method values of dict object at 0x7f4ce065bd40>
{},<built-in method values of dict object at 0x7f4ce065bd40>
{},<built-in method values of dict object at 0x7f4ce065bd40>
{},<built-in method values of dict object at 0x7f4ce065bd40>
{},<built-in method values of dict object at 0x7f4ce065bd40>
{},<built-in method values of dict object at 0x7f4ce065bd40>
{},<built-in method values of dict object at 0x7f4ce065bd40>
{},<built-in method values of dict object at 0x7f4ce065bd40>
"{'atak': ['10', '7', '19', '16', '9', '14', '4', '1', '15', '18', '3', '0', '2', '17', '5', '8', '12', '11', '6', '13']}",<built-in method values of dict object at 0x7f4ce06b8c80>
"{'atak': ['10', '7', '19', '16', '9', '14', '4', '1', '15', '18', '3', '0', '2', '17', '5', '8', '12', '11', '6', '13']}",<built-in method values of dict object at 0x7f4ce06b8c80>
"{'atak': ['10', '7', '19', '16', '9', '14', '4', '1', '15', '18', '3', '0', '2', '17', '5', '8', '12', '11', '6', '13']}",<built-in method values of dict object at 0x7f4ce06b8c80>
"{'atak': ['10', '7', '19', '16', '9', '14', '4', '1', '15', '18', '3', '0', '2', '17', '5', '8', '12', '11', '6', '13']}",<built-in method values of dict object at 0x7f4ce06b8c80>
"{'atak': ['10', '7', '19', '16', '9', '14', '4', '1', '15', '18', '3', '0', '2', '17', '5', '8', '12', '11', '6', '13']}",<built-in method values of dict object at 0x7f4ce06b8c80>
"{'atak': ['10', '7', '19', '16', '9', '14', '4', '1', '15', '18', '3', '0', '2', '17', '5', '8', '12', '11', '6', '13']}",<built-in method values of dict object at 0x7f4ce06b8c80>
"{'atak': ['10', '7', '19', '16', '9', '14', '4', '1', '15', '18', '3', '0', '2', '17', '5', '8', '12', '11', '6', '13']}",<built-in method values of dict object at 0x7f4ce06b8c80>
"{'atak': ['10', '7', '19', '16', '9', '14', '4', '1', '15', '18', '3', '0', '2', '17', '5', '8', '12', '11', '6', '13']}",<built-in method values of dict object at 0x7f4ce06b8c80>
"{'atak': ['10', '7', '19', '16', '9', '14', '4', '1', '15', '18', '3', '0', '2', '17', '5', '8', '12', '11', '6', '13']}",<built-in method values of dict object at 0x7f4ce06b8c80>
"{'atak': ['10', '7', '19', '16', '9', '14', '4', '1', '15', '18', '3', '0', '2', '17', '5', '8', '12', '11', '6', '13']}",<built-in method values of dict object at 0x7f4ce06b8c80>
"{'atak': ['10', '7', '19', '16', '9', '14', '4', '1', '15', '18', '3', '0', '2', '17', '5', '8', '12', '11', '6', '13']}",<built-in method values of dict object at 0x7f4ce06b8c80>
"{'atak': ['10', '7', '19', '16', '9', '14', '4', '1', '15', '18', '3', '0', '2', '17', '5', '8', '12', '11', '6', '13']}",<built-in method values of dict object at 0x7f4ce06b8c80>
"{'atak': ['10', '7', '19', '16', '9', '14', '4', '1', '15', '18', '3', '0', '2', '17', '5', '8', '12', '11', '6', '13']}",<built-in method values of dict object at 0x7f4ce06b8c80>
"{'atak': ['10', '7', '19', '16', '9', '14', '4', '1', '15', '18', '3', '0', '2', '17', '5', '8', '12', '11', '6', '13']}",<built-in method values of dict object at 0x7f4ce06b8c80>
"{'atak': ['10', '7', '19', '16', '9', '14', '4', '1', '15', '18', '3', '0', '2', '17', '5', '8', '12', '11', '6', '13']}",<built-in method values of dict object at 0x7f4ce06b8c80>
"{'atak': ['10', '7', '19', '16', '9', '14', '4', '1', '15', '18', '3', '0', '2', '17', '5', '8', '12', '11', '6', '13']}",<built-in method values of dict object at 0x7f4ce06b8c80>
"{'atak': ['10', '7', '19', '16', '9', '14', '4', '1', '15', '18', '3', '0', '2', '17', '5', '8', '12', '11', '6', '13']}",<built-in method values of dict object at 0x7f4ce06b8c80>
"{'atak': ['10', '7', '19', '16', '9', '14', '4', '1', '15', '18', '3', '0', '2', '17', '5', '8', '12', '11', '6', '13']}",<built-in method values of dict object at 0x7f4ce06b8c80>
"{'atak': ['10', '7', '19', '16', '9', '14', '4', '1', '15', '18', '3', '0', '2', '17', '5', '8', '12', '11', '6', '13']}",<built-in method values of dict object at 0x7f4ce06b8c80>
"{'atak': ['10', '7', '19', '16', '9', '14', '4', '1', '15', '18', '3', '0', '2', '17', '5', '8', '12', '11', '6', '13']}",<built-in method values of dict object at 0x7f4ce06b8c80>
"{'atak': ['11', '14', '4', '1', '15', '5', '12', '7', '10', '8', '18', '0', '9', '17', '3', '6', '2', '19', '13', '16']}",<built-in method values of dict object at 0x7f4ce0698e80>
"{'atak': ['11', '14', '4', '1', '15', '5', '12', '7', '10', '8', '18', '0', '9', '17', '3', '6', '2', '19', '13', '16']}",<built-in method values of dict object at 0x7f4ce0698e80>
"{'atak': ['11', '14', '4', '1', '15', '5', '12', '7', '10', '8', '18', '0', '9', '17', '3', '6', '2', '19', '13', '16']}",<built-in method values of dict object at 0x7f4ce0698e80>
"{'atak': ['11', '14', '4', '1', '15', '5', '12', '7', '10', '8', '18', '0', '9', '17', '3', '6', '2', '19', '13', '16']}",<built-in method values of dict object at 0x7f4ce0698e80>
"{'atak': ['11', '14', '4', '1', '15', '5', '12', '7', '10', '8', '18', '0', '9', '17', '3', '6', '2', '19', '13', '16']}",<built-in method values of dict object at 0x7f4ce0698e80>
"{'atak': ['11', '14', '4', '1', '15', '5', '12', '7', '10', '8', '18', '0', '9', '17', '3', '6', '2', '19', '13', '16']}",<built-in method values of dict object at 0x7f4ce0698e80>
"{'atak': ['11', '14', '4', '1', '15', '5', '12', '7', '10', '8', '18', '0', '9', '17', '3', '6', '2', '19', '13', '16']}",<built-in method values of dict object at 0x7f4ce0698e80>
"{'atak': ['11', '14', '4', '1', '15', '5', '12', '7', '10', '8', '18', '0', '9', '17', '3', '6', '2', '19', '13', '16']}",<built-in method values of dict object at 0x7f4ce0698e80>
"{'atak': ['11', '14', '4', '1', '15', '5', '12', '7', '10', '8', '18', '0', '9', '17', '3', '6', '2', '19', '13', '16']}",<built-in method values of dict object at 0x7f4ce0698e80>
"{'atak': ['11', '14', '4', '1', '15', '5', '12', '7', '10', '8', '18', '0', '9', '17', '3', '6', '2', '19', '13', '16']}",<built-in method values of dict object at 0x7f4ce0698e80>
"{'atak': ['11', '14', '4', '1', '15', '5', '12', '7', '10', '8', '18', '0', '9', '17', '3', '6', '2', '19', '13', '16']}",<built-in method values of dict object at 0x7f4ce0698e80>
"{'atak': ['11', '14', '4', '1', '15', '5', '12', '7', '10', '8', '18', '0', '9', '17', '3', '6', '2', '19', '13', '16']}",<built-in method values of dict object at 0x7f4ce0698e80>
"{'atak': ['11', '14', '4', '1', '15', '5', '12', '7', '10', '8', '18', '0', '9', '17', '3', '6', '2', '19', '13', '16']}",<built-in method values of dict object at 0x7f4ce0698e80>
"{'atak': ['11', '14', '4', '1', '15', '5', '12', '7', '10', '8', '18', '0', '9', '17', '3', '6', '2', '19', '13', '16']}",<built-in method values of dict object at 0x7f4ce0698e80>
"{'atak': ['11', '14', '4', '1', '15', '5', '12', '7', '10', '8', '18', '0', '9', '17', '3', '6', '2', '19', '13', '16']}",<built-in method values of dict object at 0x7f4ce0698e80>
"{'atak': ['11', '14', '4', '1', '15', '5', '12', '7', '10', '8', '18', '0', '9', '17', '3', '6', '2', '19', '13', '16']}",<built-in method values of dict object at 0x7f4ce0698e80>
"{'atak': ['11', '14', '4', '1', '15', '5', '12', '7', '10', '8', '18', '0', '9', '17', '3', '6', '2', '19', '13', '16']}",<built-in method values of dict object at 0x7f4ce0698e80>
"{'atak': ['11', '14', '4', '1', '15', '5', '12', '7', '10', '8', '18', '0', '9', '17', '3', '6', '2', '19', '13', '16']}",<built-in method values of dict object at 0x7f4ce0698e80>
"{'atak': ['11', '14', '4', '1', '15', '5', '12', '7', '10', '8', '18', '0', '9', '17', '3', '6', '2', '19', '13', '16']}",<built-in method values of dict object at 0x7f4ce0698e80>
"{'atak': ['11', '14', '4', '1', '15', '5', '12', '7', '10', '8', '18', '0', '9', '17', '3', '6', '2', '19', '13', '16']}",<built-in method values of dict object at 0x7f4ce0698e80>
"{'atak': ['3', '7', '2', '6', '4', '1', '13', '14', '5', '8', '0', '10', '12', '18', '15', '19', '9', '11', '16', '17']}",<built-in method values of dict object at 0x7f4ce06ac080>
"{'atak': ['3', '7', '2', '6', '4', '1', '13', '14', '5', '8', '0', '10', '12', '18', '15', '19', '9', '11', '16', '17']}",<built-in method values of dict object at 0x7f4ce06ac080>
"{'atak': ['3', '7', '2', '6', '4', '1', '13', '14', '5', '8', '0', '10', '12', '18', '15', '19', '9', '11', '16', '17']}",<built-in method values of dict object at 0x7f4ce06ac080>
"{'atak': ['3', '7', '2', '6', '4', '1', '13', '14', '5', '8', '0', '10', '12', '18', '15', '19', '9', '11', '16', '17']}",<built-in method values of dict object at 0x7f4ce06ac080>
"{'atak': ['3', '7', '2', '6', '4', '1', '13', '14', '5', '8', '0', '10', '12', '18', '15', '19', '9', '11', '16', '17']}",<built-in method values of dict object at 0x7f4ce06ac080>
"{'atak': ['3', '7', '2', '6', '4', '1', '13', '14', '5', '8', '0', '10', '12', '18', '15', '19', '9', '11', '16', '17']}",<built-in method values of dict object at 0x7f4ce06ac080>
"{'atak': ['3', '7', '2', '6', '4', '1', '13', '14', '5', '8', '0', '10', '12', '18', '15', '19', '9', '11', '16', '17']}",<built-in method values of dict object at 0x7f4ce06ac080>
"{'atak': ['3', '7', '2', '6', '4', '1', '13', '14', '5', '8', '0', '10', '12', '18', '15', '19', '9', '11', '16', '17']}",<built-in method values of dict object at 0x7f4ce06ac080>
"{'atak': ['3', '7', '2', '6', '4', '1', '13', '14', '5', '8', '0', '10', '12', '18', '15', '19', '9', '11', '16', '17']}",<built-in method values of dict object at 0x7f4ce06ac080>
"{'atak': ['3', '7', '2', '6', '4', '1', '13', '14', '5', '8', '0', '10', '12', '18', '15', '19', '9', '11', '16', '17']}",<built-in method values of dict object at 0x7f4ce06ac080>
"{'atak': ['3', '7', '2', '6', '4', '1', '13', '14', '5', '8', '0', '10', '12', '18', '15', '19', '9', '11', '16', '17']}",<built-in method values of dict object at 0x7f4ce06ac080>
"{'atak': ['3', '7', '2', '6', '4', '1', '13', '14', '5', '8', '0', '10', '12', '18', '15', '19', '9', '11', '16', '17']}",<built-in method values of dict object at 0x7f4ce06ac080>
"{'atak': ['3', '7', '2', '6', '4', '1', '13', '14', '5', '8', '0', '10', '12', '18', '15', '19', '9', '11', '16', '17']}",<built-in method values of dict object at 0x7f4ce06ac080>
"{'atak': ['3', '7', '2', '6', '4', '1', '13', '14', '5', '8', '0', '10', '12', '18', '15', '19', '9', '11', '16', '17']}",<built-in method values of dict object at 0x7f4ce06ac080>
"{'atak': ['3', '7', '2', '6', '4', '1', '13', '14', '5', '8', '0', '10', '12', '18', '15', '19', '9', '11', '16', '17']}",<built-in method values of dict object at 0x7f4ce06ac080>
"{'atak': ['3', '7', '2', '6', '4', '1', '13', '14', '5', '8', '0', '10', '12', '18', '15', '19', '9', '11', '16', '17']}",<built-in method values of dict object at 0x7f4ce06ac080>
"{'atak': ['3', '7', '2', '6', '4', '1', '13', '14', '5', '8', '0', '10', '12', '18', '15', '19', '9', '11', '16', '17']}",<built-in method values of dict object at 0x7f4ce06ac080>
"{'atak': ['3', '7', '2', '6', '4', '1', '13', '14', '5', '8', '0', '10', '12', '18', '15', '19', '9', '11', '16', '17']}",<built-in method values of dict object at 0x7f4ce06ac080>
"{'atak': ['3', '7', '2', '6', '4', '1', '13', '14', '5', '8', '0', '10', '12', '18', '15', '19', '9', '11', '16', '17']}",<built-in method values of dict object at 0x7f4ce06ac080>
"{'atak': ['3', '7', '2', '6', '4', '1', '13', '14', '5', '8', '0', '10', '12', '18', '15', '19', '9', '11', '16', '17']}",<built-in method values of dict object at 0x7f4ce06ac080>
"{'atak': ['0', '1', '13', '4', '18', '2', '17', '11', '10', '16', '5', '14', '8', '9', '12', '3', '19', '15', '6', '7']}",<built-in method values of dict object at 0x7f4ce06cac40>
"{'atak': ['0', '1', '13', '4', '18', '2', '17', '11', '10', '16', '5', '14', '8', '9', '12', '3', '19', '15', '6', '7']}",<built-in method values of dict object at 0x7f4ce06cac40>
"{'atak': ['0', '1', '13', '4', '18', '2', '17', '11', '10', '16', '5', '14', '8', '9', '12', '3', '19', '15', '6', '7']}",<built-in method values of dict object at 0x7f4ce06cac40>
"{'atak': ['0', '1', '13', '4', '18', '2', '17', '11', '10', '16', '5', '14', '8', '9', '12', '3', '19', '15', '6', '7']}",<built-in method values of dict object at 0x7f4ce06cac40>
"{'atak': ['0', '1', '13', '4', '18', '2', '17', '11', '10', '16', '5', '14', '8', '9', '12', '3', '19', '15', '6', '7']}",<built-in method values of dict object at 0x7f4ce06cac40>
"{'atak': ['0', '1', '13', '4', '18', '2', '17', '11', '10', '16', '5', '14', '8', '9', '12', '3', '19', '15', '6', '7']}",<built-in method values of dict object at 0x7f4ce06cac40>
"{'atak': ['0', '1', '13', '4', '18', '2', '17', '11', '10', '16', '5', '14', '8', '9', '12', '3', '19', '15', '6', '7']}",<built-in method values of dict object at 0x7f4ce06cac40>
"{'atak': ['0', '1', '13', '4', '18', '2', '17', '11', '10', '16', '5', '14', '8', '9', '12', '3', '19', '15', '6', '7']}",<built-in method values of dict object at 0x7f4ce06cac40>
"{'atak': ['0', '1', '13', '4', '18', '2', '17', '11', '10', '16', '5', '14', '8', '9', '12', '3', '19', '15', '6', '7']}",<built-in method values of dict object at 0x7f4ce06cac40>
"{'atak': ['0', '1', '13', '4', '18', '2', '17', '11', '10', '16', '5', '14', '8', '9', '12', '3', '19', '15', '6', '7']}",<built-in method values of dict object at 0x7f4ce06cac40>
"{'atak': ['0', '1', '13', '4', '18', '2', '17', '11', '10', '16', '5', '14', '8', '9', '12', '3', '19', '15', '6', '7']}",<built-in method values of dict object at 0x7f4ce06cac40>
"{'atak': ['0', '1', '13', '4', '18', '2', '17', '11', '10', '16', '5', '14', '8', '9', '12', '3', '19', '15', '6', '7']}",<built-in method values of dict object at 0x7f4ce06cac40>
"{'atak': ['0', '1', '13', '4', '18', '2', '17', '11', '10', '16', '5', '14', '8', '9', '12', '3', '19', '15', '6', '7']}",<built-in method values of dict object at 0x7f4ce06cac40>
"{'atak': ['0', '1', '13', '4', '18', '2', '17', '11', '10', '16', '5', '14', '8', '9', '12', '3', '19', '15', '6', '7']}",<built-in method values of dict object at 0x7f4ce06cac40>
"{'atak': ['0', '1', '13', '4', '18', '2', '17', '11', '10', '16', '5', '14', '8', '9', '12', '3', '19', '15', '6', '7']}",<built-in method values of dict object at 0x7f4ce06cac40>
"{'atak': ['0', '1', '13', '4', '18', '2', '17', '11', '10', '16', '5', '14', '8', '9', '12', '3', '19', '15', '6', '7']}",<built-in method values of dict object at 0x7f4ce06cac40>
"{'atak': ['0', '1', '13', '4', '18', '2', '17', '11', '10', '16', '5', '14', '8', '9', '12', '3', '19', '15', '6', '7']}",<built-in method values of dict object at 0x7f4ce06cac40>
"{'atak': ['0', '1', '13', '4', '18', '2', '17', '11', '10', '16', '5', '14', '8', '9', '12', '3', '19', '15', '6', '7']}",<built-in method values of dict object at 0x7f4ce06cac40>
"{'atak': ['0', '1', '13', '4', '18', '2', '17', '11', '10', '16', '5', '14', '8', '9', '12', '3', '19', '15', '6', '7']}",<built-in method values of dict object at 0x7f4ce06cac40>
"{'atak': ['0', '1', '13', '4', '18', '2', '17', '11', '10', '16', '5', '14', '8', '9', '12', '3', '19', '15', '6', '7']}",<built-in method values of dict object at 0x7f4ce06cac40>
"{'atak': ['6', '14', '3', '12', '4', '1', '13', '15', '5', '19', '9', '7', '17', '8', '11', '16', '2', '0', '10', '18']}",<built-in method values of dict object at 0x7f4ce0658140>
"{'atak': ['6', '14', '3', '12', '4', '1', '13', '15', '5', '19', '9', '7', '17', '8', '11', '16', '2', '0', '10', '18']}",<built-in method values of dict object at 0x7f4ce0658140>
"{'atak': ['6', '14', '3', '12', '4', '1', '13', '15', '5', '19', '9', '7', '17', '8', '11', '16', '2', '0', '10', '18']}",<built-in method values of dict object at 0x7f4ce0658140>
"{'atak': ['6', '14', '3', '12', '4', '1', '13', '15', '5', '19', '9', '7', '17', '8', '11', '16', '2', '0', '10', '18']}",<built-in method values of dict object at 0x7f4ce0658140>
"{'atak': ['6', '14', '3', '12', '4', '1', '13', '15', '5', '19', '9', '7', '17', '8', '11', '16', '2', '0', '10', '18']}",<built-in method values of dict object at 0x7f4ce0658140>
"{'atak': ['6', '14', '3', '12', '4', '1', '13', '15', '5', '19', '9', '7', '17', '8', '11', '16', '2', '0', '10', '18']}",<built-in method values of dict object at 0x7f4ce0658140>
"{'atak': ['6', '14', '3', '12', '4', '1', '13', '15', '5', '19', '9', '7', '17', '8', '11', '16', '2', '0', '10', '18']}",<built-in method values of dict object at 0x7f4ce0658140>
"{'atak': ['6', '14', '3', '12', '4', '1', '13', '15', '5', '19', '9', '7', '17', '8', '11', '16', '2', '0', '10', '18']}",<built-in method values of dict object at 0x7f4ce0658140>
"{'atak': ['6', '14', '3', '12', '4', '1', '13', '15', '5', '19', '9', '7', '17', '8', '11', '16', '2', '0', '10', '18']}",<built-in method values of dict object at 0x7f4ce0658140>
"{'atak': ['6', '14', '3', '12', '4', '1', '13', '15', '5', '19', '9', '7', '17', '8', '11', '16', '2', '0', '10', '18']}",<built-in method values of dict object at 0x7f4ce0658140>
"{'atak': ['6', '14', '3', '12', '4', '1', '13', '15', '5', '19', '9', '7', '17', '8', '11', '16', '2', '0', '10', '18']}",<built-in method values of dict object at 0x7f4ce0658140>
"{'atak': ['6', '14', '3', '12', '4', '1', '13', '15', '5', '19', '9', '7', '17', '8', '11', '16', '2', '0', '10', '18']}",<built-in method values of dict object at 0x7f4ce0658140>
"{'atak': ['6', '14', '3', '12', '4', '1', '13', '15', '5', '19', '9', '7', '17', '8', '11', '16', '2', '0', '10', '18']}",<built-in method values of dict object at 0x7f4ce0658140>
"{'atak': ['6', '14', '3', '12', '4', '1', '13', '15', '5', '19', '9', '7', '17', '8', '11', '16', '2', '0', '10', '18']}",<built-in method values of dict object at 0x7f4ce0658140>
"{'atak': ['6', '14', '3', '12', '4', '1', '13', '15', '5', '19', '9', '7', '17', '8', '11', '16', '2', '0', '10', '18']}",<built-in method values of dict object at 0x7f4ce0658140>
"{'atak': ['6', '14', '3', '12', '4', '1', '13', '15', '5', '19', '9', '7', '17', '8', '11', '16', '2', '0', '10', '18']}",<built-in method values of dict object at 0x7f4ce0658140>
"{'atak': ['6', '14', '3', '12', '4', '1', '13', '15', '5', '19', '9', '7', '17', '8', '11', '16', '2', '0', '10', '18']}",<built-in method values of dict object at 0x7f4ce0658140>
"{'atak': ['6', '14', '3', '12', '4', '1', '13', '15', '5', '19', '9', '7', '17', '8', '11', '16', '2', '0', '10', '18']}",<built-in method values of dict object at 0x7f4ce0658140>
"{'atak': ['6', '14', '3', '12', '4', '1', '13', '15', '5', '19', '9', '7', '17', '8', '11', '16', '2', '0', '10', '18']}",<built-in method values of dict object at 0x7f4ce0658140>
"{'atak': ['6', '14', '3', '12', '4', '1', '13', '15', '5', '19', '9', '7', '17', '8', '11', '16', '2', '0', '10', '18']}",<built-in method values of dict object at 0x7f4ce0658140>
"{'atak': ['7', '13', '1', '12', '8', '5', '2', '17', '10', '18', '19', '9', '6', '14', '11', '16', '3', '4', '15', '0']}",<built-in method values of dict object at 0x7f4ce06dd940>
"{'atak': ['7', '13', '1', '12', '8', '5', '2', '17', '10', '18', '19', '9', '6', '14', '11', '16', '3', '4', '15', '0']}",<built-in method values of dict object at 0x7f4ce06dd940>
"{'atak': ['7', '13', '1', '12', '8', '5', '2', '17', '10', '18', '19', '9', '6', '14', '11', '16', '3', '4', '15', '0']}",<built-in method values of dict object at 0x7f4ce06dd940>
"{'atak': ['7', '13', '1', '12', '8', '5', '2', '17', '10', '18', '19', '9', '6', '14', '11', '16', '3', '4', '15', '0']}",<built-in method values of dict object at 0x7f4ce06dd940>
"{'atak': ['7', '13', '1', '12', '8', '5', '2', '17', '10', '18', '19', '9', '6', '14', '11', '16', '3', '4', '15', '0']}",<built-in method values of dict object at 0x7f4ce06dd940>
"{'atak': ['7', '13', '1', '12', '8', '5', '2', '17', '10', '18', '19', '9', '6', '14', '11', '16', '3', '4', '15', '0']}",<built-in method values of dict object at 0x7f4ce06dd940>
"{'atak': ['7', '13', '1', '12', '8', '5', '2', '17', '10', '18', '19', '9', '6', '14', '11', '16', '3', '4', '15', '0']}",<built-in method values of dict object at 0x7f4ce06dd940>
"{'atak': ['7', '13', '1', '12', '8', '5', '2', '17', '10', '18', '19', '9', '6', '14', '11', '16', '3', '4', '15', '0']}",<built-in method values of dict object at 0x7f4ce06dd940>
"{'atak': ['7', '13', '1', '12', '8', '5', '2', '17', '10', '18', '19', '9', '6', '14', '11', '16', '3', '4', '15', '0']}",<built-in method values of dict object at 0x7f4ce06dd940>
"{'atak': ['7', '13', '1', '12', '8', '5', '2', '17', '10', '18', '19', '9', '6', '14', '11', '16', '3', '4', '15', '0']}",<built-in method values of dict object at 0x7f4ce06dd940>
"{'atak': ['7', '13', '1', '12', '8', '5', '2', '17', '10', '18', '19', '9', '6', '14', '11', '16', '3', '4', '15', '0']}",<built-in method values of dict object at 0x7f4ce06dd940>
"{'atak': ['7', '13', '1', '12', '8', '5', '2', '17', '10', '18', '19', '9', '6', '14', '11', '16', '3', '4', '15', '0']}",<built-in method values of dict object at 0x7f4ce06dd940>
"{'atak': ['7', '13', '1', '12', '8', '5', '2', '17', '10', '18', '19', '9', '6', '14', '11', '16', '3', '4', '15', '0']}",<built-in method values of dict object at 0x7f4ce06dd940>
"{'atak': ['7', '13', '1', '12', '8', '5', '2', '17', '10', '18', '19', '9', '6', '14', '11', '16', '3', '4', '15', '0']}",<built-in method values of dict object at 0x7f4ce06dd940>
"{'atak': ['7', '13', '1', '12', '8', '5', '2', '17', '10', '18', '19', '9', '6', '14', '11', '16', '3', '4', '15', '0']}",<built-in method values of dict object at 0x7f4ce06dd940>
"{'atak': ['7', '13', '1', '12', '8', '5', '2', '17', '10', '18', '19', '9', '6', '14', '11', '16', '3', '4', '15', '0']}",<built-in method values of dict object at 0x7f4ce06dd940>
"{'atak': ['7', '13', '1', '12', '8', '5', '2', '17', '10', '18', '19', '9', '6', '14', '11', '16', '3', '4', '15', '0']}",<built-in method values of dict object at 0x7f4ce06dd940>
"{'atak': ['7', '13', '1', '12', '8', '5', '2', '17', '10', '18', '19', '9', '6', '14', '11', '16', '3', '4', '15', '0']}",<built-in method values of dict object at 0x7f4ce06dd940>
"{'atak': ['7', '13', '1', '12', '8', '5', '2', '17', '10', '18', '19', '9', '6', '14', '11', '16', '3', '4', '15', '0']}",<built-in method values of dict object at 0x7f4ce06dd940>
"{'atak': ['7', '13', '1', '12', '8', '5', '2', '17', '10', '18', '19', '9', '6', '14', '11', '16', '3', '4', '15', '0']}",<built-in method values of dict object at 0x7f4ce06dd940>
"{'atak': ['7', '13', '17', '9', '14', '3', '5', '16', '4', '1', '10', '0', '11', '6', '2', '8', '12', '19', '18', '15']}",<built-in method values of dict object at 0x7f4ce06cb400>
"{'atak': ['7', '13', '17', '9', '14', '3', '5', '16', '4', '1', '10', '0', '11', '6', '2', '8', '12', '19', '18', '15']}",<built-in method values of dict object at 0x7f4ce06cb400>
"{'atak': ['7', '13', '17', '9', '14', '3', '5', '16', '4', '1', '10', '0', '11', '6', '2', '8', '12', '19', '18', '15']}",<built-in method values of dict object at 0x7f4ce06cb400>
"{'atak': ['7', '13', '17', '9', '14', '3', '5', '16', '4', '1', '10', '0', '11', '6', '2', '8', '12', '19', '18', '15']}",<built-in method values of dict object at 0x7f4ce06cb400>
"{'atak': ['7', '13', '17', '9', '14', '3', '5', '16', '4', '1', '10', '0', '11', '6', '2', '8', '12', '19', '18', '15']}",<built-in method values of dict object at 0x7f4ce06cb400>
"{'atak': ['7', '13', '17', '9', '14', '3', '5', '16', '4', '1', '10', '0', '11', '6', '2', '8', '12', '19', '18', '15']}",<built-in method values of dict object at 0x7f4ce06cb400>
"{'atak': ['7', '13', '17', '9', '14', '3', '5', '16', '4', '1', '10', '0', '11', '6', '2', '8', '12', '19', '18', '15']}",<built-in method values of dict object at 0x7f4ce06cb400>
"{'atak': ['7', '13', '17', '9', '14', '3', '5', '16', '4', '1', '10', '0', '11', '6', '2', '8', '12', '19', '18', '15']}",<built-in method values of dict object at 0x7f4ce06cb400>
"{'atak': ['7', '13', '17', '9', '14', '3', '5', '16', '4', '1', '10', '0', '11', '6', '2', '8', '12', '19', '18', '15']}",<built-in method values of dict object at 0x7f4ce06cb400>
"{'atak': ['7', '13', '17', '9', '14', '3', '5', '16', '4', '1', '10', '0', '11', '6', '2', '8', '12', '19', '18', '15']}",<built-in method values of dict object at 0x7f4ce06cb400>
"{'atak': ['7', '13', '17', '9', '14', '3', '5', '16', '4', '1', '10', '0', '11', '6', '2', '8', '12', '19', '18', '15']}",<built-in method values of dict object at 0x7f4ce06cb400>
"{'atak': ['7', '13', '17', '9', '14', '3', '5', '16', '4', '1', '10', '0', '11', '6', '2', '8', '12', '19', '18', '15']}",<built-in method values of dict object at 0x7f4ce06cb400>
"{'atak': ['7', '13', '17', '9', '14', '3', '5', '16', '4', '1', '10', '0', '11', '6', '2', '8', '12', '19', '18', '15']}",<built-in method values of dict object at 0x7f4ce06cb400>
"{'atak': ['7', '13', '17', '9', '14', '3', '5', '16', '4', '1', '10', '0', '11', '6', '2', '8', '12', '19', '18', '15']}",<built-in method values of dict object at 0x7f4ce06cb400>
"{'atak': ['7', '13', '17', '9', '14', '3', '5', '16', '4', '1', '10', '0', '11', '6', '2', '8', '12', '19', '18', '15']}",<built-in method values of dict object at 0x7f4ce06cb400>
"{'atak': ['7', '13', '17', '9', '14', '3', '5', '16', '4', '1', '10', '0', '11', '6', '2', '8', '12', '19', '18', '15']}",<built-in method values of dict object at 0x7f4ce06cb400>
"{'atak': ['7', '13', '17', '9', '14', '3', '5', '16', '4', '1', '10', '0', '11', '6', '2', '8', '12', '19', '18', '15']}",<built-in method values of dict object at 0x7f4ce06cb400>
"{'atak': ['7', '13', '17', '9', '14', '3', '5', '16', '4', '1', '10', '0', '11', '6', '2', '8', '12', '19', '18', '15']}",<built-in method values of dict object at 0x7f4ce06cb400>
"{'atak': ['7', '13', '17', '9', '14', '3', '5', '16', '4', '1', '10', '0', '11', '6', '2', '8', '12', '19', '18', '15']}",<built-in method values of dict object at 0x7f4ce06cb400>
"{'atak': ['7', '13', '17', '9', '14', '3', '5', '16', '4', '1', '10', '0', '11', '6', '2', '8', '12', '19', '18', '15']}",<built-in method values of dict object at 0x7f4ce06cb400>
"{'atak': ['19', '14', '0', '18', '13', '8', '7', '1', '9', '17', '15', '2', '3', '12', '6', '10', '5', '16', '4', '11']}",<built-in method values of dict object at 0x7f4ce06afd00>
"{'atak': ['19', '14', '0', '18', '13', '8', '7', '1', '9', '17', '15', '2', '3', '12', '6', '10', '5', '16', '4', '11']}",<built-in method values of dict object at 0x7f4ce06afd00>
"{'atak': ['19', '14', '0', '18', '13', '8', '7', '1', '9', '17', '15', '2', '3', '12', '6', '10', '5', '16', '4', '11']}",<built-in method values of dict object at 0x7f4ce06afd00>
"{'atak': ['19', '14', '0', '18', '13', '8', '7', '1', '9', '17', '15', '2', '3', '12', '6', '10', '5', '16', '4', '11']}",<built-in method values of dict object at 0x7f4ce06afd00>
"{'atak': ['19', '14', '0', '18', '13', '8', '7', '1', '9', '17', '15', '2', '3', '12', '6', '10', '5', '16', '4', '11']}",<built-in method values of dict object at 0x7f4ce06afd00>
"{'atak': ['19', '14', '0', '18', '13', '8', '7', '1', '9', '17', '15', '2', '3', '12', '6', '10', '5', '16', '4', '11']}",<built-in method values of dict object at 0x7f4ce06afd00>
"{'atak': ['19', '14', '0', '18', '13', '8', '7', '1', '9', '17', '15', '2', '3', '12', '6', '10', '5', '16', '4', '11']}",<built-in method values of dict object at 0x7f4ce06afd00>
"{'atak': ['19', '14', '0', '18', '13', '8', '7', '1', '9', '17', '15', '2', '3', '12', '6', '10', '5', '16', '4', '11']}",<built-in method values of dict object at 0x7f4ce06afd00>
"{'atak': ['19', '14', '0', '18', '13', '8', '7', '1', '9', '17', '15', '2', '3', '12', '6', '10', '5', '16', '4', '11']}",<built-in method values of dict object at 0x7f4ce06afd00>
"{'atak': ['19', '14', '0', '18', '13', '8', '7', '1', '9', '17', '15', '2', '3', '12', '6', '10', '5', '16', '4', '11']}",<built-in method values of dict object at 0x7f4ce06afd00>
"{'atak': ['19', '14', '0', '18', '13', '8', '7', '1', '9', '17', '15', '2', '3', '12', '6', '10', '5', '16', '4', '11']}",<built-in method values of dict object at 0x7f4ce06afd00>
"{'atak': ['19', '14', '0', '18', '13', '8', '7', '1', '9', '17', '15', '2', '3', '12', '6', '10', '5', '16', '4', '11']}",<built-in method values of dict object at 0x7f4ce06afd00>
"{'atak': ['19', '14', '0', '18', '13', '8', '7', '1', '9', '17', '15', '2', '3', '12', '6', '10', '5', '16', '4', '11']}",<built-in method values of dict object at 0x7f4ce06afd00>
"{'atak': ['19', '14', '0', '18', '13', '8', '7', '1', '9', '17', '15', '2', '3', '12', '6', '10', '5', '16', '4', '11']}",<built-in method values of dict object at 0x7f4ce06afd00>
"{'atak': ['19', '14', '0', '18', '13', '8', '7', '1', '9', '17', '15', '2', '3', '12', '6', '10', '5', '16', '4', '11']}",<built-in method values of dict object at 0x7f4ce06afd00>
"{'atak': ['19', '14', '0', '18', '13', '8', '7', '1', '9', '17', '15', '2', '3', '12', '6', '10', '5', '16', '4', '11']}",<built-in method values of dict object at 0x7f4ce06afd00>
"{'atak': ['19', '14', '0', '18', '13', '8', '7', '1', '9', '17', '15', '2', '3', '12', '6', '10', '5', '16', '4', '11']}",<built-in method values of dict object at 0x7f4ce06afd00>
"{'atak': ['19', '14', '0', '18', '13', '8', '7', '1', '9', '17', '15', '2', '3', '12', '6', '10', '5', '16', '4', '11']}",<built-in method values of dict object at 0x7f4ce06afd00>
"{'atak': ['19', '14', '0', '18', '13', '8', '7', '1', '9', '17', '15', '2', '3', '12', '6', '10', '5', '16', '4', '11']}",<built-in method values of dict object at 0x7f4ce06afd00>
"{'atak': ['19', '14', '0', '18', '13', '8', '7', '1', '9', '17', '15', '2', '3', '12', '6', '10', '5', '16', '4', '11']}",<built-in method values of dict object at 0x7f4ce06afd00>
"{'atak': ['10', '3', '18', '1', '13', '11', '8', '4', '0', '17', '6', '2', '12', '5', '14', '9', '7', '15', '19', '16']}",<built-in method values of dict object at 0x7f4ce06dda80>
"{'atak': ['10', '3', '18', '1', '13', '11', '8', '4', '0', '17', '6', '2', '12', '5', '14', '9', '7', '15', '19', '16']}",<built-in method values of dict object at 0x7f4ce06dda80>
"{'atak': ['10', '3', '18', '1', '13', '11', '8', '4', '0', '17', '6', '2', '12', '5', '14', '9', '7', '15', '19', '16']}",<built-in method values of dict object at 0x7f4ce06dda80>
"{'atak': ['10', '3', '18', '1', '13', '11', '8', '4', '0', '17', '6', '2', '12', '5', '14', '9', '7', '15', '19', '16']}",<built-in method values of dict object at 0x7f4ce06dda80>
"{'atak': ['10', '3', '18', '1', '13', '11', '8', '4', '0', '17', '6', '2', '12', '5', '14', '9', '7', '15', '19', '16']}",<built-in method values of dict object at 0x7f4ce06dda80>
"{'atak': ['10', '3', '18', '1', '13', '11', '8', '4', '0', '17', '6', '2', '12', '5', '14', '9', '7', '15', '19', '16']}",<built-in method values of dict object at 0x7f4ce06dda80>
"{'atak': ['10', '3', '18', '1', '13', '11', '8', '4', '0', '17', '6', '2', '12', '5', '14', '9', '7', '15', '19', '16']}",<built-in method values of dict object at 0x7f4ce06dda80>
"{'atak': ['10', '3', '18', '1', '13', '11', '8', '4', '0', '17', '6', '2', '12', '5', '14', '9', '7', '15', '19', '16']}",<built-in method values of dict object at 0x7f4ce06dda80>
"{'atak': ['10', '3', '18', '1', '13', '11', '8', '4', '0', '17', '6', '2', '12', '5', '14', '9', '7', '15', '19', '16']}",<built-in method values of dict object at 0x7f4ce06dda80>
"{'atak': ['10', '3', '18', '1', '13', '11', '8', '4', '0', '17', '6', '2', '12', '5', '14', '9', '7', '15', '19', '16']}",<built-in method values of dict object at 0x7f4ce06dda80>
"{'atak': ['10', '3', '18', '1', '13', '11', '8', '4', '0', '17', '6', '2', '12', '5', '14', '9', '7', '15', '19', '16']}",<built-in method values of dict object at 0x7f4ce06dda80>
"{'atak': ['10', '3', '18', '1', '13', '11', '8', '4', '0', '17', '6', '2', '12', '5', '14', '9', '7', '15', '19', '16']}",<built-in method values of dict object at 0x7f4ce06dda80>
"{'atak': ['10', '3', '18', '1', '13', '11', '8', '4', '0', '17', '6', '2', '12', '5', '14', '9', '7', '15', '19', '16']}",<built-in method values of dict object at 0x7f4ce06dda80>
"{'atak': ['10', '3', '18', '1', '13', '11', '8', '4', '0', '17', '6', '2', '12', '5', '14', '9', '7', '15', '19', '16']}",<built-in method values of dict object at 0x7f4ce06dda80>
"{'atak': ['10', '3', '18', '1', '13', '11', '8', '4', '0', '17', '6', '2', '12', '5', '14', '9', '7', '15', '19', '16']}",<built-in method values of dict object at 0x7f4ce06dda80>
"{'atak': ['10', '3', '18', '1', '13', '11', '8', '4', '0', '17', '6', '2', '12', '5', '14', '9', '7', '15', '19', '16']}",<built-in method values of dict object at 0x7f4ce06dda80>
"{'atak': ['10', '3', '18', '1', '13', '11', '8', '4', '0', '17', '6', '2', '12', '5', '14', '9', '7', '15', '19', '16']}",<built-in method values of dict object at 0x7f4ce06dda80>
"{'atak': ['10', '3', '18', '1', '13', '11', '8', '4', '0', '17', '6', '2', '12', '5', '14', '9', '7', '15', '19', '16']}",<built-in method values of dict object at 0x7f4ce06dda80>
"{'atak': ['10', '3', '18', '1', '13', '11', '8', '4', '0', '17', '6', '2', '12', '5', '14', '9', '7', '15', '19', '16']}",<built-in method values of dict object at 0x7f4ce06dda80>
"{'atak': ['10', '3', '18', '1', '13', '11', '8', '4', '0', '17', '6', '2', '12', '5', '14', '9', '7', '15', '19', '16']}",<built-in method values of dict object at 0x7f4ce06dda80>
"{'atak': ['2', '17', '12', '18', '19', '6', '16', '8', '9', '1', '13', '4', '15', '10', '11', '5', '14', '3', '7', '0']}",<built-in method values of dict object at 0x7f4ce06adc40>
"{'atak': ['2', '17', '12', '18', '19', '6', '16', '8', '9', '1', '13', '4', '15', '10', '11', '5', '14', '3', '7', '0']}",<built-in method values of dict object at 0x7f4ce06adc40>
"{'atak': ['2', '17', '12', '18', '19', '6', '16', '8', '9', '1', '13', '4', '15', '10', '11', '5', '14', '3', '7', '0']}",<built-in method values of dict object at 0x7f4ce06adc40>
"{'atak': ['2', '17', '12', '18', '19', '6', '16', '8', '9', '1', '13', '4', '15', '10', '11', '5', '14', '3', '7', '0']}",<built-in method values of dict object at 0x7f4ce06adc40>
"{'atak': ['2', '17', '12', '18', '19', '6', '16', '8', '9', '1', '13', '4', '15', '10', '11', '5', '14', '3', '7', '0']}",<built-in method values of dict object at 0x7f4ce06adc40>
"{'atak': ['2', '17', '12', '18', '19', '6', '16', '8', '9', '1', '13', '4', '15', '10', '11', '5', '14', '3', '7', '0']}",<built-in method values of dict object at 0x7f4ce06adc40>
"{'atak': ['2', '17', '12', '18', '19', '6', '16', '8', '9', '1', '13', '4', '15', '10', '11', '5', '14', '3', '7', '0']}",<built-in method values of dict object at 0x7f4ce06adc40>
"{'atak': ['2', '17', '12', '18', '19', '6', '16', '8', '9', '1', '13', '4', '15', '10', '11', '5', '14', '3', '7', '0']}",<built-in method values of dict object at 0x7f4ce06adc40>
"{'atak': ['2', '17', '12', '18', '19', '6', '16', '8', '9', '1', '13', '4', '15', '10', '11', '5', '14', '3', '7', '0']}",<built-in method values of dict object at 0x7f4ce06adc40>
"{'atak': ['2', '17', '12', '18', '19', '6', '16', '8', '9', '1', '13', '4', '15', '10', '11', '5', '14', '3', '7', '0']}",<built-in method values of dict object at 0x7f4ce06adc40>
"{'atak': ['2', '17', '12', '18', '19', '6', '16', '8', '9', '1', '13', '4', '15', '10', '11', '5', '14', '3', '7', '0']}",<built-in method values of dict object at 0x7f4ce06adc40>
"{'atak': ['2', '17', '12', '18', '19', '6', '16', '8', '9', '1', '13', '4', '15', '10', '11', '5', '14', '3', '7', '0']}",<built-in method values of dict object at 0x7f4ce06adc40>
"{'atak': ['2', '17', '12', '18', '19', '6', '16', '8', '9', '1', '13', '4', '15', '10', '11', '5', '14', '3', '7', '0']}",<built-in method values of dict object at 0x7f4ce06adc40>
"{'atak': ['2', '17', '12', '18', '19', '6', '16', '8', '9', '1', '13', '4', '15', '10', '11', '5', '14', '3', '7', '0']}",<built-in method values of dict object at 0x7f4ce06adc40>
"{'atak': ['2', '17', '12', '18', '19', '6', '16', '8', '9', '1', '13', '4', '15', '10', '11', '5', '14', '3', '7', '0']}",<built-in method values of dict object at 0x7f4ce06adc40>
"{'atak': ['2', '17', '12', '18', '19', '6', '16', '8', '9', '1', '13', '4', '15', '10', '11', '5', '14', '3', '7', '0']}",<built-in method values of dict object at 0x7f4ce06adc40>
"{'atak': ['2', '17', '12', '18', '19', '6', '16', '8', '9', '1', '13', '4', '15', '10', '11', '5', '14', '3', '7', '0']}",<built-in method values of dict object at 0x7f4ce06adc40>
"{'atak': ['2', '17', '12', '18', '19', '6', '16', '8', '9', '1', '13', '4', '15', '10', '11', '5', '14', '3', '7', '0']}",<built-in method values of dict object at 0x7f4ce06adc40>
"{'atak': ['2', '17', '12', '18', '19', '6', '16', '8', '9', '1', '13', '4', '15', '10', '11', '5', '14', '3', '7', '0']}",<built-in method values of dict object at 0x7f4ce06adc40>
"{'atak': ['2', '17', '12', '18', '19', '6', '16', '8', '9', '1', '13', '4', '15', '10', '11', '5', '14', '3', '7', '0']}",<built-in method values of dict object at 0x7f4ce06adc40>
"{'atak': ['1', '14', '17', '13', '8', '5', '12', '4', '16', '9', '0', '10', '19', '18', '15', '3', '7', '11', '6', '2']}",<built-in method values of dict object at 0x7f4ce06b9940>
"{'atak': ['1', '14', '17', '13', '8', '5', '12', '4', '16', '9', '0', '10', '19', '18', '15', '3', '7', '11', '6', '2']}",<built-in method values of dict object at 0x7f4ce06b9940>
"{'atak': ['1', '14', '17', '13', '8', '5', '12', '4', '16', '9', '0', '10', '19', '18', '15', '3', '7', '11', '6', '2']}",<built-in method values of dict object at 0x7f4ce06b9940>
"{'atak': ['1', '14', '17', '13', '8', '5', '12', '4', '16', '9', '0', '10', '19', '18', '15', '3', '7', '11', '6', '2']}",<built-in method values of dict object at 0x7f4ce06b9940>
"{'atak': ['1', '14', '17', '13', '8', '5', '12', '4', '16', '9', '0', '10', '19', '18', '15', '3', '7', '11', '6', '2']}",<built-in method values of dict object at 0x7f4ce06b9940>
"{'atak': ['1', '14', '17', '13', '8', '5', '12', '4', '16', '9', '0', '10', '19', '18', '15', '3', '7', '11', '6', '2']}",<built-in method values of dict object at 0x7f4ce06b9940>
"{'atak': ['1', '14', '17', '13', '8', '5', '12', '4', '16', '9', '0', '10', '19', '18', '15', '3', '7', '11', '6', '2']}",<built-in method values of dict object at 0x7f4ce06b9940>
"{'atak': ['1', '14', '17', '13', '8', '5', '12', '4', '16', '9', '0', '10', '19', '18', '15', '3', '7', '11', '6', '2']}",<built-in method values of dict object at 0x7f4ce06b9940>
"{'atak': ['1', '14', '17', '13', '8', '5', '12', '4', '16', '9', '0', '10', '19', '18', '15', '3', '7', '11', '6', '2']}",<built-in method values of dict object at 0x7f4ce06b9940>
"{'atak': ['1', '14', '17', '13', '8', '5', '12', '4', '16', '9', '0', '10', '19', '18', '15', '3', '7', '11', '6', '2']}",<built-in method values of dict object at 0x7f4ce06b9940>
"{'atak': ['1', '14', '17', '13', '8', '5', '12', '4', '16', '9', '0', '10', '19', '18', '15', '3', '7', '11', '6', '2']}",<built-in method values of dict object at 0x7f4ce06b9940>
"{'atak': ['1', '14', '17', '13', '8', '5', '12', '4', '16', '9', '0', '10', '19', '18', '15', '3', '7', '11', '6', '2']}",<built-in method values of dict object at 0x7f4ce06b9940>
"{'atak': ['1', '14', '17', '13', '8', '5', '12', '4', '16', '9', '0', '10', '19', '18', '15', '3', '7', '11', '6', '2']}",<built-in method values of dict object at 0x7f4ce06b9940>
"{'atak': ['1', '14', '17', '13', '8', '5', '12', '4', '16', '9', '0', '10', '19', '18', '15', '3', '7', '11', '6', '2']}",<built-in method values of dict object at 0x7f4ce06b9940>
"{'atak': ['1', '14', '17', '13', '8', '5', '12', '4', '16', '9', '0', '10', '19', '18', '15', '3', '7', '11', '6', '2']}",<built-in method values of dict object at 0x7f4ce06b9940>
"{'atak': ['1', '14', '17', '13', '8', '5', '12', '4', '16', '9', '0', '10', '19', '18', '15', '3', '7', '11', '6', '2']}",<built-in method values of dict object at 0x7f4ce06b9940>
"{'atak': ['1', '14', '17', '13', '8', '5', '12', '4', '16', '9', '0', '10', '19', '18', '15', '3', '7', '11', '6', '2']}",<built-in method values of dict object at 0x7f4ce06b9940>
"{'atak': ['1', '14', '17', '13', '8', '5', '12', '4', '16', '9', '0', '10', '19', '18', '15', '3', '7', '11', '6', '2']}",<built-in method values of dict object at 0x7f4ce06b9940>
"{'atak': ['1', '14', '17', '13', '8', '5', '12', '4', '16', '9', '0', '10', '19', '18', '15', '3', '7', '11', '6', '2']}",<built-in method values of dict object at 0x7f4ce06b9940>
"{'atak': ['1', '14', '17', '13', '8', '5', '12', '4', '16', '9', '0', '10', '19', '18', '15', '3', '7', '11', '6', '2']}",<built-in method values of dict object at 0x7f4ce06b9940>
"{'atak': ['9', '4', '5', '6', '11', '0', '13', '7', '1', '10', '3', '16', '17', '18', '8', '12', '14', '2', '15', '19']}",<built-in method values of dict object at 0x7f4ce06baa00>
"{'atak': ['9', '4', '5', '6', '11', '0', '13', '7', '1', '10', '3', '16', '17', '18', '8', '12', '14', '2', '15', '19']}",<built-in method values of dict object at 0x7f4ce06baa00>
"{'atak': ['9', '4', '5', '6', '11', '0', '13', '7', '1', '10', '3', '16', '17', '18', '8', '12', '14', '2', '15', '19']}",<built-in method values of dict object at 0x7f4ce06baa00>
"{'atak': ['9', '4', '5', '6', '11', '0', '13', '7', '1', '10', '3', '16', '17', '18', '8', '12', '14', '2', '15', '19']}",<built-in method values of dict object at 0x7f4ce06baa00>
"{'atak': ['9', '4', '5', '6', '11', '0', '13', '7', '1', '10', '3', '16', '17', '18', '8', '12', '14', '2', '15', '19']}",<built-in method values of dict object at 0x7f4ce06baa00>
"{'atak': ['9', '4', '5', '6', '11', '0', '13', '7', '1', '10', '3', '16', '17', '18', '8', '12', '14', '2', '15', '19']}",<built-in method values of dict object at 0x7f4ce06baa00>
"{'atak': ['9', '4', '5', '6', '11', '0', '13', '7', '1', '10', '3', '16', '17', '18', '8', '12', '14', '2', '15', '19']}",<built-in method values of dict object at 0x7f4ce06baa00>
"{'atak': ['9', '4', '5', '6', '11', '0', '13', '7', '1', '10', '3', '16', '17', '18', '8', '12', '14', '2', '15', '19']}",<built-in method values of dict object at 0x7f4ce06baa00>
"{'atak': ['9', '4', '5', '6', '11', '0', '13', '7', '1', '10', '3', '16', '17', '18', '8', '12', '14', '2', '15', '19']}",<built-in method values of dict object at 0x7f4ce06baa00>
"{'atak': ['9', '4', '5', '6', '11', '0', '13', '7', '1', '10', '3', '16', '17', '18', '8', '12', '14', '2', '15', '19']}",<built-in method values of dict object at 0x7f4ce06baa00>
"{'atak': ['9', '4', '5', '6', '11', '0', '13', '7', '1', '10', '3', '16', '17', '18', '8', '12', '14', '2', '15', '19']}",<built-in method values of dict object at 0x7f4ce06baa00>
"{'atak': ['9', '4', '5', '6', '11', '0', '13', '7', '1', '10', '3', '16', '17', '18', '8', '12', '14', '2', '15', '19']}",<built-in method values of dict object at 0x7f4ce06baa00>
"{'atak': ['9', '4', '5', '6', '11', '0', '13', '7', '1', '10', '3', '16', '17', '18', '8', '12', '14', '2', '15', '19']}",<built-in method values of dict object at 0x7f4ce06baa00>
"{'atak': ['9', '4', '5', '6', '11', '0', '13', '7', '1', '10', '3', '16', '17', '18', '8', '12', '14', '2', '15', '19']}",<built-in method values of dict object at 0x7f4ce06baa00>
"{'atak': ['9', '4', '5', '6', '11', '0', '13', '7', '1', '10', '3', '16', '17', '18', '8', '12', '14', '2', '15', '19']}",<built-in method values of dict object at 0x7f4ce06baa00>
"{'atak': ['9', '4', '5', '6', '11', '0', '13', '7', '1', '10', '3', '16', '17', '18', '8', '12', '14', '2', '15', '19']}",<built-in method values of dict object at 0x7f4ce06baa00>
"{'atak': ['9', '4', '5', '6', '11', '0', '13', '7', '1', '10', '3', '16', '17', '18', '8', '12', '14', '2', '15', '19']}",<built-in method values of dict object at 0x7f4ce06baa00>
"{'atak': ['9', '4', '5', '6', '11', '0', '13', '7', '1', '10', '3', '16', '17', '18', '8', '12', '14', '2', '15', '19']}",<built-in method values of dict object at 0x7f4ce06baa00>
"{'atak': ['9', '4', '5', '6', '11', '0', '13', '7', '1', '10', '3', '16', '17', '18', '8', '12', '14', '2', '15', '19']}",<built-in method values of dict object at 0x7f4ce06baa00>
"{'atak': ['9', '4', '5', '6', '11', '0', '13', '7', '1', '10', '3', '16', '17', '18', '8', '12', '14', '2', '15', '19']}",<built-in method values of dict object at 0x7f4ce06baa00>
"{'atak': ['1', '13', '10', '5', '2', '9', '18', '17', '7', '15', '19', '6', '14', '3', '4', '12', '11', '16', '8', '0']}",<built-in method values of dict object at 0x7f4ce05074c0>
"{'atak': ['1', '13', '10', '5', '2', '9', '18', '17', '7', '15', '19', '6', '14', '3', '4', '12', '11', '16', '8', '0']}",<built-in method values of dict object at 0x7f4ce05074c0>
"{'atak': ['1', '13', '10', '5', '2', '9', '18', '17', '7', '15', '19', '6', '14', '3', '4', '12', '11', '16', '8', '0']}",<built-in method values of dict object at 0x7f4ce05074c0>
"{'atak': ['1', '13', '10', '5', '2', '9', '18', '17', '7', '15', '19', '6', '14', '3', '4', '12', '11', '16', '8', '0']}",<built-in method values of dict object at 0x7f4ce05074c0>
"{'atak': ['1', '13', '10', '5', '2', '9', '18', '17', '7', '15', '19', '6', '14', '3', '4', '12', '11', '16', '8', '0']}",<built-in method values of dict object at 0x7f4ce05074c0>
"{'atak': ['1', '13', '10', '5', '2', '9', '18', '17', '7', '15', '19', '6', '14', '3', '4', '12', '11', '16', '8', '0']}",<built-in method values of dict object at 0x7f4ce05074c0>
"{'atak': ['1', '13', '10', '5', '2', '9', '18', '17', '7', '15', '19', '6', '14', '3', '4', '12', '11', '16', '8', '0']}",<built-in method values of dict object at 0x7f4ce05074c0>
"{'atak': ['1', '13', '10', '5', '2', '9', '18', '17', '7', '15', '19', '6', '14', '3', '4', '12', '11', '16', '8', '0']}",<built-in method values of dict object at 0x7f4ce05074c0>
"{'atak': ['1', '13', '10', '5', '2', '9', '18', '17', '7', '15', '19', '6', '14', '3', '4', '12', '11', '16', '8', '0']}",<built-in method values of dict object at 0x7f4ce05074c0>
"{'atak': ['1', '13', '10', '5', '2', '9', '18', '17', '7', '15', '19', '6', '14', '3', '4', '12', '11', '16', '8', '0']}",<built-in method values of dict object at 0x7f4ce05074c0>
"{'atak': ['1', '13', '10', '5', '2', '9', '18', '17', '7', '15', '19', '6', '14', '3', '4', '12', '11', '16', '8', '0']}",<built-in method values of dict object at 0x7f4ce05074c0>
"{'atak': ['1', '13', '10', '5', '2', '9', '18', '17', '7', '15', '19', '6', '14', '3', '4', '12', '11', '16', '8', '0']}",<built-in method values of dict object at 0x7f4ce05074c0>
"{'atak': ['1', '13', '10', '5', '2', '9', '18', '17', '7', '15', '19', '6', '14', '3', '4', '12', '11', '16', '8', '0']}",<built-in method values of dict object at 0x7f4ce05074c0>
"{'atak': ['1', '13', '10', '5', '2', '9', '18', '17', '7', '15', '19', '6', '14', '3', '4', '12', '11', '16', '8', '0']}",<built-in method values of dict object at 0x7f4ce05074c0>
"{'atak': ['1', '13', '10', '5', '2', '9', '18', '17', '7', '15', '19', '6', '14', '3', '4', '12', '11', '16', '8', '0']}",<built-in method values of dict object at 0x7f4ce05074c0>
"{'atak': ['1', '13', '10', '5', '2', '9', '18', '17', '7', '15', '19', '6', '14', '3', '4', '12', '11', '16', '8', '0']}",<built-in method values of dict object at 0x7f4ce05074c0>
"{'atak': ['1', '13', '10', '5', '2', '9', '18', '17', '7', '15', '19', '6', '14', '3', '4', '12', '11', '16', '8', '0']}",<built-in method values of dict object at 0x7f4ce05074c0>
"{'atak': ['1', '13', '10', '5', '2', '9', '18', '17', '7', '15', '19', '6', '14', '3', '4', '12', '11', '16', '8', '0']}",<built-in method values of dict object at 0x7f4ce05074c0>
"{'atak': ['1', '13', '10', '5', '2', '9', '18', '17', '7', '15', '19', '6', '14', '3', '4', '12', '11', '16', '8', '0']}",<built-in method values of dict object at 0x7f4ce05074c0>
"{'atak': ['1', '13', '10', '5', '2', '9', '18', '17', '7', '15', '19', '6', '14', '3', '4', '12', '11', '16', '8', '0']}",<built-in method values of dict object at 0x7f4ce05074c0>
"{'atak': ['10', '6', '14', '7', '17', '0', '13', '5', '15', '16', '3', '4', '9', '11', '18', '12', '8', '19', '2', '1']}",<built-in method values of dict object at 0x7f4ce067f740>
"{'atak': ['10', '6', '14', '7', '17', '0', '13', '5', '15', '16', '3', '4', '9', '11', '18', '12', '8', '19', '2', '1']}",<built-in method values of dict object at 0x7f4ce067f740>
"{'atak': ['10', '6', '14', '7', '17', '0', '13', '5', '15', '16', '3', '4', '9', '11', '18', '12', '8', '19', '2', '1']}",<built-in method values of dict object at 0x7f4ce067f740>
"{'atak': ['10', '6', '14', '7', '17', '0', '13', '5', '15', '16', '3', '4', '9', '11', '18', '12', '8', '19', '2', '1']}",<built-in method values of dict object at 0x7f4ce067f740>
"{'atak': ['10', '6', '14', '7', '17', '0', '13', '5', '15', '16', '3', '4', '9', '11', '18', '12', '8', '19', '2', '1']}",<built-in method values of dict object at 0x7f4ce067f740>
"{'atak': ['10', '6', '14', '7', '17', '0', '13', '5', '15', '16', '3', '4', '9', '11', '18', '12', '8', '19', '2', '1']}",<built-in method values of dict object at 0x7f4ce067f740>
"{'atak': ['10', '6', '14', '7', '17', '0', '13', '5', '15', '16', '3', '4', '9', '11', '18', '12', '8', '19', '2', '1']}",<built-in method values of dict object at 0x7f4ce067f740>
"{'atak': ['10', '6', '14', '7', '17', '0', '13', '5', '15', '16', '3', '4', '9', '11', '18', '12', '8', '19', '2', '1']}",<built-in method values of dict object at 0x7f4ce067f740>
"{'atak': ['10', '6', '14', '7', '17', '0', '13', '5', '15', '16', '3', '4', '9', '11', '18', '12', '8', '19', '2', '1']}",<built-in method values of dict object at 0x7f4ce067f740>
"{'atak': ['10', '6', '14', '7', '17', '0', '13', '5', '15', '16', '3', '4', '9', '11', '18', '12', '8', '19', '2', '1']}",<built-in method values of dict object at 0x7f4ce067f740>
"{'atak': ['10', '6', '14', '7', '17', '0', '13', '5', '15', '16', '3', '4', '9', '11', '18', '12', '8', '19', '2', '1']}",<built-in method values of dict object at 0x7f4ce067f740>
"{'atak': ['10', '6', '14', '7', '17', '0', '13', '5', '15', '16', '3', '4', '9', '11', '18', '12', '8', '19', '2', '1']}",<built-in method values of dict object at 0x7f4ce067f740>
"{'atak': ['10', '6', '14', '7', '17', '0', '13', '5', '15', '16', '3', '4', '9', '11', '18', '12', '8', '19', '2', '1']}",<built-in method values of dict object at 0x7f4ce067f740>
"{'atak': ['10', '6', '14', '7', '17', '0', '13', '5', '15', '16', '3', '4', '9', '11', '18', '12', '8', '19', '2', '1']}",<built-in method values of dict object at 0x7f4ce067f740>
"{'atak': ['10', '6', '14', '7', '17', '0', '13', '5', '15', '16', '3', '4', '9', '11', '18', '12', '8', '19', '2', '1']}",<built-in method values of dict object at 0x7f4ce067f740>
"{'atak': ['10', '6', '14', '7', '17', '0', '13', '5', '15', '16', '3', '4', '9', '11', '18', '12', '8', '19', '2', '1']}",<built-in method values of dict object at 0x7f4ce067f740>
"{'atak': ['10', '6', '14', '7', '17', '0', '13', '5', '15', '16', '3', '4', '9', '11', '18', '12', '8', '19', '2', '1']}",<built-in method values of dict object at 0x7f4ce067f740>
"{'atak': ['10', '6', '14', '7', '17', '0', '13', '5', '15', '16', '3', '4', '9', '11', '18', '12', '8', '19', '2', '1']}",<built-in method values of dict object at 0x7f4ce067f740>
"{'atak': ['10', '6', '14', '7', '17', '0', '13', '5', '15', '16', '3', '4', '9', '11', '18', '12', '8', '19', '2', '1']}",<built-in method values of dict object at 0x7f4ce067f740>
"{'atak': ['10', '6', '14', '7', '17', '0', '13', '5', '15', '16', '3', '4', '9', '11', '18', '12', '8', '19', '2', '1']}",<built-in method values of dict object at 0x7f4ce067f740>
"{'atak': ['11', '19', '0', '2', '5', '9', '7', '14', '13', '6', '12', '8', '15', '18', '16', '1', '17', '10', '3', '4']}",<built-in method values of dict object at 0x7f4ce04f67c0>
"{'atak': ['11', '19', '0', '2', '5', '9', '7', '14', '13', '6', '12', '8', '15', '18', '16', '1', '17', '10', '3', '4']}",<built-in method values of dict object at 0x7f4ce04f67c0>
"{'atak': ['11', '19', '0', '2', '5', '9', '7', '14', '13', '6', '12', '8', '15', '18', '16', '1', '17', '10', '3', '4']}",<built-in method values of dict object at 0x7f4ce04f67c0>
"{'atak': ['11', '19', '0', '2', '5', '9', '7', '14', '13', '6', '12', '8', '15', '18', '16', '1', '17', '10', '3', '4']}",<built-in method values of dict object at 0x7f4ce04f67c0>
"{'atak': ['11', '19', '0', '2', '5', '9', '7', '14', '13', '6', '12', '8', '15', '18', '16', '1', '17', '10', '3', '4']}",<built-in method values of dict object at 0x7f4ce04f67c0>
"{'atak': ['11', '19', '0', '2', '5', '9', '7', '14', '13', '6', '12', '8', '15', '18', '16', '1', '17', '10', '3', '4']}",<built-in method values of dict object at 0x7f4ce04f67c0>
"{'atak': ['11', '19', '0', '2', '5', '9', '7', '14', '13', '6', '12', '8', '15', '18', '16', '1', '17', '10', '3', '4']}",<built-in method values of dict object at 0x7f4ce04f67c0>
"{'atak': ['11', '19', '0', '2', '5', '9', '7', '14', '13', '6', '12', '8', '15', '18', '16', '1', '17', '10', '3', '4']}",<built-in method values of dict object at 0x7f4ce04f67c0>
"{'atak': ['11', '19', '0', '2', '5', '9', '7', '14', '13', '6', '12', '8', '15', '18', '16', '1', '17', '10', '3', '4']}",<built-in method values of dict object at 0x7f4ce04f67c0>
"{'atak': ['11', '19', '0', '2', '5', '9', '7', '14', '13', '6', '12', '8', '15', '18', '16', '1', '17', '10', '3', '4']}",<built-in method values of dict object at 0x7f4ce04f67c0>
"{'atak': ['11', '19', '0', '2', '5', '9', '7', '14', '13', '6', '12', '8', '15', '18', '16', '1', '17', '10', '3', '4']}",<built-in method values of dict object at 0x7f4ce04f67c0>
"{'atak': ['11', '19', '0', '2', '5', '9', '7', '14', '13', '6', '12', '8', '15', '18', '16', '1', '17', '10', '3', '4']}",<built-in method values of dict object at 0x7f4ce04f67c0>
"{'atak': ['11', '19', '0', '2', '5', '9', '7', '14', '13', '6', '12', '8', '15', '18', '16', '1', '17', '10', '3', '4']}",<built-in method values of dict object at 0x7f4ce04f67c0>
"{'atak': ['11', '19', '0', '2', '5', '9', '7', '14', '13', '6', '12', '8', '15', '18', '16', '1', '17', '10', '3', '4']}",<built-in method values of dict object at 0x7f4ce04f67c0>
"{'atak': ['11', '19', '0', '2', '5', '9', '7', '14', '13', '6', '12', '8', '15', '18', '16', '1', '17', '10', '3', '4']}",<built-in method values of dict object at 0x7f4ce04f67c0>
"{'atak': ['11', '19', '0', '2', '5', '9', '7', '14', '13', '6', '12', '8', '15', '18', '16', '1', '17', '10', '3', '4']}",<built-in method values of dict object at 0x7f4ce04f67c0>
"{'atak': ['11', '19', '0', '2', '5', '9', '7', '14', '13', '6', '12', '8', '15', '18', '16', '1', '17', '10', '3', '4']}",<built-in method values of dict object at 0x7f4ce04f67c0>
"{'atak': ['11', '19', '0', '2', '5', '9', '7', '14', '13', '6', '12', '8', '15', '18', '16', '1', '17', '10', '3', '4']}",<built-in method values of dict object at 0x7f4ce04f67c0>
"{'atak': ['11', '19', '0', '2', '5', '9', '7', '14', '13', '6', '12', '8', '15', '18', '16', '1', '17', '10', '3', '4']}",<built-in method values of dict object at 0x7f4ce04f67c0>
"{'atak': ['11', '19', '0', '2', '5', '9', '7', '14', '13', '6', '12', '8', '15', '18', '16', '1', '17', '10', '3', '4']}",<built-in method values of dict object at 0x7f4ce04f67c0>
"{'atak': ['5', '12', '6', '19', '3', '15', '14', '1', '0', '16', '17', '8', '13', '18', '4', '10', '7', '2', '11', '9']}",<built-in method values of dict object at 0x7f4ce0699880>
"{'atak': ['5', '12', '6', '19', '3', '15', '14', '1', '0', '16', '17', '8', '13', '18', '4', '10', '7', '2', '11', '9']}",<built-in method values of dict object at 0x7f4ce0699880>
"{'atak': ['5', '12', '6', '19', '3', '15', '14', '1', '0', '16', '17', '8', '13', '18', '4', '10', '7', '2', '11', '9']}",<built-in method values of dict object at 0x7f4ce0699880>
"{'atak': ['5', '12', '6', '19', '3', '15', '14', '1', '0', '16', '17', '8', '13', '18', '4', '10', '7', '2', '11', '9']}",<built-in method values of dict object at 0x7f4ce0699880>
"{'atak': ['5', '12', '6', '19', '3', '15', '14', '1', '0', '16', '17', '8', '13', '18', '4', '10', '7', '2', '11', '9']}",<built-in method values of dict object at 0x7f4ce0699880>
"{'atak': ['5', '12', '6', '19', '3', '15', '14', '1', '0', '16', '17', '8', '13', '18', '4', '10', '7', '2', '11', '9']}",<built-in method values of dict object at 0x7f4ce0699880>
"{'atak': ['5', '12', '6', '19', '3', '15', '14', '1', '0', '16', '17', '8', '13', '18', '4', '10', '7', '2', '11', '9']}",<built-in method values of dict object at 0x7f4ce0699880>
"{'atak': ['5', '12', '6', '19', '3', '15', '14', '1', '0', '16', '17', '8', '13', '18', '4', '10', '7', '2', '11', '9']}",<built-in method values of dict object at 0x7f4ce0699880>
"{'atak': ['5', '12', '6', '19', '3', '15', '14', '1', '0', '16', '17', '8', '13', '18', '4', '10', '7', '2', '11', '9']}",<built-in method values of dict object at 0x7f4ce0699880>
"{'atak': ['5', '12', '6', '19', '3', '15', '14', '1', '0', '16', '17', '8', '13', '18', '4', '10', '7', '2', '11', '9']}",<built-in method values of dict object at 0x7f4ce0699880>
"{'atak': ['5', '12', '6', '19', '3', '15', '14', '1', '0', '16', '17', '8', '13', '18', '4', '10', '7', '2', '11', '9']}",<built-in method values of dict object at 0x7f4ce0699880>
"{'atak': ['5', '12', '6', '19', '3', '15', '14', '1', '0', '16', '17', '8', '13', '18', '4', '10', '7', '2', '11', '9']}",<built-in method values of dict object at 0x7f4ce0699880>
"{'atak': ['5', '12', '6', '19', '3', '15', '14', '1', '0', '16', '17', '8', '13', '18', '4', '10', '7', '2', '11', '9']}",<built-in method values of dict object at 0x7f4ce0699880>
"{'atak': ['5', '12', '6', '19', '3', '15', '14', '1', '0', '16', '17', '8', '13', '18', '4', '10', '7', '2', '11', '9']}",<built-in method values of dict object at 0x7f4ce0699880>
"{'atak': ['5', '12', '6', '19', '3', '15', '14', '1', '0', '16', '17', '8', '13', '18', '4', '10', '7', '2', '11', '9']}",<built-in method values of dict object at 0x7f4ce0699880>
"{'atak': ['5', '12', '6', '19', '3', '15', '14', '1', '0', '16', '17', '8', '13', '18', '4', '10', '7', '2', '11', '9']}",<built-in method values of dict object at 0x7f4ce0699880>
"{'atak': ['5', '12', '6', '19', '3', '15', '14', '1', '0', '16', '17', '8', '13', '18', '4', '10', '7', '2', '11', '9']}",<built-in method values of dict object at 0x7f4ce0699880>
"{'atak': ['5', '12', '6', '19', '3', '15', '14', '1', '0', '16', '17', '8', '13', '18', '4', '10', '7', '2', '11', '9']}",<built-in method values of dict object at 0x7f4ce0699880>
"{'atak': ['5', '12', '6', '19', '3', '15', '14', '1', '0', '16', '17', '8', '13', '18', '4', '10', '7', '2', '11', '9']}",<built-in method values of dict object at 0x7f4ce0699880>
"{'atak': ['5', '12', '6', '19', '3', '15', '14', '1', '0', '16', '17', '8', '13', '18', '4', '10', '7', '2', '11', '9']}",<built-in method values of dict object at 0x7f4ce0699880>
"{'atak': ['2', '1', '18', '3', '17', '8', '12', '15', '13', '10', '6', '19', '16', '4', '0', '14', '9', '11', '5', '7']}",<built-in method values of dict object at 0x7f4ce051cec0>
"{'atak': ['2', '1', '18', '3', '17', '8', '12', '15', '13', '10', '6', '19', '16', '4', '0', '14', '9', '11', '5', '7']}",<built-in method values of dict object at 0x7f4ce051cec0>
"{'atak': ['2', '1', '18', '3', '17', '8', '12', '15', '13', '10', '6', '19', '16', '4', '0', '14', '9', '11', '5', '7']}",<built-in method values of dict object at 0x7f4ce051cec0>
"{'atak': ['2', '1', '18', '3', '17', '8', '12', '15', '13', '10', '6', '19', '16', '4', '0', '14', '9', '11', '5', '7']}",<built-in method values of dict object at 0x7f4ce051cec0>
"{'atak': ['2', '1', '18', '3', '17', '8', '12', '15', '13', '10', '6', '19', '16', '4', '0', '14', '9', '11', '5', '7']}",<built-in method values of dict object at 0x7f4ce051cec0>
"{'atak': ['2', '1', '18', '3', '17', '8', '12', '15', '13', '10', '6', '19', '16', '4', '0', '14', '9', '11', '5', '7']}",<built-in method values of dict object at 0x7f4ce051cec0>
"{'atak': ['2', '1', '18', '3', '17', '8', '12', '15', '13', '10', '6', '19', '16', '4', '0', '14', '9', '11', '5', '7']}",<built-in method values of dict object at 0x7f4ce051cec0>
"{'atak': ['2', '1', '18', '3', '17', '8', '12', '15', '13', '10', '6', '19', '16', '4', '0', '14', '9', '11', '5', '7']}",<built-in method values of dict object at 0x7f4ce051cec0>
"{'atak': ['2', '1', '18', '3', '17', '8', '12', '15', '13', '10', '6', '19', '16', '4', '0', '14', '9', '11', '5', '7']}",<built-in method values of dict object at 0x7f4ce051cec0>
"{'atak': ['2', '1', '18', '3', '17', '8', '12', '15', '13', '10', '6', '19', '16', '4', '0', '14', '9', '11', '5', '7']}",<built-in method values of dict object at 0x7f4ce051cec0>
"{'atak': ['2', '1', '18', '3', '17', '8', '12', '15', '13', '10', '6', '19', '16', '4', '0', '14', '9', '11', '5', '7']}",<built-in method values of dict object at 0x7f4ce051cec0>
"{'atak': ['2', '1', '18', '3', '17', '8', '12', '15', '13', '10', '6', '19', '16', '4', '0', '14', '9', '11', '5', '7']}",<built-in method values of dict object at 0x7f4ce051cec0>
"{'atak': ['2', '1', '18', '3', '17', '8', '12', '15', '13', '10', '6', '19', '16', '4', '0', '14', '9', '11', '5', '7']}",<built-in method values of dict object at 0x7f4ce051cec0>
"{'atak': ['2', '1', '18', '3', '17', '8', '12', '15', '13', '10', '6', '19', '16', '4', '0', '14', '9', '11', '5', '7']}",<built-in method values of dict object at 0x7f4ce051cec0>
"{'atak': ['2', '1', '18', '3', '17', '8', '12', '15', '13', '10', '6', '19', '16', '4', '0', '14', '9', '11', '5', '7']}",<built-in method values of dict object at 0x7f4ce051cec0>
"{'atak': ['2', '1', '18', '3', '17', '8', '12', '15', '13', '10', '6', '19', '16', '4', '0', '14', '9', '11', '5', '7']}",<built-in method values of dict object at 0x7f4ce051cec0>
"{'atak': ['2', '1', '18', '3', '17', '8', '12', '15', '13', '10', '6', '19', '16', '4', '0', '14', '9', '11', '5', '7']}",<built-in method values of dict object at 0x7f4ce051cec0>
"{'atak': ['2', '1', '18', '3', '17', '8', '12', '15', '13', '10', '6', '19', '16', '4', '0', '14', '9', '11', '5', '7']}",<built-in method values of dict object at 0x7f4ce051cec0>
"{'atak': ['2', '1', '18', '3', '17', '8', '12', '15', '13', '10', '6', '19', '16', '4', '0', '14', '9', '11', '5', '7']}",<built-in method values of dict object at 0x7f4ce051cec0>
"{'atak': ['2', '1', '18', '3', '17', '8', '12', '15', '13', '10', '6', '19', '16', '4', '0', '14', '9', '11', '5', '7']}",<built-in method values of dict object at 0x7f4ce051cec0>
"{'atak': ['12', '15', '6', '17', '7', '10', '4', '3', '1', '2', '5', '13', '0', '8', '19', '18', '16', '9', '14', '11']}",<built-in method values of dict object at 0x7f4ce06bbc80>
"{'atak': ['12', '15', '6', '17', '7', '10', '4', '3', '1', '2', '5', '13', '0', '8', '19', '18', '16', '9', '14', '11']}",<built-in method values of dict object at 0x7f4ce06bbc80>
"{'atak': ['12', '15', '6', '17', '7', '10', '4', '3', '1', '2', '5', '13', '0', '8', '19', '18', '16', '9', '14', '11']}",<built-in method values of dict object at 0x7f4ce06bbc80>
"{'atak': ['12', '15', '6', '17', '7', '10', '4', '3', '1', '2', '5', '13', '0', '8', '19', '18', '16', '9', '14', '11']}",<built-in method values of dict object at 0x7f4ce06bbc80>
"{'atak': ['12', '15', '6', '17', '7', '10', '4', '3', '1', '2', '5', '13', '0', '8', '19', '18', '16', '9', '14', '11']}",<built-in method values of dict object at 0x7f4ce06bbc80>
"{'atak': ['12', '15', '6', '17', '7', '10', '4', '3', '1', '2', '5', '13', '0', '8', '19', '18', '16', '9', '14', '11']}",<built-in method values of dict object at 0x7f4ce06bbc80>
"{'atak': ['12', '15', '6', '17', '7', '10', '4', '3', '1', '2', '5', '13', '0', '8', '19', '18', '16', '9', '14', '11']}",<built-in method values of dict object at 0x7f4ce06bbc80>
"{'atak': ['12', '15', '6', '17', '7', '10', '4', '3', '1', '2', '5', '13', '0', '8', '19', '18', '16', '9', '14', '11']}",<built-in method values of dict object at 0x7f4ce06bbc80>
"{'atak': ['12', '15', '6', '17', '7', '10', '4', '3', '1', '2', '5', '13', '0', '8', '19', '18', '16', '9', '14', '11']}",<built-in method values of dict object at 0x7f4ce06bbc80>
"{'atak': ['12', '15', '6', '17', '7', '10', '4', '3', '1', '2', '5', '13', '0', '8', '19', '18', '16', '9', '14', '11']}",<built-in method values of dict object at 0x7f4ce06bbc80>
"{'atak': ['12', '15', '6', '17', '7', '10', '4', '3', '1', '2', '5', '13', '0', '8', '19', '18', '16', '9', '14', '11']}",<built-in method values of dict object at 0x7f4ce06bbc80>
"{'atak': ['12', '15', '6', '17', '7', '10', '4', '3', '1', '2', '5', '13', '0', '8', '19', '18', '16', '9', '14', '11']}",<built-in method values of dict object at 0x7f4ce06bbc80>
"{'atak': ['12', '15', '6', '17', '7', '10', '4', '3', '1', '2', '5', '13', '0', '8', '19', '18', '16', '9', '14', '11']}",<built-in method values of dict object at 0x7f4ce06bbc80>
"{'atak': ['12', '15', '6', '17', '7', '10', '4', '3', '1', '2', '5', '13', '0', '8', '19', '18', '16', '9', '14', '11']}",<built-in method values of dict object at 0x7f4ce06bbc80>
"{'atak': ['12', '15', '6', '17', '7', '10', '4', '3', '1', '2', '5', '13', '0', '8', '19', '18', '16', '9', '14', '11']}",<built-in method values of dict object at 0x7f4ce06bbc80>
"{'atak': ['12', '15', '6', '17', '7', '10', '4', '3', '1', '2', '5', '13', '0', '8', '19', '18', '16', '9', '14', '11']}",<built-in method values of dict object at 0x7f4ce06bbc80>
"{'atak': ['12', '15', '6', '17', '7', '10', '4', '3', '1', '2', '5', '13', '0', '8', '19', '18', '16', '9', '14', '11']}",<built-in method values of dict object at 0x7f4ce06bbc80>
"{'atak': ['12', '15', '6', '17', '7', '10', '4', '3', '1', '2', '5', '13', '0', '8', '19', '18', '16', '9', '14', '11']}",<built-in method values of dict object at 0x7f4ce06bbc80>
"{'atak': ['12', '15', '6', '17', '7', '10', '4', '3', '1', '2', '5', '13', '0', '8', '19', '18', '16', '9', '14', '11']}",<built-in method values of dict object at 0x7f4ce06bbc80>
"{'atak': ['12', '15', '6', '17', '7', '10', '4', '3', '1', '2', '5', '13', '0', '8', '19', '18', '16', '9', '14', '11']}",<built-in method values of dict object at 0x7f4ce06bbc80>
"{'atak': ['19', '15', '12', '6', '17', '7', '3', '14', '16', '10', '11', '2', '0', '9', '1', '13', '18', '4', '8', '5']}",<built-in method values of dict object at 0x7f4ce067d7c0>
"{'atak': ['19', '15', '12', '6', '17', '7', '3', '14', '16', '10', '11', '2', '0', '9', '1', '13', '18', '4', '8', '5']}",<built-in method values of dict object at 0x7f4ce067d7c0>
"{'atak': ['19', '15', '12', '6', '17', '7', '3', '14', '16', '10', '11', '2', '0', '9', '1', '13', '18', '4', '8', '5']}",<built-in method values of dict object at 0x7f4ce067d7c0>
"{'atak': ['19', '15', '12', '6', '17', '7', '3', '14', '16', '10', '11', '2', '0', '9', '1', '13', '18', '4', '8', '5']}",<built-in method values of dict object at 0x7f4ce067d7c0>
"{'atak': ['19', '15', '12', '6', '17', '7', '3', '14', '16', '10', '11', '2', '0', '9', '1', '13', '18', '4', '8', '5']}",<built-in method values of dict object at 0x7f4ce067d7c0>
"{'atak': ['19', '15', '12', '6', '17', '7', '3', '14', '16', '10', '11', '2', '0', '9', '1', '13', '18', '4', '8', '5']}",<built-in method values of dict object at 0x7f4ce067d7c0>
"{'atak': ['19', '15', '12', '6', '17', '7', '3', '14', '16', '10', '11', '2', '0', '9', '1', '13', '18', '4', '8', '5']}",<built-in method values of dict object at 0x7f4ce067d7c0>
"{'atak': ['19', '15', '12', '6', '17', '7', '3', '14', '16', '10', '11', '2', '0', '9', '1', '13', '18', '4', '8', '5']}",<built-in method values of dict object at 0x7f4ce067d7c0>
"{'atak': ['19', '15', '12', '6', '17', '7', '3', '14', '16', '10', '11', '2', '0', '9', '1', '13', '18', '4', '8', '5']}",<built-in method values of dict object at 0x7f4ce067d7c0>
"{'atak': ['19', '15', '12', '6', '17', '7', '3', '14', '16', '10', '11', '2', '0', '9', '1', '13', '18', '4', '8', '5']}",<built-in method values of dict object at 0x7f4ce067d7c0>
"{'atak': ['19', '15', '12', '6', '17', '7', '3', '14', '16', '10', '11', '2', '0', '9', '1', '13', '18', '4', '8', '5']}",<built-in method values of dict object at 0x7f4ce067d7c0>
"{'atak': ['19', '15', '12', '6', '17', '7', '3', '14', '16', '10', '11', '2', '0', '9', '1', '13', '18', '4', '8', '5']}",<built-in method values of dict object at 0x7f4ce067d7c0>
"{'atak': ['19', '15', '12', '6', '17', '7', '3', '14', '16', '10', '11', '2', '0', '9', '1', '13', '18', '4', '8', '5']}",<built-in method values of dict object at 0x7f4ce067d7c0>
"{'atak': ['19', '15', '12', '6', '17', '7', '3', '14', '16', '10', '11', '2', '0', '9', '1', '13', '18', '4', '8', '5']}",<built-in method values of dict object at 0x7f4ce067d7c0>
"{'atak': ['19', '15', '12', '6', '17', '7', '3', '14', '16', '10', '11', '2', '0', '9', '1', '13', '18', '4', '8', '5']}",<built-in method values of dict object at 0x7f4ce067d7c0>
"{'atak': ['19', '15', '12', '6', '17', '7', '3', '14', '16', '10', '11', '2', '0', '9', '1', '13', '18', '4', '8', '5']}",<built-in method values of dict object at 0x7f4ce067d7c0>
"{'atak': ['19', '15', '12', '6', '17', '7', '3', '14', '16', '10', '11', '2', '0', '9', '1', '13', '18', '4', '8', '5']}",<built-in method values of dict object at 0x7f4ce067d7c0>
"{'atak': ['19', '15', '12', '6', '17', '7', '3', '14', '16', '10', '11', '2', '0', '9', '1', '13', '18', '4', '8', '5']}",<built-in method values of dict object at 0x7f4ce067d7c0>
"{'atak': ['19', '15', '12', '6', '17', '7', '3', '14', '16', '10', '11', '2', '0', '9', '1', '13', '18', '4', '8', '5']}",<built-in method values of dict object at 0x7f4ce067d7c0>
"{'atak': ['19', '15', '12', '6', '17', '7', '3', '14', '16', '10', '11', '2', '0', '9', '1', '13', '18', '4', '8', '5']}",<built-in method values of dict object at 0x7f4ce067d7c0>
