{},<built-in method values of dict object at 0x7f5e3fa3a340>
{},<built-in method values of dict object at 0x7f5e3fa3a340>
{},<built-in method values of dict object at 0x7f5e3fa3a340>
{},<built-in method values of dict object at 0x7f5e3fa3a340>
{},<built-in method values of dict object at 0x7f5e3fa3a340>
{},<built-in method values of dict object at 0x7f5e3fa3a340>
{},<built-in method values of dict object at 0x7f5e3fa3a340>
{},<built-in method values of dict object at 0x7f5e3fa3a340>
{},<built-in method values of dict object at 0x7f5e3fa3a340>
{},<built-in method values of dict object at 0x7f5e3fa3a340>
{},<built-in method values of dict object at 0x7f5e3fa3a340>
{},<built-in method values of dict object at 0x7f5e3fa3a340>
{},<built-in method values of dict object at 0x7f5e3fa3a340>
{},<built-in method values of dict object at 0x7f5e3fa3a340>
{},<built-in method values of dict object at 0x7f5e3fa3a340>
{},<built-in method values of dict object at 0x7f5e3fa3a340>
{},<built-in method values of dict object at 0x7f5e3fa3a340>
{},<built-in method values of dict object at 0x7f5e3fa3a340>
{},<built-in method values of dict object at 0x7f5e3fa3a340>
{},<built-in method values of dict object at 0x7f5e3fa3a340>
"{'atak': ['8', '13', '19', '3', '9', '14', '5', '6', '17', '12', '18', '4', '7', '11', '0', '2', '15', '16', '1', '10']}",<built-in method values of dict object at 0x7f5e3fa5b2c0>
"{'atak': ['8', '13', '19', '3', '9', '14', '5', '6', '17', '12', '18', '4', '7', '11', '0', '2', '15', '16', '1', '10']}",<built-in method values of dict object at 0x7f5e3fa5b2c0>
"{'atak': ['8', '13', '19', '3', '9', '14', '5', '6', '17', '12', '18', '4', '7', '11', '0', '2', '15', '16', '1', '10']}",<built-in method values of dict object at 0x7f5e3fa5b2c0>
"{'atak': ['8', '13', '19', '3', '9', '14', '5', '6', '17', '12', '18', '4', '7', '11', '0', '2', '15', '16', '1', '10']}",<built-in method values of dict object at 0x7f5e3fa5b2c0>
"{'atak': ['8', '13', '19', '3', '9', '14', '5', '6', '17', '12', '18', '4', '7', '11', '0', '2', '15', '16', '1', '10']}",<built-in method values of dict object at 0x7f5e3fa5b2c0>
"{'atak': ['8', '13', '19', '3', '9', '14', '5', '6', '17', '12', '18', '4', '7', '11', '0', '2', '15', '16', '1', '10']}",<built-in method values of dict object at 0x7f5e3fa5b2c0>
"{'atak': ['8', '13', '19', '3', '9', '14', '5', '6', '17', '12', '18', '4', '7', '11', '0', '2', '15', '16', '1', '10']}",<built-in method values of dict object at 0x7f5e3fa5b2c0>
"{'atak': ['8', '13', '19', '3', '9', '14', '5', '6', '17', '12', '18', '4', '7', '11', '0', '2', '15', '16', '1', '10']}",<built-in method values of dict object at 0x7f5e3fa5b2c0>
"{'atak': ['8', '13', '19', '3', '9', '14', '5', '6', '17', '12', '18', '4', '7', '11', '0', '2', '15', '16', '1', '10']}",<built-in method values of dict object at 0x7f5e3fa5b2c0>
"{'atak': ['8', '13', '19', '3', '9', '14', '5', '6', '17', '12', '18', '4', '7', '11', '0', '2', '15', '16', '1', '10']}",<built-in method values of dict object at 0x7f5e3fa5b2c0>
"{'atak': ['8', '13', '19', '3', '9', '14', '5', '6', '17', '12', '18', '4', '7', '11', '0', '2', '15', '16', '1', '10']}",<built-in method values of dict object at 0x7f5e3fa5b2c0>
"{'atak': ['8', '13', '19', '3', '9', '14', '5', '6', '17', '12', '18', '4', '7', '11', '0', '2', '15', '16', '1', '10']}",<built-in method values of dict object at 0x7f5e3fa5b2c0>
"{'atak': ['8', '13', '19', '3', '9', '14', '5', '6', '17', '12', '18', '4', '7', '11', '0', '2', '15', '16', '1', '10']}",<built-in method values of dict object at 0x7f5e3fa5b2c0>
"{'atak': ['8', '13', '19', '3', '9', '14', '5', '6', '17', '12', '18', '4', '7', '11', '0', '2', '15', '16', '1', '10']}",<built-in method values of dict object at 0x7f5e3fa5b2c0>
"{'atak': ['8', '13', '19', '3', '9', '14', '5', '6', '17', '12', '18', '4', '7', '11', '0', '2', '15', '16', '1', '10']}",<built-in method values of dict object at 0x7f5e3fa5b2c0>
"{'atak': ['8', '13', '19', '3', '9', '14', '5', '6', '17', '12', '18', '4', '7', '11', '0', '2', '15', '16', '1', '10']}",<built-in method values of dict object at 0x7f5e3fa5b2c0>
"{'atak': ['8', '13', '19', '3', '9', '14', '5', '6', '17', '12', '18', '4', '7', '11', '0', '2', '15', '16', '1', '10']}",<built-in method values of dict object at 0x7f5e3fa5b2c0>
"{'atak': ['8', '13', '19', '3', '9', '14', '5', '6', '17', '12', '18', '4', '7', '11', '0', '2', '15', '16', '1', '10']}",<built-in method values of dict object at 0x7f5e3fa5b2c0>
"{'atak': ['8', '13', '19', '3', '9', '14', '5', '6', '17', '12', '18', '4', '7', '11', '0', '2', '15', '16', '1', '10']}",<built-in method values of dict object at 0x7f5e3fa5b2c0>
"{'atak': ['8', '13', '19', '3', '9', '14', '5', '6', '17', '12', '18', '4', '7', '11', '0', '2', '15', '16', '1', '10']}",<built-in method values of dict object at 0x7f5e3fa5b2c0>
"{'atak': ['0', '14', '17', '10', '11', '16', '7', '5', '3', '6', '8', '18', '13', '1', '19', '2', '12', '15', '9', '4']}",<built-in method values of dict object at 0x7f5e3faa7500>
"{'atak': ['0', '14', '17', '10', '11', '16', '7', '5', '3', '6', '8', '18', '13', '1', '19', '2', '12', '15', '9', '4']}",<built-in method values of dict object at 0x7f5e3faa7500>
"{'atak': ['0', '14', '17', '10', '11', '16', '7', '5', '3', '6', '8', '18', '13', '1', '19', '2', '12', '15', '9', '4']}",<built-in method values of dict object at 0x7f5e3faa7500>
"{'atak': ['0', '14', '17', '10', '11', '16', '7', '5', '3', '6', '8', '18', '13', '1', '19', '2', '12', '15', '9', '4']}",<built-in method values of dict object at 0x7f5e3faa7500>
"{'atak': ['0', '14', '17', '10', '11', '16', '7', '5', '3', '6', '8', '18', '13', '1', '19', '2', '12', '15', '9', '4']}",<built-in method values of dict object at 0x7f5e3faa7500>
"{'atak': ['0', '14', '17', '10', '11', '16', '7', '5', '3', '6', '8', '18', '13', '1', '19', '2', '12', '15', '9', '4']}",<built-in method values of dict object at 0x7f5e3faa7500>
"{'atak': ['0', '14', '17', '10', '11', '16', '7', '5', '3', '6', '8', '18', '13', '1', '19', '2', '12', '15', '9', '4']}",<built-in method values of dict object at 0x7f5e3faa7500>
"{'atak': ['0', '14', '17', '10', '11', '16', '7', '5', '3', '6', '8', '18', '13', '1', '19', '2', '12', '15', '9', '4']}",<built-in method values of dict object at 0x7f5e3faa7500>
"{'atak': ['0', '14', '17', '10', '11', '16', '7', '5', '3', '6', '8', '18', '13', '1', '19', '2', '12', '15', '9', '4']}",<built-in method values of dict object at 0x7f5e3faa7500>
"{'atak': ['0', '14', '17', '10', '11', '16', '7', '5', '3', '6', '8', '18', '13', '1', '19', '2', '12', '15', '9', '4']}",<built-in method values of dict object at 0x7f5e3faa7500>
"{'atak': ['0', '14', '17', '10', '11', '16', '7', '5', '3', '6', '8', '18', '13', '1', '19', '2', '12', '15', '9', '4']}",<built-in method values of dict object at 0x7f5e3faa7500>
"{'atak': ['0', '14', '17', '10', '11', '16', '7', '5', '3', '6', '8', '18', '13', '1', '19', '2', '12', '15', '9', '4']}",<built-in method values of dict object at 0x7f5e3faa7500>
"{'atak': ['0', '14', '17', '10', '11', '16', '7', '5', '3', '6', '8', '18', '13', '1', '19', '2', '12', '15', '9', '4']}",<built-in method values of dict object at 0x7f5e3faa7500>
"{'atak': ['0', '14', '17', '10', '11', '16', '7', '5', '3', '6', '8', '18', '13', '1', '19', '2', '12', '15', '9', '4']}",<built-in method values of dict object at 0x7f5e3faa7500>
"{'atak': ['0', '14', '17', '10', '11', '16', '7', '5', '3', '6', '8', '18', '13', '1', '19', '2', '12', '15', '9', '4']}",<built-in method values of dict object at 0x7f5e3faa7500>
"{'atak': ['0', '14', '17', '10', '11', '16', '7', '5', '3', '6', '8', '18', '13', '1', '19', '2', '12', '15', '9', '4']}",<built-in method values of dict object at 0x7f5e3faa7500>
"{'atak': ['0', '14', '17', '10', '11', '16', '7', '5', '3', '6', '8', '18', '13', '1', '19', '2', '12', '15', '9', '4']}",<built-in method values of dict object at 0x7f5e3faa7500>
"{'atak': ['0', '14', '17', '10', '11', '16', '7', '5', '3', '6', '8', '18', '13', '1', '19', '2', '12', '15', '9', '4']}",<built-in method values of dict object at 0x7f5e3faa7500>
"{'atak': ['0', '14', '17', '10', '11', '16', '7', '5', '3', '6', '8', '18', '13', '1', '19', '2', '12', '15', '9', '4']}",<built-in method values of dict object at 0x7f5e3faa7500>
"{'atak': ['0', '14', '17', '10', '11', '16', '7', '5', '3', '6', '8', '18', '13', '1', '19', '2', '12', '15', '9', '4']}",<built-in method values of dict object at 0x7f5e3faa7500>
"{'atak': ['5', '19', '6', '3', '4', '0', '14', '7', '12', '15', '17', '1', '10', '11', '2', '18', '9', '16', '13', '8']}",<built-in method values of dict object at 0x7f5e3fa3a080>
"{'atak': ['5', '19', '6', '3', '4', '0', '14', '7', '12', '15', '17', '1', '10', '11', '2', '18', '9', '16', '13', '8']}",<built-in method values of dict object at 0x7f5e3fa3a080>
"{'atak': ['5', '19', '6', '3', '4', '0', '14', '7', '12', '15', '17', '1', '10', '11', '2', '18', '9', '16', '13', '8']}",<built-in method values of dict object at 0x7f5e3fa3a080>
"{'atak': ['5', '19', '6', '3', '4', '0', '14', '7', '12', '15', '17', '1', '10', '11', '2', '18', '9', '16', '13', '8']}",<built-in method values of dict object at 0x7f5e3fa3a080>
"{'atak': ['5', '19', '6', '3', '4', '0', '14', '7', '12', '15', '17', '1', '10', '11', '2', '18', '9', '16', '13', '8']}",<built-in method values of dict object at 0x7f5e3fa3a080>
"{'atak': ['5', '19', '6', '3', '4', '0', '14', '7', '12', '15', '17', '1', '10', '11', '2', '18', '9', '16', '13', '8']}",<built-in method values of dict object at 0x7f5e3fa3a080>
"{'atak': ['5', '19', '6', '3', '4', '0', '14', '7', '12', '15', '17', '1', '10', '11', '2', '18', '9', '16', '13', '8']}",<built-in method values of dict object at 0x7f5e3fa3a080>
"{'atak': ['5', '19', '6', '3', '4', '0', '14', '7', '12', '15', '17', '1', '10', '11', '2', '18', '9', '16', '13', '8']}",<built-in method values of dict object at 0x7f5e3fa3a080>
"{'atak': ['5', '19', '6', '3', '4', '0', '14', '7', '12', '15', '17', '1', '10', '11', '2', '18', '9', '16', '13', '8']}",<built-in method values of dict object at 0x7f5e3fa3a080>
"{'atak': ['5', '19', '6', '3', '4', '0', '14', '7', '12', '15', '17', '1', '10', '11', '2', '18', '9', '16', '13', '8']}",<built-in method values of dict object at 0x7f5e3fa3a080>
"{'atak': ['5', '19', '6', '3', '4', '0', '14', '7', '12', '15', '17', '1', '10', '11', '2', '18', '9', '16', '13', '8']}",<built-in method values of dict object at 0x7f5e3fa3a080>
"{'atak': ['5', '19', '6', '3', '4', '0', '14', '7', '12', '15', '17', '1', '10', '11', '2', '18', '9', '16', '13', '8']}",<built-in method values of dict object at 0x7f5e3fa3a080>
"{'atak': ['5', '19', '6', '3', '4', '0', '14', '7', '12', '15', '17', '1', '10', '11', '2', '18', '9', '16', '13', '8']}",<built-in method values of dict object at 0x7f5e3fa3a080>
"{'atak': ['5', '19', '6', '3', '4', '0', '14', '7', '12', '15', '17', '1', '10', '11', '2', '18', '9', '16', '13', '8']}",<built-in method values of dict object at 0x7f5e3fa3a080>
"{'atak': ['5', '19', '6', '3', '4', '0', '14', '7', '12', '15', '17', '1', '10', '11', '2', '18', '9', '16', '13', '8']}",<built-in method values of dict object at 0x7f5e3fa3a080>
"{'atak': ['5', '19', '6', '3', '4', '0', '14', '7', '12', '15', '17', '1', '10', '11', '2', '18', '9', '16', '13', '8']}",<built-in method values of dict object at 0x7f5e3fa3a080>
"{'atak': ['5', '19', '6', '3', '4', '0', '14', '7', '12', '15', '17', '1', '10', '11', '2', '18', '9', '16', '13', '8']}",<built-in method values of dict object at 0x7f5e3fa3a080>
"{'atak': ['5', '19', '6', '3', '4', '0', '14', '7', '12', '15', '17', '1', '10', '11', '2', '18', '9', '16', '13', '8']}",<built-in method values of dict object at 0x7f5e3fa3a080>
"{'atak': ['5', '19', '6', '3', '4', '0', '14', '7', '12', '15', '17', '1', '10', '11', '2', '18', '9', '16', '13', '8']}",<built-in method values of dict object at 0x7f5e3fa3a080>
"{'atak': ['5', '19', '6', '3', '4', '0', '14', '7', '12', '15', '17', '1', '10', '11', '2', '18', '9', '16', '13', '8']}",<built-in method values of dict object at 0x7f5e3fa3a080>
"{'atak': ['13', '0', '8', '5', '18', '2', '9', '17', '6', '14', '1', '10', '3', '16', '15', '7', '4', '12', '19', '11']}",<built-in method values of dict object at 0x7f5e3fa9a3c0>
"{'atak': ['13', '0', '8', '5', '18', '2', '9', '17', '6', '14', '1', '10', '3', '16', '15', '7', '4', '12', '19', '11']}",<built-in method values of dict object at 0x7f5e3fa9a3c0>
"{'atak': ['13', '0', '8', '5', '18', '2', '9', '17', '6', '14', '1', '10', '3', '16', '15', '7', '4', '12', '19', '11']}",<built-in method values of dict object at 0x7f5e3fa9a3c0>
"{'atak': ['13', '0', '8', '5', '18', '2', '9', '17', '6', '14', '1', '10', '3', '16', '15', '7', '4', '12', '19', '11']}",<built-in method values of dict object at 0x7f5e3fa9a3c0>
"{'atak': ['13', '0', '8', '5', '18', '2', '9', '17', '6', '14', '1', '10', '3', '16', '15', '7', '4', '12', '19', '11']}",<built-in method values of dict object at 0x7f5e3fa9a3c0>
"{'atak': ['13', '0', '8', '5', '18', '2', '9', '17', '6', '14', '1', '10', '3', '16', '15', '7', '4', '12', '19', '11']}",<built-in method values of dict object at 0x7f5e3fa9a3c0>
"{'atak': ['13', '0', '8', '5', '18', '2', '9', '17', '6', '14', '1', '10', '3', '16', '15', '7', '4', '12', '19', '11']}",<built-in method values of dict object at 0x7f5e3fa9a3c0>
"{'atak': ['13', '0', '8', '5', '18', '2', '9', '17', '6', '14', '1', '10', '3', '16', '15', '7', '4', '12', '19', '11']}",<built-in method values of dict object at 0x7f5e3fa9a3c0>
"{'atak': ['13', '0', '8', '5', '18', '2', '9', '17', '6', '14', '1', '10', '3', '16', '15', '7', '4', '12', '19', '11']}",<built-in method values of dict object at 0x7f5e3fa9a3c0>
"{'atak': ['13', '0', '8', '5', '18', '2', '9', '17', '6', '14', '1', '10', '3', '16', '15', '7', '4', '12', '19', '11']}",<built-in method values of dict object at 0x7f5e3fa9a3c0>
"{'atak': ['13', '0', '8', '5', '18', '2', '9', '17', '6', '14', '1', '10', '3', '16', '15', '7', '4', '12', '19', '11']}",<built-in method values of dict object at 0x7f5e3fa9a3c0>
"{'atak': ['13', '0', '8', '5', '18', '2', '9', '17', '6', '14', '1', '10', '3', '16', '15', '7', '4', '12', '19', '11']}",<built-in method values of dict object at 0x7f5e3fa9a3c0>
"{'atak': ['13', '0', '8', '5', '18', '2', '9', '17', '6', '14', '1', '10', '3', '16', '15', '7', '4', '12', '19', '11']}",<built-in method values of dict object at 0x7f5e3fa9a3c0>
"{'atak': ['13', '0', '8', '5', '18', '2', '9', '17', '6', '14', '1', '10', '3', '16', '15', '7', '4', '12', '19', '11']}",<built-in method values of dict object at 0x7f5e3fa9a3c0>
"{'atak': ['13', '0', '8', '5', '18', '2', '9', '17', '6', '14', '1', '10', '3', '16', '15', '7', '4', '12', '19', '11']}",<built-in method values of dict object at 0x7f5e3fa9a3c0>
"{'atak': ['13', '0', '8', '5', '18', '2', '9', '17', '6', '14', '1', '10', '3', '16', '15', '7', '4', '12', '19', '11']}",<built-in method values of dict object at 0x7f5e3fa9a3c0>
"{'atak': ['13', '0', '8', '5', '18', '2', '9', '17', '6', '14', '1', '10', '3', '16', '15', '7', '4', '12', '19', '11']}",<built-in method values of dict object at 0x7f5e3fa9a3c0>
"{'atak': ['13', '0', '8', '5', '18', '2', '9', '17', '6', '14', '1', '10', '3', '16', '15', '7', '4', '12', '19', '11']}",<built-in method values of dict object at 0x7f5e3fa9a3c0>
"{'atak': ['13', '0', '8', '5', '18', '2', '9', '17', '6', '14', '1', '10', '3', '16', '15', '7', '4', '12', '19', '11']}",<built-in method values of dict object at 0x7f5e3fa9a3c0>
"{'atak': ['13', '0', '8', '5', '18', '2', '9', '17', '6', '14', '1', '10', '3', '16', '15', '7', '4', '12', '19', '11']}",<built-in method values of dict object at 0x7f5e3fa9a3c0>
"{'atak': ['6', '8', '14', '17', '15', '0', '5', '2', '4', '18', '3', '19', '13', '7', '1', '11', '9', '10', '16', '12']}",<built-in method values of dict object at 0x7f5e3fa7fbc0>
"{'atak': ['6', '8', '14', '17', '15', '0', '5', '2', '4', '18', '3', '19', '13', '7', '1', '11', '9', '10', '16', '12']}",<built-in method values of dict object at 0x7f5e3fa7fbc0>
"{'atak': ['6', '8', '14', '17', '15', '0', '5', '2', '4', '18', '3', '19', '13', '7', '1', '11', '9', '10', '16', '12']}",<built-in method values of dict object at 0x7f5e3fa7fbc0>
"{'atak': ['6', '8', '14', '17', '15', '0', '5', '2', '4', '18', '3', '19', '13', '7', '1', '11', '9', '10', '16', '12']}",<built-in method values of dict object at 0x7f5e3fa7fbc0>
"{'atak': ['6', '8', '14', '17', '15', '0', '5', '2', '4', '18', '3', '19', '13', '7', '1', '11', '9', '10', '16', '12']}",<built-in method values of dict object at 0x7f5e3fa7fbc0>
"{'atak': ['6', '8', '14', '17', '15', '0', '5', '2', '4', '18', '3', '19', '13', '7', '1', '11', '9', '10', '16', '12']}",<built-in method values of dict object at 0x7f5e3fa7fbc0>
"{'atak': ['6', '8', '14', '17', '15', '0', '5', '2', '4', '18', '3', '19', '13', '7', '1', '11', '9', '10', '16', '12']}",<built-in method values of dict object at 0x7f5e3fa7fbc0>
"{'atak': ['6', '8', '14', '17', '15', '0', '5', '2', '4', '18', '3', '19', '13', '7', '1', '11', '9', '10', '16', '12']}",<built-in method values of dict object at 0x7f5e3fa7fbc0>
"{'atak': ['6', '8', '14', '17', '15', '0', '5', '2', '4', '18', '3', '19', '13', '7', '1', '11', '9', '10', '16', '12']}",<built-in method values of dict object at 0x7f5e3fa7fbc0>
"{'atak': ['6', '8', '14', '17', '15', '0', '5', '2', '4', '18', '3', '19', '13', '7', '1', '11', '9', '10', '16', '12']}",<built-in method values of dict object at 0x7f5e3fa7fbc0>
"{'atak': ['6', '8', '14', '17', '15', '0', '5', '2', '4', '18', '3', '19', '13', '7', '1', '11', '9', '10', '16', '12']}",<built-in method values of dict object at 0x7f5e3fa7fbc0>
"{'atak': ['6', '8', '14', '17', '15', '0', '5', '2', '4', '18', '3', '19', '13', '7', '1', '11', '9', '10', '16', '12']}",<built-in method values of dict object at 0x7f5e3fa7fbc0>
"{'atak': ['6', '8', '14', '17', '15', '0', '5', '2', '4', '18', '3', '19', '13', '7', '1', '11', '9', '10', '16', '12']}",<built-in method values of dict object at 0x7f5e3fa7fbc0>
"{'atak': ['6', '8', '14', '17', '15', '0', '5', '2', '4', '18', '3', '19', '13', '7', '1', '11', '9', '10', '16', '12']}",<built-in method values of dict object at 0x7f5e3fa7fbc0>
"{'atak': ['6', '8', '14', '17', '15', '0', '5', '2', '4', '18', '3', '19', '13', '7', '1', '11', '9', '10', '16', '12']}",<built-in method values of dict object at 0x7f5e3fa7fbc0>
"{'atak': ['6', '8', '14', '17', '15', '0', '5', '2', '4', '18', '3', '19', '13', '7', '1', '11', '9', '10', '16', '12']}",<built-in method values of dict object at 0x7f5e3fa7fbc0>
"{'atak': ['6', '8', '14', '17', '15', '0', '5', '2', '4', '18', '3', '19', '13', '7', '1', '11', '9', '10', '16', '12']}",<built-in method values of dict object at 0x7f5e3fa7fbc0>
"{'atak': ['6', '8', '14', '17', '15', '0', '5', '2', '4', '18', '3', '19', '13', '7', '1', '11', '9', '10', '16', '12']}",<built-in method values of dict object at 0x7f5e3fa7fbc0>
"{'atak': ['6', '8', '14', '17', '15', '0', '5', '2', '4', '18', '3', '19', '13', '7', '1', '11', '9', '10', '16', '12']}",<built-in method values of dict object at 0x7f5e3fa7fbc0>
"{'atak': ['6', '8', '14', '17', '15', '0', '5', '2', '4', '18', '3', '19', '13', '7', '1', '11', '9', '10', '16', '12']}",<built-in method values of dict object at 0x7f5e3fa7fbc0>
"{'atak': ['0', '9', '13', '10', '2', '1', '19', '5', '6', '12', '4', '15', '7', '14', '18', '17', '3', '16', '11', '8']}",<built-in method values of dict object at 0x7f5e3fa3a9c0>
"{'atak': ['0', '9', '13', '10', '2', '1', '19', '5', '6', '12', '4', '15', '7', '14', '18', '17', '3', '16', '11', '8']}",<built-in method values of dict object at 0x7f5e3fa3a9c0>
"{'atak': ['0', '9', '13', '10', '2', '1', '19', '5', '6', '12', '4', '15', '7', '14', '18', '17', '3', '16', '11', '8']}",<built-in method values of dict object at 0x7f5e3fa3a9c0>
"{'atak': ['0', '9', '13', '10', '2', '1', '19', '5', '6', '12', '4', '15', '7', '14', '18', '17', '3', '16', '11', '8']}",<built-in method values of dict object at 0x7f5e3fa3a9c0>
"{'atak': ['0', '9', '13', '10', '2', '1', '19', '5', '6', '12', '4', '15', '7', '14', '18', '17', '3', '16', '11', '8']}",<built-in method values of dict object at 0x7f5e3fa3a9c0>
"{'atak': ['0', '9', '13', '10', '2', '1', '19', '5', '6', '12', '4', '15', '7', '14', '18', '17', '3', '16', '11', '8']}",<built-in method values of dict object at 0x7f5e3fa3a9c0>
"{'atak': ['0', '9', '13', '10', '2', '1', '19', '5', '6', '12', '4', '15', '7', '14', '18', '17', '3', '16', '11', '8']}",<built-in method values of dict object at 0x7f5e3fa3a9c0>
"{'atak': ['0', '9', '13', '10', '2', '1', '19', '5', '6', '12', '4', '15', '7', '14', '18', '17', '3', '16', '11', '8']}",<built-in method values of dict object at 0x7f5e3fa3a9c0>
"{'atak': ['0', '9', '13', '10', '2', '1', '19', '5', '6', '12', '4', '15', '7', '14', '18', '17', '3', '16', '11', '8']}",<built-in method values of dict object at 0x7f5e3fa3a9c0>
"{'atak': ['0', '9', '13', '10', '2', '1', '19', '5', '6', '12', '4', '15', '7', '14', '18', '17', '3', '16', '11', '8']}",<built-in method values of dict object at 0x7f5e3fa3a9c0>
"{'atak': ['0', '9', '13', '10', '2', '1', '19', '5', '6', '12', '4', '15', '7', '14', '18', '17', '3', '16', '11', '8']}",<built-in method values of dict object at 0x7f5e3fa3a9c0>
"{'atak': ['0', '9', '13', '10', '2', '1', '19', '5', '6', '12', '4', '15', '7', '14', '18', '17', '3', '16', '11', '8']}",<built-in method values of dict object at 0x7f5e3fa3a9c0>
"{'atak': ['0', '9', '13', '10', '2', '1', '19', '5', '6', '12', '4', '15', '7', '14', '18', '17', '3', '16', '11', '8']}",<built-in method values of dict object at 0x7f5e3fa3a9c0>
"{'atak': ['0', '9', '13', '10', '2', '1', '19', '5', '6', '12', '4', '15', '7', '14', '18', '17', '3', '16', '11', '8']}",<built-in method values of dict object at 0x7f5e3fa3a9c0>
"{'atak': ['0', '9', '13', '10', '2', '1', '19', '5', '6', '12', '4', '15', '7', '14', '18', '17', '3', '16', '11', '8']}",<built-in method values of dict object at 0x7f5e3fa3a9c0>
"{'atak': ['0', '9', '13', '10', '2', '1', '19', '5', '6', '12', '4', '15', '7', '14', '18', '17', '3', '16', '11', '8']}",<built-in method values of dict object at 0x7f5e3fa3a9c0>
"{'atak': ['0', '9', '13', '10', '2', '1', '19', '5', '6', '12', '4', '15', '7', '14', '18', '17', '3', '16', '11', '8']}",<built-in method values of dict object at 0x7f5e3fa3a9c0>
"{'atak': ['0', '9', '13', '10', '2', '1', '19', '5', '6', '12', '4', '15', '7', '14', '18', '17', '3', '16', '11', '8']}",<built-in method values of dict object at 0x7f5e3fa3a9c0>
"{'atak': ['0', '9', '13', '10', '2', '1', '19', '5', '6', '12', '4', '15', '7', '14', '18', '17', '3', '16', '11', '8']}",<built-in method values of dict object at 0x7f5e3fa3a9c0>
"{'atak': ['0', '9', '13', '10', '2', '1', '19', '5', '6', '12', '4', '15', '7', '14', '18', '17', '3', '16', '11', '8']}",<built-in method values of dict object at 0x7f5e3fa3a9c0>
"{'atak': ['14', '1', '17', '15', '18', '2', '4', '13', '11', '12', '9', '6', '10', '19', '7', '16', '5', '3', '8', '0']}",<built-in method values of dict object at 0x7f5e3fa39c00>
"{'atak': ['14', '1', '17', '15', '18', '2', '4', '13', '11', '12', '9', '6', '10', '19', '7', '16', '5', '3', '8', '0']}",<built-in method values of dict object at 0x7f5e3fa39c00>
"{'atak': ['14', '1', '17', '15', '18', '2', '4', '13', '11', '12', '9', '6', '10', '19', '7', '16', '5', '3', '8', '0']}",<built-in method values of dict object at 0x7f5e3fa39c00>
"{'atak': ['14', '1', '17', '15', '18', '2', '4', '13', '11', '12', '9', '6', '10', '19', '7', '16', '5', '3', '8', '0']}",<built-in method values of dict object at 0x7f5e3fa39c00>
"{'atak': ['14', '1', '17', '15', '18', '2', '4', '13', '11', '12', '9', '6', '10', '19', '7', '16', '5', '3', '8', '0']}",<built-in method values of dict object at 0x7f5e3fa39c00>
"{'atak': ['14', '1', '17', '15', '18', '2', '4', '13', '11', '12', '9', '6', '10', '19', '7', '16', '5', '3', '8', '0']}",<built-in method values of dict object at 0x7f5e3fa39c00>
"{'atak': ['14', '1', '17', '15', '18', '2', '4', '13', '11', '12', '9', '6', '10', '19', '7', '16', '5', '3', '8', '0']}",<built-in method values of dict object at 0x7f5e3fa39c00>
"{'atak': ['14', '1', '17', '15', '18', '2', '4', '13', '11', '12', '9', '6', '10', '19', '7', '16', '5', '3', '8', '0']}",<built-in method values of dict object at 0x7f5e3fa39c00>
"{'atak': ['14', '1', '17', '15', '18', '2', '4', '13', '11', '12', '9', '6', '10', '19', '7', '16', '5', '3', '8', '0']}",<built-in method values of dict object at 0x7f5e3fa39c00>
"{'atak': ['14', '1', '17', '15', '18', '2', '4', '13', '11', '12', '9', '6', '10', '19', '7', '16', '5', '3', '8', '0']}",<built-in method values of dict object at 0x7f5e3fa39c00>
"{'atak': ['14', '1', '17', '15', '18', '2', '4', '13', '11', '12', '9', '6', '10', '19', '7', '16', '5', '3', '8', '0']}",<built-in method values of dict object at 0x7f5e3fa39c00>
"{'atak': ['14', '1', '17', '15', '18', '2', '4', '13', '11', '12', '9', '6', '10', '19', '7', '16', '5', '3', '8', '0']}",<built-in method values of dict object at 0x7f5e3fa39c00>
"{'atak': ['14', '1', '17', '15', '18', '2', '4', '13', '11', '12', '9', '6', '10', '19', '7', '16', '5', '3', '8', '0']}",<built-in method values of dict object at 0x7f5e3fa39c00>
"{'atak': ['14', '1', '17', '15', '18', '2', '4', '13', '11', '12', '9', '6', '10', '19', '7', '16', '5', '3', '8', '0']}",<built-in method values of dict object at 0x7f5e3fa39c00>
"{'atak': ['14', '1', '17', '15', '18', '2', '4', '13', '11', '12', '9', '6', '10', '19', '7', '16', '5', '3', '8', '0']}",<built-in method values of dict object at 0x7f5e3fa39c00>
"{'atak': ['14', '1', '17', '15', '18', '2', '4', '13', '11', '12', '9', '6', '10', '19', '7', '16', '5', '3', '8', '0']}",<built-in method values of dict object at 0x7f5e3fa39c00>
"{'atak': ['14', '1', '17', '15', '18', '2', '4', '13', '11', '12', '9', '6', '10', '19', '7', '16', '5', '3', '8', '0']}",<built-in method values of dict object at 0x7f5e3fa39c00>
"{'atak': ['14', '1', '17', '15', '18', '2', '4', '13', '11', '12', '9', '6', '10', '19', '7', '16', '5', '3', '8', '0']}",<built-in method values of dict object at 0x7f5e3fa39c00>
"{'atak': ['14', '1', '17', '15', '18', '2', '4', '13', '11', '12', '9', '6', '10', '19', '7', '16', '5', '3', '8', '0']}",<built-in method values of dict object at 0x7f5e3fa39c00>
"{'atak': ['14', '1', '17', '15', '18', '2', '4', '13', '11', '12', '9', '6', '10', '19', '7', '16', '5', '3', '8', '0']}",<built-in method values of dict object at 0x7f5e3fa39c00>
"{'atak': ['3', '5', '12', '19', '16', '4', '2', '1', '10', '9', '0', '6', '11', '13', '18', '7', '17', '14', '8', '15']}",<built-in method values of dict object at 0x7f5e3fa92700>
"{'atak': ['3', '5', '12', '19', '16', '4', '2', '1', '10', '9', '0', '6', '11', '13', '18', '7', '17', '14', '8', '15']}",<built-in method values of dict object at 0x7f5e3fa92700>
"{'atak': ['3', '5', '12', '19', '16', '4', '2', '1', '10', '9', '0', '6', '11', '13', '18', '7', '17', '14', '8', '15']}",<built-in method values of dict object at 0x7f5e3fa92700>
"{'atak': ['3', '5', '12', '19', '16', '4', '2', '1', '10', '9', '0', '6', '11', '13', '18', '7', '17', '14', '8', '15']}",<built-in method values of dict object at 0x7f5e3fa92700>
"{'atak': ['3', '5', '12', '19', '16', '4', '2', '1', '10', '9', '0', '6', '11', '13', '18', '7', '17', '14', '8', '15']}",<built-in method values of dict object at 0x7f5e3fa92700>
"{'atak': ['3', '5', '12', '19', '16', '4', '2', '1', '10', '9', '0', '6', '11', '13', '18', '7', '17', '14', '8', '15']}",<built-in method values of dict object at 0x7f5e3fa92700>
"{'atak': ['3', '5', '12', '19', '16', '4', '2', '1', '10', '9', '0', '6', '11', '13', '18', '7', '17', '14', '8', '15']}",<built-in method values of dict object at 0x7f5e3fa92700>
"{'atak': ['3', '5', '12', '19', '16', '4', '2', '1', '10', '9', '0', '6', '11', '13', '18', '7', '17', '14', '8', '15']}",<built-in method values of dict object at 0x7f5e3fa92700>
"{'atak': ['3', '5', '12', '19', '16', '4', '2', '1', '10', '9', '0', '6', '11', '13', '18', '7', '17', '14', '8', '15']}",<built-in method values of dict object at 0x7f5e3fa92700>
"{'atak': ['3', '5', '12', '19', '16', '4', '2', '1', '10', '9', '0', '6', '11', '13', '18', '7', '17', '14', '8', '15']}",<built-in method values of dict object at 0x7f5e3fa92700>
"{'atak': ['3', '5', '12', '19', '16', '4', '2', '1', '10', '9', '0', '6', '11', '13', '18', '7', '17', '14', '8', '15']}",<built-in method values of dict object at 0x7f5e3fa92700>
"{'atak': ['3', '5', '12', '19', '16', '4', '2', '1', '10', '9', '0', '6', '11', '13', '18', '7', '17', '14', '8', '15']}",<built-in method values of dict object at 0x7f5e3fa92700>
"{'atak': ['3', '5', '12', '19', '16', '4', '2', '1', '10', '9', '0', '6', '11', '13', '18', '7', '17', '14', '8', '15']}",<built-in method values of dict object at 0x7f5e3fa92700>
"{'atak': ['3', '5', '12', '19', '16', '4', '2', '1', '10', '9', '0', '6', '11', '13', '18', '7', '17', '14', '8', '15']}",<built-in method values of dict object at 0x7f5e3fa92700>
"{'atak': ['3', '5', '12', '19', '16', '4', '2', '1', '10', '9', '0', '6', '11', '13', '18', '7', '17', '14', '8', '15']}",<built-in method values of dict object at 0x7f5e3fa92700>
"{'atak': ['3', '5', '12', '19', '16', '4', '2', '1', '10', '9', '0', '6', '11', '13', '18', '7', '17', '14', '8', '15']}",<built-in method values of dict object at 0x7f5e3fa92700>
"{'atak': ['3', '5', '12', '19', '16', '4', '2', '1', '10', '9', '0', '6', '11', '13', '18', '7', '17', '14', '8', '15']}",<built-in method values of dict object at 0x7f5e3fa92700>
"{'atak': ['3', '5', '12', '19', '16', '4', '2', '1', '10', '9', '0', '6', '11', '13', '18', '7', '17', '14', '8', '15']}",<built-in method values of dict object at 0x7f5e3fa92700>
"{'atak': ['3', '5', '12', '19', '16', '4', '2', '1', '10', '9', '0', '6', '11', '13', '18', '7', '17', '14', '8', '15']}",<built-in method values of dict object at 0x7f5e3fa92700>
"{'atak': ['3', '5', '12', '19', '16', '4', '2', '1', '10', '9', '0', '6', '11', '13', '18', '7', '17', '14', '8', '15']}",<built-in method values of dict object at 0x7f5e3fa92700>
"{'atak': ['14', '11', '2', '16', '9', '3', '4', '13', '6', '18', '12', '17', '8', '10', '19', '5', '1', '0', '15', '7']}",<built-in method values of dict object at 0x7f5e3fa39580>
"{'atak': ['14', '11', '2', '16', '9', '3', '4', '13', '6', '18', '12', '17', '8', '10', '19', '5', '1', '0', '15', '7']}",<built-in method values of dict object at 0x7f5e3fa39580>
"{'atak': ['14', '11', '2', '16', '9', '3', '4', '13', '6', '18', '12', '17', '8', '10', '19', '5', '1', '0', '15', '7']}",<built-in method values of dict object at 0x7f5e3fa39580>
"{'atak': ['14', '11', '2', '16', '9', '3', '4', '13', '6', '18', '12', '17', '8', '10', '19', '5', '1', '0', '15', '7']}",<built-in method values of dict object at 0x7f5e3fa39580>
"{'atak': ['14', '11', '2', '16', '9', '3', '4', '13', '6', '18', '12', '17', '8', '10', '19', '5', '1', '0', '15', '7']}",<built-in method values of dict object at 0x7f5e3fa39580>
"{'atak': ['14', '11', '2', '16', '9', '3', '4', '13', '6', '18', '12', '17', '8', '10', '19', '5', '1', '0', '15', '7']}",<built-in method values of dict object at 0x7f5e3fa39580>
"{'atak': ['14', '11', '2', '16', '9', '3', '4', '13', '6', '18', '12', '17', '8', '10', '19', '5', '1', '0', '15', '7']}",<built-in method values of dict object at 0x7f5e3fa39580>
"{'atak': ['14', '11', '2', '16', '9', '3', '4', '13', '6', '18', '12', '17', '8', '10', '19', '5', '1', '0', '15', '7']}",<built-in method values of dict object at 0x7f5e3fa39580>
"{'atak': ['14', '11', '2', '16', '9', '3', '4', '13', '6', '18', '12', '17', '8', '10', '19', '5', '1', '0', '15', '7']}",<built-in method values of dict object at 0x7f5e3fa39580>
"{'atak': ['14', '11', '2', '16', '9', '3', '4', '13', '6', '18', '12', '17', '8', '10', '19', '5', '1', '0', '15', '7']}",<built-in method values of dict object at 0x7f5e3fa39580>
"{'atak': ['14', '11', '2', '16', '9', '3', '4', '13', '6', '18', '12', '17', '8', '10', '19', '5', '1', '0', '15', '7']}",<built-in method values of dict object at 0x7f5e3fa39580>
"{'atak': ['14', '11', '2', '16', '9', '3', '4', '13', '6', '18', '12', '17', '8', '10', '19', '5', '1', '0', '15', '7']}",<built-in method values of dict object at 0x7f5e3fa39580>
"{'atak': ['14', '11', '2', '16', '9', '3', '4', '13', '6', '18', '12', '17', '8', '10', '19', '5', '1', '0', '15', '7']}",<built-in method values of dict object at 0x7f5e3fa39580>
"{'atak': ['14', '11', '2', '16', '9', '3', '4', '13', '6', '18', '12', '17', '8', '10', '19', '5', '1', '0', '15', '7']}",<built-in method values of dict object at 0x7f5e3fa39580>
"{'atak': ['14', '11', '2', '16', '9', '3', '4', '13', '6', '18', '12', '17', '8', '10', '19', '5', '1', '0', '15', '7']}",<built-in method values of dict object at 0x7f5e3fa39580>
"{'atak': ['14', '11', '2', '16', '9', '3', '4', '13', '6', '18', '12', '17', '8', '10', '19', '5', '1', '0', '15', '7']}",<built-in method values of dict object at 0x7f5e3fa39580>
"{'atak': ['14', '11', '2', '16', '9', '3', '4', '13', '6', '18', '12', '17', '8', '10', '19', '5', '1', '0', '15', '7']}",<built-in method values of dict object at 0x7f5e3fa39580>
"{'atak': ['14', '11', '2', '16', '9', '3', '4', '13', '6', '18', '12', '17', '8', '10', '19', '5', '1', '0', '15', '7']}",<built-in method values of dict object at 0x7f5e3fa39580>
"{'atak': ['14', '11', '2', '16', '9', '3', '4', '13', '6', '18', '12', '17', '8', '10', '19', '5', '1', '0', '15', '7']}",<built-in method values of dict object at 0x7f5e3fa39580>
"{'atak': ['14', '11', '2', '16', '9', '3', '4', '13', '6', '18', '12', '17', '8', '10', '19', '5', '1', '0', '15', '7']}",<built-in method values of dict object at 0x7f5e3fa39580>
"{'atak': ['4', '5', '19', '2', '12', '15', '13', '0', '6', '7', '1', '10', '14', '8', '17', '11', '9', '3', '18', '16']}",<built-in method values of dict object at 0x7f5e3fadc580>
"{'atak': ['4', '5', '19', '2', '12', '15', '13', '0', '6', '7', '1', '10', '14', '8', '17', '11', '9', '3', '18', '16']}",<built-in method values of dict object at 0x7f5e3fadc580>
"{'atak': ['4', '5', '19', '2', '12', '15', '13', '0', '6', '7', '1', '10', '14', '8', '17', '11', '9', '3', '18', '16']}",<built-in method values of dict object at 0x7f5e3fadc580>
"{'atak': ['4', '5', '19', '2', '12', '15', '13', '0', '6', '7', '1', '10', '14', '8', '17', '11', '9', '3', '18', '16']}",<built-in method values of dict object at 0x7f5e3fadc580>
"{'atak': ['4', '5', '19', '2', '12', '15', '13', '0', '6', '7', '1', '10', '14', '8', '17', '11', '9', '3', '18', '16']}",<built-in method values of dict object at 0x7f5e3fadc580>
"{'atak': ['4', '5', '19', '2', '12', '15', '13', '0', '6', '7', '1', '10', '14', '8', '17', '11', '9', '3', '18', '16']}",<built-in method values of dict object at 0x7f5e3fadc580>
"{'atak': ['4', '5', '19', '2', '12', '15', '13', '0', '6', '7', '1', '10', '14', '8', '17', '11', '9', '3', '18', '16']}",<built-in method values of dict object at 0x7f5e3fadc580>
"{'atak': ['4', '5', '19', '2', '12', '15', '13', '0', '6', '7', '1', '10', '14', '8', '17', '11', '9', '3', '18', '16']}",<built-in method values of dict object at 0x7f5e3fadc580>
"{'atak': ['4', '5', '19', '2', '12', '15', '13', '0', '6', '7', '1', '10', '14', '8', '17', '11', '9', '3', '18', '16']}",<built-in method values of dict object at 0x7f5e3fadc580>
"{'atak': ['4', '5', '19', '2', '12', '15', '13', '0', '6', '7', '1', '10', '14', '8', '17', '11', '9', '3', '18', '16']}",<built-in method values of dict object at 0x7f5e3fadc580>
"{'atak': ['4', '5', '19', '2', '12', '15', '13', '0', '6', '7', '1', '10', '14', '8', '17', '11', '9', '3', '18', '16']}",<built-in method values of dict object at 0x7f5e3fadc580>
"{'atak': ['4', '5', '19', '2', '12', '15', '13', '0', '6', '7', '1', '10', '14', '8', '17', '11', '9', '3', '18', '16']}",<built-in method values of dict object at 0x7f5e3fadc580>
"{'atak': ['4', '5', '19', '2', '12', '15', '13', '0', '6', '7', '1', '10', '14', '8', '17', '11', '9', '3', '18', '16']}",<built-in method values of dict object at 0x7f5e3fadc580>
"{'atak': ['4', '5', '19', '2', '12', '15', '13', '0', '6', '7', '1', '10', '14', '8', '17', '11', '9', '3', '18', '16']}",<built-in method values of dict object at 0x7f5e3fadc580>
"{'atak': ['4', '5', '19', '2', '12', '15', '13', '0', '6', '7', '1', '10', '14', '8', '17', '11', '9', '3', '18', '16']}",<built-in method values of dict object at 0x7f5e3fadc580>
"{'atak': ['4', '5', '19', '2', '12', '15', '13', '0', '6', '7', '1', '10', '14', '8', '17', '11', '9', '3', '18', '16']}",<built-in method values of dict object at 0x7f5e3fadc580>
"{'atak': ['4', '5', '19', '2', '12', '15', '13', '0', '6', '7', '1', '10', '14', '8', '17', '11', '9', '3', '18', '16']}",<built-in method values of dict object at 0x7f5e3fadc580>
"{'atak': ['4', '5', '19', '2', '12', '15', '13', '0', '6', '7', '1', '10', '14', '8', '17', '11', '9', '3', '18', '16']}",<built-in method values of dict object at 0x7f5e3fadc580>
"{'atak': ['4', '5', '19', '2', '12', '15', '13', '0', '6', '7', '1', '10', '14', '8', '17', '11', '9', '3', '18', '16']}",<built-in method values of dict object at 0x7f5e3fadc580>
"{'atak': ['4', '5', '19', '2', '12', '15', '13', '0', '6', '7', '1', '10', '14', '8', '17', '11', '9', '3', '18', '16']}",<built-in method values of dict object at 0x7f5e3fadc580>
"{'atak': ['17', '2', '15', '16', '6', '10', '12', '5', '4', '7', '11', '1', '18', '14', '3', '0', '9', '19', '8', '13']}",<built-in method values of dict object at 0x7f5e3fadae40>
"{'atak': ['17', '2', '15', '16', '6', '10', '12', '5', '4', '7', '11', '1', '18', '14', '3', '0', '9', '19', '8', '13']}",<built-in method values of dict object at 0x7f5e3fadae40>
"{'atak': ['17', '2', '15', '16', '6', '10', '12', '5', '4', '7', '11', '1', '18', '14', '3', '0', '9', '19', '8', '13']}",<built-in method values of dict object at 0x7f5e3fadae40>
"{'atak': ['17', '2', '15', '16', '6', '10', '12', '5', '4', '7', '11', '1', '18', '14', '3', '0', '9', '19', '8', '13']}",<built-in method values of dict object at 0x7f5e3fadae40>
"{'atak': ['17', '2', '15', '16', '6', '10', '12', '5', '4', '7', '11', '1', '18', '14', '3', '0', '9', '19', '8', '13']}",<built-in method values of dict object at 0x7f5e3fadae40>
"{'atak': ['17', '2', '15', '16', '6', '10', '12', '5', '4', '7', '11', '1', '18', '14', '3', '0', '9', '19', '8', '13']}",<built-in method values of dict object at 0x7f5e3fadae40>
"{'atak': ['17', '2', '15', '16', '6', '10', '12', '5', '4', '7', '11', '1', '18', '14', '3', '0', '9', '19', '8', '13']}",<built-in method values of dict object at 0x7f5e3fadae40>
"{'atak': ['17', '2', '15', '16', '6', '10', '12', '5', '4', '7', '11', '1', '18', '14', '3', '0', '9', '19', '8', '13']}",<built-in method values of dict object at 0x7f5e3fadae40>
"{'atak': ['17', '2', '15', '16', '6', '10', '12', '5', '4', '7', '11', '1', '18', '14', '3', '0', '9', '19', '8', '13']}",<built-in method values of dict object at 0x7f5e3fadae40>
"{'atak': ['17', '2', '15', '16', '6', '10', '12', '5', '4', '7', '11', '1', '18', '14', '3', '0', '9', '19', '8', '13']}",<built-in method values of dict object at 0x7f5e3fadae40>
"{'atak': ['17', '2', '15', '16', '6', '10', '12', '5', '4', '7', '11', '1', '18', '14', '3', '0', '9', '19', '8', '13']}",<built-in method values of dict object at 0x7f5e3fadae40>
"{'atak': ['17', '2', '15', '16', '6', '10', '12', '5', '4', '7', '11', '1', '18', '14', '3', '0', '9', '19', '8', '13']}",<built-in method values of dict object at 0x7f5e3fadae40>
"{'atak': ['17', '2', '15', '16', '6', '10', '12', '5', '4', '7', '11', '1', '18', '14', '3', '0', '9', '19', '8', '13']}",<built-in method values of dict object at 0x7f5e3fadae40>
"{'atak': ['17', '2', '15', '16', '6', '10', '12', '5', '4', '7', '11', '1', '18', '14', '3', '0', '9', '19', '8', '13']}",<built-in method values of dict object at 0x7f5e3fadae40>
"{'atak': ['17', '2', '15', '16', '6', '10', '12', '5', '4', '7', '11', '1', '18', '14', '3', '0', '9', '19', '8', '13']}",<built-in method values of dict object at 0x7f5e3fadae40>
"{'atak': ['17', '2', '15', '16', '6', '10', '12', '5', '4', '7', '11', '1', '18', '14', '3', '0', '9', '19', '8', '13']}",<built-in method values of dict object at 0x7f5e3fadae40>
"{'atak': ['17', '2', '15', '16', '6', '10', '12', '5', '4', '7', '11', '1', '18', '14', '3', '0', '9', '19', '8', '13']}",<built-in method values of dict object at 0x7f5e3fadae40>
"{'atak': ['17', '2', '15', '16', '6', '10', '12', '5', '4', '7', '11', '1', '18', '14', '3', '0', '9', '19', '8', '13']}",<built-in method values of dict object at 0x7f5e3fadae40>
"{'atak': ['17', '2', '15', '16', '6', '10', '12', '5', '4', '7', '11', '1', '18', '14', '3', '0', '9', '19', '8', '13']}",<built-in method values of dict object at 0x7f5e3fadae40>
"{'atak': ['17', '2', '15', '16', '6', '10', '12', '5', '4', '7', '11', '1', '18', '14', '3', '0', '9', '19', '8', '13']}",<built-in method values of dict object at 0x7f5e3fadae40>
"{'atak': ['6', '14', '4', '7', '8', '0', '16', '2', '9', '10', '19', '5', '3', '12', '15', '13', '1', '17', '18', '11']}",<built-in method values of dict object at 0x7f5e3fa7a1c0>
"{'atak': ['6', '14', '4', '7', '8', '0', '16', '2', '9', '10', '19', '5', '3', '12', '15', '13', '1', '17', '18', '11']}",<built-in method values of dict object at 0x7f5e3fa7a1c0>
"{'atak': ['6', '14', '4', '7', '8', '0', '16', '2', '9', '10', '19', '5', '3', '12', '15', '13', '1', '17', '18', '11']}",<built-in method values of dict object at 0x7f5e3fa7a1c0>
"{'atak': ['6', '14', '4', '7', '8', '0', '16', '2', '9', '10', '19', '5', '3', '12', '15', '13', '1', '17', '18', '11']}",<built-in method values of dict object at 0x7f5e3fa7a1c0>
"{'atak': ['6', '14', '4', '7', '8', '0', '16', '2', '9', '10', '19', '5', '3', '12', '15', '13', '1', '17', '18', '11']}",<built-in method values of dict object at 0x7f5e3fa7a1c0>
"{'atak': ['6', '14', '4', '7', '8', '0', '16', '2', '9', '10', '19', '5', '3', '12', '15', '13', '1', '17', '18', '11']}",<built-in method values of dict object at 0x7f5e3fa7a1c0>
"{'atak': ['6', '14', '4', '7', '8', '0', '16', '2', '9', '10', '19', '5', '3', '12', '15', '13', '1', '17', '18', '11']}",<built-in method values of dict object at 0x7f5e3fa7a1c0>
"{'atak': ['6', '14', '4', '7', '8', '0', '16', '2', '9', '10', '19', '5', '3', '12', '15', '13', '1', '17', '18', '11']}",<built-in method values of dict object at 0x7f5e3fa7a1c0>
"{'atak': ['6', '14', '4', '7', '8', '0', '16', '2', '9', '10', '19', '5', '3', '12', '15', '13', '1', '17', '18', '11']}",<built-in method values of dict object at 0x7f5e3fa7a1c0>
"{'atak': ['6', '14', '4', '7', '8', '0', '16', '2', '9', '10', '19', '5', '3', '12', '15', '13', '1', '17', '18', '11']}",<built-in method values of dict object at 0x7f5e3fa7a1c0>
"{'atak': ['6', '14', '4', '7', '8', '0', '16', '2', '9', '10', '19', '5', '3', '12', '15', '13', '1', '17', '18', '11']}",<built-in method values of dict object at 0x7f5e3fa7a1c0>
"{'atak': ['6', '14', '4', '7', '8', '0', '16', '2', '9', '10', '19', '5', '3', '12', '15', '13', '1', '17', '18', '11']}",<built-in method values of dict object at 0x7f5e3fa7a1c0>
"{'atak': ['6', '14', '4', '7', '8', '0', '16', '2', '9', '10', '19', '5', '3', '12', '15', '13', '1', '17', '18', '11']}",<built-in method values of dict object at 0x7f5e3fa7a1c0>
"{'atak': ['6', '14', '4', '7', '8', '0', '16', '2', '9', '10', '19', '5', '3', '12', '15', '13', '1', '17', '18', '11']}",<built-in method values of dict object at 0x7f5e3fa7a1c0>
"{'atak': ['6', '14', '4', '7', '8', '0', '16', '2', '9', '10', '19', '5', '3', '12', '15', '13', '1', '17', '18', '11']}",<built-in method values of dict object at 0x7f5e3fa7a1c0>
"{'atak': ['6', '14', '4', '7', '8', '0', '16', '2', '9', '10', '19', '5', '3', '12', '15', '13', '1', '17', '18', '11']}",<built-in method values of dict object at 0x7f5e3fa7a1c0>
"{'atak': ['6', '14', '4', '7', '8', '0', '16', '2', '9', '10', '19', '5', '3', '12', '15', '13', '1', '17', '18', '11']}",<built-in method values of dict object at 0x7f5e3fa7a1c0>
"{'atak': ['6', '14', '4', '7', '8', '0', '16', '2', '9', '10', '19', '5', '3', '12', '15', '13', '1', '17', '18', '11']}",<built-in method values of dict object at 0x7f5e3fa7a1c0>
"{'atak': ['6', '14', '4', '7', '8', '0', '16', '2', '9', '10', '19', '5', '3', '12', '15', '13', '1', '17', '18', '11']}",<built-in method values of dict object at 0x7f5e3fa7a1c0>
"{'atak': ['6', '14', '4', '7', '8', '0', '16', '2', '9', '10', '19', '5', '3', '12', '15', '13', '1', '17', '18', '11']}",<built-in method values of dict object at 0x7f5e3fa7a1c0>
"{'atak': ['6', '19', '5', '7', '8', '12', '15', '18', '9', '11', '16', '10', '13', '17', '2', '4', '14', '1', '0', '3']}",<built-in method values of dict object at 0x7f5e3fad8100>
"{'atak': ['6', '19', '5', '7', '8', '12', '15', '18', '9', '11', '16', '10', '13', '17', '2', '4', '14', '1', '0', '3']}",<built-in method values of dict object at 0x7f5e3fad8100>
"{'atak': ['6', '19', '5', '7', '8', '12', '15', '18', '9', '11', '16', '10', '13', '17', '2', '4', '14', '1', '0', '3']}",<built-in method values of dict object at 0x7f5e3fad8100>
"{'atak': ['6', '19', '5', '7', '8', '12', '15', '18', '9', '11', '16', '10', '13', '17', '2', '4', '14', '1', '0', '3']}",<built-in method values of dict object at 0x7f5e3fad8100>
"{'atak': ['6', '19', '5', '7', '8', '12', '15', '18', '9', '11', '16', '10', '13', '17', '2', '4', '14', '1', '0', '3']}",<built-in method values of dict object at 0x7f5e3fad8100>
"{'atak': ['6', '19', '5', '7', '8', '12', '15', '18', '9', '11', '16', '10', '13', '17', '2', '4', '14', '1', '0', '3']}",<built-in method values of dict object at 0x7f5e3fad8100>
"{'atak': ['6', '19', '5', '7', '8', '12', '15', '18', '9', '11', '16', '10', '13', '17', '2', '4', '14', '1', '0', '3']}",<built-in method values of dict object at 0x7f5e3fad8100>
"{'atak': ['6', '19', '5', '7', '8', '12', '15', '18', '9', '11', '16', '10', '13', '17', '2', '4', '14', '1', '0', '3']}",<built-in method values of dict object at 0x7f5e3fad8100>
"{'atak': ['6', '19', '5', '7', '8', '12', '15', '18', '9', '11', '16', '10', '13', '17', '2', '4', '14', '1', '0', '3']}",<built-in method values of dict object at 0x7f5e3fad8100>
"{'atak': ['6', '19', '5', '7', '8', '12', '15', '18', '9', '11', '16', '10', '13', '17', '2', '4', '14', '1', '0', '3']}",<built-in method values of dict object at 0x7f5e3fad8100>
"{'atak': ['6', '19', '5', '7', '8', '12', '15', '18', '9', '11', '16', '10', '13', '17', '2', '4', '14', '1', '0', '3']}",<built-in method values of dict object at 0x7f5e3fad8100>
"{'atak': ['6', '19', '5', '7', '8', '12', '15', '18', '9', '11', '16', '10', '13', '17', '2', '4', '14', '1', '0', '3']}",<built-in method values of dict object at 0x7f5e3fad8100>
"{'atak': ['6', '19', '5', '7', '8', '12', '15', '18', '9', '11', '16', '10', '13', '17', '2', '4', '14', '1', '0', '3']}",<built-in method values of dict object at 0x7f5e3fad8100>
"{'atak': ['6', '19', '5', '7', '8', '12', '15', '18', '9', '11', '16', '10', '13', '17', '2', '4', '14', '1', '0', '3']}",<built-in method values of dict object at 0x7f5e3fad8100>
"{'atak': ['6', '19', '5', '7', '8', '12', '15', '18', '9', '11', '16', '10', '13', '17', '2', '4', '14', '1', '0', '3']}",<built-in method values of dict object at 0x7f5e3fad8100>
"{'atak': ['6', '19', '5', '7', '8', '12', '15', '18', '9', '11', '16', '10', '13', '17', '2', '4', '14', '1', '0', '3']}",<built-in method values of dict object at 0x7f5e3fad8100>
"{'atak': ['6', '19', '5', '7', '8', '12', '15', '18', '9', '11', '16', '10', '13', '17', '2', '4', '14', '1', '0', '3']}",<built-in method values of dict object at 0x7f5e3fad8100>
"{'atak': ['6', '19', '5', '7', '8', '12', '15', '18', '9', '11', '16', '10', '13', '17', '2', '4', '14', '1', '0', '3']}",<built-in method values of dict object at 0x7f5e3fad8100>
"{'atak': ['6', '19', '5', '7', '8', '12', '15', '18', '9', '11', '16', '10', '13', '17', '2', '4', '14', '1', '0', '3']}",<built-in method values of dict object at 0x7f5e3fad8100>
"{'atak': ['6', '19', '5', '7', '8', '12', '15', '18', '9', '11', '16', '10', '13', '17', '2', '4', '14', '1', '0', '3']}",<built-in method values of dict object at 0x7f5e3fad8100>
"{'atak': ['17', '18', '13', '7', '2', '8', '3', '9', '14', '11', '10', '4', '0', '6', '15', '19', '5', '16', '12', '1']}",<built-in method values of dict object at 0x7f5e3fa7d980>
"{'atak': ['17', '18', '13', '7', '2', '8', '3', '9', '14', '11', '10', '4', '0', '6', '15', '19', '5', '16', '12', '1']}",<built-in method values of dict object at 0x7f5e3fa7d980>
"{'atak': ['17', '18', '13', '7', '2', '8', '3', '9', '14', '11', '10', '4', '0', '6', '15', '19', '5', '16', '12', '1']}",<built-in method values of dict object at 0x7f5e3fa7d980>
"{'atak': ['17', '18', '13', '7', '2', '8', '3', '9', '14', '11', '10', '4', '0', '6', '15', '19', '5', '16', '12', '1']}",<built-in method values of dict object at 0x7f5e3fa7d980>
"{'atak': ['17', '18', '13', '7', '2', '8', '3', '9', '14', '11', '10', '4', '0', '6', '15', '19', '5', '16', '12', '1']}",<built-in method values of dict object at 0x7f5e3fa7d980>
"{'atak': ['17', '18', '13', '7', '2', '8', '3', '9', '14', '11', '10', '4', '0', '6', '15', '19', '5', '16', '12', '1']}",<built-in method values of dict object at 0x7f5e3fa7d980>
"{'atak': ['17', '18', '13', '7', '2', '8', '3', '9', '14', '11', '10', '4', '0', '6', '15', '19', '5', '16', '12', '1']}",<built-in method values of dict object at 0x7f5e3fa7d980>
"{'atak': ['17', '18', '13', '7', '2', '8', '3', '9', '14', '11', '10', '4', '0', '6', '15', '19', '5', '16', '12', '1']}",<built-in method values of dict object at 0x7f5e3fa7d980>
"{'atak': ['17', '18', '13', '7', '2', '8', '3', '9', '14', '11', '10', '4', '0', '6', '15', '19', '5', '16', '12', '1']}",<built-in method values of dict object at 0x7f5e3fa7d980>
"{'atak': ['17', '18', '13', '7', '2', '8', '3', '9', '14', '11', '10', '4', '0', '6', '15', '19', '5', '16', '12', '1']}",<built-in method values of dict object at 0x7f5e3fa7d980>
"{'atak': ['17', '18', '13', '7', '2', '8', '3', '9', '14', '11', '10', '4', '0', '6', '15', '19', '5', '16', '12', '1']}",<built-in method values of dict object at 0x7f5e3fa7d980>
"{'atak': ['17', '18', '13', '7', '2', '8', '3', '9', '14', '11', '10', '4', '0', '6', '15', '19', '5', '16', '12', '1']}",<built-in method values of dict object at 0x7f5e3fa7d980>
"{'atak': ['17', '18', '13', '7', '2', '8', '3', '9', '14', '11', '10', '4', '0', '6', '15', '19', '5', '16', '12', '1']}",<built-in method values of dict object at 0x7f5e3fa7d980>
"{'atak': ['17', '18', '13', '7', '2', '8', '3', '9', '14', '11', '10', '4', '0', '6', '15', '19', '5', '16', '12', '1']}",<built-in method values of dict object at 0x7f5e3fa7d980>
"{'atak': ['17', '18', '13', '7', '2', '8', '3', '9', '14', '11', '10', '4', '0', '6', '15', '19', '5', '16', '12', '1']}",<built-in method values of dict object at 0x7f5e3fa7d980>
"{'atak': ['17', '18', '13', '7', '2', '8', '3', '9', '14', '11', '10', '4', '0', '6', '15', '19', '5', '16', '12', '1']}",<built-in method values of dict object at 0x7f5e3fa7d980>
"{'atak': ['17', '18', '13', '7', '2', '8', '3', '9', '14', '11', '10', '4', '0', '6', '15', '19', '5', '16', '12', '1']}",<built-in method values of dict object at 0x7f5e3fa7d980>
"{'atak': ['17', '18', '13', '7', '2', '8', '3', '9', '14', '11', '10', '4', '0', '6', '15', '19', '5', '16', '12', '1']}",<built-in method values of dict object at 0x7f5e3fa7d980>
"{'atak': ['17', '18', '13', '7', '2', '8', '3', '9', '14', '11', '10', '4', '0', '6', '15', '19', '5', '16', '12', '1']}",<built-in method values of dict object at 0x7f5e3fa7d980>
"{'atak': ['17', '18', '13', '7', '2', '8', '3', '9', '14', '11', '10', '4', '0', '6', '15', '19', '5', '16', '12', '1']}",<built-in method values of dict object at 0x7f5e3fa7d980>
"{'atak': ['12', '4', '1', '16', '17', '15', '19', '9', '5', '6', '0', '7', '18', '14', '3', '10', '13', '2', '8', '11']}",<built-in method values of dict object at 0x7f5e3fa3b1c0>
"{'atak': ['12', '4', '1', '16', '17', '15', '19', '9', '5', '6', '0', '7', '18', '14', '3', '10', '13', '2', '8', '11']}",<built-in method values of dict object at 0x7f5e3fa3b1c0>
"{'atak': ['12', '4', '1', '16', '17', '15', '19', '9', '5', '6', '0', '7', '18', '14', '3', '10', '13', '2', '8', '11']}",<built-in method values of dict object at 0x7f5e3fa3b1c0>
"{'atak': ['12', '4', '1', '16', '17', '15', '19', '9', '5', '6', '0', '7', '18', '14', '3', '10', '13', '2', '8', '11']}",<built-in method values of dict object at 0x7f5e3fa3b1c0>
"{'atak': ['12', '4', '1', '16', '17', '15', '19', '9', '5', '6', '0', '7', '18', '14', '3', '10', '13', '2', '8', '11']}",<built-in method values of dict object at 0x7f5e3fa3b1c0>
"{'atak': ['12', '4', '1', '16', '17', '15', '19', '9', '5', '6', '0', '7', '18', '14', '3', '10', '13', '2', '8', '11']}",<built-in method values of dict object at 0x7f5e3fa3b1c0>
"{'atak': ['12', '4', '1', '16', '17', '15', '19', '9', '5', '6', '0', '7', '18', '14', '3', '10', '13', '2', '8', '11']}",<built-in method values of dict object at 0x7f5e3fa3b1c0>
"{'atak': ['12', '4', '1', '16', '17', '15', '19', '9', '5', '6', '0', '7', '18', '14', '3', '10', '13', '2', '8', '11']}",<built-in method values of dict object at 0x7f5e3fa3b1c0>
"{'atak': ['12', '4', '1', '16', '17', '15', '19', '9', '5', '6', '0', '7', '18', '14', '3', '10', '13', '2', '8', '11']}",<built-in method values of dict object at 0x7f5e3fa3b1c0>
"{'atak': ['12', '4', '1', '16', '17', '15', '19', '9', '5', '6', '0', '7', '18', '14', '3', '10', '13', '2', '8', '11']}",<built-in method values of dict object at 0x7f5e3fa3b1c0>
"{'atak': ['12', '4', '1', '16', '17', '15', '19', '9', '5', '6', '0', '7', '18', '14', '3', '10', '13', '2', '8', '11']}",<built-in method values of dict object at 0x7f5e3fa3b1c0>
"{'atak': ['12', '4', '1', '16', '17', '15', '19', '9', '5', '6', '0', '7', '18', '14', '3', '10', '13', '2', '8', '11']}",<built-in method values of dict object at 0x7f5e3fa3b1c0>
"{'atak': ['12', '4', '1', '16', '17', '15', '19', '9', '5', '6', '0', '7', '18', '14', '3', '10', '13', '2', '8', '11']}",<built-in method values of dict object at 0x7f5e3fa3b1c0>
"{'atak': ['12', '4', '1', '16', '17', '15', '19', '9', '5', '6', '0', '7', '18', '14', '3', '10', '13', '2', '8', '11']}",<built-in method values of dict object at 0x7f5e3fa3b1c0>
"{'atak': ['12', '4', '1', '16', '17', '15', '19', '9', '5', '6', '0', '7', '18', '14', '3', '10', '13', '2', '8', '11']}",<built-in method values of dict object at 0x7f5e3fa3b1c0>
"{'atak': ['12', '4', '1', '16', '17', '15', '19', '9', '5', '6', '0', '7', '18', '14', '3', '10', '13', '2', '8', '11']}",<built-in method values of dict object at 0x7f5e3fa3b1c0>
"{'atak': ['12', '4', '1', '16', '17', '15', '19', '9', '5', '6', '0', '7', '18', '14', '3', '10', '13', '2', '8', '11']}",<built-in method values of dict object at 0x7f5e3fa3b1c0>
"{'atak': ['12', '4', '1', '16', '17', '15', '19', '9', '5', '6', '0', '7', '18', '14', '3', '10', '13', '2', '8', '11']}",<built-in method values of dict object at 0x7f5e3fa3b1c0>
"{'atak': ['12', '4', '1', '16', '17', '15', '19', '9', '5', '6', '0', '7', '18', '14', '3', '10', '13', '2', '8', '11']}",<built-in method values of dict object at 0x7f5e3fa3b1c0>
"{'atak': ['12', '4', '1', '16', '17', '15', '19', '9', '5', '6', '0', '7', '18', '14', '3', '10', '13', '2', '8', '11']}",<built-in method values of dict object at 0x7f5e3fa3b1c0>
"{'atak': ['3', '16', '9', '8', '10', '1', '18', '5', '13', '4', '6', '19', '7', '0', '2', '12', '17', '14', '11', '15']}",<built-in method values of dict object at 0x7f5e3f8fb580>
"{'atak': ['3', '16', '9', '8', '10', '1', '18', '5', '13', '4', '6', '19', '7', '0', '2', '12', '17', '14', '11', '15']}",<built-in method values of dict object at 0x7f5e3f8fb580>
"{'atak': ['3', '16', '9', '8', '10', '1', '18', '5', '13', '4', '6', '19', '7', '0', '2', '12', '17', '14', '11', '15']}",<built-in method values of dict object at 0x7f5e3f8fb580>
"{'atak': ['3', '16', '9', '8', '10', '1', '18', '5', '13', '4', '6', '19', '7', '0', '2', '12', '17', '14', '11', '15']}",<built-in method values of dict object at 0x7f5e3f8fb580>
"{'atak': ['3', '16', '9', '8', '10', '1', '18', '5', '13', '4', '6', '19', '7', '0', '2', '12', '17', '14', '11', '15']}",<built-in method values of dict object at 0x7f5e3f8fb580>
"{'atak': ['3', '16', '9', '8', '10', '1', '18', '5', '13', '4', '6', '19', '7', '0', '2', '12', '17', '14', '11', '15']}",<built-in method values of dict object at 0x7f5e3f8fb580>
"{'atak': ['3', '16', '9', '8', '10', '1', '18', '5', '13', '4', '6', '19', '7', '0', '2', '12', '17', '14', '11', '15']}",<built-in method values of dict object at 0x7f5e3f8fb580>
"{'atak': ['3', '16', '9', '8', '10', '1', '18', '5', '13', '4', '6', '19', '7', '0', '2', '12', '17', '14', '11', '15']}",<built-in method values of dict object at 0x7f5e3f8fb580>
"{'atak': ['3', '16', '9', '8', '10', '1', '18', '5', '13', '4', '6', '19', '7', '0', '2', '12', '17', '14', '11', '15']}",<built-in method values of dict object at 0x7f5e3f8fb580>
"{'atak': ['3', '16', '9', '8', '10', '1', '18', '5', '13', '4', '6', '19', '7', '0', '2', '12', '17', '14', '11', '15']}",<built-in method values of dict object at 0x7f5e3f8fb580>
"{'atak': ['3', '16', '9', '8', '10', '1', '18', '5', '13', '4', '6', '19', '7', '0', '2', '12', '17', '14', '11', '15']}",<built-in method values of dict object at 0x7f5e3f8fb580>
"{'atak': ['3', '16', '9', '8', '10', '1', '18', '5', '13', '4', '6', '19', '7', '0', '2', '12', '17', '14', '11', '15']}",<built-in method values of dict object at 0x7f5e3f8fb580>
"{'atak': ['3', '16', '9', '8', '10', '1', '18', '5', '13', '4', '6', '19', '7', '0', '2', '12', '17', '14', '11', '15']}",<built-in method values of dict object at 0x7f5e3f8fb580>
"{'atak': ['3', '16', '9', '8', '10', '1', '18', '5', '13', '4', '6', '19', '7', '0', '2', '12', '17', '14', '11', '15']}",<built-in method values of dict object at 0x7f5e3f8fb580>
"{'atak': ['3', '16', '9', '8', '10', '1', '18', '5', '13', '4', '6', '19', '7', '0', '2', '12', '17', '14', '11', '15']}",<built-in method values of dict object at 0x7f5e3f8fb580>
"{'atak': ['3', '16', '9', '8', '10', '1', '18', '5', '13', '4', '6', '19', '7', '0', '2', '12', '17', '14', '11', '15']}",<built-in method values of dict object at 0x7f5e3f8fb580>
"{'atak': ['3', '16', '9', '8', '10', '1', '18', '5', '13', '4', '6', '19', '7', '0', '2', '12', '17', '14', '11', '15']}",<built-in method values of dict object at 0x7f5e3f8fb580>
"{'atak': ['3', '16', '9', '8', '10', '1', '18', '5', '13', '4', '6', '19', '7', '0', '2', '12', '17', '14', '11', '15']}",<built-in method values of dict object at 0x7f5e3f8fb580>
"{'atak': ['3', '16', '9', '8', '10', '1', '18', '5', '13', '4', '6', '19', '7', '0', '2', '12', '17', '14', '11', '15']}",<built-in method values of dict object at 0x7f5e3f8fb580>
"{'atak': ['3', '16', '9', '8', '10', '1', '18', '5', '13', '4', '6', '19', '7', '0', '2', '12', '17', '14', '11', '15']}",<built-in method values of dict object at 0x7f5e3f8fb580>
"{'atak': ['17', '11', '12', '18', '0', '14', '8', '5', '1', '4', '3', '6', '2', '9', '10', '19', '15', '16', '13', '7']}",<built-in method values of dict object at 0x7f5e3f8f69c0>
"{'atak': ['17', '11', '12', '18', '0', '14', '8', '5', '1', '4', '3', '6', '2', '9', '10', '19', '15', '16', '13', '7']}",<built-in method values of dict object at 0x7f5e3f8f69c0>
"{'atak': ['17', '11', '12', '18', '0', '14', '8', '5', '1', '4', '3', '6', '2', '9', '10', '19', '15', '16', '13', '7']}",<built-in method values of dict object at 0x7f5e3f8f69c0>
"{'atak': ['17', '11', '12', '18', '0', '14', '8', '5', '1', '4', '3', '6', '2', '9', '10', '19', '15', '16', '13', '7']}",<built-in method values of dict object at 0x7f5e3f8f69c0>
"{'atak': ['17', '11', '12', '18', '0', '14', '8', '5', '1', '4', '3', '6', '2', '9', '10', '19', '15', '16', '13', '7']}",<built-in method values of dict object at 0x7f5e3f8f69c0>
"{'atak': ['17', '11', '12', '18', '0', '14', '8', '5', '1', '4', '3', '6', '2', '9', '10', '19', '15', '16', '13', '7']}",<built-in method values of dict object at 0x7f5e3f8f69c0>
"{'atak': ['17', '11', '12', '18', '0', '14', '8', '5', '1', '4', '3', '6', '2', '9', '10', '19', '15', '16', '13', '7']}",<built-in method values of dict object at 0x7f5e3f8f69c0>
"{'atak': ['17', '11', '12', '18', '0', '14', '8', '5', '1', '4', '3', '6', '2', '9', '10', '19', '15', '16', '13', '7']}",<built-in method values of dict object at 0x7f5e3f8f69c0>
"{'atak': ['17', '11', '12', '18', '0', '14', '8', '5', '1', '4', '3', '6', '2', '9', '10', '19', '15', '16', '13', '7']}",<built-in method values of dict object at 0x7f5e3f8f69c0>
"{'atak': ['17', '11', '12', '18', '0', '14', '8', '5', '1', '4', '3', '6', '2', '9', '10', '19', '15', '16', '13', '7']}",<built-in method values of dict object at 0x7f5e3f8f69c0>
"{'atak': ['17', '11', '12', '18', '0', '14', '8', '5', '1', '4', '3', '6', '2', '9', '10', '19', '15', '16', '13', '7']}",<built-in method values of dict object at 0x7f5e3f8f69c0>
"{'atak': ['17', '11', '12', '18', '0', '14', '8', '5', '1', '4', '3', '6', '2', '9', '10', '19', '15', '16', '13', '7']}",<built-in method values of dict object at 0x7f5e3f8f69c0>
"{'atak': ['17', '11', '12', '18', '0', '14', '8', '5', '1', '4', '3', '6', '2', '9', '10', '19', '15', '16', '13', '7']}",<built-in method values of dict object at 0x7f5e3f8f69c0>
"{'atak': ['17', '11', '12', '18', '0', '14', '8', '5', '1', '4', '3', '6', '2', '9', '10', '19', '15', '16', '13', '7']}",<built-in method values of dict object at 0x7f5e3f8f69c0>
"{'atak': ['17', '11', '12', '18', '0', '14', '8', '5', '1', '4', '3', '6', '2', '9', '10', '19', '15', '16', '13', '7']}",<built-in method values of dict object at 0x7f5e3f8f69c0>
"{'atak': ['17', '11', '12', '18', '0', '14', '8', '5', '1', '4', '3', '6', '2', '9', '10', '19', '15', '16', '13', '7']}",<built-in method values of dict object at 0x7f5e3f8f69c0>
"{'atak': ['17', '11', '12', '18', '0', '14', '8', '5', '1', '4', '3', '6', '2', '9', '10', '19', '15', '16', '13', '7']}",<built-in method values of dict object at 0x7f5e3f8f69c0>
"{'atak': ['17', '11', '12', '18', '0', '14', '8', '5', '1', '4', '3', '6', '2', '9', '10', '19', '15', '16', '13', '7']}",<built-in method values of dict object at 0x7f5e3f8f69c0>
"{'atak': ['17', '11', '12', '18', '0', '14', '8', '5', '1', '4', '3', '6', '2', '9', '10', '19', '15', '16', '13', '7']}",<built-in method values of dict object at 0x7f5e3f8f69c0>
"{'atak': ['17', '11', '12', '18', '0', '14', '8', '5', '1', '4', '3', '6', '2', '9', '10', '19', '15', '16', '13', '7']}",<built-in method values of dict object at 0x7f5e3f8f69c0>
"{'atak': ['6', '14', '13', '17', '12', '3', '15', '0', '9', '18', '4', '1', '5', '19', '8', '2', '11', '16', '10', '7']}",<built-in method values of dict object at 0x7f5e3f8f5200>
"{'atak': ['6', '14', '13', '17', '12', '3', '15', '0', '9', '18', '4', '1', '5', '19', '8', '2', '11', '16', '10', '7']}",<built-in method values of dict object at 0x7f5e3f8f5200>
"{'atak': ['6', '14', '13', '17', '12', '3', '15', '0', '9', '18', '4', '1', '5', '19', '8', '2', '11', '16', '10', '7']}",<built-in method values of dict object at 0x7f5e3f8f5200>
"{'atak': ['6', '14', '13', '17', '12', '3', '15', '0', '9', '18', '4', '1', '5', '19', '8', '2', '11', '16', '10', '7']}",<built-in method values of dict object at 0x7f5e3f8f5200>
"{'atak': ['6', '14', '13', '17', '12', '3', '15', '0', '9', '18', '4', '1', '5', '19', '8', '2', '11', '16', '10', '7']}",<built-in method values of dict object at 0x7f5e3f8f5200>
"{'atak': ['6', '14', '13', '17', '12', '3', '15', '0', '9', '18', '4', '1', '5', '19', '8', '2', '11', '16', '10', '7']}",<built-in method values of dict object at 0x7f5e3f8f5200>
"{'atak': ['6', '14', '13', '17', '12', '3', '15', '0', '9', '18', '4', '1', '5', '19', '8', '2', '11', '16', '10', '7']}",<built-in method values of dict object at 0x7f5e3f8f5200>
"{'atak': ['6', '14', '13', '17', '12', '3', '15', '0', '9', '18', '4', '1', '5', '19', '8', '2', '11', '16', '10', '7']}",<built-in method values of dict object at 0x7f5e3f8f5200>
"{'atak': ['6', '14', '13', '17', '12', '3', '15', '0', '9', '18', '4', '1', '5', '19', '8', '2', '11', '16', '10', '7']}",<built-in method values of dict object at 0x7f5e3f8f5200>
"{'atak': ['6', '14', '13', '17', '12', '3', '15', '0', '9', '18', '4', '1', '5', '19', '8', '2', '11', '16', '10', '7']}",<built-in method values of dict object at 0x7f5e3f8f5200>
"{'atak': ['6', '14', '13', '17', '12', '3', '15', '0', '9', '18', '4', '1', '5', '19', '8', '2', '11', '16', '10', '7']}",<built-in method values of dict object at 0x7f5e3f8f5200>
"{'atak': ['6', '14', '13', '17', '12', '3', '15', '0', '9', '18', '4', '1', '5', '19', '8', '2', '11', '16', '10', '7']}",<built-in method values of dict object at 0x7f5e3f8f5200>
"{'atak': ['6', '14', '13', '17', '12', '3', '15', '0', '9', '18', '4', '1', '5', '19', '8', '2', '11', '16', '10', '7']}",<built-in method values of dict object at 0x7f5e3f8f5200>
"{'atak': ['6', '14', '13', '17', '12', '3', '15', '0', '9', '18', '4', '1', '5', '19', '8', '2', '11', '16', '10', '7']}",<built-in method values of dict object at 0x7f5e3f8f5200>
"{'atak': ['6', '14', '13', '17', '12', '3', '15', '0', '9', '18', '4', '1', '5', '19', '8', '2', '11', '16', '10', '7']}",<built-in method values of dict object at 0x7f5e3f8f5200>
"{'atak': ['6', '14', '13', '17', '12', '3', '15', '0', '9', '18', '4', '1', '5', '19', '8', '2', '11', '16', '10', '7']}",<built-in method values of dict object at 0x7f5e3f8f5200>
"{'atak': ['6', '14', '13', '17', '12', '3', '15', '0', '9', '18', '4', '1', '5', '19', '8', '2', '11', '16', '10', '7']}",<built-in method values of dict object at 0x7f5e3f8f5200>
"{'atak': ['6', '14', '13', '17', '12', '3', '15', '0', '9', '18', '4', '1', '5', '19', '8', '2', '11', '16', '10', '7']}",<built-in method values of dict object at 0x7f5e3f8f5200>
"{'atak': ['6', '14', '13', '17', '12', '3', '15', '0', '9', '18', '4', '1', '5', '19', '8', '2', '11', '16', '10', '7']}",<built-in method values of dict object at 0x7f5e3f8f5200>
"{'atak': ['6', '14', '13', '17', '12', '3', '15', '0', '9', '18', '4', '1', '5', '19', '8', '2', '11', '16', '10', '7']}",<built-in method values of dict object at 0x7f5e3f8f5200>
"{'atak': ['1', '18', '19', '0', '3', '2', '11', '16', '17', '5', '15', '10', '6', '4', '13', '7', '8', '14', '12', '9']}",<built-in method values of dict object at 0x7f5e3fadfcc0>
"{'atak': ['1', '18', '19', '0', '3', '2', '11', '16', '17', '5', '15', '10', '6', '4', '13', '7', '8', '14', '12', '9']}",<built-in method values of dict object at 0x7f5e3fadfcc0>
"{'atak': ['1', '18', '19', '0', '3', '2', '11', '16', '17', '5', '15', '10', '6', '4', '13', '7', '8', '14', '12', '9']}",<built-in method values of dict object at 0x7f5e3fadfcc0>
"{'atak': ['1', '18', '19', '0', '3', '2', '11', '16', '17', '5', '15', '10', '6', '4', '13', '7', '8', '14', '12', '9']}",<built-in method values of dict object at 0x7f5e3fadfcc0>
"{'atak': ['1', '18', '19', '0', '3', '2', '11', '16', '17', '5', '15', '10', '6', '4', '13', '7', '8', '14', '12', '9']}",<built-in method values of dict object at 0x7f5e3fadfcc0>
"{'atak': ['1', '18', '19', '0', '3', '2', '11', '16', '17', '5', '15', '10', '6', '4', '13', '7', '8', '14', '12', '9']}",<built-in method values of dict object at 0x7f5e3fadfcc0>
"{'atak': ['1', '18', '19', '0', '3', '2', '11', '16', '17', '5', '15', '10', '6', '4', '13', '7', '8', '14', '12', '9']}",<built-in method values of dict object at 0x7f5e3fadfcc0>
"{'atak': ['1', '18', '19', '0', '3', '2', '11', '16', '17', '5', '15', '10', '6', '4', '13', '7', '8', '14', '12', '9']}",<built-in method values of dict object at 0x7f5e3fadfcc0>
"{'atak': ['1', '18', '19', '0', '3', '2', '11', '16', '17', '5', '15', '10', '6', '4', '13', '7', '8', '14', '12', '9']}",<built-in method values of dict object at 0x7f5e3fadfcc0>
"{'atak': ['1', '18', '19', '0', '3', '2', '11', '16', '17', '5', '15', '10', '6', '4', '13', '7', '8', '14', '12', '9']}",<built-in method values of dict object at 0x7f5e3fadfcc0>
"{'atak': ['1', '18', '19', '0', '3', '2', '11', '16', '17', '5', '15', '10', '6', '4', '13', '7', '8', '14', '12', '9']}",<built-in method values of dict object at 0x7f5e3fadfcc0>
"{'atak': ['1', '18', '19', '0', '3', '2', '11', '16', '17', '5', '15', '10', '6', '4', '13', '7', '8', '14', '12', '9']}",<built-in method values of dict object at 0x7f5e3fadfcc0>
"{'atak': ['1', '18', '19', '0', '3', '2', '11', '16', '17', '5', '15', '10', '6', '4', '13', '7', '8', '14', '12', '9']}",<built-in method values of dict object at 0x7f5e3fadfcc0>
"{'atak': ['1', '18', '19', '0', '3', '2', '11', '16', '17', '5', '15', '10', '6', '4', '13', '7', '8', '14', '12', '9']}",<built-in method values of dict object at 0x7f5e3fadfcc0>
"{'atak': ['1', '18', '19', '0', '3', '2', '11', '16', '17', '5', '15', '10', '6', '4', '13', '7', '8', '14', '12', '9']}",<built-in method values of dict object at 0x7f5e3fadfcc0>
"{'atak': ['1', '18', '19', '0', '3', '2', '11', '16', '17', '5', '15', '10', '6', '4', '13', '7', '8', '14', '12', '9']}",<built-in method values of dict object at 0x7f5e3fadfcc0>
"{'atak': ['1', '18', '19', '0', '3', '2', '11', '16', '17', '5', '15', '10', '6', '4', '13', '7', '8', '14', '12', '9']}",<built-in method values of dict object at 0x7f5e3fadfcc0>
"{'atak': ['1', '18', '19', '0', '3', '2', '11', '16', '17', '5', '15', '10', '6', '4', '13', '7', '8', '14', '12', '9']}",<built-in method values of dict object at 0x7f5e3fadfcc0>
"{'atak': ['1', '18', '19', '0', '3', '2', '11', '16', '17', '5', '15', '10', '6', '4', '13', '7', '8', '14', '12', '9']}",<built-in method values of dict object at 0x7f5e3fadfcc0>
"{'atak': ['1', '18', '19', '0', '3', '2', '11', '16', '17', '5', '15', '10', '6', '4', '13', '7', '8', '14', '12', '9']}",<built-in method values of dict object at 0x7f5e3fadfcc0>
