{},<built-in method values of dict object at 0x7f3764c87d00>
{},<built-in method values of dict object at 0x7f3764c87d00>
{},<built-in method values of dict object at 0x7f3764c87d00>
{},<built-in method values of dict object at 0x7f3764c87d00>
{},<built-in method values of dict object at 0x7f3764c87d00>
{},<built-in method values of dict object at 0x7f3764c87d00>
{},<built-in method values of dict object at 0x7f3764c87d00>
{},<built-in method values of dict object at 0x7f3764c87d00>
{},<built-in method values of dict object at 0x7f3764c87d00>
{},<built-in method values of dict object at 0x7f3764c87d00>
{},<built-in method values of dict object at 0x7f3764c87d00>
{},<built-in method values of dict object at 0x7f3764c87d00>
{},<built-in method values of dict object at 0x7f3764c87d00>
{},<built-in method values of dict object at 0x7f3764c87d00>
{},<built-in method values of dict object at 0x7f3764c87d00>
{},<built-in method values of dict object at 0x7f3764c87d00>
{},<built-in method values of dict object at 0x7f3764c87d00>
{},<built-in method values of dict object at 0x7f3764c87d00>
{},<built-in method values of dict object at 0x7f3764c87d00>
{},<built-in method values of dict object at 0x7f3764c87d00>
"{'n_atak': ['11', '4', '3', '18', '6', '10', '12', '19', '14', '13', '5', '16', '1', '7', '9', '17', '2', '0', '15', '8']}",<built-in method values of dict object at 0x7f3764afcb40>
"{'n_atak': ['11', '4', '3', '18', '6', '10', '12', '19', '14', '13', '5', '16', '1', '7', '9', '17', '2', '0', '15', '8']}",<built-in method values of dict object at 0x7f3764afcb40>
"{'n_atak': ['11', '4', '3', '18', '6', '10', '12', '19', '14', '13', '5', '16', '1', '7', '9', '17', '2', '0', '15', '8']}",<built-in method values of dict object at 0x7f3764afcb40>
"{'n_atak': ['11', '4', '3', '18', '6', '10', '12', '19', '14', '13', '5', '16', '1', '7', '9', '17', '2', '0', '15', '8']}",<built-in method values of dict object at 0x7f3764afcb40>
"{'n_atak': ['11', '4', '3', '18', '6', '10', '12', '19', '14', '13', '5', '16', '1', '7', '9', '17', '2', '0', '15', '8']}",<built-in method values of dict object at 0x7f3764afcb40>
"{'n_atak': ['11', '4', '3', '18', '6', '10', '12', '19', '14', '13', '5', '16', '1', '7', '9', '17', '2', '0', '15', '8']}",<built-in method values of dict object at 0x7f3764afcb40>
"{'n_atak': ['11', '4', '3', '18', '6', '10', '12', '19', '14', '13', '5', '16', '1', '7', '9', '17', '2', '0', '15', '8']}",<built-in method values of dict object at 0x7f3764afcb40>
"{'n_atak': ['11', '4', '3', '18', '6', '10', '12', '19', '14', '13', '5', '16', '1', '7', '9', '17', '2', '0', '15', '8']}",<built-in method values of dict object at 0x7f3764afcb40>
"{'n_atak': ['11', '4', '3', '18', '6', '10', '12', '19', '14', '13', '5', '16', '1', '7', '9', '17', '2', '0', '15', '8']}",<built-in method values of dict object at 0x7f3764afcb40>
"{'n_atak': ['11', '4', '3', '18', '6', '10', '12', '19', '14', '13', '5', '16', '1', '7', '9', '17', '2', '0', '15', '8']}",<built-in method values of dict object at 0x7f3764afcb40>
"{'n_atak': ['11', '4', '3', '18', '6', '10', '12', '19', '14', '13', '5', '16', '1', '7', '9', '17', '2', '0', '15', '8']}",<built-in method values of dict object at 0x7f3764afcb40>
"{'n_atak': ['11', '4', '3', '18', '6', '10', '12', '19', '14', '13', '5', '16', '1', '7', '9', '17', '2', '0', '15', '8']}",<built-in method values of dict object at 0x7f3764afcb40>
"{'n_atak': ['11', '4', '3', '18', '6', '10', '12', '19', '14', '13', '5', '16', '1', '7', '9', '17', '2', '0', '15', '8']}",<built-in method values of dict object at 0x7f3764afcb40>
"{'n_atak': ['11', '4', '3', '18', '6', '10', '12', '19', '14', '13', '5', '16', '1', '7', '9', '17', '2', '0', '15', '8']}",<built-in method values of dict object at 0x7f3764afcb40>
"{'n_atak': ['11', '4', '3', '18', '6', '10', '12', '19', '14', '13', '5', '16', '1', '7', '9', '17', '2', '0', '15', '8']}",<built-in method values of dict object at 0x7f3764afcb40>
"{'n_atak': ['11', '4', '3', '18', '6', '10', '12', '19', '14', '13', '5', '16', '1', '7', '9', '17', '2', '0', '15', '8']}",<built-in method values of dict object at 0x7f3764afcb40>
"{'n_atak': ['11', '4', '3', '18', '6', '10', '12', '19', '14', '13', '5', '16', '1', '7', '9', '17', '2', '0', '15', '8']}",<built-in method values of dict object at 0x7f3764afcb40>
"{'n_atak': ['11', '4', '3', '18', '6', '10', '12', '19', '14', '13', '5', '16', '1', '7', '9', '17', '2', '0', '15', '8']}",<built-in method values of dict object at 0x7f3764afcb40>
"{'n_atak': ['11', '4', '3', '18', '6', '10', '12', '19', '14', '13', '5', '16', '1', '7', '9', '17', '2', '0', '15', '8']}",<built-in method values of dict object at 0x7f3764afcb40>
"{'n_atak': ['11', '4', '3', '18', '6', '10', '12', '19', '14', '13', '5', '16', '1', '7', '9', '17', '2', '0', '15', '8']}",<built-in method values of dict object at 0x7f3764afcb40>
"{'n_atak': ['15', '2', '4', '11', '3', '6', '0', '8', '12', '19', '13', '10', '5', '9', '18', '1', '16', '14', '7', '17']}",<built-in method values of dict object at 0x7f3764cc93c0>
"{'n_atak': ['15', '2', '4', '11', '3', '6', '0', '8', '12', '19', '13', '10', '5', '9', '18', '1', '16', '14', '7', '17']}",<built-in method values of dict object at 0x7f3764cc93c0>
"{'n_atak': ['15', '2', '4', '11', '3', '6', '0', '8', '12', '19', '13', '10', '5', '9', '18', '1', '16', '14', '7', '17']}",<built-in method values of dict object at 0x7f3764cc93c0>
"{'n_atak': ['15', '2', '4', '11', '3', '6', '0', '8', '12', '19', '13', '10', '5', '9', '18', '1', '16', '14', '7', '17']}",<built-in method values of dict object at 0x7f3764cc93c0>
"{'n_atak': ['15', '2', '4', '11', '3', '6', '0', '8', '12', '19', '13', '10', '5', '9', '18', '1', '16', '14', '7', '17']}",<built-in method values of dict object at 0x7f3764cc93c0>
"{'n_atak': ['15', '2', '4', '11', '3', '6', '0', '8', '12', '19', '13', '10', '5', '9', '18', '1', '16', '14', '7', '17']}",<built-in method values of dict object at 0x7f3764cc93c0>
"{'n_atak': ['15', '2', '4', '11', '3', '6', '0', '8', '12', '19', '13', '10', '5', '9', '18', '1', '16', '14', '7', '17']}",<built-in method values of dict object at 0x7f3764cc93c0>
"{'n_atak': ['15', '2', '4', '11', '3', '6', '0', '8', '12', '19', '13', '10', '5', '9', '18', '1', '16', '14', '7', '17']}",<built-in method values of dict object at 0x7f3764cc93c0>
"{'n_atak': ['15', '2', '4', '11', '3', '6', '0', '8', '12', '19', '13', '10', '5', '9', '18', '1', '16', '14', '7', '17']}",<built-in method values of dict object at 0x7f3764cc93c0>
"{'n_atak': ['15', '2', '4', '11', '3', '6', '0', '8', '12', '19', '13', '10', '5', '9', '18', '1', '16', '14', '7', '17']}",<built-in method values of dict object at 0x7f3764cc93c0>
"{'n_atak': ['15', '2', '4', '11', '3', '6', '0', '8', '12', '19', '13', '10', '5', '9', '18', '1', '16', '14', '7', '17']}",<built-in method values of dict object at 0x7f3764cc93c0>
"{'n_atak': ['15', '2', '4', '11', '3', '6', '0', '8', '12', '19', '13', '10', '5', '9', '18', '1', '16', '14', '7', '17']}",<built-in method values of dict object at 0x7f3764cc93c0>
"{'n_atak': ['15', '2', '4', '11', '3', '6', '0', '8', '12', '19', '13', '10', '5', '9', '18', '1', '16', '14', '7', '17']}",<built-in method values of dict object at 0x7f3764cc93c0>
"{'n_atak': ['15', '2', '4', '11', '3', '6', '0', '8', '12', '19', '13', '10', '5', '9', '18', '1', '16', '14', '7', '17']}",<built-in method values of dict object at 0x7f3764cc93c0>
"{'n_atak': ['15', '2', '4', '11', '3', '6', '0', '8', '12', '19', '13', '10', '5', '9', '18', '1', '16', '14', '7', '17']}",<built-in method values of dict object at 0x7f3764cc93c0>
"{'n_atak': ['15', '2', '4', '11', '3', '6', '0', '8', '12', '19', '13', '10', '5', '9', '18', '1', '16', '14', '7', '17']}",<built-in method values of dict object at 0x7f3764cc93c0>
"{'n_atak': ['15', '2', '4', '11', '3', '6', '0', '8', '12', '19', '13', '10', '5', '9', '18', '1', '16', '14', '7', '17']}",<built-in method values of dict object at 0x7f3764cc93c0>
"{'n_atak': ['15', '2', '4', '11', '3', '6', '0', '8', '12', '19', '13', '10', '5', '9', '18', '1', '16', '14', '7', '17']}",<built-in method values of dict object at 0x7f3764cc93c0>
"{'n_atak': ['15', '2', '4', '11', '3', '6', '0', '8', '12', '19', '13', '10', '5', '9', '18', '1', '16', '14', '7', '17']}",<built-in method values of dict object at 0x7f3764cc93c0>
"{'n_atak': ['15', '2', '4', '11', '3', '6', '0', '8', '12', '19', '13', '10', '5', '9', '18', '1', '16', '14', '7', '17']}",<built-in method values of dict object at 0x7f3764cc93c0>
"{'n_atak': ['17', '16', '5', '10', '8', '13', '19', '11', '7', '18', '12', '4', '2', '9', '1', '0', '6', '15', '14', '3']}",<built-in method values of dict object at 0x7f3764b0a840>
"{'n_atak': ['17', '16', '5', '10', '8', '13', '19', '11', '7', '18', '12', '4', '2', '9', '1', '0', '6', '15', '14', '3']}",<built-in method values of dict object at 0x7f3764b0a840>
"{'n_atak': ['17', '16', '5', '10', '8', '13', '19', '11', '7', '18', '12', '4', '2', '9', '1', '0', '6', '15', '14', '3']}",<built-in method values of dict object at 0x7f3764b0a840>
"{'n_atak': ['17', '16', '5', '10', '8', '13', '19', '11', '7', '18', '12', '4', '2', '9', '1', '0', '6', '15', '14', '3']}",<built-in method values of dict object at 0x7f3764b0a840>
"{'n_atak': ['17', '16', '5', '10', '8', '13', '19', '11', '7', '18', '12', '4', '2', '9', '1', '0', '6', '15', '14', '3']}",<built-in method values of dict object at 0x7f3764b0a840>
"{'n_atak': ['17', '16', '5', '10', '8', '13', '19', '11', '7', '18', '12', '4', '2', '9', '1', '0', '6', '15', '14', '3']}",<built-in method values of dict object at 0x7f3764b0a840>
"{'n_atak': ['17', '16', '5', '10', '8', '13', '19', '11', '7', '18', '12', '4', '2', '9', '1', '0', '6', '15', '14', '3']}",<built-in method values of dict object at 0x7f3764b0a840>
"{'n_atak': ['17', '16', '5', '10', '8', '13', '19', '11', '7', '18', '12', '4', '2', '9', '1', '0', '6', '15', '14', '3']}",<built-in method values of dict object at 0x7f3764b0a840>
"{'n_atak': ['17', '16', '5', '10', '8', '13', '19', '11', '7', '18', '12', '4', '2', '9', '1', '0', '6', '15', '14', '3']}",<built-in method values of dict object at 0x7f3764b0a840>
"{'n_atak': ['17', '16', '5', '10', '8', '13', '19', '11', '7', '18', '12', '4', '2', '9', '1', '0', '6', '15', '14', '3']}",<built-in method values of dict object at 0x7f3764b0a840>
"{'n_atak': ['17', '16', '5', '10', '8', '13', '19', '11', '7', '18', '12', '4', '2', '9', '1', '0', '6', '15', '14', '3']}",<built-in method values of dict object at 0x7f3764b0a840>
"{'n_atak': ['17', '16', '5', '10', '8', '13', '19', '11', '7', '18', '12', '4', '2', '9', '1', '0', '6', '15', '14', '3']}",<built-in method values of dict object at 0x7f3764b0a840>
"{'n_atak': ['17', '16', '5', '10', '8', '13', '19', '11', '7', '18', '12', '4', '2', '9', '1', '0', '6', '15', '14', '3']}",<built-in method values of dict object at 0x7f3764b0a840>
"{'n_atak': ['17', '16', '5', '10', '8', '13', '19', '11', '7', '18', '12', '4', '2', '9', '1', '0', '6', '15', '14', '3']}",<built-in method values of dict object at 0x7f3764b0a840>
"{'n_atak': ['17', '16', '5', '10', '8', '13', '19', '11', '7', '18', '12', '4', '2', '9', '1', '0', '6', '15', '14', '3']}",<built-in method values of dict object at 0x7f3764b0a840>
"{'n_atak': ['17', '16', '5', '10', '8', '13', '19', '11', '7', '18', '12', '4', '2', '9', '1', '0', '6', '15', '14', '3']}",<built-in method values of dict object at 0x7f3764b0a840>
"{'n_atak': ['17', '16', '5', '10', '8', '13', '19', '11', '7', '18', '12', '4', '2', '9', '1', '0', '6', '15', '14', '3']}",<built-in method values of dict object at 0x7f3764b0a840>
"{'n_atak': ['17', '16', '5', '10', '8', '13', '19', '11', '7', '18', '12', '4', '2', '9', '1', '0', '6', '15', '14', '3']}",<built-in method values of dict object at 0x7f3764b0a840>
"{'n_atak': ['17', '16', '5', '10', '8', '13', '19', '11', '7', '18', '12', '4', '2', '9', '1', '0', '6', '15', '14', '3']}",<built-in method values of dict object at 0x7f3764b0a840>
"{'n_atak': ['17', '16', '5', '10', '8', '13', '19', '11', '7', '18', '12', '4', '2', '9', '1', '0', '6', '15', '14', '3']}",<built-in method values of dict object at 0x7f3764b0a840>
"{'n_atak': ['7', '18', '10', '11', '13', '15', '12', '14', '9', '0', '17', '5', '6', '2', '8', '3', '4', '1', '19', '16']}",<built-in method values of dict object at 0x7f3764c84c40>
"{'n_atak': ['7', '18', '10', '11', '13', '15', '12', '14', '9', '0', '17', '5', '6', '2', '8', '3', '4', '1', '19', '16']}",<built-in method values of dict object at 0x7f3764c84c40>
"{'n_atak': ['7', '18', '10', '11', '13', '15', '12', '14', '9', '0', '17', '5', '6', '2', '8', '3', '4', '1', '19', '16']}",<built-in method values of dict object at 0x7f3764c84c40>
"{'n_atak': ['7', '18', '10', '11', '13', '15', '12', '14', '9', '0', '17', '5', '6', '2', '8', '3', '4', '1', '19', '16']}",<built-in method values of dict object at 0x7f3764c84c40>
"{'n_atak': ['7', '18', '10', '11', '13', '15', '12', '14', '9', '0', '17', '5', '6', '2', '8', '3', '4', '1', '19', '16']}",<built-in method values of dict object at 0x7f3764c84c40>
"{'n_atak': ['7', '18', '10', '11', '13', '15', '12', '14', '9', '0', '17', '5', '6', '2', '8', '3', '4', '1', '19', '16']}",<built-in method values of dict object at 0x7f3764c84c40>
"{'n_atak': ['7', '18', '10', '11', '13', '15', '12', '14', '9', '0', '17', '5', '6', '2', '8', '3', '4', '1', '19', '16']}",<built-in method values of dict object at 0x7f3764c84c40>
"{'n_atak': ['7', '18', '10', '11', '13', '15', '12', '14', '9', '0', '17', '5', '6', '2', '8', '3', '4', '1', '19', '16']}",<built-in method values of dict object at 0x7f3764c84c40>
"{'n_atak': ['7', '18', '10', '11', '13', '15', '12', '14', '9', '0', '17', '5', '6', '2', '8', '3', '4', '1', '19', '16']}",<built-in method values of dict object at 0x7f3764c84c40>
"{'n_atak': ['7', '18', '10', '11', '13', '15', '12', '14', '9', '0', '17', '5', '6', '2', '8', '3', '4', '1', '19', '16']}",<built-in method values of dict object at 0x7f3764c84c40>
"{'n_atak': ['7', '18', '10', '11', '13', '15', '12', '14', '9', '0', '17', '5', '6', '2', '8', '3', '4', '1', '19', '16']}",<built-in method values of dict object at 0x7f3764c84c40>
"{'n_atak': ['7', '18', '10', '11', '13', '15', '12', '14', '9', '0', '17', '5', '6', '2', '8', '3', '4', '1', '19', '16']}",<built-in method values of dict object at 0x7f3764c84c40>
"{'n_atak': ['7', '18', '10', '11', '13', '15', '12', '14', '9', '0', '17', '5', '6', '2', '8', '3', '4', '1', '19', '16']}",<built-in method values of dict object at 0x7f3764c84c40>
"{'n_atak': ['7', '18', '10', '11', '13', '15', '12', '14', '9', '0', '17', '5', '6', '2', '8', '3', '4', '1', '19', '16']}",<built-in method values of dict object at 0x7f3764c84c40>
"{'n_atak': ['7', '18', '10', '11', '13', '15', '12', '14', '9', '0', '17', '5', '6', '2', '8', '3', '4', '1', '19', '16']}",<built-in method values of dict object at 0x7f3764c84c40>
"{'n_atak': ['7', '18', '10', '11', '13', '15', '12', '14', '9', '0', '17', '5', '6', '2', '8', '3', '4', '1', '19', '16']}",<built-in method values of dict object at 0x7f3764c84c40>
"{'n_atak': ['7', '18', '10', '11', '13', '15', '12', '14', '9', '0', '17', '5', '6', '2', '8', '3', '4', '1', '19', '16']}",<built-in method values of dict object at 0x7f3764c84c40>
"{'n_atak': ['7', '18', '10', '11', '13', '15', '12', '14', '9', '0', '17', '5', '6', '2', '8', '3', '4', '1', '19', '16']}",<built-in method values of dict object at 0x7f3764c84c40>
"{'n_atak': ['7', '18', '10', '11', '13', '15', '12', '14', '9', '0', '17', '5', '6', '2', '8', '3', '4', '1', '19', '16']}",<built-in method values of dict object at 0x7f3764c84c40>
"{'n_atak': ['7', '18', '10', '11', '13', '15', '12', '14', '9', '0', '17', '5', '6', '2', '8', '3', '4', '1', '19', '16']}",<built-in method values of dict object at 0x7f3764c84c40>
"{'n_atak': ['15', '0', '7', '13', '18', '1', '5', '12', '16', '14', '3', '6', '2', '19', '9', '11', '4', '10', '8', '17']}",<built-in method values of dict object at 0x7f3764b14840>
"{'n_atak': ['15', '0', '7', '13', '18', '1', '5', '12', '16', '14', '3', '6', '2', '19', '9', '11', '4', '10', '8', '17']}",<built-in method values of dict object at 0x7f3764b14840>
"{'n_atak': ['15', '0', '7', '13', '18', '1', '5', '12', '16', '14', '3', '6', '2', '19', '9', '11', '4', '10', '8', '17']}",<built-in method values of dict object at 0x7f3764b14840>
"{'n_atak': ['15', '0', '7', '13', '18', '1', '5', '12', '16', '14', '3', '6', '2', '19', '9', '11', '4', '10', '8', '17']}",<built-in method values of dict object at 0x7f3764b14840>
"{'n_atak': ['15', '0', '7', '13', '18', '1', '5', '12', '16', '14', '3', '6', '2', '19', '9', '11', '4', '10', '8', '17']}",<built-in method values of dict object at 0x7f3764b14840>
"{'n_atak': ['15', '0', '7', '13', '18', '1', '5', '12', '16', '14', '3', '6', '2', '19', '9', '11', '4', '10', '8', '17']}",<built-in method values of dict object at 0x7f3764b14840>
"{'n_atak': ['15', '0', '7', '13', '18', '1', '5', '12', '16', '14', '3', '6', '2', '19', '9', '11', '4', '10', '8', '17']}",<built-in method values of dict object at 0x7f3764b14840>
"{'n_atak': ['15', '0', '7', '13', '18', '1', '5', '12', '16', '14', '3', '6', '2', '19', '9', '11', '4', '10', '8', '17']}",<built-in method values of dict object at 0x7f3764b14840>
"{'n_atak': ['15', '0', '7', '13', '18', '1', '5', '12', '16', '14', '3', '6', '2', '19', '9', '11', '4', '10', '8', '17']}",<built-in method values of dict object at 0x7f3764b14840>
"{'n_atak': ['15', '0', '7', '13', '18', '1', '5', '12', '16', '14', '3', '6', '2', '19', '9', '11', '4', '10', '8', '17']}",<built-in method values of dict object at 0x7f3764b14840>
"{'n_atak': ['15', '0', '7', '13', '18', '1', '5', '12', '16', '14', '3', '6', '2', '19', '9', '11', '4', '10', '8', '17']}",<built-in method values of dict object at 0x7f3764b14840>
"{'n_atak': ['15', '0', '7', '13', '18', '1', '5', '12', '16', '14', '3', '6', '2', '19', '9', '11', '4', '10', '8', '17']}",<built-in method values of dict object at 0x7f3764b14840>
"{'n_atak': ['15', '0', '7', '13', '18', '1', '5', '12', '16', '14', '3', '6', '2', '19', '9', '11', '4', '10', '8', '17']}",<built-in method values of dict object at 0x7f3764b14840>
"{'n_atak': ['15', '0', '7', '13', '18', '1', '5', '12', '16', '14', '3', '6', '2', '19', '9', '11', '4', '10', '8', '17']}",<built-in method values of dict object at 0x7f3764b14840>
"{'n_atak': ['15', '0', '7', '13', '18', '1', '5', '12', '16', '14', '3', '6', '2', '19', '9', '11', '4', '10', '8', '17']}",<built-in method values of dict object at 0x7f3764b14840>
"{'n_atak': ['15', '0', '7', '13', '18', '1', '5', '12', '16', '14', '3', '6', '2', '19', '9', '11', '4', '10', '8', '17']}",<built-in method values of dict object at 0x7f3764b14840>
"{'n_atak': ['15', '0', '7', '13', '18', '1', '5', '12', '16', '14', '3', '6', '2', '19', '9', '11', '4', '10', '8', '17']}",<built-in method values of dict object at 0x7f3764b14840>
"{'n_atak': ['15', '0', '7', '13', '18', '1', '5', '12', '16', '14', '3', '6', '2', '19', '9', '11', '4', '10', '8', '17']}",<built-in method values of dict object at 0x7f3764b14840>
"{'n_atak': ['15', '0', '7', '13', '18', '1', '5', '12', '16', '14', '3', '6', '2', '19', '9', '11', '4', '10', '8', '17']}",<built-in method values of dict object at 0x7f3764b14840>
"{'n_atak': ['15', '0', '7', '13', '18', '1', '5', '12', '16', '14', '3', '6', '2', '19', '9', '11', '4', '10', '8', '17']}",<built-in method values of dict object at 0x7f3764b14840>
"{'n_atak': ['18', '5', '11', '8', '12', '4', '16', '9', '15', '14', '19', '17', '2', '13', '1', '3', '0', '7', '10', '6']}",<built-in method values of dict object at 0x7f3764aff0c0>
"{'n_atak': ['18', '5', '11', '8', '12', '4', '16', '9', '15', '14', '19', '17', '2', '13', '1', '3', '0', '7', '10', '6']}",<built-in method values of dict object at 0x7f3764aff0c0>
"{'n_atak': ['18', '5', '11', '8', '12', '4', '16', '9', '15', '14', '19', '17', '2', '13', '1', '3', '0', '7', '10', '6']}",<built-in method values of dict object at 0x7f3764aff0c0>
"{'n_atak': ['18', '5', '11', '8', '12', '4', '16', '9', '15', '14', '19', '17', '2', '13', '1', '3', '0', '7', '10', '6']}",<built-in method values of dict object at 0x7f3764aff0c0>
"{'n_atak': ['18', '5', '11', '8', '12', '4', '16', '9', '15', '14', '19', '17', '2', '13', '1', '3', '0', '7', '10', '6']}",<built-in method values of dict object at 0x7f3764aff0c0>
"{'n_atak': ['18', '5', '11', '8', '12', '4', '16', '9', '15', '14', '19', '17', '2', '13', '1', '3', '0', '7', '10', '6']}",<built-in method values of dict object at 0x7f3764aff0c0>
"{'n_atak': ['18', '5', '11', '8', '12', '4', '16', '9', '15', '14', '19', '17', '2', '13', '1', '3', '0', '7', '10', '6']}",<built-in method values of dict object at 0x7f3764aff0c0>
"{'n_atak': ['18', '5', '11', '8', '12', '4', '16', '9', '15', '14', '19', '17', '2', '13', '1', '3', '0', '7', '10', '6']}",<built-in method values of dict object at 0x7f3764aff0c0>
"{'n_atak': ['18', '5', '11', '8', '12', '4', '16', '9', '15', '14', '19', '17', '2', '13', '1', '3', '0', '7', '10', '6']}",<built-in method values of dict object at 0x7f3764aff0c0>
"{'n_atak': ['18', '5', '11', '8', '12', '4', '16', '9', '15', '14', '19', '17', '2', '13', '1', '3', '0', '7', '10', '6']}",<built-in method values of dict object at 0x7f3764aff0c0>
"{'n_atak': ['18', '5', '11', '8', '12', '4', '16', '9', '15', '14', '19', '17', '2', '13', '1', '3', '0', '7', '10', '6']}",<built-in method values of dict object at 0x7f3764aff0c0>
"{'n_atak': ['18', '5', '11', '8', '12', '4', '16', '9', '15', '14', '19', '17', '2', '13', '1', '3', '0', '7', '10', '6']}",<built-in method values of dict object at 0x7f3764aff0c0>
"{'n_atak': ['18', '5', '11', '8', '12', '4', '16', '9', '15', '14', '19', '17', '2', '13', '1', '3', '0', '7', '10', '6']}",<built-in method values of dict object at 0x7f3764aff0c0>
"{'n_atak': ['18', '5', '11', '8', '12', '4', '16', '9', '15', '14', '19', '17', '2', '13', '1', '3', '0', '7', '10', '6']}",<built-in method values of dict object at 0x7f3764aff0c0>
"{'n_atak': ['18', '5', '11', '8', '12', '4', '16', '9', '15', '14', '19', '17', '2', '13', '1', '3', '0', '7', '10', '6']}",<built-in method values of dict object at 0x7f3764aff0c0>
"{'n_atak': ['18', '5', '11', '8', '12', '4', '16', '9', '15', '14', '19', '17', '2', '13', '1', '3', '0', '7', '10', '6']}",<built-in method values of dict object at 0x7f3764aff0c0>
"{'n_atak': ['18', '5', '11', '8', '12', '4', '16', '9', '15', '14', '19', '17', '2', '13', '1', '3', '0', '7', '10', '6']}",<built-in method values of dict object at 0x7f3764aff0c0>
"{'n_atak': ['18', '5', '11', '8', '12', '4', '16', '9', '15', '14', '19', '17', '2', '13', '1', '3', '0', '7', '10', '6']}",<built-in method values of dict object at 0x7f3764aff0c0>
"{'n_atak': ['18', '5', '11', '8', '12', '4', '16', '9', '15', '14', '19', '17', '2', '13', '1', '3', '0', '7', '10', '6']}",<built-in method values of dict object at 0x7f3764aff0c0>
"{'n_atak': ['18', '5', '11', '8', '12', '4', '16', '9', '15', '14', '19', '17', '2', '13', '1', '3', '0', '7', '10', '6']}",<built-in method values of dict object at 0x7f3764aff0c0>
"{'n_atak': ['19', '13', '12', '15', '4', '11', '1', '17', '10', '7', '14', '9', '16', '3', '18'], 'atak': ['0', '6', '5', '2', '8']}",<built-in method values of dict object at 0x7f3764afe580>
"{'n_atak': ['19', '13', '12', '15', '4', '11', '1', '17', '10', '7', '14', '9', '16', '3', '18'], 'atak': ['0', '6', '5', '2', '8']}",<built-in method values of dict object at 0x7f3764afe580>
"{'n_atak': ['19', '13', '12', '15', '4', '11', '1', '17', '10', '7', '14', '9', '16', '3', '18'], 'atak': ['0', '6', '5', '2', '8']}",<built-in method values of dict object at 0x7f3764afe580>
"{'n_atak': ['19', '13', '12', '15', '4', '11', '1', '17', '10', '7', '14', '9', '16', '3', '18'], 'atak': ['0', '6', '5', '2', '8']}",<built-in method values of dict object at 0x7f3764afe580>
"{'n_atak': ['19', '13', '12', '15', '4', '11', '1', '17', '10', '7', '14', '9', '16', '3', '18'], 'atak': ['0', '6', '5', '2', '8']}",<built-in method values of dict object at 0x7f3764afe580>
"{'n_atak': ['19', '13', '12', '15', '4', '11', '1', '17', '10', '7', '14', '9', '16', '3', '18'], 'atak': ['0', '6', '5', '2', '8']}",<built-in method values of dict object at 0x7f3764afe580>
"{'n_atak': ['19', '13', '12', '15', '4', '11', '1', '17', '10', '7', '14', '9', '16', '3', '18'], 'atak': ['0', '6', '5', '2', '8']}",<built-in method values of dict object at 0x7f3764afe580>
"{'n_atak': ['19', '13', '12', '15', '4', '11', '1', '17', '10', '7', '14', '9', '16', '3', '18'], 'atak': ['0', '6', '5', '2', '8']}",<built-in method values of dict object at 0x7f3764afe580>
"{'n_atak': ['19', '13', '12', '15', '4', '11', '1', '17', '10', '7', '14', '9', '16', '3', '18'], 'atak': ['0', '6', '5', '2', '8']}",<built-in method values of dict object at 0x7f3764afe580>
"{'n_atak': ['19', '13', '12', '15', '4', '11', '1', '17', '10', '7', '14', '9', '16', '3', '18'], 'atak': ['0', '6', '5', '2', '8']}",<built-in method values of dict object at 0x7f3764afe580>
"{'n_atak': ['19', '13', '12', '15', '4', '11', '1', '17', '10', '7', '14', '9', '16', '3', '18'], 'atak': ['0', '6', '5', '2', '8']}",<built-in method values of dict object at 0x7f3764afe580>
"{'n_atak': ['19', '13', '12', '15', '4', '11', '1', '17', '10', '7', '14', '9', '16', '3', '18'], 'atak': ['0', '6', '5', '2', '8']}",<built-in method values of dict object at 0x7f3764afe580>
"{'n_atak': ['19', '13', '12', '15', '4', '11', '1', '17', '10', '7', '14', '9', '16', '3', '18'], 'atak': ['0', '6', '5', '2', '8']}",<built-in method values of dict object at 0x7f3764afe580>
"{'n_atak': ['19', '13', '12', '15', '4', '11', '1', '17', '10', '7', '14', '9', '16', '3', '18'], 'atak': ['0', '6', '5', '2', '8']}",<built-in method values of dict object at 0x7f3764afe580>
"{'n_atak': ['19', '13', '12', '15', '4', '11', '1', '17', '10', '7', '14', '9', '16', '3', '18'], 'atak': ['0', '6', '5', '2', '8']}",<built-in method values of dict object at 0x7f3764afe580>
"{'n_atak': ['19', '13', '12', '15', '4', '11', '1', '17', '10', '7', '14', '9', '16', '3', '18'], 'atak': ['0', '6', '5', '2', '8']}",<built-in method values of dict object at 0x7f3764afe580>
"{'n_atak': ['19', '13', '12', '15', '4', '11', '1', '17', '10', '7', '14', '9', '16', '3', '18'], 'atak': ['0', '6', '5', '2', '8']}",<built-in method values of dict object at 0x7f3764afe580>
"{'n_atak': ['19', '13', '12', '15', '4', '11', '1', '17', '10', '7', '14', '9', '16', '3', '18'], 'atak': ['0', '6', '5', '2', '8']}",<built-in method values of dict object at 0x7f3764afe580>
"{'n_atak': ['19', '13', '12', '15', '4', '11', '1', '17', '10', '7', '14', '9', '16', '3', '18'], 'atak': ['0', '6', '5', '2', '8']}",<built-in method values of dict object at 0x7f3764afe580>
"{'n_atak': ['19', '13', '12', '15', '4', '11', '1', '17', '10', '7', '14', '9', '16', '3', '18'], 'atak': ['0', '6', '5', '2', '8']}",<built-in method values of dict object at 0x7f3764afe580>
"{'atak': ['6', '7', '4', '0', '5', '1', '8'], 'n_atak': ['16', '19', '11', '14', '15', '10', '2', '12', '3', '18', '13', '17', '9']}",<built-in method values of dict object at 0x7f3764cda480>
"{'atak': ['6', '7', '4', '0', '5', '1', '8'], 'n_atak': ['16', '19', '11', '14', '15', '10', '2', '12', '3', '18', '13', '17', '9']}",<built-in method values of dict object at 0x7f3764cda480>
"{'atak': ['6', '7', '4', '0', '5', '1', '8'], 'n_atak': ['16', '19', '11', '14', '15', '10', '2', '12', '3', '18', '13', '17', '9']}",<built-in method values of dict object at 0x7f3764cda480>
"{'atak': ['6', '7', '4', '0', '5', '1', '8'], 'n_atak': ['16', '19', '11', '14', '15', '10', '2', '12', '3', '18', '13', '17', '9']}",<built-in method values of dict object at 0x7f3764cda480>
"{'atak': ['6', '7', '4', '0', '5', '1', '8'], 'n_atak': ['16', '19', '11', '14', '15', '10', '2', '12', '3', '18', '13', '17', '9']}",<built-in method values of dict object at 0x7f3764cda480>
"{'atak': ['6', '7', '4', '0', '5', '1', '8'], 'n_atak': ['16', '19', '11', '14', '15', '10', '2', '12', '3', '18', '13', '17', '9']}",<built-in method values of dict object at 0x7f3764cda480>
"{'atak': ['6', '7', '4', '0', '5', '1', '8'], 'n_atak': ['16', '19', '11', '14', '15', '10', '2', '12', '3', '18', '13', '17', '9']}",<built-in method values of dict object at 0x7f3764cda480>
"{'atak': ['6', '7', '4', '0', '5', '1', '8'], 'n_atak': ['16', '19', '11', '14', '15', '10', '2', '12', '3', '18', '13', '17', '9']}",<built-in method values of dict object at 0x7f3764cda480>
"{'atak': ['6', '7', '4', '0', '5', '1', '8'], 'n_atak': ['16', '19', '11', '14', '15', '10', '2', '12', '3', '18', '13', '17', '9']}",<built-in method values of dict object at 0x7f3764cda480>
"{'atak': ['6', '7', '4', '0', '5', '1', '8'], 'n_atak': ['16', '19', '11', '14', '15', '10', '2', '12', '3', '18', '13', '17', '9']}",<built-in method values of dict object at 0x7f3764cda480>
"{'atak': ['6', '7', '4', '0', '5', '1', '8'], 'n_atak': ['16', '19', '11', '14', '15', '10', '2', '12', '3', '18', '13', '17', '9']}",<built-in method values of dict object at 0x7f3764cda480>
"{'atak': ['6', '7', '4', '0', '5', '1', '8'], 'n_atak': ['16', '19', '11', '14', '15', '10', '2', '12', '3', '18', '13', '17', '9']}",<built-in method values of dict object at 0x7f3764cda480>
"{'atak': ['6', '7', '4', '0', '5', '1', '8'], 'n_atak': ['16', '19', '11', '14', '15', '10', '2', '12', '3', '18', '13', '17', '9']}",<built-in method values of dict object at 0x7f3764cda480>
"{'atak': ['6', '7', '4', '0', '5', '1', '8'], 'n_atak': ['16', '19', '11', '14', '15', '10', '2', '12', '3', '18', '13', '17', '9']}",<built-in method values of dict object at 0x7f3764cda480>
"{'atak': ['6', '7', '4', '0', '5', '1', '8'], 'n_atak': ['16', '19', '11', '14', '15', '10', '2', '12', '3', '18', '13', '17', '9']}",<built-in method values of dict object at 0x7f3764cda480>
"{'atak': ['6', '7', '4', '0', '5', '1', '8'], 'n_atak': ['16', '19', '11', '14', '15', '10', '2', '12', '3', '18', '13', '17', '9']}",<built-in method values of dict object at 0x7f3764cda480>
"{'atak': ['6', '7', '4', '0', '5', '1', '8'], 'n_atak': ['16', '19', '11', '14', '15', '10', '2', '12', '3', '18', '13', '17', '9']}",<built-in method values of dict object at 0x7f3764cda480>
"{'atak': ['6', '7', '4', '0', '5', '1', '8'], 'n_atak': ['16', '19', '11', '14', '15', '10', '2', '12', '3', '18', '13', '17', '9']}",<built-in method values of dict object at 0x7f3764cda480>
"{'atak': ['6', '7', '4', '0', '5', '1', '8'], 'n_atak': ['16', '19', '11', '14', '15', '10', '2', '12', '3', '18', '13', '17', '9']}",<built-in method values of dict object at 0x7f3764cda480>
"{'atak': ['6', '7', '4', '0', '5', '1', '8'], 'n_atak': ['16', '19', '11', '14', '15', '10', '2', '12', '3', '18', '13', '17', '9']}",<built-in method values of dict object at 0x7f3764cda480>
"{'n_atak': ['17', '13', '14', '9', '16', '6', '18', '10', '19', '12', '4', '11', '15'], 'atak': ['7', '2', '5', '0', '1', '3', '8']}",<built-in method values of dict object at 0x7f366afd3c80>
"{'n_atak': ['17', '13', '14', '9', '16', '6', '18', '10', '19', '12', '4', '11', '15'], 'atak': ['7', '2', '5', '0', '1', '3', '8']}",<built-in method values of dict object at 0x7f366afd3c80>
"{'n_atak': ['17', '13', '14', '9', '16', '6', '18', '10', '19', '12', '4', '11', '15'], 'atak': ['7', '2', '5', '0', '1', '3', '8']}",<built-in method values of dict object at 0x7f366afd3c80>
"{'n_atak': ['17', '13', '14', '9', '16', '6', '18', '10', '19', '12', '4', '11', '15'], 'atak': ['7', '2', '5', '0', '1', '3', '8']}",<built-in method values of dict object at 0x7f366afd3c80>
"{'n_atak': ['17', '13', '14', '9', '16', '6', '18', '10', '19', '12', '4', '11', '15'], 'atak': ['7', '2', '5', '0', '1', '3', '8']}",<built-in method values of dict object at 0x7f366afd3c80>
"{'n_atak': ['17', '13', '14', '9', '16', '6', '18', '10', '19', '12', '4', '11', '15'], 'atak': ['7', '2', '5', '0', '1', '3', '8']}",<built-in method values of dict object at 0x7f366afd3c80>
"{'n_atak': ['17', '13', '14', '9', '16', '6', '18', '10', '19', '12', '4', '11', '15'], 'atak': ['7', '2', '5', '0', '1', '3', '8']}",<built-in method values of dict object at 0x7f366afd3c80>
"{'n_atak': ['17', '13', '14', '9', '16', '6', '18', '10', '19', '12', '4', '11', '15'], 'atak': ['7', '2', '5', '0', '1', '3', '8']}",<built-in method values of dict object at 0x7f366afd3c80>
"{'n_atak': ['17', '13', '14', '9', '16', '6', '18', '10', '19', '12', '4', '11', '15'], 'atak': ['7', '2', '5', '0', '1', '3', '8']}",<built-in method values of dict object at 0x7f366afd3c80>
"{'n_atak': ['17', '13', '14', '9', '16', '6', '18', '10', '19', '12', '4', '11', '15'], 'atak': ['7', '2', '5', '0', '1', '3', '8']}",<built-in method values of dict object at 0x7f366afd3c80>
"{'n_atak': ['17', '13', '14', '9', '16', '6', '18', '10', '19', '12', '4', '11', '15'], 'atak': ['7', '2', '5', '0', '1', '3', '8']}",<built-in method values of dict object at 0x7f366afd3c80>
"{'n_atak': ['17', '13', '14', '9', '16', '6', '18', '10', '19', '12', '4', '11', '15'], 'atak': ['7', '2', '5', '0', '1', '3', '8']}",<built-in method values of dict object at 0x7f366afd3c80>
"{'n_atak': ['17', '13', '14', '9', '16', '6', '18', '10', '19', '12', '4', '11', '15'], 'atak': ['7', '2', '5', '0', '1', '3', '8']}",<built-in method values of dict object at 0x7f366afd3c80>
"{'n_atak': ['17', '13', '14', '9', '16', '6', '18', '10', '19', '12', '4', '11', '15'], 'atak': ['7', '2', '5', '0', '1', '3', '8']}",<built-in method values of dict object at 0x7f366afd3c80>
"{'n_atak': ['17', '13', '14', '9', '16', '6', '18', '10', '19', '12', '4', '11', '15'], 'atak': ['7', '2', '5', '0', '1', '3', '8']}",<built-in method values of dict object at 0x7f366afd3c80>
"{'n_atak': ['17', '13', '14', '9', '16', '6', '18', '10', '19', '12', '4', '11', '15'], 'atak': ['7', '2', '5', '0', '1', '3', '8']}",<built-in method values of dict object at 0x7f366afd3c80>
"{'n_atak': ['17', '13', '14', '9', '16', '6', '18', '10', '19', '12', '4', '11', '15'], 'atak': ['7', '2', '5', '0', '1', '3', '8']}",<built-in method values of dict object at 0x7f366afd3c80>
"{'n_atak': ['17', '13', '14', '9', '16', '6', '18', '10', '19', '12', '4', '11', '15'], 'atak': ['7', '2', '5', '0', '1', '3', '8']}",<built-in method values of dict object at 0x7f366afd3c80>
"{'n_atak': ['17', '13', '14', '9', '16', '6', '18', '10', '19', '12', '4', '11', '15'], 'atak': ['7', '2', '5', '0', '1', '3', '8']}",<built-in method values of dict object at 0x7f366afd3c80>
"{'n_atak': ['17', '13', '14', '9', '16', '6', '18', '10', '19', '12', '4', '11', '15'], 'atak': ['7', '2', '5', '0', '1', '3', '8']}",<built-in method values of dict object at 0x7f366afd3c80>
"{'n_atak': ['14', '12', '3', '4', '13', '11', '16', '19', '17', '15', '18', '7', '10', '6', '9'], 'atak': ['5', '8', '0', '1', '2']}",<built-in method values of dict object at 0x7f3764cd9300>
"{'n_atak': ['14', '12', '3', '4', '13', '11', '16', '19', '17', '15', '18', '7', '10', '6', '9'], 'atak': ['5', '8', '0', '1', '2']}",<built-in method values of dict object at 0x7f3764cd9300>
"{'n_atak': ['14', '12', '3', '4', '13', '11', '16', '19', '17', '15', '18', '7', '10', '6', '9'], 'atak': ['5', '8', '0', '1', '2']}",<built-in method values of dict object at 0x7f3764cd9300>
"{'n_atak': ['14', '12', '3', '4', '13', '11', '16', '19', '17', '15', '18', '7', '10', '6', '9'], 'atak': ['5', '8', '0', '1', '2']}",<built-in method values of dict object at 0x7f3764cd9300>
"{'n_atak': ['14', '12', '3', '4', '13', '11', '16', '19', '17', '15', '18', '7', '10', '6', '9'], 'atak': ['5', '8', '0', '1', '2']}",<built-in method values of dict object at 0x7f3764cd9300>
"{'n_atak': ['14', '12', '3', '4', '13', '11', '16', '19', '17', '15', '18', '7', '10', '6', '9'], 'atak': ['5', '8', '0', '1', '2']}",<built-in method values of dict object at 0x7f3764cd9300>
"{'n_atak': ['14', '12', '3', '4', '13', '11', '16', '19', '17', '15', '18', '7', '10', '6', '9'], 'atak': ['5', '8', '0', '1', '2']}",<built-in method values of dict object at 0x7f3764cd9300>
"{'n_atak': ['14', '12', '3', '4', '13', '11', '16', '19', '17', '15', '18', '7', '10', '6', '9'], 'atak': ['5', '8', '0', '1', '2']}",<built-in method values of dict object at 0x7f3764cd9300>
"{'n_atak': ['14', '12', '3', '4', '13', '11', '16', '19', '17', '15', '18', '7', '10', '6', '9'], 'atak': ['5', '8', '0', '1', '2']}",<built-in method values of dict object at 0x7f3764cd9300>
"{'n_atak': ['14', '12', '3', '4', '13', '11', '16', '19', '17', '15', '18', '7', '10', '6', '9'], 'atak': ['5', '8', '0', '1', '2']}",<built-in method values of dict object at 0x7f3764cd9300>
"{'n_atak': ['14', '12', '3', '4', '13', '11', '16', '19', '17', '15', '18', '7', '10', '6', '9'], 'atak': ['5', '8', '0', '1', '2']}",<built-in method values of dict object at 0x7f3764cd9300>
"{'n_atak': ['14', '12', '3', '4', '13', '11', '16', '19', '17', '15', '18', '7', '10', '6', '9'], 'atak': ['5', '8', '0', '1', '2']}",<built-in method values of dict object at 0x7f3764cd9300>
"{'n_atak': ['14', '12', '3', '4', '13', '11', '16', '19', '17', '15', '18', '7', '10', '6', '9'], 'atak': ['5', '8', '0', '1', '2']}",<built-in method values of dict object at 0x7f3764cd9300>
"{'n_atak': ['14', '12', '3', '4', '13', '11', '16', '19', '17', '15', '18', '7', '10', '6', '9'], 'atak': ['5', '8', '0', '1', '2']}",<built-in method values of dict object at 0x7f3764cd9300>
"{'n_atak': ['14', '12', '3', '4', '13', '11', '16', '19', '17', '15', '18', '7', '10', '6', '9'], 'atak': ['5', '8', '0', '1', '2']}",<built-in method values of dict object at 0x7f3764cd9300>
"{'n_atak': ['14', '12', '3', '4', '13', '11', '16', '19', '17', '15', '18', '7', '10', '6', '9'], 'atak': ['5', '8', '0', '1', '2']}",<built-in method values of dict object at 0x7f3764cd9300>
"{'n_atak': ['14', '12', '3', '4', '13', '11', '16', '19', '17', '15', '18', '7', '10', '6', '9'], 'atak': ['5', '8', '0', '1', '2']}",<built-in method values of dict object at 0x7f3764cd9300>
"{'n_atak': ['14', '12', '3', '4', '13', '11', '16', '19', '17', '15', '18', '7', '10', '6', '9'], 'atak': ['5', '8', '0', '1', '2']}",<built-in method values of dict object at 0x7f3764cd9300>
"{'n_atak': ['14', '12', '3', '4', '13', '11', '16', '19', '17', '15', '18', '7', '10', '6', '9'], 'atak': ['5', '8', '0', '1', '2']}",<built-in method values of dict object at 0x7f3764cd9300>
"{'n_atak': ['14', '12', '3', '4', '13', '11', '16', '19', '17', '15', '18', '7', '10', '6', '9'], 'atak': ['5', '8', '0', '1', '2']}",<built-in method values of dict object at 0x7f3764cd9300>
"{'atak': ['4', '7', '2', '3'], 'n_atak': ['0', '1', '17', '18', '8', '13', '5', '12', '15', '11', '10', '6', '16', '14', '9', '19']}",<built-in method values of dict object at 0x7f3683dab400>
"{'atak': ['4', '7', '2', '3'], 'n_atak': ['0', '1', '17', '18', '8', '13', '5', '12', '15', '11', '10', '6', '16', '14', '9', '19']}",<built-in method values of dict object at 0x7f3683dab400>
"{'atak': ['4', '7', '2', '3'], 'n_atak': ['0', '1', '17', '18', '8', '13', '5', '12', '15', '11', '10', '6', '16', '14', '9', '19']}",<built-in method values of dict object at 0x7f3683dab400>
"{'atak': ['4', '7', '2', '3'], 'n_atak': ['0', '1', '17', '18', '8', '13', '5', '12', '15', '11', '10', '6', '16', '14', '9', '19']}",<built-in method values of dict object at 0x7f3683dab400>
"{'atak': ['4', '7', '2', '3'], 'n_atak': ['0', '1', '17', '18', '8', '13', '5', '12', '15', '11', '10', '6', '16', '14', '9', '19']}",<built-in method values of dict object at 0x7f3683dab400>
"{'atak': ['4', '7', '2', '3'], 'n_atak': ['0', '1', '17', '18', '8', '13', '5', '12', '15', '11', '10', '6', '16', '14', '9', '19']}",<built-in method values of dict object at 0x7f3683dab400>
"{'atak': ['4', '7', '2', '3'], 'n_atak': ['0', '1', '17', '18', '8', '13', '5', '12', '15', '11', '10', '6', '16', '14', '9', '19']}",<built-in method values of dict object at 0x7f3683dab400>
"{'atak': ['4', '7', '2', '3'], 'n_atak': ['0', '1', '17', '18', '8', '13', '5', '12', '15', '11', '10', '6', '16', '14', '9', '19']}",<built-in method values of dict object at 0x7f3683dab400>
"{'atak': ['4', '7', '2', '3'], 'n_atak': ['0', '1', '17', '18', '8', '13', '5', '12', '15', '11', '10', '6', '16', '14', '9', '19']}",<built-in method values of dict object at 0x7f3683dab400>
"{'atak': ['4', '7', '2', '3'], 'n_atak': ['0', '1', '17', '18', '8', '13', '5', '12', '15', '11', '10', '6', '16', '14', '9', '19']}",<built-in method values of dict object at 0x7f3683dab400>
"{'atak': ['4', '7', '2', '3'], 'n_atak': ['0', '1', '17', '18', '8', '13', '5', '12', '15', '11', '10', '6', '16', '14', '9', '19']}",<built-in method values of dict object at 0x7f3683dab400>
"{'atak': ['4', '7', '2', '3'], 'n_atak': ['0', '1', '17', '18', '8', '13', '5', '12', '15', '11', '10', '6', '16', '14', '9', '19']}",<built-in method values of dict object at 0x7f3683dab400>
"{'atak': ['4', '7', '2', '3'], 'n_atak': ['0', '1', '17', '18', '8', '13', '5', '12', '15', '11', '10', '6', '16', '14', '9', '19']}",<built-in method values of dict object at 0x7f3683dab400>
"{'atak': ['4', '7', '2', '3'], 'n_atak': ['0', '1', '17', '18', '8', '13', '5', '12', '15', '11', '10', '6', '16', '14', '9', '19']}",<built-in method values of dict object at 0x7f3683dab400>
"{'atak': ['4', '7', '2', '3'], 'n_atak': ['0', '1', '17', '18', '8', '13', '5', '12', '15', '11', '10', '6', '16', '14', '9', '19']}",<built-in method values of dict object at 0x7f3683dab400>
"{'atak': ['4', '7', '2', '3'], 'n_atak': ['0', '1', '17', '18', '8', '13', '5', '12', '15', '11', '10', '6', '16', '14', '9', '19']}",<built-in method values of dict object at 0x7f3683dab400>
"{'atak': ['4', '7', '2', '3'], 'n_atak': ['0', '1', '17', '18', '8', '13', '5', '12', '15', '11', '10', '6', '16', '14', '9', '19']}",<built-in method values of dict object at 0x7f3683dab400>
"{'atak': ['4', '7', '2', '3'], 'n_atak': ['0', '1', '17', '18', '8', '13', '5', '12', '15', '11', '10', '6', '16', '14', '9', '19']}",<built-in method values of dict object at 0x7f3683dab400>
"{'atak': ['4', '7', '2', '3'], 'n_atak': ['0', '1', '17', '18', '8', '13', '5', '12', '15', '11', '10', '6', '16', '14', '9', '19']}",<built-in method values of dict object at 0x7f3683dab400>
"{'atak': ['4', '7', '2', '3'], 'n_atak': ['0', '1', '17', '18', '8', '13', '5', '12', '15', '11', '10', '6', '16', '14', '9', '19']}",<built-in method values of dict object at 0x7f3683dab400>
"{'n_atak': ['1', '12', '16', '13', '7', '6', '11', '2', '4', '17', '5', '8', '15', '14', '10', '19', '3', '18', '9'], 'atak': ['0']}",<built-in method values of dict object at 0x7f3764b3bac0>
"{'n_atak': ['1', '12', '16', '13', '7', '6', '11', '2', '4', '17', '5', '8', '15', '14', '10', '19', '3', '18', '9'], 'atak': ['0']}",<built-in method values of dict object at 0x7f3764b3bac0>
"{'n_atak': ['1', '12', '16', '13', '7', '6', '11', '2', '4', '17', '5', '8', '15', '14', '10', '19', '3', '18', '9'], 'atak': ['0']}",<built-in method values of dict object at 0x7f3764b3bac0>
"{'n_atak': ['1', '12', '16', '13', '7', '6', '11', '2', '4', '17', '5', '8', '15', '14', '10', '19', '3', '18', '9'], 'atak': ['0']}",<built-in method values of dict object at 0x7f3764b3bac0>
"{'n_atak': ['1', '12', '16', '13', '7', '6', '11', '2', '4', '17', '5', '8', '15', '14', '10', '19', '3', '18', '9'], 'atak': ['0']}",<built-in method values of dict object at 0x7f3764b3bac0>
"{'n_atak': ['1', '12', '16', '13', '7', '6', '11', '2', '4', '17', '5', '8', '15', '14', '10', '19', '3', '18', '9'], 'atak': ['0']}",<built-in method values of dict object at 0x7f3764b3bac0>
"{'n_atak': ['1', '12', '16', '13', '7', '6', '11', '2', '4', '17', '5', '8', '15', '14', '10', '19', '3', '18', '9'], 'atak': ['0']}",<built-in method values of dict object at 0x7f3764b3bac0>
"{'n_atak': ['1', '12', '16', '13', '7', '6', '11', '2', '4', '17', '5', '8', '15', '14', '10', '19', '3', '18', '9'], 'atak': ['0']}",<built-in method values of dict object at 0x7f3764b3bac0>
"{'n_atak': ['1', '12', '16', '13', '7', '6', '11', '2', '4', '17', '5', '8', '15', '14', '10', '19', '3', '18', '9'], 'atak': ['0']}",<built-in method values of dict object at 0x7f3764b3bac0>
"{'n_atak': ['1', '12', '16', '13', '7', '6', '11', '2', '4', '17', '5', '8', '15', '14', '10', '19', '3', '18', '9'], 'atak': ['0']}",<built-in method values of dict object at 0x7f3764b3bac0>
"{'n_atak': ['1', '12', '16', '13', '7', '6', '11', '2', '4', '17', '5', '8', '15', '14', '10', '19', '3', '18', '9'], 'atak': ['0']}",<built-in method values of dict object at 0x7f3764b3bac0>
"{'n_atak': ['1', '12', '16', '13', '7', '6', '11', '2', '4', '17', '5', '8', '15', '14', '10', '19', '3', '18', '9'], 'atak': ['0']}",<built-in method values of dict object at 0x7f3764b3bac0>
"{'n_atak': ['1', '12', '16', '13', '7', '6', '11', '2', '4', '17', '5', '8', '15', '14', '10', '19', '3', '18', '9'], 'atak': ['0']}",<built-in method values of dict object at 0x7f3764b3bac0>
"{'n_atak': ['1', '12', '16', '13', '7', '6', '11', '2', '4', '17', '5', '8', '15', '14', '10', '19', '3', '18', '9'], 'atak': ['0']}",<built-in method values of dict object at 0x7f3764b3bac0>
"{'n_atak': ['1', '12', '16', '13', '7', '6', '11', '2', '4', '17', '5', '8', '15', '14', '10', '19', '3', '18', '9'], 'atak': ['0']}",<built-in method values of dict object at 0x7f3764b3bac0>
"{'n_atak': ['1', '12', '16', '13', '7', '6', '11', '2', '4', '17', '5', '8', '15', '14', '10', '19', '3', '18', '9'], 'atak': ['0']}",<built-in method values of dict object at 0x7f3764b3bac0>
"{'n_atak': ['1', '12', '16', '13', '7', '6', '11', '2', '4', '17', '5', '8', '15', '14', '10', '19', '3', '18', '9'], 'atak': ['0']}",<built-in method values of dict object at 0x7f3764b3bac0>
"{'n_atak': ['1', '12', '16', '13', '7', '6', '11', '2', '4', '17', '5', '8', '15', '14', '10', '19', '3', '18', '9'], 'atak': ['0']}",<built-in method values of dict object at 0x7f3764b3bac0>
"{'n_atak': ['1', '12', '16', '13', '7', '6', '11', '2', '4', '17', '5', '8', '15', '14', '10', '19', '3', '18', '9'], 'atak': ['0']}",<built-in method values of dict object at 0x7f3764b3bac0>
"{'n_atak': ['1', '12', '16', '13', '7', '6', '11', '2', '4', '17', '5', '8', '15', '14', '10', '19', '3', '18', '9'], 'atak': ['0']}",<built-in method values of dict object at 0x7f3764b3bac0>
"{'atak': ['6', '4', '3', '0', '8', '1', '5', '7'], 'n_atak': ['15', '14', '2', '16', '10', '9', '19', '18', '11', '17', '13', '12']}",<built-in method values of dict object at 0x7f3764b382c0>
"{'atak': ['6', '4', '3', '0', '8', '1', '5', '7'], 'n_atak': ['15', '14', '2', '16', '10', '9', '19', '18', '11', '17', '13', '12']}",<built-in method values of dict object at 0x7f3764b382c0>
"{'atak': ['6', '4', '3', '0', '8', '1', '5', '7'], 'n_atak': ['15', '14', '2', '16', '10', '9', '19', '18', '11', '17', '13', '12']}",<built-in method values of dict object at 0x7f3764b382c0>
"{'atak': ['6', '4', '3', '0', '8', '1', '5', '7'], 'n_atak': ['15', '14', '2', '16', '10', '9', '19', '18', '11', '17', '13', '12']}",<built-in method values of dict object at 0x7f3764b382c0>
"{'atak': ['6', '4', '3', '0', '8', '1', '5', '7'], 'n_atak': ['15', '14', '2', '16', '10', '9', '19', '18', '11', '17', '13', '12']}",<built-in method values of dict object at 0x7f3764b382c0>
"{'atak': ['6', '4', '3', '0', '8', '1', '5', '7'], 'n_atak': ['15', '14', '2', '16', '10', '9', '19', '18', '11', '17', '13', '12']}",<built-in method values of dict object at 0x7f3764b382c0>
"{'atak': ['6', '4', '3', '0', '8', '1', '5', '7'], 'n_atak': ['15', '14', '2', '16', '10', '9', '19', '18', '11', '17', '13', '12']}",<built-in method values of dict object at 0x7f3764b382c0>
"{'atak': ['6', '4', '3', '0', '8', '1', '5', '7'], 'n_atak': ['15', '14', '2', '16', '10', '9', '19', '18', '11', '17', '13', '12']}",<built-in method values of dict object at 0x7f3764b382c0>
"{'atak': ['6', '4', '3', '0', '8', '1', '5', '7'], 'n_atak': ['15', '14', '2', '16', '10', '9', '19', '18', '11', '17', '13', '12']}",<built-in method values of dict object at 0x7f3764b382c0>
"{'atak': ['6', '4', '3', '0', '8', '1', '5', '7'], 'n_atak': ['15', '14', '2', '16', '10', '9', '19', '18', '11', '17', '13', '12']}",<built-in method values of dict object at 0x7f3764b382c0>
"{'atak': ['6', '4', '3', '0', '8', '1', '5', '7'], 'n_atak': ['15', '14', '2', '16', '10', '9', '19', '18', '11', '17', '13', '12']}",<built-in method values of dict object at 0x7f3764b382c0>
"{'atak': ['6', '4', '3', '0', '8', '1', '5', '7'], 'n_atak': ['15', '14', '2', '16', '10', '9', '19', '18', '11', '17', '13', '12']}",<built-in method values of dict object at 0x7f3764b382c0>
"{'atak': ['6', '4', '3', '0', '8', '1', '5', '7'], 'n_atak': ['15', '14', '2', '16', '10', '9', '19', '18', '11', '17', '13', '12']}",<built-in method values of dict object at 0x7f3764b382c0>
"{'atak': ['6', '4', '3', '0', '8', '1', '5', '7'], 'n_atak': ['15', '14', '2', '16', '10', '9', '19', '18', '11', '17', '13', '12']}",<built-in method values of dict object at 0x7f3764b382c0>
"{'atak': ['6', '4', '3', '0', '8', '1', '5', '7'], 'n_atak': ['15', '14', '2', '16', '10', '9', '19', '18', '11', '17', '13', '12']}",<built-in method values of dict object at 0x7f3764b382c0>
"{'atak': ['6', '4', '3', '0', '8', '1', '5', '7'], 'n_atak': ['15', '14', '2', '16', '10', '9', '19', '18', '11', '17', '13', '12']}",<built-in method values of dict object at 0x7f3764b382c0>
"{'atak': ['6', '4', '3', '0', '8', '1', '5', '7'], 'n_atak': ['15', '14', '2', '16', '10', '9', '19', '18', '11', '17', '13', '12']}",<built-in method values of dict object at 0x7f3764b382c0>
"{'atak': ['6', '4', '3', '0', '8', '1', '5', '7'], 'n_atak': ['15', '14', '2', '16', '10', '9', '19', '18', '11', '17', '13', '12']}",<built-in method values of dict object at 0x7f3764b382c0>
"{'atak': ['6', '4', '3', '0', '8', '1', '5', '7'], 'n_atak': ['15', '14', '2', '16', '10', '9', '19', '18', '11', '17', '13', '12']}",<built-in method values of dict object at 0x7f3764b382c0>
"{'atak': ['6', '4', '3', '0', '8', '1', '5', '7'], 'n_atak': ['15', '14', '2', '16', '10', '9', '19', '18', '11', '17', '13', '12']}",<built-in method values of dict object at 0x7f3764b382c0>
"{'n_atak': ['13', '9', '18', '19', '16', '6', '12', '14', '10', '15', '17', '11'], 'atak': ['8', '3', '0', '2', '1', '7', '5', '4']}",<built-in method values of dict object at 0x7f3764b0a680>
"{'n_atak': ['13', '9', '18', '19', '16', '6', '12', '14', '10', '15', '17', '11'], 'atak': ['8', '3', '0', '2', '1', '7', '5', '4']}",<built-in method values of dict object at 0x7f3764b0a680>
"{'n_atak': ['13', '9', '18', '19', '16', '6', '12', '14', '10', '15', '17', '11'], 'atak': ['8', '3', '0', '2', '1', '7', '5', '4']}",<built-in method values of dict object at 0x7f3764b0a680>
"{'n_atak': ['13', '9', '18', '19', '16', '6', '12', '14', '10', '15', '17', '11'], 'atak': ['8', '3', '0', '2', '1', '7', '5', '4']}",<built-in method values of dict object at 0x7f3764b0a680>
"{'n_atak': ['13', '9', '18', '19', '16', '6', '12', '14', '10', '15', '17', '11'], 'atak': ['8', '3', '0', '2', '1', '7', '5', '4']}",<built-in method values of dict object at 0x7f3764b0a680>
"{'n_atak': ['13', '9', '18', '19', '16', '6', '12', '14', '10', '15', '17', '11'], 'atak': ['8', '3', '0', '2', '1', '7', '5', '4']}",<built-in method values of dict object at 0x7f3764b0a680>
"{'n_atak': ['13', '9', '18', '19', '16', '6', '12', '14', '10', '15', '17', '11'], 'atak': ['8', '3', '0', '2', '1', '7', '5', '4']}",<built-in method values of dict object at 0x7f3764b0a680>
"{'n_atak': ['13', '9', '18', '19', '16', '6', '12', '14', '10', '15', '17', '11'], 'atak': ['8', '3', '0', '2', '1', '7', '5', '4']}",<built-in method values of dict object at 0x7f3764b0a680>
"{'n_atak': ['13', '9', '18', '19', '16', '6', '12', '14', '10', '15', '17', '11'], 'atak': ['8', '3', '0', '2', '1', '7', '5', '4']}",<built-in method values of dict object at 0x7f3764b0a680>
"{'n_atak': ['13', '9', '18', '19', '16', '6', '12', '14', '10', '15', '17', '11'], 'atak': ['8', '3', '0', '2', '1', '7', '5', '4']}",<built-in method values of dict object at 0x7f3764b0a680>
"{'n_atak': ['13', '9', '18', '19', '16', '6', '12', '14', '10', '15', '17', '11'], 'atak': ['8', '3', '0', '2', '1', '7', '5', '4']}",<built-in method values of dict object at 0x7f3764b0a680>
"{'n_atak': ['13', '9', '18', '19', '16', '6', '12', '14', '10', '15', '17', '11'], 'atak': ['8', '3', '0', '2', '1', '7', '5', '4']}",<built-in method values of dict object at 0x7f3764b0a680>
"{'n_atak': ['13', '9', '18', '19', '16', '6', '12', '14', '10', '15', '17', '11'], 'atak': ['8', '3', '0', '2', '1', '7', '5', '4']}",<built-in method values of dict object at 0x7f3764b0a680>
"{'n_atak': ['13', '9', '18', '19', '16', '6', '12', '14', '10', '15', '17', '11'], 'atak': ['8', '3', '0', '2', '1', '7', '5', '4']}",<built-in method values of dict object at 0x7f3764b0a680>
"{'n_atak': ['13', '9', '18', '19', '16', '6', '12', '14', '10', '15', '17', '11'], 'atak': ['8', '3', '0', '2', '1', '7', '5', '4']}",<built-in method values of dict object at 0x7f3764b0a680>
"{'n_atak': ['13', '9', '18', '19', '16', '6', '12', '14', '10', '15', '17', '11'], 'atak': ['8', '3', '0', '2', '1', '7', '5', '4']}",<built-in method values of dict object at 0x7f3764b0a680>
"{'n_atak': ['13', '9', '18', '19', '16', '6', '12', '14', '10', '15', '17', '11'], 'atak': ['8', '3', '0', '2', '1', '7', '5', '4']}",<built-in method values of dict object at 0x7f3764b0a680>
"{'n_atak': ['13', '9', '18', '19', '16', '6', '12', '14', '10', '15', '17', '11'], 'atak': ['8', '3', '0', '2', '1', '7', '5', '4']}",<built-in method values of dict object at 0x7f3764b0a680>
"{'n_atak': ['13', '9', '18', '19', '16', '6', '12', '14', '10', '15', '17', '11'], 'atak': ['8', '3', '0', '2', '1', '7', '5', '4']}",<built-in method values of dict object at 0x7f3764b0a680>
"{'n_atak': ['13', '9', '18', '19', '16', '6', '12', '14', '10', '15', '17', '11'], 'atak': ['8', '3', '0', '2', '1', '7', '5', '4']}",<built-in method values of dict object at 0x7f3764b0a680>
"{'n_atak': ['19', '14', '3', '15', '5', '1', '4', '12', '8', '9', '11', '13', '17', '10', '6', '16', '18'], 'atak': ['2', '7', '0']}",<built-in method values of dict object at 0x7f3764ca7f80>
"{'n_atak': ['19', '14', '3', '15', '5', '1', '4', '12', '8', '9', '11', '13', '17', '10', '6', '16', '18'], 'atak': ['2', '7', '0']}",<built-in method values of dict object at 0x7f3764ca7f80>
"{'n_atak': ['19', '14', '3', '15', '5', '1', '4', '12', '8', '9', '11', '13', '17', '10', '6', '16', '18'], 'atak': ['2', '7', '0']}",<built-in method values of dict object at 0x7f3764ca7f80>
"{'n_atak': ['19', '14', '3', '15', '5', '1', '4', '12', '8', '9', '11', '13', '17', '10', '6', '16', '18'], 'atak': ['2', '7', '0']}",<built-in method values of dict object at 0x7f3764ca7f80>
"{'n_atak': ['19', '14', '3', '15', '5', '1', '4', '12', '8', '9', '11', '13', '17', '10', '6', '16', '18'], 'atak': ['2', '7', '0']}",<built-in method values of dict object at 0x7f3764ca7f80>
"{'n_atak': ['19', '14', '3', '15', '5', '1', '4', '12', '8', '9', '11', '13', '17', '10', '6', '16', '18'], 'atak': ['2', '7', '0']}",<built-in method values of dict object at 0x7f3764ca7f80>
"{'n_atak': ['19', '14', '3', '15', '5', '1', '4', '12', '8', '9', '11', '13', '17', '10', '6', '16', '18'], 'atak': ['2', '7', '0']}",<built-in method values of dict object at 0x7f3764ca7f80>
"{'n_atak': ['19', '14', '3', '15', '5', '1', '4', '12', '8', '9', '11', '13', '17', '10', '6', '16', '18'], 'atak': ['2', '7', '0']}",<built-in method values of dict object at 0x7f3764ca7f80>
"{'n_atak': ['19', '14', '3', '15', '5', '1', '4', '12', '8', '9', '11', '13', '17', '10', '6', '16', '18'], 'atak': ['2', '7', '0']}",<built-in method values of dict object at 0x7f3764ca7f80>
"{'n_atak': ['19', '14', '3', '15', '5', '1', '4', '12', '8', '9', '11', '13', '17', '10', '6', '16', '18'], 'atak': ['2', '7', '0']}",<built-in method values of dict object at 0x7f3764ca7f80>
"{'n_atak': ['19', '14', '3', '15', '5', '1', '4', '12', '8', '9', '11', '13', '17', '10', '6', '16', '18'], 'atak': ['2', '7', '0']}",<built-in method values of dict object at 0x7f3764ca7f80>
"{'n_atak': ['19', '14', '3', '15', '5', '1', '4', '12', '8', '9', '11', '13', '17', '10', '6', '16', '18'], 'atak': ['2', '7', '0']}",<built-in method values of dict object at 0x7f3764ca7f80>
"{'n_atak': ['19', '14', '3', '15', '5', '1', '4', '12', '8', '9', '11', '13', '17', '10', '6', '16', '18'], 'atak': ['2', '7', '0']}",<built-in method values of dict object at 0x7f3764ca7f80>
"{'n_atak': ['19', '14', '3', '15', '5', '1', '4', '12', '8', '9', '11', '13', '17', '10', '6', '16', '18'], 'atak': ['2', '7', '0']}",<built-in method values of dict object at 0x7f3764ca7f80>
"{'n_atak': ['19', '14', '3', '15', '5', '1', '4', '12', '8', '9', '11', '13', '17', '10', '6', '16', '18'], 'atak': ['2', '7', '0']}",<built-in method values of dict object at 0x7f3764ca7f80>
"{'n_atak': ['19', '14', '3', '15', '5', '1', '4', '12', '8', '9', '11', '13', '17', '10', '6', '16', '18'], 'atak': ['2', '7', '0']}",<built-in method values of dict object at 0x7f3764ca7f80>
"{'n_atak': ['19', '14', '3', '15', '5', '1', '4', '12', '8', '9', '11', '13', '17', '10', '6', '16', '18'], 'atak': ['2', '7', '0']}",<built-in method values of dict object at 0x7f3764ca7f80>
"{'n_atak': ['19', '14', '3', '15', '5', '1', '4', '12', '8', '9', '11', '13', '17', '10', '6', '16', '18'], 'atak': ['2', '7', '0']}",<built-in method values of dict object at 0x7f3764ca7f80>
"{'n_atak': ['19', '14', '3', '15', '5', '1', '4', '12', '8', '9', '11', '13', '17', '10', '6', '16', '18'], 'atak': ['2', '7', '0']}",<built-in method values of dict object at 0x7f3764ca7f80>
"{'n_atak': ['19', '14', '3', '15', '5', '1', '4', '12', '8', '9', '11', '13', '17', '10', '6', '16', '18'], 'atak': ['2', '7', '0']}",<built-in method values of dict object at 0x7f3764ca7f80>
"{'atak': ['5', '4', '8', '2', '1', '3', '6'], 'n_atak': ['15', '7', '16', '14', '12', '0', '10', '9', '19', '17', '18', '13', '11']}",<built-in method values of dict object at 0x7f3764cd8cc0>
"{'atak': ['5', '4', '8', '2', '1', '3', '6'], 'n_atak': ['15', '7', '16', '14', '12', '0', '10', '9', '19', '17', '18', '13', '11']}",<built-in method values of dict object at 0x7f3764cd8cc0>
"{'atak': ['5', '4', '8', '2', '1', '3', '6'], 'n_atak': ['15', '7', '16', '14', '12', '0', '10', '9', '19', '17', '18', '13', '11']}",<built-in method values of dict object at 0x7f3764cd8cc0>
"{'atak': ['5', '4', '8', '2', '1', '3', '6'], 'n_atak': ['15', '7', '16', '14', '12', '0', '10', '9', '19', '17', '18', '13', '11']}",<built-in method values of dict object at 0x7f3764cd8cc0>
"{'atak': ['5', '4', '8', '2', '1', '3', '6'], 'n_atak': ['15', '7', '16', '14', '12', '0', '10', '9', '19', '17', '18', '13', '11']}",<built-in method values of dict object at 0x7f3764cd8cc0>
"{'atak': ['5', '4', '8', '2', '1', '3', '6'], 'n_atak': ['15', '7', '16', '14', '12', '0', '10', '9', '19', '17', '18', '13', '11']}",<built-in method values of dict object at 0x7f3764cd8cc0>
"{'atak': ['5', '4', '8', '2', '1', '3', '6'], 'n_atak': ['15', '7', '16', '14', '12', '0', '10', '9', '19', '17', '18', '13', '11']}",<built-in method values of dict object at 0x7f3764cd8cc0>
"{'atak': ['5', '4', '8', '2', '1', '3', '6'], 'n_atak': ['15', '7', '16', '14', '12', '0', '10', '9', '19', '17', '18', '13', '11']}",<built-in method values of dict object at 0x7f3764cd8cc0>
"{'atak': ['5', '4', '8', '2', '1', '3', '6'], 'n_atak': ['15', '7', '16', '14', '12', '0', '10', '9', '19', '17', '18', '13', '11']}",<built-in method values of dict object at 0x7f3764cd8cc0>
"{'atak': ['5', '4', '8', '2', '1', '3', '6'], 'n_atak': ['15', '7', '16', '14', '12', '0', '10', '9', '19', '17', '18', '13', '11']}",<built-in method values of dict object at 0x7f3764cd8cc0>
"{'atak': ['5', '4', '8', '2', '1', '3', '6'], 'n_atak': ['15', '7', '16', '14', '12', '0', '10', '9', '19', '17', '18', '13', '11']}",<built-in method values of dict object at 0x7f3764cd8cc0>
"{'atak': ['5', '4', '8', '2', '1', '3', '6'], 'n_atak': ['15', '7', '16', '14', '12', '0', '10', '9', '19', '17', '18', '13', '11']}",<built-in method values of dict object at 0x7f3764cd8cc0>
"{'atak': ['5', '4', '8', '2', '1', '3', '6'], 'n_atak': ['15', '7', '16', '14', '12', '0', '10', '9', '19', '17', '18', '13', '11']}",<built-in method values of dict object at 0x7f3764cd8cc0>
"{'atak': ['5', '4', '8', '2', '1', '3', '6'], 'n_atak': ['15', '7', '16', '14', '12', '0', '10', '9', '19', '17', '18', '13', '11']}",<built-in method values of dict object at 0x7f3764cd8cc0>
"{'atak': ['5', '4', '8', '2', '1', '3', '6'], 'n_atak': ['15', '7', '16', '14', '12', '0', '10', '9', '19', '17', '18', '13', '11']}",<built-in method values of dict object at 0x7f3764cd8cc0>
"{'atak': ['5', '4', '8', '2', '1', '3', '6'], 'n_atak': ['15', '7', '16', '14', '12', '0', '10', '9', '19', '17', '18', '13', '11']}",<built-in method values of dict object at 0x7f3764cd8cc0>
"{'atak': ['5', '4', '8', '2', '1', '3', '6'], 'n_atak': ['15', '7', '16', '14', '12', '0', '10', '9', '19', '17', '18', '13', '11']}",<built-in method values of dict object at 0x7f3764cd8cc0>
"{'atak': ['5', '4', '8', '2', '1', '3', '6'], 'n_atak': ['15', '7', '16', '14', '12', '0', '10', '9', '19', '17', '18', '13', '11']}",<built-in method values of dict object at 0x7f3764cd8cc0>
"{'atak': ['5', '4', '8', '2', '1', '3', '6'], 'n_atak': ['15', '7', '16', '14', '12', '0', '10', '9', '19', '17', '18', '13', '11']}",<built-in method values of dict object at 0x7f3764cd8cc0>
"{'atak': ['5', '4', '8', '2', '1', '3', '6'], 'n_atak': ['15', '7', '16', '14', '12', '0', '10', '9', '19', '17', '18', '13', '11']}",<built-in method values of dict object at 0x7f3764cd8cc0>
"{'atak': ['4', '1', '6', '5', '2', '3', '8'], 'n_atak': ['13', '10', '16', '17', '11', '7', '12', '9', '18', '19', '0', '14', '15']}",<built-in method values of dict object at 0x7f3764b39740>
"{'atak': ['4', '1', '6', '5', '2', '3', '8'], 'n_atak': ['13', '10', '16', '17', '11', '7', '12', '9', '18', '19', '0', '14', '15']}",<built-in method values of dict object at 0x7f3764b39740>
"{'atak': ['4', '1', '6', '5', '2', '3', '8'], 'n_atak': ['13', '10', '16', '17', '11', '7', '12', '9', '18', '19', '0', '14', '15']}",<built-in method values of dict object at 0x7f3764b39740>
"{'atak': ['4', '1', '6', '5', '2', '3', '8'], 'n_atak': ['13', '10', '16', '17', '11', '7', '12', '9', '18', '19', '0', '14', '15']}",<built-in method values of dict object at 0x7f3764b39740>
"{'atak': ['4', '1', '6', '5', '2', '3', '8'], 'n_atak': ['13', '10', '16', '17', '11', '7', '12', '9', '18', '19', '0', '14', '15']}",<built-in method values of dict object at 0x7f3764b39740>
"{'atak': ['4', '1', '6', '5', '2', '3', '8'], 'n_atak': ['13', '10', '16', '17', '11', '7', '12', '9', '18', '19', '0', '14', '15']}",<built-in method values of dict object at 0x7f3764b39740>
"{'atak': ['4', '1', '6', '5', '2', '3', '8'], 'n_atak': ['13', '10', '16', '17', '11', '7', '12', '9', '18', '19', '0', '14', '15']}",<built-in method values of dict object at 0x7f3764b39740>
"{'atak': ['4', '1', '6', '5', '2', '3', '8'], 'n_atak': ['13', '10', '16', '17', '11', '7', '12', '9', '18', '19', '0', '14', '15']}",<built-in method values of dict object at 0x7f3764b39740>
"{'atak': ['4', '1', '6', '5', '2', '3', '8'], 'n_atak': ['13', '10', '16', '17', '11', '7', '12', '9', '18', '19', '0', '14', '15']}",<built-in method values of dict object at 0x7f3764b39740>
"{'atak': ['4', '1', '6', '5', '2', '3', '8'], 'n_atak': ['13', '10', '16', '17', '11', '7', '12', '9', '18', '19', '0', '14', '15']}",<built-in method values of dict object at 0x7f3764b39740>
"{'atak': ['4', '1', '6', '5', '2', '3', '8'], 'n_atak': ['13', '10', '16', '17', '11', '7', '12', '9', '18', '19', '0', '14', '15']}",<built-in method values of dict object at 0x7f3764b39740>
"{'atak': ['4', '1', '6', '5', '2', '3', '8'], 'n_atak': ['13', '10', '16', '17', '11', '7', '12', '9', '18', '19', '0', '14', '15']}",<built-in method values of dict object at 0x7f3764b39740>
"{'atak': ['4', '1', '6', '5', '2', '3', '8'], 'n_atak': ['13', '10', '16', '17', '11', '7', '12', '9', '18', '19', '0', '14', '15']}",<built-in method values of dict object at 0x7f3764b39740>
"{'atak': ['4', '1', '6', '5', '2', '3', '8'], 'n_atak': ['13', '10', '16', '17', '11', '7', '12', '9', '18', '19', '0', '14', '15']}",<built-in method values of dict object at 0x7f3764b39740>
"{'atak': ['4', '1', '6', '5', '2', '3', '8'], 'n_atak': ['13', '10', '16', '17', '11', '7', '12', '9', '18', '19', '0', '14', '15']}",<built-in method values of dict object at 0x7f3764b39740>
"{'atak': ['4', '1', '6', '5', '2', '3', '8'], 'n_atak': ['13', '10', '16', '17', '11', '7', '12', '9', '18', '19', '0', '14', '15']}",<built-in method values of dict object at 0x7f3764b39740>
"{'atak': ['4', '1', '6', '5', '2', '3', '8'], 'n_atak': ['13', '10', '16', '17', '11', '7', '12', '9', '18', '19', '0', '14', '15']}",<built-in method values of dict object at 0x7f3764b39740>
"{'atak': ['4', '1', '6', '5', '2', '3', '8'], 'n_atak': ['13', '10', '16', '17', '11', '7', '12', '9', '18', '19', '0', '14', '15']}",<built-in method values of dict object at 0x7f3764b39740>
"{'atak': ['4', '1', '6', '5', '2', '3', '8'], 'n_atak': ['13', '10', '16', '17', '11', '7', '12', '9', '18', '19', '0', '14', '15']}",<built-in method values of dict object at 0x7f3764b39740>
"{'atak': ['4', '1', '6', '5', '2', '3', '8'], 'n_atak': ['13', '10', '16', '17', '11', '7', '12', '9', '18', '19', '0', '14', '15']}",<built-in method values of dict object at 0x7f3764b39740>
"{'n_atak': ['2', '19', '12', '13', '7', '1', '16', '18', '8', '3', '14', '10', '15', '9', '17', '11'], 'atak': ['6', '5', '0', '4']}",<built-in method values of dict object at 0x7f3764b28380>
"{'n_atak': ['2', '19', '12', '13', '7', '1', '16', '18', '8', '3', '14', '10', '15', '9', '17', '11'], 'atak': ['6', '5', '0', '4']}",<built-in method values of dict object at 0x7f3764b28380>
"{'n_atak': ['2', '19', '12', '13', '7', '1', '16', '18', '8', '3', '14', '10', '15', '9', '17', '11'], 'atak': ['6', '5', '0', '4']}",<built-in method values of dict object at 0x7f3764b28380>
"{'n_atak': ['2', '19', '12', '13', '7', '1', '16', '18', '8', '3', '14', '10', '15', '9', '17', '11'], 'atak': ['6', '5', '0', '4']}",<built-in method values of dict object at 0x7f3764b28380>
"{'n_atak': ['2', '19', '12', '13', '7', '1', '16', '18', '8', '3', '14', '10', '15', '9', '17', '11'], 'atak': ['6', '5', '0', '4']}",<built-in method values of dict object at 0x7f3764b28380>
"{'n_atak': ['2', '19', '12', '13', '7', '1', '16', '18', '8', '3', '14', '10', '15', '9', '17', '11'], 'atak': ['6', '5', '0', '4']}",<built-in method values of dict object at 0x7f3764b28380>
"{'n_atak': ['2', '19', '12', '13', '7', '1', '16', '18', '8', '3', '14', '10', '15', '9', '17', '11'], 'atak': ['6', '5', '0', '4']}",<built-in method values of dict object at 0x7f3764b28380>
"{'n_atak': ['2', '19', '12', '13', '7', '1', '16', '18', '8', '3', '14', '10', '15', '9', '17', '11'], 'atak': ['6', '5', '0', '4']}",<built-in method values of dict object at 0x7f3764b28380>
"{'n_atak': ['2', '19', '12', '13', '7', '1', '16', '18', '8', '3', '14', '10', '15', '9', '17', '11'], 'atak': ['6', '5', '0', '4']}",<built-in method values of dict object at 0x7f3764b28380>
"{'n_atak': ['2', '19', '12', '13', '7', '1', '16', '18', '8', '3', '14', '10', '15', '9', '17', '11'], 'atak': ['6', '5', '0', '4']}",<built-in method values of dict object at 0x7f3764b28380>
"{'n_atak': ['2', '19', '12', '13', '7', '1', '16', '18', '8', '3', '14', '10', '15', '9', '17', '11'], 'atak': ['6', '5', '0', '4']}",<built-in method values of dict object at 0x7f3764b28380>
"{'n_atak': ['2', '19', '12', '13', '7', '1', '16', '18', '8', '3', '14', '10', '15', '9', '17', '11'], 'atak': ['6', '5', '0', '4']}",<built-in method values of dict object at 0x7f3764b28380>
"{'n_atak': ['2', '19', '12', '13', '7', '1', '16', '18', '8', '3', '14', '10', '15', '9', '17', '11'], 'atak': ['6', '5', '0', '4']}",<built-in method values of dict object at 0x7f3764b28380>
"{'n_atak': ['2', '19', '12', '13', '7', '1', '16', '18', '8', '3', '14', '10', '15', '9', '17', '11'], 'atak': ['6', '5', '0', '4']}",<built-in method values of dict object at 0x7f3764b28380>
"{'n_atak': ['2', '19', '12', '13', '7', '1', '16', '18', '8', '3', '14', '10', '15', '9', '17', '11'], 'atak': ['6', '5', '0', '4']}",<built-in method values of dict object at 0x7f3764b28380>
"{'n_atak': ['2', '19', '12', '13', '7', '1', '16', '18', '8', '3', '14', '10', '15', '9', '17', '11'], 'atak': ['6', '5', '0', '4']}",<built-in method values of dict object at 0x7f3764b28380>
"{'n_atak': ['2', '19', '12', '13', '7', '1', '16', '18', '8', '3', '14', '10', '15', '9', '17', '11'], 'atak': ['6', '5', '0', '4']}",<built-in method values of dict object at 0x7f3764b28380>
"{'n_atak': ['2', '19', '12', '13', '7', '1', '16', '18', '8', '3', '14', '10', '15', '9', '17', '11'], 'atak': ['6', '5', '0', '4']}",<built-in method values of dict object at 0x7f3764b28380>
"{'n_atak': ['2', '19', '12', '13', '7', '1', '16', '18', '8', '3', '14', '10', '15', '9', '17', '11'], 'atak': ['6', '5', '0', '4']}",<built-in method values of dict object at 0x7f3764b28380>
"{'n_atak': ['2', '19', '12', '13', '7', '1', '16', '18', '8', '3', '14', '10', '15', '9', '17', '11'], 'atak': ['6', '5', '0', '4']}",<built-in method values of dict object at 0x7f3764b28380>
"{'n_atak': ['6', '13', '2', '7', '9', '4', '14', '16', '15', '1', '5', '3', '12', '19', '17', '11', '18', '10'], 'atak': ['8', '0']}",<built-in method values of dict object at 0x7f3764b854c0>
"{'n_atak': ['6', '13', '2', '7', '9', '4', '14', '16', '15', '1', '5', '3', '12', '19', '17', '11', '18', '10'], 'atak': ['8', '0']}",<built-in method values of dict object at 0x7f3764b854c0>
"{'n_atak': ['6', '13', '2', '7', '9', '4', '14', '16', '15', '1', '5', '3', '12', '19', '17', '11', '18', '10'], 'atak': ['8', '0']}",<built-in method values of dict object at 0x7f3764b854c0>
"{'n_atak': ['6', '13', '2', '7', '9', '4', '14', '16', '15', '1', '5', '3', '12', '19', '17', '11', '18', '10'], 'atak': ['8', '0']}",<built-in method values of dict object at 0x7f3764b854c0>
"{'n_atak': ['6', '13', '2', '7', '9', '4', '14', '16', '15', '1', '5', '3', '12', '19', '17', '11', '18', '10'], 'atak': ['8', '0']}",<built-in method values of dict object at 0x7f3764b854c0>
"{'n_atak': ['6', '13', '2', '7', '9', '4', '14', '16', '15', '1', '5', '3', '12', '19', '17', '11', '18', '10'], 'atak': ['8', '0']}",<built-in method values of dict object at 0x7f3764b854c0>
"{'n_atak': ['6', '13', '2', '7', '9', '4', '14', '16', '15', '1', '5', '3', '12', '19', '17', '11', '18', '10'], 'atak': ['8', '0']}",<built-in method values of dict object at 0x7f3764b854c0>
"{'n_atak': ['6', '13', '2', '7', '9', '4', '14', '16', '15', '1', '5', '3', '12', '19', '17', '11', '18', '10'], 'atak': ['8', '0']}",<built-in method values of dict object at 0x7f3764b854c0>
"{'n_atak': ['6', '13', '2', '7', '9', '4', '14', '16', '15', '1', '5', '3', '12', '19', '17', '11', '18', '10'], 'atak': ['8', '0']}",<built-in method values of dict object at 0x7f3764b854c0>
"{'n_atak': ['6', '13', '2', '7', '9', '4', '14', '16', '15', '1', '5', '3', '12', '19', '17', '11', '18', '10'], 'atak': ['8', '0']}",<built-in method values of dict object at 0x7f3764b854c0>
"{'n_atak': ['6', '13', '2', '7', '9', '4', '14', '16', '15', '1', '5', '3', '12', '19', '17', '11', '18', '10'], 'atak': ['8', '0']}",<built-in method values of dict object at 0x7f3764b854c0>
"{'n_atak': ['6', '13', '2', '7', '9', '4', '14', '16', '15', '1', '5', '3', '12', '19', '17', '11', '18', '10'], 'atak': ['8', '0']}",<built-in method values of dict object at 0x7f3764b854c0>
"{'n_atak': ['6', '13', '2', '7', '9', '4', '14', '16', '15', '1', '5', '3', '12', '19', '17', '11', '18', '10'], 'atak': ['8', '0']}",<built-in method values of dict object at 0x7f3764b854c0>
"{'n_atak': ['6', '13', '2', '7', '9', '4', '14', '16', '15', '1', '5', '3', '12', '19', '17', '11', '18', '10'], 'atak': ['8', '0']}",<built-in method values of dict object at 0x7f3764b854c0>
"{'n_atak': ['6', '13', '2', '7', '9', '4', '14', '16', '15', '1', '5', '3', '12', '19', '17', '11', '18', '10'], 'atak': ['8', '0']}",<built-in method values of dict object at 0x7f3764b854c0>
"{'n_atak': ['6', '13', '2', '7', '9', '4', '14', '16', '15', '1', '5', '3', '12', '19', '17', '11', '18', '10'], 'atak': ['8', '0']}",<built-in method values of dict object at 0x7f3764b854c0>
"{'n_atak': ['6', '13', '2', '7', '9', '4', '14', '16', '15', '1', '5', '3', '12', '19', '17', '11', '18', '10'], 'atak': ['8', '0']}",<built-in method values of dict object at 0x7f3764b854c0>
"{'n_atak': ['6', '13', '2', '7', '9', '4', '14', '16', '15', '1', '5', '3', '12', '19', '17', '11', '18', '10'], 'atak': ['8', '0']}",<built-in method values of dict object at 0x7f3764b854c0>
"{'n_atak': ['6', '13', '2', '7', '9', '4', '14', '16', '15', '1', '5', '3', '12', '19', '17', '11', '18', '10'], 'atak': ['8', '0']}",<built-in method values of dict object at 0x7f3764b854c0>
"{'n_atak': ['6', '13', '2', '7', '9', '4', '14', '16', '15', '1', '5', '3', '12', '19', '17', '11', '18', '10'], 'atak': ['8', '0']}",<built-in method values of dict object at 0x7f3764b854c0>
