{},<built-in method values of dict object at 0x7f3113634980>
{},<built-in method values of dict object at 0x7f3113634980>
{},<built-in method values of dict object at 0x7f3113634980>
{},<built-in method values of dict object at 0x7f3113634980>
{},<built-in method values of dict object at 0x7f3113634980>
{},<built-in method values of dict object at 0x7f3113634980>
{},<built-in method values of dict object at 0x7f3113634980>
{},<built-in method values of dict object at 0x7f3113634980>
{},<built-in method values of dict object at 0x7f3113634980>
{},<built-in method values of dict object at 0x7f3113634980>
{},<built-in method values of dict object at 0x7f3113634980>
{},<built-in method values of dict object at 0x7f3113634980>
{},<built-in method values of dict object at 0x7f3113634980>
{},<built-in method values of dict object at 0x7f3113634980>
{},<built-in method values of dict object at 0x7f3113634980>
{},<built-in method values of dict object at 0x7f3113634980>
{},<built-in method values of dict object at 0x7f3113634980>
{},<built-in method values of dict object at 0x7f3113634980>
{},<built-in method values of dict object at 0x7f3113634980>
{},<built-in method values of dict object at 0x7f3113634980>
"{'n_atak': ['4', '18', '10', '6', '13', '12', '11', '15', '9', '0', '2', '16', '3', '14', '17', '8', '1', '7', '19', '5']}",<built-in method values of dict object at 0x7f3113683340>
"{'n_atak': ['4', '18', '10', '6', '13', '12', '11', '15', '9', '0', '2', '16', '3', '14', '17', '8', '1', '7', '19', '5']}",<built-in method values of dict object at 0x7f3113683340>
"{'n_atak': ['4', '18', '10', '6', '13', '12', '11', '15', '9', '0', '2', '16', '3', '14', '17', '8', '1', '7', '19', '5']}",<built-in method values of dict object at 0x7f3113683340>
"{'n_atak': ['4', '18', '10', '6', '13', '12', '11', '15', '9', '0', '2', '16', '3', '14', '17', '8', '1', '7', '19', '5']}",<built-in method values of dict object at 0x7f3113683340>
"{'n_atak': ['4', '18', '10', '6', '13', '12', '11', '15', '9', '0', '2', '16', '3', '14', '17', '8', '1', '7', '19', '5']}",<built-in method values of dict object at 0x7f3113683340>
"{'n_atak': ['4', '18', '10', '6', '13', '12', '11', '15', '9', '0', '2', '16', '3', '14', '17', '8', '1', '7', '19', '5']}",<built-in method values of dict object at 0x7f3113683340>
"{'n_atak': ['4', '18', '10', '6', '13', '12', '11', '15', '9', '0', '2', '16', '3', '14', '17', '8', '1', '7', '19', '5']}",<built-in method values of dict object at 0x7f3113683340>
"{'n_atak': ['4', '18', '10', '6', '13', '12', '11', '15', '9', '0', '2', '16', '3', '14', '17', '8', '1', '7', '19', '5']}",<built-in method values of dict object at 0x7f3113683340>
"{'n_atak': ['4', '18', '10', '6', '13', '12', '11', '15', '9', '0', '2', '16', '3', '14', '17', '8', '1', '7', '19', '5']}",<built-in method values of dict object at 0x7f3113683340>
"{'n_atak': ['4', '18', '10', '6', '13', '12', '11', '15', '9', '0', '2', '16', '3', '14', '17', '8', '1', '7', '19', '5']}",<built-in method values of dict object at 0x7f3113683340>
"{'n_atak': ['4', '18', '10', '6', '13', '12', '11', '15', '9', '0', '2', '16', '3', '14', '17', '8', '1', '7', '19', '5']}",<built-in method values of dict object at 0x7f3113683340>
"{'n_atak': ['4', '18', '10', '6', '13', '12', '11', '15', '9', '0', '2', '16', '3', '14', '17', '8', '1', '7', '19', '5']}",<built-in method values of dict object at 0x7f3113683340>
"{'n_atak': ['4', '18', '10', '6', '13', '12', '11', '15', '9', '0', '2', '16', '3', '14', '17', '8', '1', '7', '19', '5']}",<built-in method values of dict object at 0x7f3113683340>
"{'n_atak': ['4', '18', '10', '6', '13', '12', '11', '15', '9', '0', '2', '16', '3', '14', '17', '8', '1', '7', '19', '5']}",<built-in method values of dict object at 0x7f3113683340>
"{'n_atak': ['4', '18', '10', '6', '13', '12', '11', '15', '9', '0', '2', '16', '3', '14', '17', '8', '1', '7', '19', '5']}",<built-in method values of dict object at 0x7f3113683340>
"{'n_atak': ['4', '18', '10', '6', '13', '12', '11', '15', '9', '0', '2', '16', '3', '14', '17', '8', '1', '7', '19', '5']}",<built-in method values of dict object at 0x7f3113683340>
"{'n_atak': ['4', '18', '10', '6', '13', '12', '11', '15', '9', '0', '2', '16', '3', '14', '17', '8', '1', '7', '19', '5']}",<built-in method values of dict object at 0x7f3113683340>
"{'n_atak': ['4', '18', '10', '6', '13', '12', '11', '15', '9', '0', '2', '16', '3', '14', '17', '8', '1', '7', '19', '5']}",<built-in method values of dict object at 0x7f3113683340>
"{'n_atak': ['4', '18', '10', '6', '13', '12', '11', '15', '9', '0', '2', '16', '3', '14', '17', '8', '1', '7', '19', '5']}",<built-in method values of dict object at 0x7f3113683340>
"{'n_atak': ['4', '18', '10', '6', '13', '12', '11', '15', '9', '0', '2', '16', '3', '14', '17', '8', '1', '7', '19', '5']}",<built-in method values of dict object at 0x7f3113683340>
"{'n_atak': ['15', '9', '2', '6', '11', '10', '12', '13', '8', '18', '1', '5', '3', '7', '17', '16', '14', '0', '4', '19']}",<built-in method values of dict object at 0x7f31136b45c0>
"{'n_atak': ['15', '9', '2', '6', '11', '10', '12', '13', '8', '18', '1', '5', '3', '7', '17', '16', '14', '0', '4', '19']}",<built-in method values of dict object at 0x7f31136b45c0>
"{'n_atak': ['15', '9', '2', '6', '11', '10', '12', '13', '8', '18', '1', '5', '3', '7', '17', '16', '14', '0', '4', '19']}",<built-in method values of dict object at 0x7f31136b45c0>
"{'n_atak': ['15', '9', '2', '6', '11', '10', '12', '13', '8', '18', '1', '5', '3', '7', '17', '16', '14', '0', '4', '19']}",<built-in method values of dict object at 0x7f31136b45c0>
"{'n_atak': ['15', '9', '2', '6', '11', '10', '12', '13', '8', '18', '1', '5', '3', '7', '17', '16', '14', '0', '4', '19']}",<built-in method values of dict object at 0x7f31136b45c0>
"{'n_atak': ['15', '9', '2', '6', '11', '10', '12', '13', '8', '18', '1', '5', '3', '7', '17', '16', '14', '0', '4', '19']}",<built-in method values of dict object at 0x7f31136b45c0>
"{'n_atak': ['15', '9', '2', '6', '11', '10', '12', '13', '8', '18', '1', '5', '3', '7', '17', '16', '14', '0', '4', '19']}",<built-in method values of dict object at 0x7f31136b45c0>
"{'n_atak': ['15', '9', '2', '6', '11', '10', '12', '13', '8', '18', '1', '5', '3', '7', '17', '16', '14', '0', '4', '19']}",<built-in method values of dict object at 0x7f31136b45c0>
"{'n_atak': ['15', '9', '2', '6', '11', '10', '12', '13', '8', '18', '1', '5', '3', '7', '17', '16', '14', '0', '4', '19']}",<built-in method values of dict object at 0x7f31136b45c0>
"{'n_atak': ['15', '9', '2', '6', '11', '10', '12', '13', '8', '18', '1', '5', '3', '7', '17', '16', '14', '0', '4', '19']}",<built-in method values of dict object at 0x7f31136b45c0>
"{'n_atak': ['15', '9', '2', '6', '11', '10', '12', '13', '8', '18', '1', '5', '3', '7', '17', '16', '14', '0', '4', '19']}",<built-in method values of dict object at 0x7f31136b45c0>
"{'n_atak': ['15', '9', '2', '6', '11', '10', '12', '13', '8', '18', '1', '5', '3', '7', '17', '16', '14', '0', '4', '19']}",<built-in method values of dict object at 0x7f31136b45c0>
"{'n_atak': ['15', '9', '2', '6', '11', '10', '12', '13', '8', '18', '1', '5', '3', '7', '17', '16', '14', '0', '4', '19']}",<built-in method values of dict object at 0x7f31136b45c0>
"{'n_atak': ['15', '9', '2', '6', '11', '10', '12', '13', '8', '18', '1', '5', '3', '7', '17', '16', '14', '0', '4', '19']}",<built-in method values of dict object at 0x7f31136b45c0>
"{'n_atak': ['15', '9', '2', '6', '11', '10', '12', '13', '8', '18', '1', '5', '3', '7', '17', '16', '14', '0', '4', '19']}",<built-in method values of dict object at 0x7f31136b45c0>
"{'n_atak': ['15', '9', '2', '6', '11', '10', '12', '13', '8', '18', '1', '5', '3', '7', '17', '16', '14', '0', '4', '19']}",<built-in method values of dict object at 0x7f31136b45c0>
"{'n_atak': ['15', '9', '2', '6', '11', '10', '12', '13', '8', '18', '1', '5', '3', '7', '17', '16', '14', '0', '4', '19']}",<built-in method values of dict object at 0x7f31136b45c0>
"{'n_atak': ['15', '9', '2', '6', '11', '10', '12', '13', '8', '18', '1', '5', '3', '7', '17', '16', '14', '0', '4', '19']}",<built-in method values of dict object at 0x7f31136b45c0>
"{'n_atak': ['15', '9', '2', '6', '11', '10', '12', '13', '8', '18', '1', '5', '3', '7', '17', '16', '14', '0', '4', '19']}",<built-in method values of dict object at 0x7f31136b45c0>
"{'n_atak': ['15', '9', '2', '6', '11', '10', '12', '13', '8', '18', '1', '5', '3', '7', '17', '16', '14', '0', '4', '19']}",<built-in method values of dict object at 0x7f31136b45c0>
"{'n_atak': ['15', '3', '11', '18', '9', '10', '16', '13', '4', '14', '17', '2', '5', '8', '12', '19', '6', '7', '1', '0']}",<built-in method values of dict object at 0x7f3113638900>
"{'n_atak': ['15', '3', '11', '18', '9', '10', '16', '13', '4', '14', '17', '2', '5', '8', '12', '19', '6', '7', '1', '0']}",<built-in method values of dict object at 0x7f3113638900>
"{'n_atak': ['15', '3', '11', '18', '9', '10', '16', '13', '4', '14', '17', '2', '5', '8', '12', '19', '6', '7', '1', '0']}",<built-in method values of dict object at 0x7f3113638900>
"{'n_atak': ['15', '3', '11', '18', '9', '10', '16', '13', '4', '14', '17', '2', '5', '8', '12', '19', '6', '7', '1', '0']}",<built-in method values of dict object at 0x7f3113638900>
"{'n_atak': ['15', '3', '11', '18', '9', '10', '16', '13', '4', '14', '17', '2', '5', '8', '12', '19', '6', '7', '1', '0']}",<built-in method values of dict object at 0x7f3113638900>
"{'n_atak': ['15', '3', '11', '18', '9', '10', '16', '13', '4', '14', '17', '2', '5', '8', '12', '19', '6', '7', '1', '0']}",<built-in method values of dict object at 0x7f3113638900>
"{'n_atak': ['15', '3', '11', '18', '9', '10', '16', '13', '4', '14', '17', '2', '5', '8', '12', '19', '6', '7', '1', '0']}",<built-in method values of dict object at 0x7f3113638900>
"{'n_atak': ['15', '3', '11', '18', '9', '10', '16', '13', '4', '14', '17', '2', '5', '8', '12', '19', '6', '7', '1', '0']}",<built-in method values of dict object at 0x7f3113638900>
"{'n_atak': ['15', '3', '11', '18', '9', '10', '16', '13', '4', '14', '17', '2', '5', '8', '12', '19', '6', '7', '1', '0']}",<built-in method values of dict object at 0x7f3113638900>
"{'n_atak': ['15', '3', '11', '18', '9', '10', '16', '13', '4', '14', '17', '2', '5', '8', '12', '19', '6', '7', '1', '0']}",<built-in method values of dict object at 0x7f3113638900>
"{'n_atak': ['15', '3', '11', '18', '9', '10', '16', '13', '4', '14', '17', '2', '5', '8', '12', '19', '6', '7', '1', '0']}",<built-in method values of dict object at 0x7f3113638900>
"{'n_atak': ['15', '3', '11', '18', '9', '10', '16', '13', '4', '14', '17', '2', '5', '8', '12', '19', '6', '7', '1', '0']}",<built-in method values of dict object at 0x7f3113638900>
"{'n_atak': ['15', '3', '11', '18', '9', '10', '16', '13', '4', '14', '17', '2', '5', '8', '12', '19', '6', '7', '1', '0']}",<built-in method values of dict object at 0x7f3113638900>
"{'n_atak': ['15', '3', '11', '18', '9', '10', '16', '13', '4', '14', '17', '2', '5', '8', '12', '19', '6', '7', '1', '0']}",<built-in method values of dict object at 0x7f3113638900>
"{'n_atak': ['15', '3', '11', '18', '9', '10', '16', '13', '4', '14', '17', '2', '5', '8', '12', '19', '6', '7', '1', '0']}",<built-in method values of dict object at 0x7f3113638900>
"{'n_atak': ['15', '3', '11', '18', '9', '10', '16', '13', '4', '14', '17', '2', '5', '8', '12', '19', '6', '7', '1', '0']}",<built-in method values of dict object at 0x7f3113638900>
"{'n_atak': ['15', '3', '11', '18', '9', '10', '16', '13', '4', '14', '17', '2', '5', '8', '12', '19', '6', '7', '1', '0']}",<built-in method values of dict object at 0x7f3113638900>
"{'n_atak': ['15', '3', '11', '18', '9', '10', '16', '13', '4', '14', '17', '2', '5', '8', '12', '19', '6', '7', '1', '0']}",<built-in method values of dict object at 0x7f3113638900>
"{'n_atak': ['15', '3', '11', '18', '9', '10', '16', '13', '4', '14', '17', '2', '5', '8', '12', '19', '6', '7', '1', '0']}",<built-in method values of dict object at 0x7f3113638900>
"{'n_atak': ['15', '3', '11', '18', '9', '10', '16', '13', '4', '14', '17', '2', '5', '8', '12', '19', '6', '7', '1', '0']}",<built-in method values of dict object at 0x7f3113638900>
"{'n_atak': ['14', '9', '11', '0', '15', '10', '1', '2', '18', '13', '17', '6', '8', '16', '3', '7', '12', '4', '5', '19']}",<built-in method values of dict object at 0x7f3113659c80>
"{'n_atak': ['14', '9', '11', '0', '15', '10', '1', '2', '18', '13', '17', '6', '8', '16', '3', '7', '12', '4', '5', '19']}",<built-in method values of dict object at 0x7f3113659c80>
"{'n_atak': ['14', '9', '11', '0', '15', '10', '1', '2', '18', '13', '17', '6', '8', '16', '3', '7', '12', '4', '5', '19']}",<built-in method values of dict object at 0x7f3113659c80>
"{'n_atak': ['14', '9', '11', '0', '15', '10', '1', '2', '18', '13', '17', '6', '8', '16', '3', '7', '12', '4', '5', '19']}",<built-in method values of dict object at 0x7f3113659c80>
"{'n_atak': ['14', '9', '11', '0', '15', '10', '1', '2', '18', '13', '17', '6', '8', '16', '3', '7', '12', '4', '5', '19']}",<built-in method values of dict object at 0x7f3113659c80>
"{'n_atak': ['14', '9', '11', '0', '15', '10', '1', '2', '18', '13', '17', '6', '8', '16', '3', '7', '12', '4', '5', '19']}",<built-in method values of dict object at 0x7f3113659c80>
"{'n_atak': ['14', '9', '11', '0', '15', '10', '1', '2', '18', '13', '17', '6', '8', '16', '3', '7', '12', '4', '5', '19']}",<built-in method values of dict object at 0x7f3113659c80>
"{'n_atak': ['14', '9', '11', '0', '15', '10', '1', '2', '18', '13', '17', '6', '8', '16', '3', '7', '12', '4', '5', '19']}",<built-in method values of dict object at 0x7f3113659c80>
"{'n_atak': ['14', '9', '11', '0', '15', '10', '1', '2', '18', '13', '17', '6', '8', '16', '3', '7', '12', '4', '5', '19']}",<built-in method values of dict object at 0x7f3113659c80>
"{'n_atak': ['14', '9', '11', '0', '15', '10', '1', '2', '18', '13', '17', '6', '8', '16', '3', '7', '12', '4', '5', '19']}",<built-in method values of dict object at 0x7f3113659c80>
"{'n_atak': ['14', '9', '11', '0', '15', '10', '1', '2', '18', '13', '17', '6', '8', '16', '3', '7', '12', '4', '5', '19']}",<built-in method values of dict object at 0x7f3113659c80>
"{'n_atak': ['14', '9', '11', '0', '15', '10', '1', '2', '18', '13', '17', '6', '8', '16', '3', '7', '12', '4', '5', '19']}",<built-in method values of dict object at 0x7f3113659c80>
"{'n_atak': ['14', '9', '11', '0', '15', '10', '1', '2', '18', '13', '17', '6', '8', '16', '3', '7', '12', '4', '5', '19']}",<built-in method values of dict object at 0x7f3113659c80>
"{'n_atak': ['14', '9', '11', '0', '15', '10', '1', '2', '18', '13', '17', '6', '8', '16', '3', '7', '12', '4', '5', '19']}",<built-in method values of dict object at 0x7f3113659c80>
"{'n_atak': ['14', '9', '11', '0', '15', '10', '1', '2', '18', '13', '17', '6', '8', '16', '3', '7', '12', '4', '5', '19']}",<built-in method values of dict object at 0x7f3113659c80>
"{'n_atak': ['14', '9', '11', '0', '15', '10', '1', '2', '18', '13', '17', '6', '8', '16', '3', '7', '12', '4', '5', '19']}",<built-in method values of dict object at 0x7f3113659c80>
"{'n_atak': ['14', '9', '11', '0', '15', '10', '1', '2', '18', '13', '17', '6', '8', '16', '3', '7', '12', '4', '5', '19']}",<built-in method values of dict object at 0x7f3113659c80>
"{'n_atak': ['14', '9', '11', '0', '15', '10', '1', '2', '18', '13', '17', '6', '8', '16', '3', '7', '12', '4', '5', '19']}",<built-in method values of dict object at 0x7f3113659c80>
"{'n_atak': ['14', '9', '11', '0', '15', '10', '1', '2', '18', '13', '17', '6', '8', '16', '3', '7', '12', '4', '5', '19']}",<built-in method values of dict object at 0x7f3113659c80>
"{'n_atak': ['14', '9', '11', '0', '15', '10', '1', '2', '18', '13', '17', '6', '8', '16', '3', '7', '12', '4', '5', '19']}",<built-in method values of dict object at 0x7f3113659c80>
"{'n_atak': ['6', '8', '5', '19', '2', '17', '9', '12', '0', '1', '11', '10', '14', '13', '15', '16', '7', '3', '4', '18']}",<built-in method values of dict object at 0x7f301b998e40>
"{'n_atak': ['6', '8', '5', '19', '2', '17', '9', '12', '0', '1', '11', '10', '14', '13', '15', '16', '7', '3', '4', '18']}",<built-in method values of dict object at 0x7f301b998e40>
"{'n_atak': ['6', '8', '5', '19', '2', '17', '9', '12', '0', '1', '11', '10', '14', '13', '15', '16', '7', '3', '4', '18']}",<built-in method values of dict object at 0x7f301b998e40>
"{'n_atak': ['6', '8', '5', '19', '2', '17', '9', '12', '0', '1', '11', '10', '14', '13', '15', '16', '7', '3', '4', '18']}",<built-in method values of dict object at 0x7f301b998e40>
"{'n_atak': ['6', '8', '5', '19', '2', '17', '9', '12', '0', '1', '11', '10', '14', '13', '15', '16', '7', '3', '4', '18']}",<built-in method values of dict object at 0x7f301b998e40>
"{'n_atak': ['6', '8', '5', '19', '2', '17', '9', '12', '0', '1', '11', '10', '14', '13', '15', '16', '7', '3', '4', '18']}",<built-in method values of dict object at 0x7f301b998e40>
"{'n_atak': ['6', '8', '5', '19', '2', '17', '9', '12', '0', '1', '11', '10', '14', '13', '15', '16', '7', '3', '4', '18']}",<built-in method values of dict object at 0x7f301b998e40>
"{'n_atak': ['6', '8', '5', '19', '2', '17', '9', '12', '0', '1', '11', '10', '14', '13', '15', '16', '7', '3', '4', '18']}",<built-in method values of dict object at 0x7f301b998e40>
"{'n_atak': ['6', '8', '5', '19', '2', '17', '9', '12', '0', '1', '11', '10', '14', '13', '15', '16', '7', '3', '4', '18']}",<built-in method values of dict object at 0x7f301b998e40>
"{'n_atak': ['6', '8', '5', '19', '2', '17', '9', '12', '0', '1', '11', '10', '14', '13', '15', '16', '7', '3', '4', '18']}",<built-in method values of dict object at 0x7f301b998e40>
"{'n_atak': ['6', '8', '5', '19', '2', '17', '9', '12', '0', '1', '11', '10', '14', '13', '15', '16', '7', '3', '4', '18']}",<built-in method values of dict object at 0x7f301b998e40>
"{'n_atak': ['6', '8', '5', '19', '2', '17', '9', '12', '0', '1', '11', '10', '14', '13', '15', '16', '7', '3', '4', '18']}",<built-in method values of dict object at 0x7f301b998e40>
"{'n_atak': ['6', '8', '5', '19', '2', '17', '9', '12', '0', '1', '11', '10', '14', '13', '15', '16', '7', '3', '4', '18']}",<built-in method values of dict object at 0x7f301b998e40>
"{'n_atak': ['6', '8', '5', '19', '2', '17', '9', '12', '0', '1', '11', '10', '14', '13', '15', '16', '7', '3', '4', '18']}",<built-in method values of dict object at 0x7f301b998e40>
"{'n_atak': ['6', '8', '5', '19', '2', '17', '9', '12', '0', '1', '11', '10', '14', '13', '15', '16', '7', '3', '4', '18']}",<built-in method values of dict object at 0x7f301b998e40>
"{'n_atak': ['6', '8', '5', '19', '2', '17', '9', '12', '0', '1', '11', '10', '14', '13', '15', '16', '7', '3', '4', '18']}",<built-in method values of dict object at 0x7f301b998e40>
"{'n_atak': ['6', '8', '5', '19', '2', '17', '9', '12', '0', '1', '11', '10', '14', '13', '15', '16', '7', '3', '4', '18']}",<built-in method values of dict object at 0x7f301b998e40>
"{'n_atak': ['6', '8', '5', '19', '2', '17', '9', '12', '0', '1', '11', '10', '14', '13', '15', '16', '7', '3', '4', '18']}",<built-in method values of dict object at 0x7f301b998e40>
"{'n_atak': ['6', '8', '5', '19', '2', '17', '9', '12', '0', '1', '11', '10', '14', '13', '15', '16', '7', '3', '4', '18']}",<built-in method values of dict object at 0x7f301b998e40>
"{'n_atak': ['6', '8', '5', '19', '2', '17', '9', '12', '0', '1', '11', '10', '14', '13', '15', '16', '7', '3', '4', '18']}",<built-in method values of dict object at 0x7f301b998e40>
"{'n_atak': ['13', '11', '0', '18', '19', '2', '7', '5', '16', '6', '8', '15', '1', '10', '4', '17', '3', '14', '9', '12']}",<built-in method values of dict object at 0x7f31136a7f00>
"{'n_atak': ['13', '11', '0', '18', '19', '2', '7', '5', '16', '6', '8', '15', '1', '10', '4', '17', '3', '14', '9', '12']}",<built-in method values of dict object at 0x7f31136a7f00>
"{'n_atak': ['13', '11', '0', '18', '19', '2', '7', '5', '16', '6', '8', '15', '1', '10', '4', '17', '3', '14', '9', '12']}",<built-in method values of dict object at 0x7f31136a7f00>
"{'n_atak': ['13', '11', '0', '18', '19', '2', '7', '5', '16', '6', '8', '15', '1', '10', '4', '17', '3', '14', '9', '12']}",<built-in method values of dict object at 0x7f31136a7f00>
"{'n_atak': ['13', '11', '0', '18', '19', '2', '7', '5', '16', '6', '8', '15', '1', '10', '4', '17', '3', '14', '9', '12']}",<built-in method values of dict object at 0x7f31136a7f00>
"{'n_atak': ['13', '11', '0', '18', '19', '2', '7', '5', '16', '6', '8', '15', '1', '10', '4', '17', '3', '14', '9', '12']}",<built-in method values of dict object at 0x7f31136a7f00>
"{'n_atak': ['13', '11', '0', '18', '19', '2', '7', '5', '16', '6', '8', '15', '1', '10', '4', '17', '3', '14', '9', '12']}",<built-in method values of dict object at 0x7f31136a7f00>
"{'n_atak': ['13', '11', '0', '18', '19', '2', '7', '5', '16', '6', '8', '15', '1', '10', '4', '17', '3', '14', '9', '12']}",<built-in method values of dict object at 0x7f31136a7f00>
"{'n_atak': ['13', '11', '0', '18', '19', '2', '7', '5', '16', '6', '8', '15', '1', '10', '4', '17', '3', '14', '9', '12']}",<built-in method values of dict object at 0x7f31136a7f00>
"{'n_atak': ['13', '11', '0', '18', '19', '2', '7', '5', '16', '6', '8', '15', '1', '10', '4', '17', '3', '14', '9', '12']}",<built-in method values of dict object at 0x7f31136a7f00>
"{'n_atak': ['13', '11', '0', '18', '19', '2', '7', '5', '16', '6', '8', '15', '1', '10', '4', '17', '3', '14', '9', '12']}",<built-in method values of dict object at 0x7f31136a7f00>
"{'n_atak': ['13', '11', '0', '18', '19', '2', '7', '5', '16', '6', '8', '15', '1', '10', '4', '17', '3', '14', '9', '12']}",<built-in method values of dict object at 0x7f31136a7f00>
"{'n_atak': ['13', '11', '0', '18', '19', '2', '7', '5', '16', '6', '8', '15', '1', '10', '4', '17', '3', '14', '9', '12']}",<built-in method values of dict object at 0x7f31136a7f00>
"{'n_atak': ['13', '11', '0', '18', '19', '2', '7', '5', '16', '6', '8', '15', '1', '10', '4', '17', '3', '14', '9', '12']}",<built-in method values of dict object at 0x7f31136a7f00>
"{'n_atak': ['13', '11', '0', '18', '19', '2', '7', '5', '16', '6', '8', '15', '1', '10', '4', '17', '3', '14', '9', '12']}",<built-in method values of dict object at 0x7f31136a7f00>
"{'n_atak': ['13', '11', '0', '18', '19', '2', '7', '5', '16', '6', '8', '15', '1', '10', '4', '17', '3', '14', '9', '12']}",<built-in method values of dict object at 0x7f31136a7f00>
"{'n_atak': ['13', '11', '0', '18', '19', '2', '7', '5', '16', '6', '8', '15', '1', '10', '4', '17', '3', '14', '9', '12']}",<built-in method values of dict object at 0x7f31136a7f00>
"{'n_atak': ['13', '11', '0', '18', '19', '2', '7', '5', '16', '6', '8', '15', '1', '10', '4', '17', '3', '14', '9', '12']}",<built-in method values of dict object at 0x7f31136a7f00>
"{'n_atak': ['13', '11', '0', '18', '19', '2', '7', '5', '16', '6', '8', '15', '1', '10', '4', '17', '3', '14', '9', '12']}",<built-in method values of dict object at 0x7f31136a7f00>
"{'n_atak': ['13', '11', '0', '18', '19', '2', '7', '5', '16', '6', '8', '15', '1', '10', '4', '17', '3', '14', '9', '12']}",<built-in method values of dict object at 0x7f31136a7f00>
"{'n_atak': ['10', '17', '16', '19', '11', '18', '15', '13', '14', '9', '12'], 'atak': ['7', '8', '2', '1', '4', '0', '3', '5', '6']}",<built-in method values of dict object at 0x7f31136b5080>
"{'n_atak': ['10', '17', '16', '19', '11', '18', '15', '13', '14', '9', '12'], 'atak': ['7', '8', '2', '1', '4', '0', '3', '5', '6']}",<built-in method values of dict object at 0x7f31136b5080>
"{'n_atak': ['10', '17', '16', '19', '11', '18', '15', '13', '14', '9', '12'], 'atak': ['7', '8', '2', '1', '4', '0', '3', '5', '6']}",<built-in method values of dict object at 0x7f31136b5080>
"{'n_atak': ['10', '17', '16', '19', '11', '18', '15', '13', '14', '9', '12'], 'atak': ['7', '8', '2', '1', '4', '0', '3', '5', '6']}",<built-in method values of dict object at 0x7f31136b5080>
"{'n_atak': ['10', '17', '16', '19', '11', '18', '15', '13', '14', '9', '12'], 'atak': ['7', '8', '2', '1', '4', '0', '3', '5', '6']}",<built-in method values of dict object at 0x7f31136b5080>
"{'n_atak': ['10', '17', '16', '19', '11', '18', '15', '13', '14', '9', '12'], 'atak': ['7', '8', '2', '1', '4', '0', '3', '5', '6']}",<built-in method values of dict object at 0x7f31136b5080>
"{'n_atak': ['10', '17', '16', '19', '11', '18', '15', '13', '14', '9', '12'], 'atak': ['7', '8', '2', '1', '4', '0', '3', '5', '6']}",<built-in method values of dict object at 0x7f31136b5080>
"{'n_atak': ['10', '17', '16', '19', '11', '18', '15', '13', '14', '9', '12'], 'atak': ['7', '8', '2', '1', '4', '0', '3', '5', '6']}",<built-in method values of dict object at 0x7f31136b5080>
"{'n_atak': ['10', '17', '16', '19', '11', '18', '15', '13', '14', '9', '12'], 'atak': ['7', '8', '2', '1', '4', '0', '3', '5', '6']}",<built-in method values of dict object at 0x7f31136b5080>
"{'n_atak': ['10', '17', '16', '19', '11', '18', '15', '13', '14', '9', '12'], 'atak': ['7', '8', '2', '1', '4', '0', '3', '5', '6']}",<built-in method values of dict object at 0x7f31136b5080>
"{'n_atak': ['10', '17', '16', '19', '11', '18', '15', '13', '14', '9', '12'], 'atak': ['7', '8', '2', '1', '4', '0', '3', '5', '6']}",<built-in method values of dict object at 0x7f31136b5080>
"{'n_atak': ['10', '17', '16', '19', '11', '18', '15', '13', '14', '9', '12'], 'atak': ['7', '8', '2', '1', '4', '0', '3', '5', '6']}",<built-in method values of dict object at 0x7f31136b5080>
"{'n_atak': ['10', '17', '16', '19', '11', '18', '15', '13', '14', '9', '12'], 'atak': ['7', '8', '2', '1', '4', '0', '3', '5', '6']}",<built-in method values of dict object at 0x7f31136b5080>
"{'n_atak': ['10', '17', '16', '19', '11', '18', '15', '13', '14', '9', '12'], 'atak': ['7', '8', '2', '1', '4', '0', '3', '5', '6']}",<built-in method values of dict object at 0x7f31136b5080>
"{'n_atak': ['10', '17', '16', '19', '11', '18', '15', '13', '14', '9', '12'], 'atak': ['7', '8', '2', '1', '4', '0', '3', '5', '6']}",<built-in method values of dict object at 0x7f31136b5080>
"{'n_atak': ['10', '17', '16', '19', '11', '18', '15', '13', '14', '9', '12'], 'atak': ['7', '8', '2', '1', '4', '0', '3', '5', '6']}",<built-in method values of dict object at 0x7f31136b5080>
"{'n_atak': ['10', '17', '16', '19', '11', '18', '15', '13', '14', '9', '12'], 'atak': ['7', '8', '2', '1', '4', '0', '3', '5', '6']}",<built-in method values of dict object at 0x7f31136b5080>
"{'n_atak': ['10', '17', '16', '19', '11', '18', '15', '13', '14', '9', '12'], 'atak': ['7', '8', '2', '1', '4', '0', '3', '5', '6']}",<built-in method values of dict object at 0x7f31136b5080>
"{'n_atak': ['10', '17', '16', '19', '11', '18', '15', '13', '14', '9', '12'], 'atak': ['7', '8', '2', '1', '4', '0', '3', '5', '6']}",<built-in method values of dict object at 0x7f31136b5080>
"{'n_atak': ['10', '17', '16', '19', '11', '18', '15', '13', '14', '9', '12'], 'atak': ['7', '8', '2', '1', '4', '0', '3', '5', '6']}",<built-in method values of dict object at 0x7f31136b5080>
"{'atak': ['3', '7', '8', '4', '0', '6', '1', '5', '2'], 'n_atak': ['15', '19', '12', '16', '9', '11', '18', '17', '13', '10', '14']}",<built-in method values of dict object at 0x7f3113658340>
"{'atak': ['3', '7', '8', '4', '0', '6', '1', '5', '2'], 'n_atak': ['15', '19', '12', '16', '9', '11', '18', '17', '13', '10', '14']}",<built-in method values of dict object at 0x7f3113658340>
"{'atak': ['3', '7', '8', '4', '0', '6', '1', '5', '2'], 'n_atak': ['15', '19', '12', '16', '9', '11', '18', '17', '13', '10', '14']}",<built-in method values of dict object at 0x7f3113658340>
"{'atak': ['3', '7', '8', '4', '0', '6', '1', '5', '2'], 'n_atak': ['15', '19', '12', '16', '9', '11', '18', '17', '13', '10', '14']}",<built-in method values of dict object at 0x7f3113658340>
"{'atak': ['3', '7', '8', '4', '0', '6', '1', '5', '2'], 'n_atak': ['15', '19', '12', '16', '9', '11', '18', '17', '13', '10', '14']}",<built-in method values of dict object at 0x7f3113658340>
"{'atak': ['3', '7', '8', '4', '0', '6', '1', '5', '2'], 'n_atak': ['15', '19', '12', '16', '9', '11', '18', '17', '13', '10', '14']}",<built-in method values of dict object at 0x7f3113658340>
"{'atak': ['3', '7', '8', '4', '0', '6', '1', '5', '2'], 'n_atak': ['15', '19', '12', '16', '9', '11', '18', '17', '13', '10', '14']}",<built-in method values of dict object at 0x7f3113658340>
"{'atak': ['3', '7', '8', '4', '0', '6', '1', '5', '2'], 'n_atak': ['15', '19', '12', '16', '9', '11', '18', '17', '13', '10', '14']}",<built-in method values of dict object at 0x7f3113658340>
"{'atak': ['3', '7', '8', '4', '0', '6', '1', '5', '2'], 'n_atak': ['15', '19', '12', '16', '9', '11', '18', '17', '13', '10', '14']}",<built-in method values of dict object at 0x7f3113658340>
"{'atak': ['3', '7', '8', '4', '0', '6', '1', '5', '2'], 'n_atak': ['15', '19', '12', '16', '9', '11', '18', '17', '13', '10', '14']}",<built-in method values of dict object at 0x7f3113658340>
"{'atak': ['3', '7', '8', '4', '0', '6', '1', '5', '2'], 'n_atak': ['15', '19', '12', '16', '9', '11', '18', '17', '13', '10', '14']}",<built-in method values of dict object at 0x7f3113658340>
"{'atak': ['3', '7', '8', '4', '0', '6', '1', '5', '2'], 'n_atak': ['15', '19', '12', '16', '9', '11', '18', '17', '13', '10', '14']}",<built-in method values of dict object at 0x7f3113658340>
"{'atak': ['3', '7', '8', '4', '0', '6', '1', '5', '2'], 'n_atak': ['15', '19', '12', '16', '9', '11', '18', '17', '13', '10', '14']}",<built-in method values of dict object at 0x7f3113658340>
"{'atak': ['3', '7', '8', '4', '0', '6', '1', '5', '2'], 'n_atak': ['15', '19', '12', '16', '9', '11', '18', '17', '13', '10', '14']}",<built-in method values of dict object at 0x7f3113658340>
"{'atak': ['3', '7', '8', '4', '0', '6', '1', '5', '2'], 'n_atak': ['15', '19', '12', '16', '9', '11', '18', '17', '13', '10', '14']}",<built-in method values of dict object at 0x7f3113658340>
"{'atak': ['3', '7', '8', '4', '0', '6', '1', '5', '2'], 'n_atak': ['15', '19', '12', '16', '9', '11', '18', '17', '13', '10', '14']}",<built-in method values of dict object at 0x7f3113658340>
"{'atak': ['3', '7', '8', '4', '0', '6', '1', '5', '2'], 'n_atak': ['15', '19', '12', '16', '9', '11', '18', '17', '13', '10', '14']}",<built-in method values of dict object at 0x7f3113658340>
"{'atak': ['3', '7', '8', '4', '0', '6', '1', '5', '2'], 'n_atak': ['15', '19', '12', '16', '9', '11', '18', '17', '13', '10', '14']}",<built-in method values of dict object at 0x7f3113658340>
"{'atak': ['3', '7', '8', '4', '0', '6', '1', '5', '2'], 'n_atak': ['15', '19', '12', '16', '9', '11', '18', '17', '13', '10', '14']}",<built-in method values of dict object at 0x7f3113658340>
"{'atak': ['3', '7', '8', '4', '0', '6', '1', '5', '2'], 'n_atak': ['15', '19', '12', '16', '9', '11', '18', '17', '13', '10', '14']}",<built-in method values of dict object at 0x7f3113658340>
"{'atak': ['1', '8', '4', '6', '0', '7', '3', '5', '2'], 'n_atak': ['18', '12', '10', '13', '9', '15', '17', '11', '19', '16', '14']}",<built-in method values of dict object at 0x7f31136cddc0>
"{'atak': ['1', '8', '4', '6', '0', '7', '3', '5', '2'], 'n_atak': ['18', '12', '10', '13', '9', '15', '17', '11', '19', '16', '14']}",<built-in method values of dict object at 0x7f31136cddc0>
"{'atak': ['1', '8', '4', '6', '0', '7', '3', '5', '2'], 'n_atak': ['18', '12', '10', '13', '9', '15', '17', '11', '19', '16', '14']}",<built-in method values of dict object at 0x7f31136cddc0>
"{'atak': ['1', '8', '4', '6', '0', '7', '3', '5', '2'], 'n_atak': ['18', '12', '10', '13', '9', '15', '17', '11', '19', '16', '14']}",<built-in method values of dict object at 0x7f31136cddc0>
"{'atak': ['1', '8', '4', '6', '0', '7', '3', '5', '2'], 'n_atak': ['18', '12', '10', '13', '9', '15', '17', '11', '19', '16', '14']}",<built-in method values of dict object at 0x7f31136cddc0>
"{'atak': ['1', '8', '4', '6', '0', '7', '3', '5', '2'], 'n_atak': ['18', '12', '10', '13', '9', '15', '17', '11', '19', '16', '14']}",<built-in method values of dict object at 0x7f31136cddc0>
"{'atak': ['1', '8', '4', '6', '0', '7', '3', '5', '2'], 'n_atak': ['18', '12', '10', '13', '9', '15', '17', '11', '19', '16', '14']}",<built-in method values of dict object at 0x7f31136cddc0>
"{'atak': ['1', '8', '4', '6', '0', '7', '3', '5', '2'], 'n_atak': ['18', '12', '10', '13', '9', '15', '17', '11', '19', '16', '14']}",<built-in method values of dict object at 0x7f31136cddc0>
"{'atak': ['1', '8', '4', '6', '0', '7', '3', '5', '2'], 'n_atak': ['18', '12', '10', '13', '9', '15', '17', '11', '19', '16', '14']}",<built-in method values of dict object at 0x7f31136cddc0>
"{'atak': ['1', '8', '4', '6', '0', '7', '3', '5', '2'], 'n_atak': ['18', '12', '10', '13', '9', '15', '17', '11', '19', '16', '14']}",<built-in method values of dict object at 0x7f31136cddc0>
"{'atak': ['1', '8', '4', '6', '0', '7', '3', '5', '2'], 'n_atak': ['18', '12', '10', '13', '9', '15', '17', '11', '19', '16', '14']}",<built-in method values of dict object at 0x7f31136cddc0>
"{'atak': ['1', '8', '4', '6', '0', '7', '3', '5', '2'], 'n_atak': ['18', '12', '10', '13', '9', '15', '17', '11', '19', '16', '14']}",<built-in method values of dict object at 0x7f31136cddc0>
"{'atak': ['1', '8', '4', '6', '0', '7', '3', '5', '2'], 'n_atak': ['18', '12', '10', '13', '9', '15', '17', '11', '19', '16', '14']}",<built-in method values of dict object at 0x7f31136cddc0>
"{'atak': ['1', '8', '4', '6', '0', '7', '3', '5', '2'], 'n_atak': ['18', '12', '10', '13', '9', '15', '17', '11', '19', '16', '14']}",<built-in method values of dict object at 0x7f31136cddc0>
"{'atak': ['1', '8', '4', '6', '0', '7', '3', '5', '2'], 'n_atak': ['18', '12', '10', '13', '9', '15', '17', '11', '19', '16', '14']}",<built-in method values of dict object at 0x7f31136cddc0>
"{'atak': ['1', '8', '4', '6', '0', '7', '3', '5', '2'], 'n_atak': ['18', '12', '10', '13', '9', '15', '17', '11', '19', '16', '14']}",<built-in method values of dict object at 0x7f31136cddc0>
"{'atak': ['1', '8', '4', '6', '0', '7', '3', '5', '2'], 'n_atak': ['18', '12', '10', '13', '9', '15', '17', '11', '19', '16', '14']}",<built-in method values of dict object at 0x7f31136cddc0>
"{'atak': ['1', '8', '4', '6', '0', '7', '3', '5', '2'], 'n_atak': ['18', '12', '10', '13', '9', '15', '17', '11', '19', '16', '14']}",<built-in method values of dict object at 0x7f31136cddc0>
"{'atak': ['1', '8', '4', '6', '0', '7', '3', '5', '2'], 'n_atak': ['18', '12', '10', '13', '9', '15', '17', '11', '19', '16', '14']}",<built-in method values of dict object at 0x7f31136cddc0>
"{'atak': ['1', '8', '4', '6', '0', '7', '3', '5', '2'], 'n_atak': ['18', '12', '10', '13', '9', '15', '17', '11', '19', '16', '14']}",<built-in method values of dict object at 0x7f31136cddc0>
"{'atak': ['3', '0', '5', '6', '7', '4', '8', '2', '1'], 'n_atak': ['17', '9', '11', '18', '16', '19', '12', '13', '15', '14', '10']}",<built-in method values of dict object at 0x7f31136cefc0>
"{'atak': ['3', '0', '5', '6', '7', '4', '8', '2', '1'], 'n_atak': ['17', '9', '11', '18', '16', '19', '12', '13', '15', '14', '10']}",<built-in method values of dict object at 0x7f31136cefc0>
"{'atak': ['3', '0', '5', '6', '7', '4', '8', '2', '1'], 'n_atak': ['17', '9', '11', '18', '16', '19', '12', '13', '15', '14', '10']}",<built-in method values of dict object at 0x7f31136cefc0>
"{'atak': ['3', '0', '5', '6', '7', '4', '8', '2', '1'], 'n_atak': ['17', '9', '11', '18', '16', '19', '12', '13', '15', '14', '10']}",<built-in method values of dict object at 0x7f31136cefc0>
"{'atak': ['3', '0', '5', '6', '7', '4', '8', '2', '1'], 'n_atak': ['17', '9', '11', '18', '16', '19', '12', '13', '15', '14', '10']}",<built-in method values of dict object at 0x7f31136cefc0>
"{'atak': ['3', '0', '5', '6', '7', '4', '8', '2', '1'], 'n_atak': ['17', '9', '11', '18', '16', '19', '12', '13', '15', '14', '10']}",<built-in method values of dict object at 0x7f31136cefc0>
"{'atak': ['3', '0', '5', '6', '7', '4', '8', '2', '1'], 'n_atak': ['17', '9', '11', '18', '16', '19', '12', '13', '15', '14', '10']}",<built-in method values of dict object at 0x7f31136cefc0>
"{'atak': ['3', '0', '5', '6', '7', '4', '8', '2', '1'], 'n_atak': ['17', '9', '11', '18', '16', '19', '12', '13', '15', '14', '10']}",<built-in method values of dict object at 0x7f31136cefc0>
"{'atak': ['3', '0', '5', '6', '7', '4', '8', '2', '1'], 'n_atak': ['17', '9', '11', '18', '16', '19', '12', '13', '15', '14', '10']}",<built-in method values of dict object at 0x7f31136cefc0>
"{'atak': ['3', '0', '5', '6', '7', '4', '8', '2', '1'], 'n_atak': ['17', '9', '11', '18', '16', '19', '12', '13', '15', '14', '10']}",<built-in method values of dict object at 0x7f31136cefc0>
"{'atak': ['3', '0', '5', '6', '7', '4', '8', '2', '1'], 'n_atak': ['17', '9', '11', '18', '16', '19', '12', '13', '15', '14', '10']}",<built-in method values of dict object at 0x7f31136cefc0>
"{'atak': ['3', '0', '5', '6', '7', '4', '8', '2', '1'], 'n_atak': ['17', '9', '11', '18', '16', '19', '12', '13', '15', '14', '10']}",<built-in method values of dict object at 0x7f31136cefc0>
"{'atak': ['3', '0', '5', '6', '7', '4', '8', '2', '1'], 'n_atak': ['17', '9', '11', '18', '16', '19', '12', '13', '15', '14', '10']}",<built-in method values of dict object at 0x7f31136cefc0>
"{'atak': ['3', '0', '5', '6', '7', '4', '8', '2', '1'], 'n_atak': ['17', '9', '11', '18', '16', '19', '12', '13', '15', '14', '10']}",<built-in method values of dict object at 0x7f31136cefc0>
"{'atak': ['3', '0', '5', '6', '7', '4', '8', '2', '1'], 'n_atak': ['17', '9', '11', '18', '16', '19', '12', '13', '15', '14', '10']}",<built-in method values of dict object at 0x7f31136cefc0>
"{'atak': ['3', '0', '5', '6', '7', '4', '8', '2', '1'], 'n_atak': ['17', '9', '11', '18', '16', '19', '12', '13', '15', '14', '10']}",<built-in method values of dict object at 0x7f31136cefc0>
"{'atak': ['3', '0', '5', '6', '7', '4', '8', '2', '1'], 'n_atak': ['17', '9', '11', '18', '16', '19', '12', '13', '15', '14', '10']}",<built-in method values of dict object at 0x7f31136cefc0>
"{'atak': ['3', '0', '5', '6', '7', '4', '8', '2', '1'], 'n_atak': ['17', '9', '11', '18', '16', '19', '12', '13', '15', '14', '10']}",<built-in method values of dict object at 0x7f31136cefc0>
"{'atak': ['3', '0', '5', '6', '7', '4', '8', '2', '1'], 'n_atak': ['17', '9', '11', '18', '16', '19', '12', '13', '15', '14', '10']}",<built-in method values of dict object at 0x7f31136cefc0>
"{'atak': ['3', '0', '5', '6', '7', '4', '8', '2', '1'], 'n_atak': ['17', '9', '11', '18', '16', '19', '12', '13', '15', '14', '10']}",<built-in method values of dict object at 0x7f31136cefc0>
"{'n_atak': ['18', '9', '13', '12', '14', '16', '11', '19', '15', '17', '10'], 'atak': ['5', '7', '6', '8', '1', '4', '3', '2', '0']}",<built-in method values of dict object at 0x7f31134f0780>
"{'n_atak': ['18', '9', '13', '12', '14', '16', '11', '19', '15', '17', '10'], 'atak': ['5', '7', '6', '8', '1', '4', '3', '2', '0']}",<built-in method values of dict object at 0x7f31134f0780>
"{'n_atak': ['18', '9', '13', '12', '14', '16', '11', '19', '15', '17', '10'], 'atak': ['5', '7', '6', '8', '1', '4', '3', '2', '0']}",<built-in method values of dict object at 0x7f31134f0780>
"{'n_atak': ['18', '9', '13', '12', '14', '16', '11', '19', '15', '17', '10'], 'atak': ['5', '7', '6', '8', '1', '4', '3', '2', '0']}",<built-in method values of dict object at 0x7f31134f0780>
"{'n_atak': ['18', '9', '13', '12', '14', '16', '11', '19', '15', '17', '10'], 'atak': ['5', '7', '6', '8', '1', '4', '3', '2', '0']}",<built-in method values of dict object at 0x7f31134f0780>
"{'n_atak': ['18', '9', '13', '12', '14', '16', '11', '19', '15', '17', '10'], 'atak': ['5', '7', '6', '8', '1', '4', '3', '2', '0']}",<built-in method values of dict object at 0x7f31134f0780>
"{'n_atak': ['18', '9', '13', '12', '14', '16', '11', '19', '15', '17', '10'], 'atak': ['5', '7', '6', '8', '1', '4', '3', '2', '0']}",<built-in method values of dict object at 0x7f31134f0780>
"{'n_atak': ['18', '9', '13', '12', '14', '16', '11', '19', '15', '17', '10'], 'atak': ['5', '7', '6', '8', '1', '4', '3', '2', '0']}",<built-in method values of dict object at 0x7f31134f0780>
"{'n_atak': ['18', '9', '13', '12', '14', '16', '11', '19', '15', '17', '10'], 'atak': ['5', '7', '6', '8', '1', '4', '3', '2', '0']}",<built-in method values of dict object at 0x7f31134f0780>
"{'n_atak': ['18', '9', '13', '12', '14', '16', '11', '19', '15', '17', '10'], 'atak': ['5', '7', '6', '8', '1', '4', '3', '2', '0']}",<built-in method values of dict object at 0x7f31134f0780>
"{'n_atak': ['18', '9', '13', '12', '14', '16', '11', '19', '15', '17', '10'], 'atak': ['5', '7', '6', '8', '1', '4', '3', '2', '0']}",<built-in method values of dict object at 0x7f31134f0780>
"{'n_atak': ['18', '9', '13', '12', '14', '16', '11', '19', '15', '17', '10'], 'atak': ['5', '7', '6', '8', '1', '4', '3', '2', '0']}",<built-in method values of dict object at 0x7f31134f0780>
"{'n_atak': ['18', '9', '13', '12', '14', '16', '11', '19', '15', '17', '10'], 'atak': ['5', '7', '6', '8', '1', '4', '3', '2', '0']}",<built-in method values of dict object at 0x7f31134f0780>
"{'n_atak': ['18', '9', '13', '12', '14', '16', '11', '19', '15', '17', '10'], 'atak': ['5', '7', '6', '8', '1', '4', '3', '2', '0']}",<built-in method values of dict object at 0x7f31134f0780>
"{'n_atak': ['18', '9', '13', '12', '14', '16', '11', '19', '15', '17', '10'], 'atak': ['5', '7', '6', '8', '1', '4', '3', '2', '0']}",<built-in method values of dict object at 0x7f31134f0780>
"{'n_atak': ['18', '9', '13', '12', '14', '16', '11', '19', '15', '17', '10'], 'atak': ['5', '7', '6', '8', '1', '4', '3', '2', '0']}",<built-in method values of dict object at 0x7f31134f0780>
"{'n_atak': ['18', '9', '13', '12', '14', '16', '11', '19', '15', '17', '10'], 'atak': ['5', '7', '6', '8', '1', '4', '3', '2', '0']}",<built-in method values of dict object at 0x7f31134f0780>
"{'n_atak': ['18', '9', '13', '12', '14', '16', '11', '19', '15', '17', '10'], 'atak': ['5', '7', '6', '8', '1', '4', '3', '2', '0']}",<built-in method values of dict object at 0x7f31134f0780>
"{'n_atak': ['18', '9', '13', '12', '14', '16', '11', '19', '15', '17', '10'], 'atak': ['5', '7', '6', '8', '1', '4', '3', '2', '0']}",<built-in method values of dict object at 0x7f31134f0780>
"{'n_atak': ['18', '9', '13', '12', '14', '16', '11', '19', '15', '17', '10'], 'atak': ['5', '7', '6', '8', '1', '4', '3', '2', '0']}",<built-in method values of dict object at 0x7f31134f0780>
"{'atak': ['0', '4', '6', '1', '2', '7', '3', '5', '8'], 'n_atak': ['15', '10', '14', '11', '12', '17', '13', '16', '19', '18', '9']}",<built-in method values of dict object at 0x7f31136cf200>
"{'atak': ['0', '4', '6', '1', '2', '7', '3', '5', '8'], 'n_atak': ['15', '10', '14', '11', '12', '17', '13', '16', '19', '18', '9']}",<built-in method values of dict object at 0x7f31136cf200>
"{'atak': ['0', '4', '6', '1', '2', '7', '3', '5', '8'], 'n_atak': ['15', '10', '14', '11', '12', '17', '13', '16', '19', '18', '9']}",<built-in method values of dict object at 0x7f31136cf200>
"{'atak': ['0', '4', '6', '1', '2', '7', '3', '5', '8'], 'n_atak': ['15', '10', '14', '11', '12', '17', '13', '16', '19', '18', '9']}",<built-in method values of dict object at 0x7f31136cf200>
"{'atak': ['0', '4', '6', '1', '2', '7', '3', '5', '8'], 'n_atak': ['15', '10', '14', '11', '12', '17', '13', '16', '19', '18', '9']}",<built-in method values of dict object at 0x7f31136cf200>
"{'atak': ['0', '4', '6', '1', '2', '7', '3', '5', '8'], 'n_atak': ['15', '10', '14', '11', '12', '17', '13', '16', '19', '18', '9']}",<built-in method values of dict object at 0x7f31136cf200>
"{'atak': ['0', '4', '6', '1', '2', '7', '3', '5', '8'], 'n_atak': ['15', '10', '14', '11', '12', '17', '13', '16', '19', '18', '9']}",<built-in method values of dict object at 0x7f31136cf200>
"{'atak': ['0', '4', '6', '1', '2', '7', '3', '5', '8'], 'n_atak': ['15', '10', '14', '11', '12', '17', '13', '16', '19', '18', '9']}",<built-in method values of dict object at 0x7f31136cf200>
"{'atak': ['0', '4', '6', '1', '2', '7', '3', '5', '8'], 'n_atak': ['15', '10', '14', '11', '12', '17', '13', '16', '19', '18', '9']}",<built-in method values of dict object at 0x7f31136cf200>
"{'atak': ['0', '4', '6', '1', '2', '7', '3', '5', '8'], 'n_atak': ['15', '10', '14', '11', '12', '17', '13', '16', '19', '18', '9']}",<built-in method values of dict object at 0x7f31136cf200>
"{'atak': ['0', '4', '6', '1', '2', '7', '3', '5', '8'], 'n_atak': ['15', '10', '14', '11', '12', '17', '13', '16', '19', '18', '9']}",<built-in method values of dict object at 0x7f31136cf200>
"{'atak': ['0', '4', '6', '1', '2', '7', '3', '5', '8'], 'n_atak': ['15', '10', '14', '11', '12', '17', '13', '16', '19', '18', '9']}",<built-in method values of dict object at 0x7f31136cf200>
"{'atak': ['0', '4', '6', '1', '2', '7', '3', '5', '8'], 'n_atak': ['15', '10', '14', '11', '12', '17', '13', '16', '19', '18', '9']}",<built-in method values of dict object at 0x7f31136cf200>
"{'atak': ['0', '4', '6', '1', '2', '7', '3', '5', '8'], 'n_atak': ['15', '10', '14', '11', '12', '17', '13', '16', '19', '18', '9']}",<built-in method values of dict object at 0x7f31136cf200>
"{'atak': ['0', '4', '6', '1', '2', '7', '3', '5', '8'], 'n_atak': ['15', '10', '14', '11', '12', '17', '13', '16', '19', '18', '9']}",<built-in method values of dict object at 0x7f31136cf200>
"{'atak': ['0', '4', '6', '1', '2', '7', '3', '5', '8'], 'n_atak': ['15', '10', '14', '11', '12', '17', '13', '16', '19', '18', '9']}",<built-in method values of dict object at 0x7f31136cf200>
"{'atak': ['0', '4', '6', '1', '2', '7', '3', '5', '8'], 'n_atak': ['15', '10', '14', '11', '12', '17', '13', '16', '19', '18', '9']}",<built-in method values of dict object at 0x7f31136cf200>
"{'atak': ['0', '4', '6', '1', '2', '7', '3', '5', '8'], 'n_atak': ['15', '10', '14', '11', '12', '17', '13', '16', '19', '18', '9']}",<built-in method values of dict object at 0x7f31136cf200>
"{'atak': ['0', '4', '6', '1', '2', '7', '3', '5', '8'], 'n_atak': ['15', '10', '14', '11', '12', '17', '13', '16', '19', '18', '9']}",<built-in method values of dict object at 0x7f31136cf200>
"{'atak': ['0', '4', '6', '1', '2', '7', '3', '5', '8'], 'n_atak': ['15', '10', '14', '11', '12', '17', '13', '16', '19', '18', '9']}",<built-in method values of dict object at 0x7f31136cf200>
"{'atak': ['8', '5', '7', '0', '6', '1', '3', '4', '2'], 'n_atak': ['13', '14', '16', '12', '11', '18', '17', '19', '15', '9', '10']}",<built-in method values of dict object at 0x7f31136b4840>
"{'atak': ['8', '5', '7', '0', '6', '1', '3', '4', '2'], 'n_atak': ['13', '14', '16', '12', '11', '18', '17', '19', '15', '9', '10']}",<built-in method values of dict object at 0x7f31136b4840>
"{'atak': ['8', '5', '7', '0', '6', '1', '3', '4', '2'], 'n_atak': ['13', '14', '16', '12', '11', '18', '17', '19', '15', '9', '10']}",<built-in method values of dict object at 0x7f31136b4840>
"{'atak': ['8', '5', '7', '0', '6', '1', '3', '4', '2'], 'n_atak': ['13', '14', '16', '12', '11', '18', '17', '19', '15', '9', '10']}",<built-in method values of dict object at 0x7f31136b4840>
"{'atak': ['8', '5', '7', '0', '6', '1', '3', '4', '2'], 'n_atak': ['13', '14', '16', '12', '11', '18', '17', '19', '15', '9', '10']}",<built-in method values of dict object at 0x7f31136b4840>
"{'atak': ['8', '5', '7', '0', '6', '1', '3', '4', '2'], 'n_atak': ['13', '14', '16', '12', '11', '18', '17', '19', '15', '9', '10']}",<built-in method values of dict object at 0x7f31136b4840>
"{'atak': ['8', '5', '7', '0', '6', '1', '3', '4', '2'], 'n_atak': ['13', '14', '16', '12', '11', '18', '17', '19', '15', '9', '10']}",<built-in method values of dict object at 0x7f31136b4840>
"{'atak': ['8', '5', '7', '0', '6', '1', '3', '4', '2'], 'n_atak': ['13', '14', '16', '12', '11', '18', '17', '19', '15', '9', '10']}",<built-in method values of dict object at 0x7f31136b4840>
"{'atak': ['8', '5', '7', '0', '6', '1', '3', '4', '2'], 'n_atak': ['13', '14', '16', '12', '11', '18', '17', '19', '15', '9', '10']}",<built-in method values of dict object at 0x7f31136b4840>
"{'atak': ['8', '5', '7', '0', '6', '1', '3', '4', '2'], 'n_atak': ['13', '14', '16', '12', '11', '18', '17', '19', '15', '9', '10']}",<built-in method values of dict object at 0x7f31136b4840>
"{'atak': ['8', '5', '7', '0', '6', '1', '3', '4', '2'], 'n_atak': ['13', '14', '16', '12', '11', '18', '17', '19', '15', '9', '10']}",<built-in method values of dict object at 0x7f31136b4840>
"{'atak': ['8', '5', '7', '0', '6', '1', '3', '4', '2'], 'n_atak': ['13', '14', '16', '12', '11', '18', '17', '19', '15', '9', '10']}",<built-in method values of dict object at 0x7f31136b4840>
"{'atak': ['8', '5', '7', '0', '6', '1', '3', '4', '2'], 'n_atak': ['13', '14', '16', '12', '11', '18', '17', '19', '15', '9', '10']}",<built-in method values of dict object at 0x7f31136b4840>
"{'atak': ['8', '5', '7', '0', '6', '1', '3', '4', '2'], 'n_atak': ['13', '14', '16', '12', '11', '18', '17', '19', '15', '9', '10']}",<built-in method values of dict object at 0x7f31136b4840>
"{'atak': ['8', '5', '7', '0', '6', '1', '3', '4', '2'], 'n_atak': ['13', '14', '16', '12', '11', '18', '17', '19', '15', '9', '10']}",<built-in method values of dict object at 0x7f31136b4840>
"{'atak': ['8', '5', '7', '0', '6', '1', '3', '4', '2'], 'n_atak': ['13', '14', '16', '12', '11', '18', '17', '19', '15', '9', '10']}",<built-in method values of dict object at 0x7f31136b4840>
"{'atak': ['8', '5', '7', '0', '6', '1', '3', '4', '2'], 'n_atak': ['13', '14', '16', '12', '11', '18', '17', '19', '15', '9', '10']}",<built-in method values of dict object at 0x7f31136b4840>
"{'atak': ['8', '5', '7', '0', '6', '1', '3', '4', '2'], 'n_atak': ['13', '14', '16', '12', '11', '18', '17', '19', '15', '9', '10']}",<built-in method values of dict object at 0x7f31136b4840>
"{'atak': ['8', '5', '7', '0', '6', '1', '3', '4', '2'], 'n_atak': ['13', '14', '16', '12', '11', '18', '17', '19', '15', '9', '10']}",<built-in method values of dict object at 0x7f31136b4840>
"{'atak': ['8', '5', '7', '0', '6', '1', '3', '4', '2'], 'n_atak': ['13', '14', '16', '12', '11', '18', '17', '19', '15', '9', '10']}",<built-in method values of dict object at 0x7f31136b4840>
"{'n_atak': ['16', '10', '14', '11', '13', '19', '17', '12', '9', '15', '18'], 'atak': ['1', '7', '6', '2', '8', '3', '5', '4', '0']}",<built-in method values of dict object at 0x7f3034d18a80>
"{'n_atak': ['16', '10', '14', '11', '13', '19', '17', '12', '9', '15', '18'], 'atak': ['1', '7', '6', '2', '8', '3', '5', '4', '0']}",<built-in method values of dict object at 0x7f3034d18a80>
"{'n_atak': ['16', '10', '14', '11', '13', '19', '17', '12', '9', '15', '18'], 'atak': ['1', '7', '6', '2', '8', '3', '5', '4', '0']}",<built-in method values of dict object at 0x7f3034d18a80>
"{'n_atak': ['16', '10', '14', '11', '13', '19', '17', '12', '9', '15', '18'], 'atak': ['1', '7', '6', '2', '8', '3', '5', '4', '0']}",<built-in method values of dict object at 0x7f3034d18a80>
"{'n_atak': ['16', '10', '14', '11', '13', '19', '17', '12', '9', '15', '18'], 'atak': ['1', '7', '6', '2', '8', '3', '5', '4', '0']}",<built-in method values of dict object at 0x7f3034d18a80>
"{'n_atak': ['16', '10', '14', '11', '13', '19', '17', '12', '9', '15', '18'], 'atak': ['1', '7', '6', '2', '8', '3', '5', '4', '0']}",<built-in method values of dict object at 0x7f3034d18a80>
"{'n_atak': ['16', '10', '14', '11', '13', '19', '17', '12', '9', '15', '18'], 'atak': ['1', '7', '6', '2', '8', '3', '5', '4', '0']}",<built-in method values of dict object at 0x7f3034d18a80>
"{'n_atak': ['16', '10', '14', '11', '13', '19', '17', '12', '9', '15', '18'], 'atak': ['1', '7', '6', '2', '8', '3', '5', '4', '0']}",<built-in method values of dict object at 0x7f3034d18a80>
"{'n_atak': ['16', '10', '14', '11', '13', '19', '17', '12', '9', '15', '18'], 'atak': ['1', '7', '6', '2', '8', '3', '5', '4', '0']}",<built-in method values of dict object at 0x7f3034d18a80>
"{'n_atak': ['16', '10', '14', '11', '13', '19', '17', '12', '9', '15', '18'], 'atak': ['1', '7', '6', '2', '8', '3', '5', '4', '0']}",<built-in method values of dict object at 0x7f3034d18a80>
"{'n_atak': ['16', '10', '14', '11', '13', '19', '17', '12', '9', '15', '18'], 'atak': ['1', '7', '6', '2', '8', '3', '5', '4', '0']}",<built-in method values of dict object at 0x7f3034d18a80>
"{'n_atak': ['16', '10', '14', '11', '13', '19', '17', '12', '9', '15', '18'], 'atak': ['1', '7', '6', '2', '8', '3', '5', '4', '0']}",<built-in method values of dict object at 0x7f3034d18a80>
"{'n_atak': ['16', '10', '14', '11', '13', '19', '17', '12', '9', '15', '18'], 'atak': ['1', '7', '6', '2', '8', '3', '5', '4', '0']}",<built-in method values of dict object at 0x7f3034d18a80>
"{'n_atak': ['16', '10', '14', '11', '13', '19', '17', '12', '9', '15', '18'], 'atak': ['1', '7', '6', '2', '8', '3', '5', '4', '0']}",<built-in method values of dict object at 0x7f3034d18a80>
"{'n_atak': ['16', '10', '14', '11', '13', '19', '17', '12', '9', '15', '18'], 'atak': ['1', '7', '6', '2', '8', '3', '5', '4', '0']}",<built-in method values of dict object at 0x7f3034d18a80>
"{'n_atak': ['16', '10', '14', '11', '13', '19', '17', '12', '9', '15', '18'], 'atak': ['1', '7', '6', '2', '8', '3', '5', '4', '0']}",<built-in method values of dict object at 0x7f3034d18a80>
"{'n_atak': ['16', '10', '14', '11', '13', '19', '17', '12', '9', '15', '18'], 'atak': ['1', '7', '6', '2', '8', '3', '5', '4', '0']}",<built-in method values of dict object at 0x7f3034d18a80>
"{'n_atak': ['16', '10', '14', '11', '13', '19', '17', '12', '9', '15', '18'], 'atak': ['1', '7', '6', '2', '8', '3', '5', '4', '0']}",<built-in method values of dict object at 0x7f3034d18a80>
"{'n_atak': ['16', '10', '14', '11', '13', '19', '17', '12', '9', '15', '18'], 'atak': ['1', '7', '6', '2', '8', '3', '5', '4', '0']}",<built-in method values of dict object at 0x7f3034d18a80>
"{'n_atak': ['16', '10', '14', '11', '13', '19', '17', '12', '9', '15', '18'], 'atak': ['1', '7', '6', '2', '8', '3', '5', '4', '0']}",<built-in method values of dict object at 0x7f3034d18a80>
"{'atak': ['5', '6', '4', '1', '8', '3', '2', '0', '7'], 'n_atak': ['14', '19', '17', '12', '16', '13', '10', '11', '9', '15', '18']}",<built-in method values of dict object at 0x7f311363b480>
"{'atak': ['5', '6', '4', '1', '8', '3', '2', '0', '7'], 'n_atak': ['14', '19', '17', '12', '16', '13', '10', '11', '9', '15', '18']}",<built-in method values of dict object at 0x7f311363b480>
"{'atak': ['5', '6', '4', '1', '8', '3', '2', '0', '7'], 'n_atak': ['14', '19', '17', '12', '16', '13', '10', '11', '9', '15', '18']}",<built-in method values of dict object at 0x7f311363b480>
"{'atak': ['5', '6', '4', '1', '8', '3', '2', '0', '7'], 'n_atak': ['14', '19', '17', '12', '16', '13', '10', '11', '9', '15', '18']}",<built-in method values of dict object at 0x7f311363b480>
"{'atak': ['5', '6', '4', '1', '8', '3', '2', '0', '7'], 'n_atak': ['14', '19', '17', '12', '16', '13', '10', '11', '9', '15', '18']}",<built-in method values of dict object at 0x7f311363b480>
"{'atak': ['5', '6', '4', '1', '8', '3', '2', '0', '7'], 'n_atak': ['14', '19', '17', '12', '16', '13', '10', '11', '9', '15', '18']}",<built-in method values of dict object at 0x7f311363b480>
"{'atak': ['5', '6', '4', '1', '8', '3', '2', '0', '7'], 'n_atak': ['14', '19', '17', '12', '16', '13', '10', '11', '9', '15', '18']}",<built-in method values of dict object at 0x7f311363b480>
"{'atak': ['5', '6', '4', '1', '8', '3', '2', '0', '7'], 'n_atak': ['14', '19', '17', '12', '16', '13', '10', '11', '9', '15', '18']}",<built-in method values of dict object at 0x7f311363b480>
"{'atak': ['5', '6', '4', '1', '8', '3', '2', '0', '7'], 'n_atak': ['14', '19', '17', '12', '16', '13', '10', '11', '9', '15', '18']}",<built-in method values of dict object at 0x7f311363b480>
"{'atak': ['5', '6', '4', '1', '8', '3', '2', '0', '7'], 'n_atak': ['14', '19', '17', '12', '16', '13', '10', '11', '9', '15', '18']}",<built-in method values of dict object at 0x7f311363b480>
"{'atak': ['5', '6', '4', '1', '8', '3', '2', '0', '7'], 'n_atak': ['14', '19', '17', '12', '16', '13', '10', '11', '9', '15', '18']}",<built-in method values of dict object at 0x7f311363b480>
"{'atak': ['5', '6', '4', '1', '8', '3', '2', '0', '7'], 'n_atak': ['14', '19', '17', '12', '16', '13', '10', '11', '9', '15', '18']}",<built-in method values of dict object at 0x7f311363b480>
"{'atak': ['5', '6', '4', '1', '8', '3', '2', '0', '7'], 'n_atak': ['14', '19', '17', '12', '16', '13', '10', '11', '9', '15', '18']}",<built-in method values of dict object at 0x7f311363b480>
"{'atak': ['5', '6', '4', '1', '8', '3', '2', '0', '7'], 'n_atak': ['14', '19', '17', '12', '16', '13', '10', '11', '9', '15', '18']}",<built-in method values of dict object at 0x7f311363b480>
"{'atak': ['5', '6', '4', '1', '8', '3', '2', '0', '7'], 'n_atak': ['14', '19', '17', '12', '16', '13', '10', '11', '9', '15', '18']}",<built-in method values of dict object at 0x7f311363b480>
"{'atak': ['5', '6', '4', '1', '8', '3', '2', '0', '7'], 'n_atak': ['14', '19', '17', '12', '16', '13', '10', '11', '9', '15', '18']}",<built-in method values of dict object at 0x7f311363b480>
"{'atak': ['5', '6', '4', '1', '8', '3', '2', '0', '7'], 'n_atak': ['14', '19', '17', '12', '16', '13', '10', '11', '9', '15', '18']}",<built-in method values of dict object at 0x7f311363b480>
"{'atak': ['5', '6', '4', '1', '8', '3', '2', '0', '7'], 'n_atak': ['14', '19', '17', '12', '16', '13', '10', '11', '9', '15', '18']}",<built-in method values of dict object at 0x7f311363b480>
"{'atak': ['5', '6', '4', '1', '8', '3', '2', '0', '7'], 'n_atak': ['14', '19', '17', '12', '16', '13', '10', '11', '9', '15', '18']}",<built-in method values of dict object at 0x7f311363b480>
"{'atak': ['5', '6', '4', '1', '8', '3', '2', '0', '7'], 'n_atak': ['14', '19', '17', '12', '16', '13', '10', '11', '9', '15', '18']}",<built-in method values of dict object at 0x7f311363b480>
"{'n_atak': ['9', '19', '17', '11', '18', '16', '14', '12', '10', '13', '15'], 'atak': ['8', '7', '1', '0', '5', '6', '3', '2', '4']}",<built-in method values of dict object at 0x7f31136d4500>
"{'n_atak': ['9', '19', '17', '11', '18', '16', '14', '12', '10', '13', '15'], 'atak': ['8', '7', '1', '0', '5', '6', '3', '2', '4']}",<built-in method values of dict object at 0x7f31136d4500>
"{'n_atak': ['9', '19', '17', '11', '18', '16', '14', '12', '10', '13', '15'], 'atak': ['8', '7', '1', '0', '5', '6', '3', '2', '4']}",<built-in method values of dict object at 0x7f31136d4500>
"{'n_atak': ['9', '19', '17', '11', '18', '16', '14', '12', '10', '13', '15'], 'atak': ['8', '7', '1', '0', '5', '6', '3', '2', '4']}",<built-in method values of dict object at 0x7f31136d4500>
"{'n_atak': ['9', '19', '17', '11', '18', '16', '14', '12', '10', '13', '15'], 'atak': ['8', '7', '1', '0', '5', '6', '3', '2', '4']}",<built-in method values of dict object at 0x7f31136d4500>
"{'n_atak': ['9', '19', '17', '11', '18', '16', '14', '12', '10', '13', '15'], 'atak': ['8', '7', '1', '0', '5', '6', '3', '2', '4']}",<built-in method values of dict object at 0x7f31136d4500>
"{'n_atak': ['9', '19', '17', '11', '18', '16', '14', '12', '10', '13', '15'], 'atak': ['8', '7', '1', '0', '5', '6', '3', '2', '4']}",<built-in method values of dict object at 0x7f31136d4500>
"{'n_atak': ['9', '19', '17', '11', '18', '16', '14', '12', '10', '13', '15'], 'atak': ['8', '7', '1', '0', '5', '6', '3', '2', '4']}",<built-in method values of dict object at 0x7f31136d4500>
"{'n_atak': ['9', '19', '17', '11', '18', '16', '14', '12', '10', '13', '15'], 'atak': ['8', '7', '1', '0', '5', '6', '3', '2', '4']}",<built-in method values of dict object at 0x7f31136d4500>
"{'n_atak': ['9', '19', '17', '11', '18', '16', '14', '12', '10', '13', '15'], 'atak': ['8', '7', '1', '0', '5', '6', '3', '2', '4']}",<built-in method values of dict object at 0x7f31136d4500>
"{'n_atak': ['9', '19', '17', '11', '18', '16', '14', '12', '10', '13', '15'], 'atak': ['8', '7', '1', '0', '5', '6', '3', '2', '4']}",<built-in method values of dict object at 0x7f31136d4500>
"{'n_atak': ['9', '19', '17', '11', '18', '16', '14', '12', '10', '13', '15'], 'atak': ['8', '7', '1', '0', '5', '6', '3', '2', '4']}",<built-in method values of dict object at 0x7f31136d4500>
"{'n_atak': ['9', '19', '17', '11', '18', '16', '14', '12', '10', '13', '15'], 'atak': ['8', '7', '1', '0', '5', '6', '3', '2', '4']}",<built-in method values of dict object at 0x7f31136d4500>
"{'n_atak': ['9', '19', '17', '11', '18', '16', '14', '12', '10', '13', '15'], 'atak': ['8', '7', '1', '0', '5', '6', '3', '2', '4']}",<built-in method values of dict object at 0x7f31136d4500>
"{'n_atak': ['9', '19', '17', '11', '18', '16', '14', '12', '10', '13', '15'], 'atak': ['8', '7', '1', '0', '5', '6', '3', '2', '4']}",<built-in method values of dict object at 0x7f31136d4500>
"{'n_atak': ['9', '19', '17', '11', '18', '16', '14', '12', '10', '13', '15'], 'atak': ['8', '7', '1', '0', '5', '6', '3', '2', '4']}",<built-in method values of dict object at 0x7f31136d4500>
"{'n_atak': ['9', '19', '17', '11', '18', '16', '14', '12', '10', '13', '15'], 'atak': ['8', '7', '1', '0', '5', '6', '3', '2', '4']}",<built-in method values of dict object at 0x7f31136d4500>
"{'n_atak': ['9', '19', '17', '11', '18', '16', '14', '12', '10', '13', '15'], 'atak': ['8', '7', '1', '0', '5', '6', '3', '2', '4']}",<built-in method values of dict object at 0x7f31136d4500>
"{'n_atak': ['9', '19', '17', '11', '18', '16', '14', '12', '10', '13', '15'], 'atak': ['8', '7', '1', '0', '5', '6', '3', '2', '4']}",<built-in method values of dict object at 0x7f31136d4500>
"{'n_atak': ['9', '19', '17', '11', '18', '16', '14', '12', '10', '13', '15'], 'atak': ['8', '7', '1', '0', '5', '6', '3', '2', '4']}",<built-in method values of dict object at 0x7f31136d4500>
"{'n_atak': ['12', '14', '9', '13', '19', '16', '15', '17', '10', '18', '11'], 'atak': ['3', '0', '8', '6', '1', '4', '5', '2', '7']}",<built-in method values of dict object at 0x7f31136a7440>
"{'n_atak': ['12', '14', '9', '13', '19', '16', '15', '17', '10', '18', '11'], 'atak': ['3', '0', '8', '6', '1', '4', '5', '2', '7']}",<built-in method values of dict object at 0x7f31136a7440>
"{'n_atak': ['12', '14', '9', '13', '19', '16', '15', '17', '10', '18', '11'], 'atak': ['3', '0', '8', '6', '1', '4', '5', '2', '7']}",<built-in method values of dict object at 0x7f31136a7440>
"{'n_atak': ['12', '14', '9', '13', '19', '16', '15', '17', '10', '18', '11'], 'atak': ['3', '0', '8', '6', '1', '4', '5', '2', '7']}",<built-in method values of dict object at 0x7f31136a7440>
"{'n_atak': ['12', '14', '9', '13', '19', '16', '15', '17', '10', '18', '11'], 'atak': ['3', '0', '8', '6', '1', '4', '5', '2', '7']}",<built-in method values of dict object at 0x7f31136a7440>
"{'n_atak': ['12', '14', '9', '13', '19', '16', '15', '17', '10', '18', '11'], 'atak': ['3', '0', '8', '6', '1', '4', '5', '2', '7']}",<built-in method values of dict object at 0x7f31136a7440>
"{'n_atak': ['12', '14', '9', '13', '19', '16', '15', '17', '10', '18', '11'], 'atak': ['3', '0', '8', '6', '1', '4', '5', '2', '7']}",<built-in method values of dict object at 0x7f31136a7440>
"{'n_atak': ['12', '14', '9', '13', '19', '16', '15', '17', '10', '18', '11'], 'atak': ['3', '0', '8', '6', '1', '4', '5', '2', '7']}",<built-in method values of dict object at 0x7f31136a7440>
"{'n_atak': ['12', '14', '9', '13', '19', '16', '15', '17', '10', '18', '11'], 'atak': ['3', '0', '8', '6', '1', '4', '5', '2', '7']}",<built-in method values of dict object at 0x7f31136a7440>
"{'n_atak': ['12', '14', '9', '13', '19', '16', '15', '17', '10', '18', '11'], 'atak': ['3', '0', '8', '6', '1', '4', '5', '2', '7']}",<built-in method values of dict object at 0x7f31136a7440>
"{'n_atak': ['12', '14', '9', '13', '19', '16', '15', '17', '10', '18', '11'], 'atak': ['3', '0', '8', '6', '1', '4', '5', '2', '7']}",<built-in method values of dict object at 0x7f31136a7440>
"{'n_atak': ['12', '14', '9', '13', '19', '16', '15', '17', '10', '18', '11'], 'atak': ['3', '0', '8', '6', '1', '4', '5', '2', '7']}",<built-in method values of dict object at 0x7f31136a7440>
"{'n_atak': ['12', '14', '9', '13', '19', '16', '15', '17', '10', '18', '11'], 'atak': ['3', '0', '8', '6', '1', '4', '5', '2', '7']}",<built-in method values of dict object at 0x7f31136a7440>
"{'n_atak': ['12', '14', '9', '13', '19', '16', '15', '17', '10', '18', '11'], 'atak': ['3', '0', '8', '6', '1', '4', '5', '2', '7']}",<built-in method values of dict object at 0x7f31136a7440>
"{'n_atak': ['12', '14', '9', '13', '19', '16', '15', '17', '10', '18', '11'], 'atak': ['3', '0', '8', '6', '1', '4', '5', '2', '7']}",<built-in method values of dict object at 0x7f31136a7440>
"{'n_atak': ['12', '14', '9', '13', '19', '16', '15', '17', '10', '18', '11'], 'atak': ['3', '0', '8', '6', '1', '4', '5', '2', '7']}",<built-in method values of dict object at 0x7f31136a7440>
"{'n_atak': ['12', '14', '9', '13', '19', '16', '15', '17', '10', '18', '11'], 'atak': ['3', '0', '8', '6', '1', '4', '5', '2', '7']}",<built-in method values of dict object at 0x7f31136a7440>
"{'n_atak': ['12', '14', '9', '13', '19', '16', '15', '17', '10', '18', '11'], 'atak': ['3', '0', '8', '6', '1', '4', '5', '2', '7']}",<built-in method values of dict object at 0x7f31136a7440>
"{'n_atak': ['12', '14', '9', '13', '19', '16', '15', '17', '10', '18', '11'], 'atak': ['3', '0', '8', '6', '1', '4', '5', '2', '7']}",<built-in method values of dict object at 0x7f31136a7440>
"{'n_atak': ['12', '14', '9', '13', '19', '16', '15', '17', '10', '18', '11'], 'atak': ['3', '0', '8', '6', '1', '4', '5', '2', '7']}",<built-in method values of dict object at 0x7f31136a7440>
"{'n_atak': ['15', '9', '19', '10', '13', '16', '11', '18', '17', '14', '12'], 'atak': ['6', '5', '2', '1', '3', '7', '8', '4', '0']}",<built-in method values of dict object at 0x7f31136a4300>
"{'n_atak': ['15', '9', '19', '10', '13', '16', '11', '18', '17', '14', '12'], 'atak': ['6', '5', '2', '1', '3', '7', '8', '4', '0']}",<built-in method values of dict object at 0x7f31136a4300>
"{'n_atak': ['15', '9', '19', '10', '13', '16', '11', '18', '17', '14', '12'], 'atak': ['6', '5', '2', '1', '3', '7', '8', '4', '0']}",<built-in method values of dict object at 0x7f31136a4300>
"{'n_atak': ['15', '9', '19', '10', '13', '16', '11', '18', '17', '14', '12'], 'atak': ['6', '5', '2', '1', '3', '7', '8', '4', '0']}",<built-in method values of dict object at 0x7f31136a4300>
"{'n_atak': ['15', '9', '19', '10', '13', '16', '11', '18', '17', '14', '12'], 'atak': ['6', '5', '2', '1', '3', '7', '8', '4', '0']}",<built-in method values of dict object at 0x7f31136a4300>
"{'n_atak': ['15', '9', '19', '10', '13', '16', '11', '18', '17', '14', '12'], 'atak': ['6', '5', '2', '1', '3', '7', '8', '4', '0']}",<built-in method values of dict object at 0x7f31136a4300>
"{'n_atak': ['15', '9', '19', '10', '13', '16', '11', '18', '17', '14', '12'], 'atak': ['6', '5', '2', '1', '3', '7', '8', '4', '0']}",<built-in method values of dict object at 0x7f31136a4300>
"{'n_atak': ['15', '9', '19', '10', '13', '16', '11', '18', '17', '14', '12'], 'atak': ['6', '5', '2', '1', '3', '7', '8', '4', '0']}",<built-in method values of dict object at 0x7f31136a4300>
"{'n_atak': ['15', '9', '19', '10', '13', '16', '11', '18', '17', '14', '12'], 'atak': ['6', '5', '2', '1', '3', '7', '8', '4', '0']}",<built-in method values of dict object at 0x7f31136a4300>
"{'n_atak': ['15', '9', '19', '10', '13', '16', '11', '18', '17', '14', '12'], 'atak': ['6', '5', '2', '1', '3', '7', '8', '4', '0']}",<built-in method values of dict object at 0x7f31136a4300>
"{'n_atak': ['15', '9', '19', '10', '13', '16', '11', '18', '17', '14', '12'], 'atak': ['6', '5', '2', '1', '3', '7', '8', '4', '0']}",<built-in method values of dict object at 0x7f31136a4300>
"{'n_atak': ['15', '9', '19', '10', '13', '16', '11', '18', '17', '14', '12'], 'atak': ['6', '5', '2', '1', '3', '7', '8', '4', '0']}",<built-in method values of dict object at 0x7f31136a4300>
"{'n_atak': ['15', '9', '19', '10', '13', '16', '11', '18', '17', '14', '12'], 'atak': ['6', '5', '2', '1', '3', '7', '8', '4', '0']}",<built-in method values of dict object at 0x7f31136a4300>
"{'n_atak': ['15', '9', '19', '10', '13', '16', '11', '18', '17', '14', '12'], 'atak': ['6', '5', '2', '1', '3', '7', '8', '4', '0']}",<built-in method values of dict object at 0x7f31136a4300>
"{'n_atak': ['15', '9', '19', '10', '13', '16', '11', '18', '17', '14', '12'], 'atak': ['6', '5', '2', '1', '3', '7', '8', '4', '0']}",<built-in method values of dict object at 0x7f31136a4300>
"{'n_atak': ['15', '9', '19', '10', '13', '16', '11', '18', '17', '14', '12'], 'atak': ['6', '5', '2', '1', '3', '7', '8', '4', '0']}",<built-in method values of dict object at 0x7f31136a4300>
"{'n_atak': ['15', '9', '19', '10', '13', '16', '11', '18', '17', '14', '12'], 'atak': ['6', '5', '2', '1', '3', '7', '8', '4', '0']}",<built-in method values of dict object at 0x7f31136a4300>
"{'n_atak': ['15', '9', '19', '10', '13', '16', '11', '18', '17', '14', '12'], 'atak': ['6', '5', '2', '1', '3', '7', '8', '4', '0']}",<built-in method values of dict object at 0x7f31136a4300>
"{'n_atak': ['15', '9', '19', '10', '13', '16', '11', '18', '17', '14', '12'], 'atak': ['6', '5', '2', '1', '3', '7', '8', '4', '0']}",<built-in method values of dict object at 0x7f31136a4300>
"{'n_atak': ['15', '9', '19', '10', '13', '16', '11', '18', '17', '14', '12'], 'atak': ['6', '5', '2', '1', '3', '7', '8', '4', '0']}",<built-in method values of dict object at 0x7f31136a4300>
"{'atak': ['5', '1', '2', '8', '4', '3', '6', '7', '0'], 'n_atak': ['19', '18', '9', '13', '17', '16', '12', '11', '15', '10', '14']}",<built-in method values of dict object at 0x7f311363abc0>
"{'atak': ['5', '1', '2', '8', '4', '3', '6', '7', '0'], 'n_atak': ['19', '18', '9', '13', '17', '16', '12', '11', '15', '10', '14']}",<built-in method values of dict object at 0x7f311363abc0>
"{'atak': ['5', '1', '2', '8', '4', '3', '6', '7', '0'], 'n_atak': ['19', '18', '9', '13', '17', '16', '12', '11', '15', '10', '14']}",<built-in method values of dict object at 0x7f311363abc0>
"{'atak': ['5', '1', '2', '8', '4', '3', '6', '7', '0'], 'n_atak': ['19', '18', '9', '13', '17', '16', '12', '11', '15', '10', '14']}",<built-in method values of dict object at 0x7f311363abc0>
"{'atak': ['5', '1', '2', '8', '4', '3', '6', '7', '0'], 'n_atak': ['19', '18', '9', '13', '17', '16', '12', '11', '15', '10', '14']}",<built-in method values of dict object at 0x7f311363abc0>
"{'atak': ['5', '1', '2', '8', '4', '3', '6', '7', '0'], 'n_atak': ['19', '18', '9', '13', '17', '16', '12', '11', '15', '10', '14']}",<built-in method values of dict object at 0x7f311363abc0>
"{'atak': ['5', '1', '2', '8', '4', '3', '6', '7', '0'], 'n_atak': ['19', '18', '9', '13', '17', '16', '12', '11', '15', '10', '14']}",<built-in method values of dict object at 0x7f311363abc0>
"{'atak': ['5', '1', '2', '8', '4', '3', '6', '7', '0'], 'n_atak': ['19', '18', '9', '13', '17', '16', '12', '11', '15', '10', '14']}",<built-in method values of dict object at 0x7f311363abc0>
"{'atak': ['5', '1', '2', '8', '4', '3', '6', '7', '0'], 'n_atak': ['19', '18', '9', '13', '17', '16', '12', '11', '15', '10', '14']}",<built-in method values of dict object at 0x7f311363abc0>
"{'atak': ['5', '1', '2', '8', '4', '3', '6', '7', '0'], 'n_atak': ['19', '18', '9', '13', '17', '16', '12', '11', '15', '10', '14']}",<built-in method values of dict object at 0x7f311363abc0>
"{'atak': ['5', '1', '2', '8', '4', '3', '6', '7', '0'], 'n_atak': ['19', '18', '9', '13', '17', '16', '12', '11', '15', '10', '14']}",<built-in method values of dict object at 0x7f311363abc0>
"{'atak': ['5', '1', '2', '8', '4', '3', '6', '7', '0'], 'n_atak': ['19', '18', '9', '13', '17', '16', '12', '11', '15', '10', '14']}",<built-in method values of dict object at 0x7f311363abc0>
"{'atak': ['5', '1', '2', '8', '4', '3', '6', '7', '0'], 'n_atak': ['19', '18', '9', '13', '17', '16', '12', '11', '15', '10', '14']}",<built-in method values of dict object at 0x7f311363abc0>
"{'atak': ['5', '1', '2', '8', '4', '3', '6', '7', '0'], 'n_atak': ['19', '18', '9', '13', '17', '16', '12', '11', '15', '10', '14']}",<built-in method values of dict object at 0x7f311363abc0>
"{'atak': ['5', '1', '2', '8', '4', '3', '6', '7', '0'], 'n_atak': ['19', '18', '9', '13', '17', '16', '12', '11', '15', '10', '14']}",<built-in method values of dict object at 0x7f311363abc0>
"{'atak': ['5', '1', '2', '8', '4', '3', '6', '7', '0'], 'n_atak': ['19', '18', '9', '13', '17', '16', '12', '11', '15', '10', '14']}",<built-in method values of dict object at 0x7f311363abc0>
"{'atak': ['5', '1', '2', '8', '4', '3', '6', '7', '0'], 'n_atak': ['19', '18', '9', '13', '17', '16', '12', '11', '15', '10', '14']}",<built-in method values of dict object at 0x7f311363abc0>
"{'atak': ['5', '1', '2', '8', '4', '3', '6', '7', '0'], 'n_atak': ['19', '18', '9', '13', '17', '16', '12', '11', '15', '10', '14']}",<built-in method values of dict object at 0x7f311363abc0>
"{'atak': ['5', '1', '2', '8', '4', '3', '6', '7', '0'], 'n_atak': ['19', '18', '9', '13', '17', '16', '12', '11', '15', '10', '14']}",<built-in method values of dict object at 0x7f311363abc0>
"{'atak': ['5', '1', '2', '8', '4', '3', '6', '7', '0'], 'n_atak': ['19', '18', '9', '13', '17', '16', '12', '11', '15', '10', '14']}",<built-in method values of dict object at 0x7f311363abc0>
