{},<built-in method values of dict object at 0x7fb6f2059c00>
{},<built-in method values of dict object at 0x7fb6f2059c00>
{},<built-in method values of dict object at 0x7fb6f2059c00>
{},<built-in method values of dict object at 0x7fb6f2059c00>
{},<built-in method values of dict object at 0x7fb6f2059c00>
{},<built-in method values of dict object at 0x7fb6f2059c00>
{},<built-in method values of dict object at 0x7fb6f2059c00>
{},<built-in method values of dict object at 0x7fb6f2059c00>
{},<built-in method values of dict object at 0x7fb6f2059c00>
{},<built-in method values of dict object at 0x7fb6f2059c00>
{},<built-in method values of dict object at 0x7fb6f2059c00>
{},<built-in method values of dict object at 0x7fb6f2059c00>
{},<built-in method values of dict object at 0x7fb6f2059c00>
{},<built-in method values of dict object at 0x7fb6f2059c00>
{},<built-in method values of dict object at 0x7fb6f2059c00>
{},<built-in method values of dict object at 0x7fb6f2059c00>
{},<built-in method values of dict object at 0x7fb6f2059c00>
{},<built-in method values of dict object at 0x7fb6f2059c00>
{},<built-in method values of dict object at 0x7fb6f2059c00>
{},<built-in method values of dict object at 0x7fb6f2059c00>
"{'atak': ['7', '17', '5', '19', '12', '9', '4', '8', '18', '3', '0', '10', '16', '13', '15', '14', '11', '6', '2', '1']}",<built-in method values of dict object at 0x7fb6f20bdc40>
"{'atak': ['7', '17', '5', '19', '12', '9', '4', '8', '18', '3', '0', '10', '16', '13', '15', '14', '11', '6', '2', '1']}",<built-in method values of dict object at 0x7fb6f20bdc40>
"{'atak': ['7', '17', '5', '19', '12', '9', '4', '8', '18', '3', '0', '10', '16', '13', '15', '14', '11', '6', '2', '1']}",<built-in method values of dict object at 0x7fb6f20bdc40>
"{'atak': ['7', '17', '5', '19', '12', '9', '4', '8', '18', '3', '0', '10', '16', '13', '15', '14', '11', '6', '2', '1']}",<built-in method values of dict object at 0x7fb6f20bdc40>
"{'atak': ['7', '17', '5', '19', '12', '9', '4', '8', '18', '3', '0', '10', '16', '13', '15', '14', '11', '6', '2', '1']}",<built-in method values of dict object at 0x7fb6f20bdc40>
"{'atak': ['7', '17', '5', '19', '12', '9', '4', '8', '18', '3', '0', '10', '16', '13', '15', '14', '11', '6', '2', '1']}",<built-in method values of dict object at 0x7fb6f20bdc40>
"{'atak': ['7', '17', '5', '19', '12', '9', '4', '8', '18', '3', '0', '10', '16', '13', '15', '14', '11', '6', '2', '1']}",<built-in method values of dict object at 0x7fb6f20bdc40>
"{'atak': ['7', '17', '5', '19', '12', '9', '4', '8', '18', '3', '0', '10', '16', '13', '15', '14', '11', '6', '2', '1']}",<built-in method values of dict object at 0x7fb6f20bdc40>
"{'atak': ['7', '17', '5', '19', '12', '9', '4', '8', '18', '3', '0', '10', '16', '13', '15', '14', '11', '6', '2', '1']}",<built-in method values of dict object at 0x7fb6f20bdc40>
"{'atak': ['7', '17', '5', '19', '12', '9', '4', '8', '18', '3', '0', '10', '16', '13', '15', '14', '11', '6', '2', '1']}",<built-in method values of dict object at 0x7fb6f20bdc40>
"{'atak': ['7', '17', '5', '19', '12', '9', '4', '8', '18', '3', '0', '10', '16', '13', '15', '14', '11', '6', '2', '1']}",<built-in method values of dict object at 0x7fb6f20bdc40>
"{'atak': ['7', '17', '5', '19', '12', '9', '4', '8', '18', '3', '0', '10', '16', '13', '15', '14', '11', '6', '2', '1']}",<built-in method values of dict object at 0x7fb6f20bdc40>
"{'atak': ['7', '17', '5', '19', '12', '9', '4', '8', '18', '3', '0', '10', '16', '13', '15', '14', '11', '6', '2', '1']}",<built-in method values of dict object at 0x7fb6f20bdc40>
"{'atak': ['7', '17', '5', '19', '12', '9', '4', '8', '18', '3', '0', '10', '16', '13', '15', '14', '11', '6', '2', '1']}",<built-in method values of dict object at 0x7fb6f20bdc40>
"{'atak': ['7', '17', '5', '19', '12', '9', '4', '8', '18', '3', '0', '10', '16', '13', '15', '14', '11', '6', '2', '1']}",<built-in method values of dict object at 0x7fb6f20bdc40>
"{'atak': ['7', '17', '5', '19', '12', '9', '4', '8', '18', '3', '0', '10', '16', '13', '15', '14', '11', '6', '2', '1']}",<built-in method values of dict object at 0x7fb6f20bdc40>
"{'atak': ['7', '17', '5', '19', '12', '9', '4', '8', '18', '3', '0', '10', '16', '13', '15', '14', '11', '6', '2', '1']}",<built-in method values of dict object at 0x7fb6f20bdc40>
"{'atak': ['7', '17', '5', '19', '12', '9', '4', '8', '18', '3', '0', '10', '16', '13', '15', '14', '11', '6', '2', '1']}",<built-in method values of dict object at 0x7fb6f20bdc40>
"{'atak': ['7', '17', '5', '19', '12', '9', '4', '8', '18', '3', '0', '10', '16', '13', '15', '14', '11', '6', '2', '1']}",<built-in method values of dict object at 0x7fb6f20bdc40>
"{'atak': ['7', '17', '5', '19', '12', '9', '4', '8', '18', '3', '0', '10', '16', '13', '15', '14', '11', '6', '2', '1']}",<built-in method values of dict object at 0x7fb6f20bdc40>
"{'atak': ['18', '14', '13', '8', '2', '0', '9', '16', '1', '6', '3', '11', '4', '5', '15', '19', '7', '17', '12', '10']}",<built-in method values of dict object at 0x7fb6f20c9e40>
"{'atak': ['18', '14', '13', '8', '2', '0', '9', '16', '1', '6', '3', '11', '4', '5', '15', '19', '7', '17', '12', '10']}",<built-in method values of dict object at 0x7fb6f20c9e40>
"{'atak': ['18', '14', '13', '8', '2', '0', '9', '16', '1', '6', '3', '11', '4', '5', '15', '19', '7', '17', '12', '10']}",<built-in method values of dict object at 0x7fb6f20c9e40>
"{'atak': ['18', '14', '13', '8', '2', '0', '9', '16', '1', '6', '3', '11', '4', '5', '15', '19', '7', '17', '12', '10']}",<built-in method values of dict object at 0x7fb6f20c9e40>
"{'atak': ['18', '14', '13', '8', '2', '0', '9', '16', '1', '6', '3', '11', '4', '5', '15', '19', '7', '17', '12', '10']}",<built-in method values of dict object at 0x7fb6f20c9e40>
"{'atak': ['18', '14', '13', '8', '2', '0', '9', '16', '1', '6', '3', '11', '4', '5', '15', '19', '7', '17', '12', '10']}",<built-in method values of dict object at 0x7fb6f20c9e40>
"{'atak': ['18', '14', '13', '8', '2', '0', '9', '16', '1', '6', '3', '11', '4', '5', '15', '19', '7', '17', '12', '10']}",<built-in method values of dict object at 0x7fb6f20c9e40>
"{'atak': ['18', '14', '13', '8', '2', '0', '9', '16', '1', '6', '3', '11', '4', '5', '15', '19', '7', '17', '12', '10']}",<built-in method values of dict object at 0x7fb6f20c9e40>
"{'atak': ['18', '14', '13', '8', '2', '0', '9', '16', '1', '6', '3', '11', '4', '5', '15', '19', '7', '17', '12', '10']}",<built-in method values of dict object at 0x7fb6f20c9e40>
"{'atak': ['18', '14', '13', '8', '2', '0', '9', '16', '1', '6', '3', '11', '4', '5', '15', '19', '7', '17', '12', '10']}",<built-in method values of dict object at 0x7fb6f20c9e40>
"{'atak': ['18', '14', '13', '8', '2', '0', '9', '16', '1', '6', '3', '11', '4', '5', '15', '19', '7', '17', '12', '10']}",<built-in method values of dict object at 0x7fb6f20c9e40>
"{'atak': ['18', '14', '13', '8', '2', '0', '9', '16', '1', '6', '3', '11', '4', '5', '15', '19', '7', '17', '12', '10']}",<built-in method values of dict object at 0x7fb6f20c9e40>
"{'atak': ['18', '14', '13', '8', '2', '0', '9', '16', '1', '6', '3', '11', '4', '5', '15', '19', '7', '17', '12', '10']}",<built-in method values of dict object at 0x7fb6f20c9e40>
"{'atak': ['18', '14', '13', '8', '2', '0', '9', '16', '1', '6', '3', '11', '4', '5', '15', '19', '7', '17', '12', '10']}",<built-in method values of dict object at 0x7fb6f20c9e40>
"{'atak': ['18', '14', '13', '8', '2', '0', '9', '16', '1', '6', '3', '11', '4', '5', '15', '19', '7', '17', '12', '10']}",<built-in method values of dict object at 0x7fb6f20c9e40>
"{'atak': ['18', '14', '13', '8', '2', '0', '9', '16', '1', '6', '3', '11', '4', '5', '15', '19', '7', '17', '12', '10']}",<built-in method values of dict object at 0x7fb6f20c9e40>
"{'atak': ['18', '14', '13', '8', '2', '0', '9', '16', '1', '6', '3', '11', '4', '5', '15', '19', '7', '17', '12', '10']}",<built-in method values of dict object at 0x7fb6f20c9e40>
"{'atak': ['18', '14', '13', '8', '2', '0', '9', '16', '1', '6', '3', '11', '4', '5', '15', '19', '7', '17', '12', '10']}",<built-in method values of dict object at 0x7fb6f20c9e40>
"{'atak': ['18', '14', '13', '8', '2', '0', '9', '16', '1', '6', '3', '11', '4', '5', '15', '19', '7', '17', '12', '10']}",<built-in method values of dict object at 0x7fb6f20c9e40>
"{'atak': ['18', '14', '13', '8', '2', '0', '9', '16', '1', '6', '3', '11', '4', '5', '15', '19', '7', '17', '12', '10']}",<built-in method values of dict object at 0x7fb6f20c9e40>
"{'atak': ['1', '16', '11', '2', '3', '4', '9', '8', '10', '13', '12', '5', '6', '17', '7', '19', '15', '14', '0', '18']}",<built-in method values of dict object at 0x7fb6f20c9100>
"{'atak': ['1', '16', '11', '2', '3', '4', '9', '8', '10', '13', '12', '5', '6', '17', '7', '19', '15', '14', '0', '18']}",<built-in method values of dict object at 0x7fb6f20c9100>
"{'atak': ['1', '16', '11', '2', '3', '4', '9', '8', '10', '13', '12', '5', '6', '17', '7', '19', '15', '14', '0', '18']}",<built-in method values of dict object at 0x7fb6f20c9100>
"{'atak': ['1', '16', '11', '2', '3', '4', '9', '8', '10', '13', '12', '5', '6', '17', '7', '19', '15', '14', '0', '18']}",<built-in method values of dict object at 0x7fb6f20c9100>
"{'atak': ['1', '16', '11', '2', '3', '4', '9', '8', '10', '13', '12', '5', '6', '17', '7', '19', '15', '14', '0', '18']}",<built-in method values of dict object at 0x7fb6f20c9100>
"{'atak': ['1', '16', '11', '2', '3', '4', '9', '8', '10', '13', '12', '5', '6', '17', '7', '19', '15', '14', '0', '18']}",<built-in method values of dict object at 0x7fb6f20c9100>
"{'atak': ['1', '16', '11', '2', '3', '4', '9', '8', '10', '13', '12', '5', '6', '17', '7', '19', '15', '14', '0', '18']}",<built-in method values of dict object at 0x7fb6f20c9100>
"{'atak': ['1', '16', '11', '2', '3', '4', '9', '8', '10', '13', '12', '5', '6', '17', '7', '19', '15', '14', '0', '18']}",<built-in method values of dict object at 0x7fb6f20c9100>
"{'atak': ['1', '16', '11', '2', '3', '4', '9', '8', '10', '13', '12', '5', '6', '17', '7', '19', '15', '14', '0', '18']}",<built-in method values of dict object at 0x7fb6f20c9100>
"{'atak': ['1', '16', '11', '2', '3', '4', '9', '8', '10', '13', '12', '5', '6', '17', '7', '19', '15', '14', '0', '18']}",<built-in method values of dict object at 0x7fb6f20c9100>
"{'atak': ['1', '16', '11', '2', '3', '4', '9', '8', '10', '13', '12', '5', '6', '17', '7', '19', '15', '14', '0', '18']}",<built-in method values of dict object at 0x7fb6f20c9100>
"{'atak': ['1', '16', '11', '2', '3', '4', '9', '8', '10', '13', '12', '5', '6', '17', '7', '19', '15', '14', '0', '18']}",<built-in method values of dict object at 0x7fb6f20c9100>
"{'atak': ['1', '16', '11', '2', '3', '4', '9', '8', '10', '13', '12', '5', '6', '17', '7', '19', '15', '14', '0', '18']}",<built-in method values of dict object at 0x7fb6f20c9100>
"{'atak': ['1', '16', '11', '2', '3', '4', '9', '8', '10', '13', '12', '5', '6', '17', '7', '19', '15', '14', '0', '18']}",<built-in method values of dict object at 0x7fb6f20c9100>
"{'atak': ['1', '16', '11', '2', '3', '4', '9', '8', '10', '13', '12', '5', '6', '17', '7', '19', '15', '14', '0', '18']}",<built-in method values of dict object at 0x7fb6f20c9100>
"{'atak': ['1', '16', '11', '2', '3', '4', '9', '8', '10', '13', '12', '5', '6', '17', '7', '19', '15', '14', '0', '18']}",<built-in method values of dict object at 0x7fb6f20c9100>
"{'atak': ['1', '16', '11', '2', '3', '4', '9', '8', '10', '13', '12', '5', '6', '17', '7', '19', '15', '14', '0', '18']}",<built-in method values of dict object at 0x7fb6f20c9100>
"{'atak': ['1', '16', '11', '2', '3', '4', '9', '8', '10', '13', '12', '5', '6', '17', '7', '19', '15', '14', '0', '18']}",<built-in method values of dict object at 0x7fb6f20c9100>
"{'atak': ['1', '16', '11', '2', '3', '4', '9', '8', '10', '13', '12', '5', '6', '17', '7', '19', '15', '14', '0', '18']}",<built-in method values of dict object at 0x7fb6f20c9100>
"{'atak': ['1', '16', '11', '2', '3', '4', '9', '8', '10', '13', '12', '5', '6', '17', '7', '19', '15', '14', '0', '18']}",<built-in method values of dict object at 0x7fb6f20c9100>
"{'atak': ['5', '1', '6', '0', '7', '17', '14', '15', '2', '9', '16', '11', '3', '13', '19', '4', '10', '8', '12', '18']}",<built-in method values of dict object at 0x7fb6f20d9140>
"{'atak': ['5', '1', '6', '0', '7', '17', '14', '15', '2', '9', '16', '11', '3', '13', '19', '4', '10', '8', '12', '18']}",<built-in method values of dict object at 0x7fb6f20d9140>
"{'atak': ['5', '1', '6', '0', '7', '17', '14', '15', '2', '9', '16', '11', '3', '13', '19', '4', '10', '8', '12', '18']}",<built-in method values of dict object at 0x7fb6f20d9140>
"{'atak': ['5', '1', '6', '0', '7', '17', '14', '15', '2', '9', '16', '11', '3', '13', '19', '4', '10', '8', '12', '18']}",<built-in method values of dict object at 0x7fb6f20d9140>
"{'atak': ['5', '1', '6', '0', '7', '17', '14', '15', '2', '9', '16', '11', '3', '13', '19', '4', '10', '8', '12', '18']}",<built-in method values of dict object at 0x7fb6f20d9140>
"{'atak': ['5', '1', '6', '0', '7', '17', '14', '15', '2', '9', '16', '11', '3', '13', '19', '4', '10', '8', '12', '18']}",<built-in method values of dict object at 0x7fb6f20d9140>
"{'atak': ['5', '1', '6', '0', '7', '17', '14', '15', '2', '9', '16', '11', '3', '13', '19', '4', '10', '8', '12', '18']}",<built-in method values of dict object at 0x7fb6f20d9140>
"{'atak': ['5', '1', '6', '0', '7', '17', '14', '15', '2', '9', '16', '11', '3', '13', '19', '4', '10', '8', '12', '18']}",<built-in method values of dict object at 0x7fb6f20d9140>
"{'atak': ['5', '1', '6', '0', '7', '17', '14', '15', '2', '9', '16', '11', '3', '13', '19', '4', '10', '8', '12', '18']}",<built-in method values of dict object at 0x7fb6f20d9140>
"{'atak': ['5', '1', '6', '0', '7', '17', '14', '15', '2', '9', '16', '11', '3', '13', '19', '4', '10', '8', '12', '18']}",<built-in method values of dict object at 0x7fb6f20d9140>
"{'atak': ['5', '1', '6', '0', '7', '17', '14', '15', '2', '9', '16', '11', '3', '13', '19', '4', '10', '8', '12', '18']}",<built-in method values of dict object at 0x7fb6f20d9140>
"{'atak': ['5', '1', '6', '0', '7', '17', '14', '15', '2', '9', '16', '11', '3', '13', '19', '4', '10', '8', '12', '18']}",<built-in method values of dict object at 0x7fb6f20d9140>
"{'atak': ['5', '1', '6', '0', '7', '17', '14', '15', '2', '9', '16', '11', '3', '13', '19', '4', '10', '8', '12', '18']}",<built-in method values of dict object at 0x7fb6f20d9140>
"{'atak': ['5', '1', '6', '0', '7', '17', '14', '15', '2', '9', '16', '11', '3', '13', '19', '4', '10', '8', '12', '18']}",<built-in method values of dict object at 0x7fb6f20d9140>
"{'atak': ['5', '1', '6', '0', '7', '17', '14', '15', '2', '9', '16', '11', '3', '13', '19', '4', '10', '8', '12', '18']}",<built-in method values of dict object at 0x7fb6f20d9140>
"{'atak': ['5', '1', '6', '0', '7', '17', '14', '15', '2', '9', '16', '11', '3', '13', '19', '4', '10', '8', '12', '18']}",<built-in method values of dict object at 0x7fb6f20d9140>
"{'atak': ['5', '1', '6', '0', '7', '17', '14', '15', '2', '9', '16', '11', '3', '13', '19', '4', '10', '8', '12', '18']}",<built-in method values of dict object at 0x7fb6f20d9140>
"{'atak': ['5', '1', '6', '0', '7', '17', '14', '15', '2', '9', '16', '11', '3', '13', '19', '4', '10', '8', '12', '18']}",<built-in method values of dict object at 0x7fb6f20d9140>
"{'atak': ['5', '1', '6', '0', '7', '17', '14', '15', '2', '9', '16', '11', '3', '13', '19', '4', '10', '8', '12', '18']}",<built-in method values of dict object at 0x7fb6f20d9140>
"{'atak': ['5', '1', '6', '0', '7', '17', '14', '15', '2', '9', '16', '11', '3', '13', '19', '4', '10', '8', '12', '18']}",<built-in method values of dict object at 0x7fb6f20d9140>
"{'atak': ['0', '15', '12', '16', '5', '6', '7', '13', '4', '10', '2', '1', '18', '9', '19', '17', '14', '3', '11', '8']}",<built-in method values of dict object at 0x7fb6f20ac780>
"{'atak': ['0', '15', '12', '16', '5', '6', '7', '13', '4', '10', '2', '1', '18', '9', '19', '17', '14', '3', '11', '8']}",<built-in method values of dict object at 0x7fb6f20ac780>
"{'atak': ['0', '15', '12', '16', '5', '6', '7', '13', '4', '10', '2', '1', '18', '9', '19', '17', '14', '3', '11', '8']}",<built-in method values of dict object at 0x7fb6f20ac780>
"{'atak': ['0', '15', '12', '16', '5', '6', '7', '13', '4', '10', '2', '1', '18', '9', '19', '17', '14', '3', '11', '8']}",<built-in method values of dict object at 0x7fb6f20ac780>
"{'atak': ['0', '15', '12', '16', '5', '6', '7', '13', '4', '10', '2', '1', '18', '9', '19', '17', '14', '3', '11', '8']}",<built-in method values of dict object at 0x7fb6f20ac780>
"{'atak': ['0', '15', '12', '16', '5', '6', '7', '13', '4', '10', '2', '1', '18', '9', '19', '17', '14', '3', '11', '8']}",<built-in method values of dict object at 0x7fb6f20ac780>
"{'atak': ['0', '15', '12', '16', '5', '6', '7', '13', '4', '10', '2', '1', '18', '9', '19', '17', '14', '3', '11', '8']}",<built-in method values of dict object at 0x7fb6f20ac780>
"{'atak': ['0', '15', '12', '16', '5', '6', '7', '13', '4', '10', '2', '1', '18', '9', '19', '17', '14', '3', '11', '8']}",<built-in method values of dict object at 0x7fb6f20ac780>
"{'atak': ['0', '15', '12', '16', '5', '6', '7', '13', '4', '10', '2', '1', '18', '9', '19', '17', '14', '3', '11', '8']}",<built-in method values of dict object at 0x7fb6f20ac780>
"{'atak': ['0', '15', '12', '16', '5', '6', '7', '13', '4', '10', '2', '1', '18', '9', '19', '17', '14', '3', '11', '8']}",<built-in method values of dict object at 0x7fb6f20ac780>
"{'atak': ['0', '15', '12', '16', '5', '6', '7', '13', '4', '10', '2', '1', '18', '9', '19', '17', '14', '3', '11', '8']}",<built-in method values of dict object at 0x7fb6f20ac780>
"{'atak': ['0', '15', '12', '16', '5', '6', '7', '13', '4', '10', '2', '1', '18', '9', '19', '17', '14', '3', '11', '8']}",<built-in method values of dict object at 0x7fb6f20ac780>
"{'atak': ['0', '15', '12', '16', '5', '6', '7', '13', '4', '10', '2', '1', '18', '9', '19', '17', '14', '3', '11', '8']}",<built-in method values of dict object at 0x7fb6f20ac780>
"{'atak': ['0', '15', '12', '16', '5', '6', '7', '13', '4', '10', '2', '1', '18', '9', '19', '17', '14', '3', '11', '8']}",<built-in method values of dict object at 0x7fb6f20ac780>
"{'atak': ['0', '15', '12', '16', '5', '6', '7', '13', '4', '10', '2', '1', '18', '9', '19', '17', '14', '3', '11', '8']}",<built-in method values of dict object at 0x7fb6f20ac780>
"{'atak': ['0', '15', '12', '16', '5', '6', '7', '13', '4', '10', '2', '1', '18', '9', '19', '17', '14', '3', '11', '8']}",<built-in method values of dict object at 0x7fb6f20ac780>
"{'atak': ['0', '15', '12', '16', '5', '6', '7', '13', '4', '10', '2', '1', '18', '9', '19', '17', '14', '3', '11', '8']}",<built-in method values of dict object at 0x7fb6f20ac780>
"{'atak': ['0', '15', '12', '16', '5', '6', '7', '13', '4', '10', '2', '1', '18', '9', '19', '17', '14', '3', '11', '8']}",<built-in method values of dict object at 0x7fb6f20ac780>
"{'atak': ['0', '15', '12', '16', '5', '6', '7', '13', '4', '10', '2', '1', '18', '9', '19', '17', '14', '3', '11', '8']}",<built-in method values of dict object at 0x7fb6f20ac780>
"{'atak': ['0', '15', '12', '16', '5', '6', '7', '13', '4', '10', '2', '1', '18', '9', '19', '17', '14', '3', '11', '8']}",<built-in method values of dict object at 0x7fb6f20ac780>
"{'atak': ['1', '12', '4', '15', '8', '9', '16', '0', '10', '2', '6', '5', '14', '3', '17', '7', '18', '11', '13', '19']}",<built-in method values of dict object at 0x7fb6f207c600>
"{'atak': ['1', '12', '4', '15', '8', '9', '16', '0', '10', '2', '6', '5', '14', '3', '17', '7', '18', '11', '13', '19']}",<built-in method values of dict object at 0x7fb6f207c600>
"{'atak': ['1', '12', '4', '15', '8', '9', '16', '0', '10', '2', '6', '5', '14', '3', '17', '7', '18', '11', '13', '19']}",<built-in method values of dict object at 0x7fb6f207c600>
"{'atak': ['1', '12', '4', '15', '8', '9', '16', '0', '10', '2', '6', '5', '14', '3', '17', '7', '18', '11', '13', '19']}",<built-in method values of dict object at 0x7fb6f207c600>
"{'atak': ['1', '12', '4', '15', '8', '9', '16', '0', '10', '2', '6', '5', '14', '3', '17', '7', '18', '11', '13', '19']}",<built-in method values of dict object at 0x7fb6f207c600>
"{'atak': ['1', '12', '4', '15', '8', '9', '16', '0', '10', '2', '6', '5', '14', '3', '17', '7', '18', '11', '13', '19']}",<built-in method values of dict object at 0x7fb6f207c600>
"{'atak': ['1', '12', '4', '15', '8', '9', '16', '0', '10', '2', '6', '5', '14', '3', '17', '7', '18', '11', '13', '19']}",<built-in method values of dict object at 0x7fb6f207c600>
"{'atak': ['1', '12', '4', '15', '8', '9', '16', '0', '10', '2', '6', '5', '14', '3', '17', '7', '18', '11', '13', '19']}",<built-in method values of dict object at 0x7fb6f207c600>
"{'atak': ['1', '12', '4', '15', '8', '9', '16', '0', '10', '2', '6', '5', '14', '3', '17', '7', '18', '11', '13', '19']}",<built-in method values of dict object at 0x7fb6f207c600>
"{'atak': ['1', '12', '4', '15', '8', '9', '16', '0', '10', '2', '6', '5', '14', '3', '17', '7', '18', '11', '13', '19']}",<built-in method values of dict object at 0x7fb6f207c600>
"{'atak': ['1', '12', '4', '15', '8', '9', '16', '0', '10', '2', '6', '5', '14', '3', '17', '7', '18', '11', '13', '19']}",<built-in method values of dict object at 0x7fb6f207c600>
"{'atak': ['1', '12', '4', '15', '8', '9', '16', '0', '10', '2', '6', '5', '14', '3', '17', '7', '18', '11', '13', '19']}",<built-in method values of dict object at 0x7fb6f207c600>
"{'atak': ['1', '12', '4', '15', '8', '9', '16', '0', '10', '2', '6', '5', '14', '3', '17', '7', '18', '11', '13', '19']}",<built-in method values of dict object at 0x7fb6f207c600>
"{'atak': ['1', '12', '4', '15', '8', '9', '16', '0', '10', '2', '6', '5', '14', '3', '17', '7', '18', '11', '13', '19']}",<built-in method values of dict object at 0x7fb6f207c600>
"{'atak': ['1', '12', '4', '15', '8', '9', '16', '0', '10', '2', '6', '5', '14', '3', '17', '7', '18', '11', '13', '19']}",<built-in method values of dict object at 0x7fb6f207c600>
"{'atak': ['1', '12', '4', '15', '8', '9', '16', '0', '10', '2', '6', '5', '14', '3', '17', '7', '18', '11', '13', '19']}",<built-in method values of dict object at 0x7fb6f207c600>
"{'atak': ['1', '12', '4', '15', '8', '9', '16', '0', '10', '2', '6', '5', '14', '3', '17', '7', '18', '11', '13', '19']}",<built-in method values of dict object at 0x7fb6f207c600>
"{'atak': ['1', '12', '4', '15', '8', '9', '16', '0', '10', '2', '6', '5', '14', '3', '17', '7', '18', '11', '13', '19']}",<built-in method values of dict object at 0x7fb6f207c600>
"{'atak': ['1', '12', '4', '15', '8', '9', '16', '0', '10', '2', '6', '5', '14', '3', '17', '7', '18', '11', '13', '19']}",<built-in method values of dict object at 0x7fb6f207c600>
"{'atak': ['1', '12', '4', '15', '8', '9', '16', '0', '10', '2', '6', '5', '14', '3', '17', '7', '18', '11', '13', '19']}",<built-in method values of dict object at 0x7fb6f207c600>
"{'atak': ['19', '14', '15', '6', '1', '12', '10', '4', '18', '11', '9', '17', '7', '0', '16', '13', '3', '2', '5', '8']}",<built-in method values of dict object at 0x7fb5fa3ea140>
"{'atak': ['19', '14', '15', '6', '1', '12', '10', '4', '18', '11', '9', '17', '7', '0', '16', '13', '3', '2', '5', '8']}",<built-in method values of dict object at 0x7fb5fa3ea140>
"{'atak': ['19', '14', '15', '6', '1', '12', '10', '4', '18', '11', '9', '17', '7', '0', '16', '13', '3', '2', '5', '8']}",<built-in method values of dict object at 0x7fb5fa3ea140>
"{'atak': ['19', '14', '15', '6', '1', '12', '10', '4', '18', '11', '9', '17', '7', '0', '16', '13', '3', '2', '5', '8']}",<built-in method values of dict object at 0x7fb5fa3ea140>
"{'atak': ['19', '14', '15', '6', '1', '12', '10', '4', '18', '11', '9', '17', '7', '0', '16', '13', '3', '2', '5', '8']}",<built-in method values of dict object at 0x7fb5fa3ea140>
"{'atak': ['19', '14', '15', '6', '1', '12', '10', '4', '18', '11', '9', '17', '7', '0', '16', '13', '3', '2', '5', '8']}",<built-in method values of dict object at 0x7fb5fa3ea140>
"{'atak': ['19', '14', '15', '6', '1', '12', '10', '4', '18', '11', '9', '17', '7', '0', '16', '13', '3', '2', '5', '8']}",<built-in method values of dict object at 0x7fb5fa3ea140>
"{'atak': ['19', '14', '15', '6', '1', '12', '10', '4', '18', '11', '9', '17', '7', '0', '16', '13', '3', '2', '5', '8']}",<built-in method values of dict object at 0x7fb5fa3ea140>
"{'atak': ['19', '14', '15', '6', '1', '12', '10', '4', '18', '11', '9', '17', '7', '0', '16', '13', '3', '2', '5', '8']}",<built-in method values of dict object at 0x7fb5fa3ea140>
"{'atak': ['19', '14', '15', '6', '1', '12', '10', '4', '18', '11', '9', '17', '7', '0', '16', '13', '3', '2', '5', '8']}",<built-in method values of dict object at 0x7fb5fa3ea140>
"{'atak': ['19', '14', '15', '6', '1', '12', '10', '4', '18', '11', '9', '17', '7', '0', '16', '13', '3', '2', '5', '8']}",<built-in method values of dict object at 0x7fb5fa3ea140>
"{'atak': ['19', '14', '15', '6', '1', '12', '10', '4', '18', '11', '9', '17', '7', '0', '16', '13', '3', '2', '5', '8']}",<built-in method values of dict object at 0x7fb5fa3ea140>
"{'atak': ['19', '14', '15', '6', '1', '12', '10', '4', '18', '11', '9', '17', '7', '0', '16', '13', '3', '2', '5', '8']}",<built-in method values of dict object at 0x7fb5fa3ea140>
"{'atak': ['19', '14', '15', '6', '1', '12', '10', '4', '18', '11', '9', '17', '7', '0', '16', '13', '3', '2', '5', '8']}",<built-in method values of dict object at 0x7fb5fa3ea140>
"{'atak': ['19', '14', '15', '6', '1', '12', '10', '4', '18', '11', '9', '17', '7', '0', '16', '13', '3', '2', '5', '8']}",<built-in method values of dict object at 0x7fb5fa3ea140>
"{'atak': ['19', '14', '15', '6', '1', '12', '10', '4', '18', '11', '9', '17', '7', '0', '16', '13', '3', '2', '5', '8']}",<built-in method values of dict object at 0x7fb5fa3ea140>
"{'atak': ['19', '14', '15', '6', '1', '12', '10', '4', '18', '11', '9', '17', '7', '0', '16', '13', '3', '2', '5', '8']}",<built-in method values of dict object at 0x7fb5fa3ea140>
"{'atak': ['19', '14', '15', '6', '1', '12', '10', '4', '18', '11', '9', '17', '7', '0', '16', '13', '3', '2', '5', '8']}",<built-in method values of dict object at 0x7fb5fa3ea140>
"{'atak': ['19', '14', '15', '6', '1', '12', '10', '4', '18', '11', '9', '17', '7', '0', '16', '13', '3', '2', '5', '8']}",<built-in method values of dict object at 0x7fb5fa3ea140>
"{'atak': ['19', '14', '15', '6', '1', '12', '10', '4', '18', '11', '9', '17', '7', '0', '16', '13', '3', '2', '5', '8']}",<built-in method values of dict object at 0x7fb5fa3ea140>
"{'atak': ['7', '1', '13', '8', '15', '4', '10', '3', '2', '9', '19', '6', '11', '14', '0', '12', '16', '17', '5', '18']}",<built-in method values of dict object at 0x7fb6f20dbdc0>
"{'atak': ['7', '1', '13', '8', '15', '4', '10', '3', '2', '9', '19', '6', '11', '14', '0', '12', '16', '17', '5', '18']}",<built-in method values of dict object at 0x7fb6f20dbdc0>
"{'atak': ['7', '1', '13', '8', '15', '4', '10', '3', '2', '9', '19', '6', '11', '14', '0', '12', '16', '17', '5', '18']}",<built-in method values of dict object at 0x7fb6f20dbdc0>
"{'atak': ['7', '1', '13', '8', '15', '4', '10', '3', '2', '9', '19', '6', '11', '14', '0', '12', '16', '17', '5', '18']}",<built-in method values of dict object at 0x7fb6f20dbdc0>
"{'atak': ['7', '1', '13', '8', '15', '4', '10', '3', '2', '9', '19', '6', '11', '14', '0', '12', '16', '17', '5', '18']}",<built-in method values of dict object at 0x7fb6f20dbdc0>
"{'atak': ['7', '1', '13', '8', '15', '4', '10', '3', '2', '9', '19', '6', '11', '14', '0', '12', '16', '17', '5', '18']}",<built-in method values of dict object at 0x7fb6f20dbdc0>
"{'atak': ['7', '1', '13', '8', '15', '4', '10', '3', '2', '9', '19', '6', '11', '14', '0', '12', '16', '17', '5', '18']}",<built-in method values of dict object at 0x7fb6f20dbdc0>
"{'atak': ['7', '1', '13', '8', '15', '4', '10', '3', '2', '9', '19', '6', '11', '14', '0', '12', '16', '17', '5', '18']}",<built-in method values of dict object at 0x7fb6f20dbdc0>
"{'atak': ['7', '1', '13', '8', '15', '4', '10', '3', '2', '9', '19', '6', '11', '14', '0', '12', '16', '17', '5', '18']}",<built-in method values of dict object at 0x7fb6f20dbdc0>
"{'atak': ['7', '1', '13', '8', '15', '4', '10', '3', '2', '9', '19', '6', '11', '14', '0', '12', '16', '17', '5', '18']}",<built-in method values of dict object at 0x7fb6f20dbdc0>
"{'atak': ['7', '1', '13', '8', '15', '4', '10', '3', '2', '9', '19', '6', '11', '14', '0', '12', '16', '17', '5', '18']}",<built-in method values of dict object at 0x7fb6f20dbdc0>
"{'atak': ['7', '1', '13', '8', '15', '4', '10', '3', '2', '9', '19', '6', '11', '14', '0', '12', '16', '17', '5', '18']}",<built-in method values of dict object at 0x7fb6f20dbdc0>
"{'atak': ['7', '1', '13', '8', '15', '4', '10', '3', '2', '9', '19', '6', '11', '14', '0', '12', '16', '17', '5', '18']}",<built-in method values of dict object at 0x7fb6f20dbdc0>
"{'atak': ['7', '1', '13', '8', '15', '4', '10', '3', '2', '9', '19', '6', '11', '14', '0', '12', '16', '17', '5', '18']}",<built-in method values of dict object at 0x7fb6f20dbdc0>
"{'atak': ['7', '1', '13', '8', '15', '4', '10', '3', '2', '9', '19', '6', '11', '14', '0', '12', '16', '17', '5', '18']}",<built-in method values of dict object at 0x7fb6f20dbdc0>
"{'atak': ['7', '1', '13', '8', '15', '4', '10', '3', '2', '9', '19', '6', '11', '14', '0', '12', '16', '17', '5', '18']}",<built-in method values of dict object at 0x7fb6f20dbdc0>
"{'atak': ['7', '1', '13', '8', '15', '4', '10', '3', '2', '9', '19', '6', '11', '14', '0', '12', '16', '17', '5', '18']}",<built-in method values of dict object at 0x7fb6f20dbdc0>
"{'atak': ['7', '1', '13', '8', '15', '4', '10', '3', '2', '9', '19', '6', '11', '14', '0', '12', '16', '17', '5', '18']}",<built-in method values of dict object at 0x7fb6f20dbdc0>
"{'atak': ['7', '1', '13', '8', '15', '4', '10', '3', '2', '9', '19', '6', '11', '14', '0', '12', '16', '17', '5', '18']}",<built-in method values of dict object at 0x7fb6f20dbdc0>
"{'atak': ['7', '1', '13', '8', '15', '4', '10', '3', '2', '9', '19', '6', '11', '14', '0', '12', '16', '17', '5', '18']}",<built-in method values of dict object at 0x7fb6f20dbdc0>
"{'atak': ['5', '2', '6', '7', '9', '16', '0', '1', '12', '14', '10', '13', '11', '4', '18', '8', '3', '19', '17', '15']}",<built-in method values of dict object at 0x7fb6f20c9600>
"{'atak': ['5', '2', '6', '7', '9', '16', '0', '1', '12', '14', '10', '13', '11', '4', '18', '8', '3', '19', '17', '15']}",<built-in method values of dict object at 0x7fb6f20c9600>
"{'atak': ['5', '2', '6', '7', '9', '16', '0', '1', '12', '14', '10', '13', '11', '4', '18', '8', '3', '19', '17', '15']}",<built-in method values of dict object at 0x7fb6f20c9600>
"{'atak': ['5', '2', '6', '7', '9', '16', '0', '1', '12', '14', '10', '13', '11', '4', '18', '8', '3', '19', '17', '15']}",<built-in method values of dict object at 0x7fb6f20c9600>
"{'atak': ['5', '2', '6', '7', '9', '16', '0', '1', '12', '14', '10', '13', '11', '4', '18', '8', '3', '19', '17', '15']}",<built-in method values of dict object at 0x7fb6f20c9600>
"{'atak': ['5', '2', '6', '7', '9', '16', '0', '1', '12', '14', '10', '13', '11', '4', '18', '8', '3', '19', '17', '15']}",<built-in method values of dict object at 0x7fb6f20c9600>
"{'atak': ['5', '2', '6', '7', '9', '16', '0', '1', '12', '14', '10', '13', '11', '4', '18', '8', '3', '19', '17', '15']}",<built-in method values of dict object at 0x7fb6f20c9600>
"{'atak': ['5', '2', '6', '7', '9', '16', '0', '1', '12', '14', '10', '13', '11', '4', '18', '8', '3', '19', '17', '15']}",<built-in method values of dict object at 0x7fb6f20c9600>
"{'atak': ['5', '2', '6', '7', '9', '16', '0', '1', '12', '14', '10', '13', '11', '4', '18', '8', '3', '19', '17', '15']}",<built-in method values of dict object at 0x7fb6f20c9600>
"{'atak': ['5', '2', '6', '7', '9', '16', '0', '1', '12', '14', '10', '13', '11', '4', '18', '8', '3', '19', '17', '15']}",<built-in method values of dict object at 0x7fb6f20c9600>
"{'atak': ['5', '2', '6', '7', '9', '16', '0', '1', '12', '14', '10', '13', '11', '4', '18', '8', '3', '19', '17', '15']}",<built-in method values of dict object at 0x7fb6f20c9600>
"{'atak': ['5', '2', '6', '7', '9', '16', '0', '1', '12', '14', '10', '13', '11', '4', '18', '8', '3', '19', '17', '15']}",<built-in method values of dict object at 0x7fb6f20c9600>
"{'atak': ['5', '2', '6', '7', '9', '16', '0', '1', '12', '14', '10', '13', '11', '4', '18', '8', '3', '19', '17', '15']}",<built-in method values of dict object at 0x7fb6f20c9600>
"{'atak': ['5', '2', '6', '7', '9', '16', '0', '1', '12', '14', '10', '13', '11', '4', '18', '8', '3', '19', '17', '15']}",<built-in method values of dict object at 0x7fb6f20c9600>
"{'atak': ['5', '2', '6', '7', '9', '16', '0', '1', '12', '14', '10', '13', '11', '4', '18', '8', '3', '19', '17', '15']}",<built-in method values of dict object at 0x7fb6f20c9600>
"{'atak': ['5', '2', '6', '7', '9', '16', '0', '1', '12', '14', '10', '13', '11', '4', '18', '8', '3', '19', '17', '15']}",<built-in method values of dict object at 0x7fb6f20c9600>
"{'atak': ['5', '2', '6', '7', '9', '16', '0', '1', '12', '14', '10', '13', '11', '4', '18', '8', '3', '19', '17', '15']}",<built-in method values of dict object at 0x7fb6f20c9600>
"{'atak': ['5', '2', '6', '7', '9', '16', '0', '1', '12', '14', '10', '13', '11', '4', '18', '8', '3', '19', '17', '15']}",<built-in method values of dict object at 0x7fb6f20c9600>
"{'atak': ['5', '2', '6', '7', '9', '16', '0', '1', '12', '14', '10', '13', '11', '4', '18', '8', '3', '19', '17', '15']}",<built-in method values of dict object at 0x7fb6f20c9600>
"{'atak': ['5', '2', '6', '7', '9', '16', '0', '1', '12', '14', '10', '13', '11', '4', '18', '8', '3', '19', '17', '15']}",<built-in method values of dict object at 0x7fb6f20c9600>
"{'atak': ['6', '12', '3', '15', '19', '11', '10', '0', '5', '4', '2', '13', '14', '18', '9', '7', '17', '1', '8', '16']}",<built-in method values of dict object at 0x7fb6f20be580>
"{'atak': ['6', '12', '3', '15', '19', '11', '10', '0', '5', '4', '2', '13', '14', '18', '9', '7', '17', '1', '8', '16']}",<built-in method values of dict object at 0x7fb6f20be580>
"{'atak': ['6', '12', '3', '15', '19', '11', '10', '0', '5', '4', '2', '13', '14', '18', '9', '7', '17', '1', '8', '16']}",<built-in method values of dict object at 0x7fb6f20be580>
"{'atak': ['6', '12', '3', '15', '19', '11', '10', '0', '5', '4', '2', '13', '14', '18', '9', '7', '17', '1', '8', '16']}",<built-in method values of dict object at 0x7fb6f20be580>
"{'atak': ['6', '12', '3', '15', '19', '11', '10', '0', '5', '4', '2', '13', '14', '18', '9', '7', '17', '1', '8', '16']}",<built-in method values of dict object at 0x7fb6f20be580>
"{'atak': ['6', '12', '3', '15', '19', '11', '10', '0', '5', '4', '2', '13', '14', '18', '9', '7', '17', '1', '8', '16']}",<built-in method values of dict object at 0x7fb6f20be580>
"{'atak': ['6', '12', '3', '15', '19', '11', '10', '0', '5', '4', '2', '13', '14', '18', '9', '7', '17', '1', '8', '16']}",<built-in method values of dict object at 0x7fb6f20be580>
"{'atak': ['6', '12', '3', '15', '19', '11', '10', '0', '5', '4', '2', '13', '14', '18', '9', '7', '17', '1', '8', '16']}",<built-in method values of dict object at 0x7fb6f20be580>
"{'atak': ['6', '12', '3', '15', '19', '11', '10', '0', '5', '4', '2', '13', '14', '18', '9', '7', '17', '1', '8', '16']}",<built-in method values of dict object at 0x7fb6f20be580>
"{'atak': ['6', '12', '3', '15', '19', '11', '10', '0', '5', '4', '2', '13', '14', '18', '9', '7', '17', '1', '8', '16']}",<built-in method values of dict object at 0x7fb6f20be580>
"{'atak': ['6', '12', '3', '15', '19', '11', '10', '0', '5', '4', '2', '13', '14', '18', '9', '7', '17', '1', '8', '16']}",<built-in method values of dict object at 0x7fb6f20be580>
"{'atak': ['6', '12', '3', '15', '19', '11', '10', '0', '5', '4', '2', '13', '14', '18', '9', '7', '17', '1', '8', '16']}",<built-in method values of dict object at 0x7fb6f20be580>
"{'atak': ['6', '12', '3', '15', '19', '11', '10', '0', '5', '4', '2', '13', '14', '18', '9', '7', '17', '1', '8', '16']}",<built-in method values of dict object at 0x7fb6f20be580>
"{'atak': ['6', '12', '3', '15', '19', '11', '10', '0', '5', '4', '2', '13', '14', '18', '9', '7', '17', '1', '8', '16']}",<built-in method values of dict object at 0x7fb6f20be580>
"{'atak': ['6', '12', '3', '15', '19', '11', '10', '0', '5', '4', '2', '13', '14', '18', '9', '7', '17', '1', '8', '16']}",<built-in method values of dict object at 0x7fb6f20be580>
"{'atak': ['6', '12', '3', '15', '19', '11', '10', '0', '5', '4', '2', '13', '14', '18', '9', '7', '17', '1', '8', '16']}",<built-in method values of dict object at 0x7fb6f20be580>
"{'atak': ['6', '12', '3', '15', '19', '11', '10', '0', '5', '4', '2', '13', '14', '18', '9', '7', '17', '1', '8', '16']}",<built-in method values of dict object at 0x7fb6f20be580>
"{'atak': ['6', '12', '3', '15', '19', '11', '10', '0', '5', '4', '2', '13', '14', '18', '9', '7', '17', '1', '8', '16']}",<built-in method values of dict object at 0x7fb6f20be580>
"{'atak': ['6', '12', '3', '15', '19', '11', '10', '0', '5', '4', '2', '13', '14', '18', '9', '7', '17', '1', '8', '16']}",<built-in method values of dict object at 0x7fb6f20be580>
"{'atak': ['6', '12', '3', '15', '19', '11', '10', '0', '5', '4', '2', '13', '14', '18', '9', '7', '17', '1', '8', '16']}",<built-in method values of dict object at 0x7fb6f20be580>
"{'atak': ['9', '8', '5', '1', '11', '0', '2', '10', '13', '17', '14', '3', '6', '16', '12', '18', '15', '4', '7', '19']}",<built-in method values of dict object at 0x7fb6f20be1c0>
"{'atak': ['9', '8', '5', '1', '11', '0', '2', '10', '13', '17', '14', '3', '6', '16', '12', '18', '15', '4', '7', '19']}",<built-in method values of dict object at 0x7fb6f20be1c0>
"{'atak': ['9', '8', '5', '1', '11', '0', '2', '10', '13', '17', '14', '3', '6', '16', '12', '18', '15', '4', '7', '19']}",<built-in method values of dict object at 0x7fb6f20be1c0>
"{'atak': ['9', '8', '5', '1', '11', '0', '2', '10', '13', '17', '14', '3', '6', '16', '12', '18', '15', '4', '7', '19']}",<built-in method values of dict object at 0x7fb6f20be1c0>
"{'atak': ['9', '8', '5', '1', '11', '0', '2', '10', '13', '17', '14', '3', '6', '16', '12', '18', '15', '4', '7', '19']}",<built-in method values of dict object at 0x7fb6f20be1c0>
"{'atak': ['9', '8', '5', '1', '11', '0', '2', '10', '13', '17', '14', '3', '6', '16', '12', '18', '15', '4', '7', '19']}",<built-in method values of dict object at 0x7fb6f20be1c0>
"{'atak': ['9', '8', '5', '1', '11', '0', '2', '10', '13', '17', '14', '3', '6', '16', '12', '18', '15', '4', '7', '19']}",<built-in method values of dict object at 0x7fb6f20be1c0>
"{'atak': ['9', '8', '5', '1', '11', '0', '2', '10', '13', '17', '14', '3', '6', '16', '12', '18', '15', '4', '7', '19']}",<built-in method values of dict object at 0x7fb6f20be1c0>
"{'atak': ['9', '8', '5', '1', '11', '0', '2', '10', '13', '17', '14', '3', '6', '16', '12', '18', '15', '4', '7', '19']}",<built-in method values of dict object at 0x7fb6f20be1c0>
"{'atak': ['9', '8', '5', '1', '11', '0', '2', '10', '13', '17', '14', '3', '6', '16', '12', '18', '15', '4', '7', '19']}",<built-in method values of dict object at 0x7fb6f20be1c0>
"{'atak': ['9', '8', '5', '1', '11', '0', '2', '10', '13', '17', '14', '3', '6', '16', '12', '18', '15', '4', '7', '19']}",<built-in method values of dict object at 0x7fb6f20be1c0>
"{'atak': ['9', '8', '5', '1', '11', '0', '2', '10', '13', '17', '14', '3', '6', '16', '12', '18', '15', '4', '7', '19']}",<built-in method values of dict object at 0x7fb6f20be1c0>
"{'atak': ['9', '8', '5', '1', '11', '0', '2', '10', '13', '17', '14', '3', '6', '16', '12', '18', '15', '4', '7', '19']}",<built-in method values of dict object at 0x7fb6f20be1c0>
"{'atak': ['9', '8', '5', '1', '11', '0', '2', '10', '13', '17', '14', '3', '6', '16', '12', '18', '15', '4', '7', '19']}",<built-in method values of dict object at 0x7fb6f20be1c0>
"{'atak': ['9', '8', '5', '1', '11', '0', '2', '10', '13', '17', '14', '3', '6', '16', '12', '18', '15', '4', '7', '19']}",<built-in method values of dict object at 0x7fb6f20be1c0>
"{'atak': ['9', '8', '5', '1', '11', '0', '2', '10', '13', '17', '14', '3', '6', '16', '12', '18', '15', '4', '7', '19']}",<built-in method values of dict object at 0x7fb6f20be1c0>
"{'atak': ['9', '8', '5', '1', '11', '0', '2', '10', '13', '17', '14', '3', '6', '16', '12', '18', '15', '4', '7', '19']}",<built-in method values of dict object at 0x7fb6f20be1c0>
"{'atak': ['9', '8', '5', '1', '11', '0', '2', '10', '13', '17', '14', '3', '6', '16', '12', '18', '15', '4', '7', '19']}",<built-in method values of dict object at 0x7fb6f20be1c0>
"{'atak': ['9', '8', '5', '1', '11', '0', '2', '10', '13', '17', '14', '3', '6', '16', '12', '18', '15', '4', '7', '19']}",<built-in method values of dict object at 0x7fb6f20be1c0>
"{'atak': ['9', '8', '5', '1', '11', '0', '2', '10', '13', '17', '14', '3', '6', '16', '12', '18', '15', '4', '7', '19']}",<built-in method values of dict object at 0x7fb6f20be1c0>
"{'atak': ['5', '9', '1', '4', '12', '16', '19', '0', '11', '14', '13', '18', '2', '6', '15', '7', '10', '17', '8', '3']}",<built-in method values of dict object at 0x7fb6f2059500>
"{'atak': ['5', '9', '1', '4', '12', '16', '19', '0', '11', '14', '13', '18', '2', '6', '15', '7', '10', '17', '8', '3']}",<built-in method values of dict object at 0x7fb6f2059500>
"{'atak': ['5', '9', '1', '4', '12', '16', '19', '0', '11', '14', '13', '18', '2', '6', '15', '7', '10', '17', '8', '3']}",<built-in method values of dict object at 0x7fb6f2059500>
"{'atak': ['5', '9', '1', '4', '12', '16', '19', '0', '11', '14', '13', '18', '2', '6', '15', '7', '10', '17', '8', '3']}",<built-in method values of dict object at 0x7fb6f2059500>
"{'atak': ['5', '9', '1', '4', '12', '16', '19', '0', '11', '14', '13', '18', '2', '6', '15', '7', '10', '17', '8', '3']}",<built-in method values of dict object at 0x7fb6f2059500>
"{'atak': ['5', '9', '1', '4', '12', '16', '19', '0', '11', '14', '13', '18', '2', '6', '15', '7', '10', '17', '8', '3']}",<built-in method values of dict object at 0x7fb6f2059500>
"{'atak': ['5', '9', '1', '4', '12', '16', '19', '0', '11', '14', '13', '18', '2', '6', '15', '7', '10', '17', '8', '3']}",<built-in method values of dict object at 0x7fb6f2059500>
"{'atak': ['5', '9', '1', '4', '12', '16', '19', '0', '11', '14', '13', '18', '2', '6', '15', '7', '10', '17', '8', '3']}",<built-in method values of dict object at 0x7fb6f2059500>
"{'atak': ['5', '9', '1', '4', '12', '16', '19', '0', '11', '14', '13', '18', '2', '6', '15', '7', '10', '17', '8', '3']}",<built-in method values of dict object at 0x7fb6f2059500>
"{'atak': ['5', '9', '1', '4', '12', '16', '19', '0', '11', '14', '13', '18', '2', '6', '15', '7', '10', '17', '8', '3']}",<built-in method values of dict object at 0x7fb6f2059500>
"{'atak': ['5', '9', '1', '4', '12', '16', '19', '0', '11', '14', '13', '18', '2', '6', '15', '7', '10', '17', '8', '3']}",<built-in method values of dict object at 0x7fb6f2059500>
"{'atak': ['5', '9', '1', '4', '12', '16', '19', '0', '11', '14', '13', '18', '2', '6', '15', '7', '10', '17', '8', '3']}",<built-in method values of dict object at 0x7fb6f2059500>
"{'atak': ['5', '9', '1', '4', '12', '16', '19', '0', '11', '14', '13', '18', '2', '6', '15', '7', '10', '17', '8', '3']}",<built-in method values of dict object at 0x7fb6f2059500>
"{'atak': ['5', '9', '1', '4', '12', '16', '19', '0', '11', '14', '13', '18', '2', '6', '15', '7', '10', '17', '8', '3']}",<built-in method values of dict object at 0x7fb6f2059500>
"{'atak': ['5', '9', '1', '4', '12', '16', '19', '0', '11', '14', '13', '18', '2', '6', '15', '7', '10', '17', '8', '3']}",<built-in method values of dict object at 0x7fb6f2059500>
"{'atak': ['5', '9', '1', '4', '12', '16', '19', '0', '11', '14', '13', '18', '2', '6', '15', '7', '10', '17', '8', '3']}",<built-in method values of dict object at 0x7fb6f2059500>
"{'atak': ['5', '9', '1', '4', '12', '16', '19', '0', '11', '14', '13', '18', '2', '6', '15', '7', '10', '17', '8', '3']}",<built-in method values of dict object at 0x7fb6f2059500>
"{'atak': ['5', '9', '1', '4', '12', '16', '19', '0', '11', '14', '13', '18', '2', '6', '15', '7', '10', '17', '8', '3']}",<built-in method values of dict object at 0x7fb6f2059500>
"{'atak': ['5', '9', '1', '4', '12', '16', '19', '0', '11', '14', '13', '18', '2', '6', '15', '7', '10', '17', '8', '3']}",<built-in method values of dict object at 0x7fb6f2059500>
"{'atak': ['5', '9', '1', '4', '12', '16', '19', '0', '11', '14', '13', '18', '2', '6', '15', '7', '10', '17', '8', '3']}",<built-in method values of dict object at 0x7fb6f2059500>
"{'atak': ['19', '15', '7', '4', '1', '6', '5', '3', '9', '10', '0', '11', '2', '12', '17', '14', '18', '13', '8', '16']}",<built-in method values of dict object at 0x7fb6f1ef8540>
"{'atak': ['19', '15', '7', '4', '1', '6', '5', '3', '9', '10', '0', '11', '2', '12', '17', '14', '18', '13', '8', '16']}",<built-in method values of dict object at 0x7fb6f1ef8540>
"{'atak': ['19', '15', '7', '4', '1', '6', '5', '3', '9', '10', '0', '11', '2', '12', '17', '14', '18', '13', '8', '16']}",<built-in method values of dict object at 0x7fb6f1ef8540>
"{'atak': ['19', '15', '7', '4', '1', '6', '5', '3', '9', '10', '0', '11', '2', '12', '17', '14', '18', '13', '8', '16']}",<built-in method values of dict object at 0x7fb6f1ef8540>
"{'atak': ['19', '15', '7', '4', '1', '6', '5', '3', '9', '10', '0', '11', '2', '12', '17', '14', '18', '13', '8', '16']}",<built-in method values of dict object at 0x7fb6f1ef8540>
"{'atak': ['19', '15', '7', '4', '1', '6', '5', '3', '9', '10', '0', '11', '2', '12', '17', '14', '18', '13', '8', '16']}",<built-in method values of dict object at 0x7fb6f1ef8540>
"{'atak': ['19', '15', '7', '4', '1', '6', '5', '3', '9', '10', '0', '11', '2', '12', '17', '14', '18', '13', '8', '16']}",<built-in method values of dict object at 0x7fb6f1ef8540>
"{'atak': ['19', '15', '7', '4', '1', '6', '5', '3', '9', '10', '0', '11', '2', '12', '17', '14', '18', '13', '8', '16']}",<built-in method values of dict object at 0x7fb6f1ef8540>
"{'atak': ['19', '15', '7', '4', '1', '6', '5', '3', '9', '10', '0', '11', '2', '12', '17', '14', '18', '13', '8', '16']}",<built-in method values of dict object at 0x7fb6f1ef8540>
"{'atak': ['19', '15', '7', '4', '1', '6', '5', '3', '9', '10', '0', '11', '2', '12', '17', '14', '18', '13', '8', '16']}",<built-in method values of dict object at 0x7fb6f1ef8540>
"{'atak': ['19', '15', '7', '4', '1', '6', '5', '3', '9', '10', '0', '11', '2', '12', '17', '14', '18', '13', '8', '16']}",<built-in method values of dict object at 0x7fb6f1ef8540>
"{'atak': ['19', '15', '7', '4', '1', '6', '5', '3', '9', '10', '0', '11', '2', '12', '17', '14', '18', '13', '8', '16']}",<built-in method values of dict object at 0x7fb6f1ef8540>
"{'atak': ['19', '15', '7', '4', '1', '6', '5', '3', '9', '10', '0', '11', '2', '12', '17', '14', '18', '13', '8', '16']}",<built-in method values of dict object at 0x7fb6f1ef8540>
"{'atak': ['19', '15', '7', '4', '1', '6', '5', '3', '9', '10', '0', '11', '2', '12', '17', '14', '18', '13', '8', '16']}",<built-in method values of dict object at 0x7fb6f1ef8540>
"{'atak': ['19', '15', '7', '4', '1', '6', '5', '3', '9', '10', '0', '11', '2', '12', '17', '14', '18', '13', '8', '16']}",<built-in method values of dict object at 0x7fb6f1ef8540>
"{'atak': ['19', '15', '7', '4', '1', '6', '5', '3', '9', '10', '0', '11', '2', '12', '17', '14', '18', '13', '8', '16']}",<built-in method values of dict object at 0x7fb6f1ef8540>
"{'atak': ['19', '15', '7', '4', '1', '6', '5', '3', '9', '10', '0', '11', '2', '12', '17', '14', '18', '13', '8', '16']}",<built-in method values of dict object at 0x7fb6f1ef8540>
"{'atak': ['19', '15', '7', '4', '1', '6', '5', '3', '9', '10', '0', '11', '2', '12', '17', '14', '18', '13', '8', '16']}",<built-in method values of dict object at 0x7fb6f1ef8540>
"{'atak': ['19', '15', '7', '4', '1', '6', '5', '3', '9', '10', '0', '11', '2', '12', '17', '14', '18', '13', '8', '16']}",<built-in method values of dict object at 0x7fb6f1ef8540>
"{'atak': ['19', '15', '7', '4', '1', '6', '5', '3', '9', '10', '0', '11', '2', '12', '17', '14', '18', '13', '8', '16']}",<built-in method values of dict object at 0x7fb6f1ef8540>
"{'atak': ['3', '6', '8', '13', '0', '9', '19', '10', '7', '1', '11', '2', '14', '18', '16', '5', '17', '12', '15', '4']}",<built-in method values of dict object at 0x7fb6f1f07480>
"{'atak': ['3', '6', '8', '13', '0', '9', '19', '10', '7', '1', '11', '2', '14', '18', '16', '5', '17', '12', '15', '4']}",<built-in method values of dict object at 0x7fb6f1f07480>
"{'atak': ['3', '6', '8', '13', '0', '9', '19', '10', '7', '1', '11', '2', '14', '18', '16', '5', '17', '12', '15', '4']}",<built-in method values of dict object at 0x7fb6f1f07480>
"{'atak': ['3', '6', '8', '13', '0', '9', '19', '10', '7', '1', '11', '2', '14', '18', '16', '5', '17', '12', '15', '4']}",<built-in method values of dict object at 0x7fb6f1f07480>
"{'atak': ['3', '6', '8', '13', '0', '9', '19', '10', '7', '1', '11', '2', '14', '18', '16', '5', '17', '12', '15', '4']}",<built-in method values of dict object at 0x7fb6f1f07480>
"{'atak': ['3', '6', '8', '13', '0', '9', '19', '10', '7', '1', '11', '2', '14', '18', '16', '5', '17', '12', '15', '4']}",<built-in method values of dict object at 0x7fb6f1f07480>
"{'atak': ['3', '6', '8', '13', '0', '9', '19', '10', '7', '1', '11', '2', '14', '18', '16', '5', '17', '12', '15', '4']}",<built-in method values of dict object at 0x7fb6f1f07480>
"{'atak': ['3', '6', '8', '13', '0', '9', '19', '10', '7', '1', '11', '2', '14', '18', '16', '5', '17', '12', '15', '4']}",<built-in method values of dict object at 0x7fb6f1f07480>
"{'atak': ['3', '6', '8', '13', '0', '9', '19', '10', '7', '1', '11', '2', '14', '18', '16', '5', '17', '12', '15', '4']}",<built-in method values of dict object at 0x7fb6f1f07480>
"{'atak': ['3', '6', '8', '13', '0', '9', '19', '10', '7', '1', '11', '2', '14', '18', '16', '5', '17', '12', '15', '4']}",<built-in method values of dict object at 0x7fb6f1f07480>
"{'atak': ['3', '6', '8', '13', '0', '9', '19', '10', '7', '1', '11', '2', '14', '18', '16', '5', '17', '12', '15', '4']}",<built-in method values of dict object at 0x7fb6f1f07480>
"{'atak': ['3', '6', '8', '13', '0', '9', '19', '10', '7', '1', '11', '2', '14', '18', '16', '5', '17', '12', '15', '4']}",<built-in method values of dict object at 0x7fb6f1f07480>
"{'atak': ['3', '6', '8', '13', '0', '9', '19', '10', '7', '1', '11', '2', '14', '18', '16', '5', '17', '12', '15', '4']}",<built-in method values of dict object at 0x7fb6f1f07480>
"{'atak': ['3', '6', '8', '13', '0', '9', '19', '10', '7', '1', '11', '2', '14', '18', '16', '5', '17', '12', '15', '4']}",<built-in method values of dict object at 0x7fb6f1f07480>
"{'atak': ['3', '6', '8', '13', '0', '9', '19', '10', '7', '1', '11', '2', '14', '18', '16', '5', '17', '12', '15', '4']}",<built-in method values of dict object at 0x7fb6f1f07480>
"{'atak': ['3', '6', '8', '13', '0', '9', '19', '10', '7', '1', '11', '2', '14', '18', '16', '5', '17', '12', '15', '4']}",<built-in method values of dict object at 0x7fb6f1f07480>
"{'atak': ['3', '6', '8', '13', '0', '9', '19', '10', '7', '1', '11', '2', '14', '18', '16', '5', '17', '12', '15', '4']}",<built-in method values of dict object at 0x7fb6f1f07480>
"{'atak': ['3', '6', '8', '13', '0', '9', '19', '10', '7', '1', '11', '2', '14', '18', '16', '5', '17', '12', '15', '4']}",<built-in method values of dict object at 0x7fb6f1f07480>
"{'atak': ['3', '6', '8', '13', '0', '9', '19', '10', '7', '1', '11', '2', '14', '18', '16', '5', '17', '12', '15', '4']}",<built-in method values of dict object at 0x7fb6f1f07480>
"{'atak': ['3', '6', '8', '13', '0', '9', '19', '10', '7', '1', '11', '2', '14', '18', '16', '5', '17', '12', '15', '4']}",<built-in method values of dict object at 0x7fb6f1f07480>
"{'atak': ['16', '0', '13', '15', '1', '9', '3', '4', '6', '11', '12', '2', '10', '8', '17', '5', '7', '14', '18', '19']}",<built-in method values of dict object at 0x7fb6f1f16b80>
"{'atak': ['16', '0', '13', '15', '1', '9', '3', '4', '6', '11', '12', '2', '10', '8', '17', '5', '7', '14', '18', '19']}",<built-in method values of dict object at 0x7fb6f1f16b80>
"{'atak': ['16', '0', '13', '15', '1', '9', '3', '4', '6', '11', '12', '2', '10', '8', '17', '5', '7', '14', '18', '19']}",<built-in method values of dict object at 0x7fb6f1f16b80>
"{'atak': ['16', '0', '13', '15', '1', '9', '3', '4', '6', '11', '12', '2', '10', '8', '17', '5', '7', '14', '18', '19']}",<built-in method values of dict object at 0x7fb6f1f16b80>
"{'atak': ['16', '0', '13', '15', '1', '9', '3', '4', '6', '11', '12', '2', '10', '8', '17', '5', '7', '14', '18', '19']}",<built-in method values of dict object at 0x7fb6f1f16b80>
"{'atak': ['16', '0', '13', '15', '1', '9', '3', '4', '6', '11', '12', '2', '10', '8', '17', '5', '7', '14', '18', '19']}",<built-in method values of dict object at 0x7fb6f1f16b80>
"{'atak': ['16', '0', '13', '15', '1', '9', '3', '4', '6', '11', '12', '2', '10', '8', '17', '5', '7', '14', '18', '19']}",<built-in method values of dict object at 0x7fb6f1f16b80>
"{'atak': ['16', '0', '13', '15', '1', '9', '3', '4', '6', '11', '12', '2', '10', '8', '17', '5', '7', '14', '18', '19']}",<built-in method values of dict object at 0x7fb6f1f16b80>
"{'atak': ['16', '0', '13', '15', '1', '9', '3', '4', '6', '11', '12', '2', '10', '8', '17', '5', '7', '14', '18', '19']}",<built-in method values of dict object at 0x7fb6f1f16b80>
"{'atak': ['16', '0', '13', '15', '1', '9', '3', '4', '6', '11', '12', '2', '10', '8', '17', '5', '7', '14', '18', '19']}",<built-in method values of dict object at 0x7fb6f1f16b80>
"{'atak': ['16', '0', '13', '15', '1', '9', '3', '4', '6', '11', '12', '2', '10', '8', '17', '5', '7', '14', '18', '19']}",<built-in method values of dict object at 0x7fb6f1f16b80>
"{'atak': ['16', '0', '13', '15', '1', '9', '3', '4', '6', '11', '12', '2', '10', '8', '17', '5', '7', '14', '18', '19']}",<built-in method values of dict object at 0x7fb6f1f16b80>
"{'atak': ['16', '0', '13', '15', '1', '9', '3', '4', '6', '11', '12', '2', '10', '8', '17', '5', '7', '14', '18', '19']}",<built-in method values of dict object at 0x7fb6f1f16b80>
"{'atak': ['16', '0', '13', '15', '1', '9', '3', '4', '6', '11', '12', '2', '10', '8', '17', '5', '7', '14', '18', '19']}",<built-in method values of dict object at 0x7fb6f1f16b80>
"{'atak': ['16', '0', '13', '15', '1', '9', '3', '4', '6', '11', '12', '2', '10', '8', '17', '5', '7', '14', '18', '19']}",<built-in method values of dict object at 0x7fb6f1f16b80>
"{'atak': ['16', '0', '13', '15', '1', '9', '3', '4', '6', '11', '12', '2', '10', '8', '17', '5', '7', '14', '18', '19']}",<built-in method values of dict object at 0x7fb6f1f16b80>
"{'atak': ['16', '0', '13', '15', '1', '9', '3', '4', '6', '11', '12', '2', '10', '8', '17', '5', '7', '14', '18', '19']}",<built-in method values of dict object at 0x7fb6f1f16b80>
"{'atak': ['16', '0', '13', '15', '1', '9', '3', '4', '6', '11', '12', '2', '10', '8', '17', '5', '7', '14', '18', '19']}",<built-in method values of dict object at 0x7fb6f1f16b80>
"{'atak': ['16', '0', '13', '15', '1', '9', '3', '4', '6', '11', '12', '2', '10', '8', '17', '5', '7', '14', '18', '19']}",<built-in method values of dict object at 0x7fb6f1f16b80>
"{'atak': ['16', '0', '13', '15', '1', '9', '3', '4', '6', '11', '12', '2', '10', '8', '17', '5', '7', '14', '18', '19']}",<built-in method values of dict object at 0x7fb6f1f16b80>
"{'atak': ['10', '0', '4', '6', '3', '17', '12', '16', '5', '9', '15', '19', '2', '14', '1', '18', '7', '8', '11', '13']}",<built-in method values of dict object at 0x7fb6f20d8280>
"{'atak': ['10', '0', '4', '6', '3', '17', '12', '16', '5', '9', '15', '19', '2', '14', '1', '18', '7', '8', '11', '13']}",<built-in method values of dict object at 0x7fb6f20d8280>
"{'atak': ['10', '0', '4', '6', '3', '17', '12', '16', '5', '9', '15', '19', '2', '14', '1', '18', '7', '8', '11', '13']}",<built-in method values of dict object at 0x7fb6f20d8280>
"{'atak': ['10', '0', '4', '6', '3', '17', '12', '16', '5', '9', '15', '19', '2', '14', '1', '18', '7', '8', '11', '13']}",<built-in method values of dict object at 0x7fb6f20d8280>
"{'atak': ['10', '0', '4', '6', '3', '17', '12', '16', '5', '9', '15', '19', '2', '14', '1', '18', '7', '8', '11', '13']}",<built-in method values of dict object at 0x7fb6f20d8280>
"{'atak': ['10', '0', '4', '6', '3', '17', '12', '16', '5', '9', '15', '19', '2', '14', '1', '18', '7', '8', '11', '13']}",<built-in method values of dict object at 0x7fb6f20d8280>
"{'atak': ['10', '0', '4', '6', '3', '17', '12', '16', '5', '9', '15', '19', '2', '14', '1', '18', '7', '8', '11', '13']}",<built-in method values of dict object at 0x7fb6f20d8280>
"{'atak': ['10', '0', '4', '6', '3', '17', '12', '16', '5', '9', '15', '19', '2', '14', '1', '18', '7', '8', '11', '13']}",<built-in method values of dict object at 0x7fb6f20d8280>
"{'atak': ['10', '0', '4', '6', '3', '17', '12', '16', '5', '9', '15', '19', '2', '14', '1', '18', '7', '8', '11', '13']}",<built-in method values of dict object at 0x7fb6f20d8280>
"{'atak': ['10', '0', '4', '6', '3', '17', '12', '16', '5', '9', '15', '19', '2', '14', '1', '18', '7', '8', '11', '13']}",<built-in method values of dict object at 0x7fb6f20d8280>
"{'atak': ['10', '0', '4', '6', '3', '17', '12', '16', '5', '9', '15', '19', '2', '14', '1', '18', '7', '8', '11', '13']}",<built-in method values of dict object at 0x7fb6f20d8280>
"{'atak': ['10', '0', '4', '6', '3', '17', '12', '16', '5', '9', '15', '19', '2', '14', '1', '18', '7', '8', '11', '13']}",<built-in method values of dict object at 0x7fb6f20d8280>
"{'atak': ['10', '0', '4', '6', '3', '17', '12', '16', '5', '9', '15', '19', '2', '14', '1', '18', '7', '8', '11', '13']}",<built-in method values of dict object at 0x7fb6f20d8280>
"{'atak': ['10', '0', '4', '6', '3', '17', '12', '16', '5', '9', '15', '19', '2', '14', '1', '18', '7', '8', '11', '13']}",<built-in method values of dict object at 0x7fb6f20d8280>
"{'atak': ['10', '0', '4', '6', '3', '17', '12', '16', '5', '9', '15', '19', '2', '14', '1', '18', '7', '8', '11', '13']}",<built-in method values of dict object at 0x7fb6f20d8280>
"{'atak': ['10', '0', '4', '6', '3', '17', '12', '16', '5', '9', '15', '19', '2', '14', '1', '18', '7', '8', '11', '13']}",<built-in method values of dict object at 0x7fb6f20d8280>
"{'atak': ['10', '0', '4', '6', '3', '17', '12', '16', '5', '9', '15', '19', '2', '14', '1', '18', '7', '8', '11', '13']}",<built-in method values of dict object at 0x7fb6f20d8280>
"{'atak': ['10', '0', '4', '6', '3', '17', '12', '16', '5', '9', '15', '19', '2', '14', '1', '18', '7', '8', '11', '13']}",<built-in method values of dict object at 0x7fb6f20d8280>
"{'atak': ['10', '0', '4', '6', '3', '17', '12', '16', '5', '9', '15', '19', '2', '14', '1', '18', '7', '8', '11', '13']}",<built-in method values of dict object at 0x7fb6f20d8280>
"{'atak': ['10', '0', '4', '6', '3', '17', '12', '16', '5', '9', '15', '19', '2', '14', '1', '18', '7', '8', '11', '13']}",<built-in method values of dict object at 0x7fb6f20d8280>
"{'atak': ['15', '6', '4', '1', '3', '19', '12', '8', '5', '11', '7', '0', '17', '13', '14', '10', '18', '9', '16', '2']}",<built-in method values of dict object at 0x7fb6f1f0d040>
"{'atak': ['15', '6', '4', '1', '3', '19', '12', '8', '5', '11', '7', '0', '17', '13', '14', '10', '18', '9', '16', '2']}",<built-in method values of dict object at 0x7fb6f1f0d040>
"{'atak': ['15', '6', '4', '1', '3', '19', '12', '8', '5', '11', '7', '0', '17', '13', '14', '10', '18', '9', '16', '2']}",<built-in method values of dict object at 0x7fb6f1f0d040>
"{'atak': ['15', '6', '4', '1', '3', '19', '12', '8', '5', '11', '7', '0', '17', '13', '14', '10', '18', '9', '16', '2']}",<built-in method values of dict object at 0x7fb6f1f0d040>
"{'atak': ['15', '6', '4', '1', '3', '19', '12', '8', '5', '11', '7', '0', '17', '13', '14', '10', '18', '9', '16', '2']}",<built-in method values of dict object at 0x7fb6f1f0d040>
"{'atak': ['15', '6', '4', '1', '3', '19', '12', '8', '5', '11', '7', '0', '17', '13', '14', '10', '18', '9', '16', '2']}",<built-in method values of dict object at 0x7fb6f1f0d040>
"{'atak': ['15', '6', '4', '1', '3', '19', '12', '8', '5', '11', '7', '0', '17', '13', '14', '10', '18', '9', '16', '2']}",<built-in method values of dict object at 0x7fb6f1f0d040>
"{'atak': ['15', '6', '4', '1', '3', '19', '12', '8', '5', '11', '7', '0', '17', '13', '14', '10', '18', '9', '16', '2']}",<built-in method values of dict object at 0x7fb6f1f0d040>
"{'atak': ['15', '6', '4', '1', '3', '19', '12', '8', '5', '11', '7', '0', '17', '13', '14', '10', '18', '9', '16', '2']}",<built-in method values of dict object at 0x7fb6f1f0d040>
"{'atak': ['15', '6', '4', '1', '3', '19', '12', '8', '5', '11', '7', '0', '17', '13', '14', '10', '18', '9', '16', '2']}",<built-in method values of dict object at 0x7fb6f1f0d040>
"{'atak': ['15', '6', '4', '1', '3', '19', '12', '8', '5', '11', '7', '0', '17', '13', '14', '10', '18', '9', '16', '2']}",<built-in method values of dict object at 0x7fb6f1f0d040>
"{'atak': ['15', '6', '4', '1', '3', '19', '12', '8', '5', '11', '7', '0', '17', '13', '14', '10', '18', '9', '16', '2']}",<built-in method values of dict object at 0x7fb6f1f0d040>
"{'atak': ['15', '6', '4', '1', '3', '19', '12', '8', '5', '11', '7', '0', '17', '13', '14', '10', '18', '9', '16', '2']}",<built-in method values of dict object at 0x7fb6f1f0d040>
"{'atak': ['15', '6', '4', '1', '3', '19', '12', '8', '5', '11', '7', '0', '17', '13', '14', '10', '18', '9', '16', '2']}",<built-in method values of dict object at 0x7fb6f1f0d040>
"{'atak': ['15', '6', '4', '1', '3', '19', '12', '8', '5', '11', '7', '0', '17', '13', '14', '10', '18', '9', '16', '2']}",<built-in method values of dict object at 0x7fb6f1f0d040>
"{'atak': ['15', '6', '4', '1', '3', '19', '12', '8', '5', '11', '7', '0', '17', '13', '14', '10', '18', '9', '16', '2']}",<built-in method values of dict object at 0x7fb6f1f0d040>
"{'atak': ['15', '6', '4', '1', '3', '19', '12', '8', '5', '11', '7', '0', '17', '13', '14', '10', '18', '9', '16', '2']}",<built-in method values of dict object at 0x7fb6f1f0d040>
"{'atak': ['15', '6', '4', '1', '3', '19', '12', '8', '5', '11', '7', '0', '17', '13', '14', '10', '18', '9', '16', '2']}",<built-in method values of dict object at 0x7fb6f1f0d040>
"{'atak': ['15', '6', '4', '1', '3', '19', '12', '8', '5', '11', '7', '0', '17', '13', '14', '10', '18', '9', '16', '2']}",<built-in method values of dict object at 0x7fb6f1f0d040>
"{'atak': ['15', '6', '4', '1', '3', '19', '12', '8', '5', '11', '7', '0', '17', '13', '14', '10', '18', '9', '16', '2']}",<built-in method values of dict object at 0x7fb6f1f0d040>
"{'atak': ['13', '1', '17', '15', '6', '4', '5', '9', '2', '12', '19', '7', '18', '0', '11', '10', '14', '16', '3', '8']}",<built-in method values of dict object at 0x7fb6f1f14980>
"{'atak': ['13', '1', '17', '15', '6', '4', '5', '9', '2', '12', '19', '7', '18', '0', '11', '10', '14', '16', '3', '8']}",<built-in method values of dict object at 0x7fb6f1f14980>
"{'atak': ['13', '1', '17', '15', '6', '4', '5', '9', '2', '12', '19', '7', '18', '0', '11', '10', '14', '16', '3', '8']}",<built-in method values of dict object at 0x7fb6f1f14980>
"{'atak': ['13', '1', '17', '15', '6', '4', '5', '9', '2', '12', '19', '7', '18', '0', '11', '10', '14', '16', '3', '8']}",<built-in method values of dict object at 0x7fb6f1f14980>
"{'atak': ['13', '1', '17', '15', '6', '4', '5', '9', '2', '12', '19', '7', '18', '0', '11', '10', '14', '16', '3', '8']}",<built-in method values of dict object at 0x7fb6f1f14980>
"{'atak': ['13', '1', '17', '15', '6', '4', '5', '9', '2', '12', '19', '7', '18', '0', '11', '10', '14', '16', '3', '8']}",<built-in method values of dict object at 0x7fb6f1f14980>
"{'atak': ['13', '1', '17', '15', '6', '4', '5', '9', '2', '12', '19', '7', '18', '0', '11', '10', '14', '16', '3', '8']}",<built-in method values of dict object at 0x7fb6f1f14980>
"{'atak': ['13', '1', '17', '15', '6', '4', '5', '9', '2', '12', '19', '7', '18', '0', '11', '10', '14', '16', '3', '8']}",<built-in method values of dict object at 0x7fb6f1f14980>
"{'atak': ['13', '1', '17', '15', '6', '4', '5', '9', '2', '12', '19', '7', '18', '0', '11', '10', '14', '16', '3', '8']}",<built-in method values of dict object at 0x7fb6f1f14980>
"{'atak': ['13', '1', '17', '15', '6', '4', '5', '9', '2', '12', '19', '7', '18', '0', '11', '10', '14', '16', '3', '8']}",<built-in method values of dict object at 0x7fb6f1f14980>
"{'atak': ['13', '1', '17', '15', '6', '4', '5', '9', '2', '12', '19', '7', '18', '0', '11', '10', '14', '16', '3', '8']}",<built-in method values of dict object at 0x7fb6f1f14980>
"{'atak': ['13', '1', '17', '15', '6', '4', '5', '9', '2', '12', '19', '7', '18', '0', '11', '10', '14', '16', '3', '8']}",<built-in method values of dict object at 0x7fb6f1f14980>
"{'atak': ['13', '1', '17', '15', '6', '4', '5', '9', '2', '12', '19', '7', '18', '0', '11', '10', '14', '16', '3', '8']}",<built-in method values of dict object at 0x7fb6f1f14980>
"{'atak': ['13', '1', '17', '15', '6', '4', '5', '9', '2', '12', '19', '7', '18', '0', '11', '10', '14', '16', '3', '8']}",<built-in method values of dict object at 0x7fb6f1f14980>
"{'atak': ['13', '1', '17', '15', '6', '4', '5', '9', '2', '12', '19', '7', '18', '0', '11', '10', '14', '16', '3', '8']}",<built-in method values of dict object at 0x7fb6f1f14980>
"{'atak': ['13', '1', '17', '15', '6', '4', '5', '9', '2', '12', '19', '7', '18', '0', '11', '10', '14', '16', '3', '8']}",<built-in method values of dict object at 0x7fb6f1f14980>
"{'atak': ['13', '1', '17', '15', '6', '4', '5', '9', '2', '12', '19', '7', '18', '0', '11', '10', '14', '16', '3', '8']}",<built-in method values of dict object at 0x7fb6f1f14980>
"{'atak': ['13', '1', '17', '15', '6', '4', '5', '9', '2', '12', '19', '7', '18', '0', '11', '10', '14', '16', '3', '8']}",<built-in method values of dict object at 0x7fb6f1f14980>
"{'atak': ['13', '1', '17', '15', '6', '4', '5', '9', '2', '12', '19', '7', '18', '0', '11', '10', '14', '16', '3', '8']}",<built-in method values of dict object at 0x7fb6f1f14980>
"{'atak': ['13', '1', '17', '15', '6', '4', '5', '9', '2', '12', '19', '7', '18', '0', '11', '10', '14', '16', '3', '8']}",<built-in method values of dict object at 0x7fb6f1f14980>
"{'atak': ['0', '1', '5', '4', '12', '11', '19', '6', '3', '2', '9', '17', '16', '15', '13', '14', '8', '18', '7', '10']}",<built-in method values of dict object at 0x7fb6f1f26840>
"{'atak': ['0', '1', '5', '4', '12', '11', '19', '6', '3', '2', '9', '17', '16', '15', '13', '14', '8', '18', '7', '10']}",<built-in method values of dict object at 0x7fb6f1f26840>
"{'atak': ['0', '1', '5', '4', '12', '11', '19', '6', '3', '2', '9', '17', '16', '15', '13', '14', '8', '18', '7', '10']}",<built-in method values of dict object at 0x7fb6f1f26840>
"{'atak': ['0', '1', '5', '4', '12', '11', '19', '6', '3', '2', '9', '17', '16', '15', '13', '14', '8', '18', '7', '10']}",<built-in method values of dict object at 0x7fb6f1f26840>
"{'atak': ['0', '1', '5', '4', '12', '11', '19', '6', '3', '2', '9', '17', '16', '15', '13', '14', '8', '18', '7', '10']}",<built-in method values of dict object at 0x7fb6f1f26840>
"{'atak': ['0', '1', '5', '4', '12', '11', '19', '6', '3', '2', '9', '17', '16', '15', '13', '14', '8', '18', '7', '10']}",<built-in method values of dict object at 0x7fb6f1f26840>
"{'atak': ['0', '1', '5', '4', '12', '11', '19', '6', '3', '2', '9', '17', '16', '15', '13', '14', '8', '18', '7', '10']}",<built-in method values of dict object at 0x7fb6f1f26840>
"{'atak': ['0', '1', '5', '4', '12', '11', '19', '6', '3', '2', '9', '17', '16', '15', '13', '14', '8', '18', '7', '10']}",<built-in method values of dict object at 0x7fb6f1f26840>
"{'atak': ['0', '1', '5', '4', '12', '11', '19', '6', '3', '2', '9', '17', '16', '15', '13', '14', '8', '18', '7', '10']}",<built-in method values of dict object at 0x7fb6f1f26840>
"{'atak': ['0', '1', '5', '4', '12', '11', '19', '6', '3', '2', '9', '17', '16', '15', '13', '14', '8', '18', '7', '10']}",<built-in method values of dict object at 0x7fb6f1f26840>
"{'atak': ['0', '1', '5', '4', '12', '11', '19', '6', '3', '2', '9', '17', '16', '15', '13', '14', '8', '18', '7', '10']}",<built-in method values of dict object at 0x7fb6f1f26840>
"{'atak': ['0', '1', '5', '4', '12', '11', '19', '6', '3', '2', '9', '17', '16', '15', '13', '14', '8', '18', '7', '10']}",<built-in method values of dict object at 0x7fb6f1f26840>
"{'atak': ['0', '1', '5', '4', '12', '11', '19', '6', '3', '2', '9', '17', '16', '15', '13', '14', '8', '18', '7', '10']}",<built-in method values of dict object at 0x7fb6f1f26840>
"{'atak': ['0', '1', '5', '4', '12', '11', '19', '6', '3', '2', '9', '17', '16', '15', '13', '14', '8', '18', '7', '10']}",<built-in method values of dict object at 0x7fb6f1f26840>
"{'atak': ['0', '1', '5', '4', '12', '11', '19', '6', '3', '2', '9', '17', '16', '15', '13', '14', '8', '18', '7', '10']}",<built-in method values of dict object at 0x7fb6f1f26840>
"{'atak': ['0', '1', '5', '4', '12', '11', '19', '6', '3', '2', '9', '17', '16', '15', '13', '14', '8', '18', '7', '10']}",<built-in method values of dict object at 0x7fb6f1f26840>
"{'atak': ['0', '1', '5', '4', '12', '11', '19', '6', '3', '2', '9', '17', '16', '15', '13', '14', '8', '18', '7', '10']}",<built-in method values of dict object at 0x7fb6f1f26840>
"{'atak': ['0', '1', '5', '4', '12', '11', '19', '6', '3', '2', '9', '17', '16', '15', '13', '14', '8', '18', '7', '10']}",<built-in method values of dict object at 0x7fb6f1f26840>
"{'atak': ['0', '1', '5', '4', '12', '11', '19', '6', '3', '2', '9', '17', '16', '15', '13', '14', '8', '18', '7', '10']}",<built-in method values of dict object at 0x7fb6f1f26840>
"{'atak': ['0', '1', '5', '4', '12', '11', '19', '6', '3', '2', '9', '17', '16', '15', '13', '14', '8', '18', '7', '10']}",<built-in method values of dict object at 0x7fb6f1f26840>
