{},<built-in method values of dict object at 0x7fe706e71c00>
{},<built-in method values of dict object at 0x7fe706e71c00>
{},<built-in method values of dict object at 0x7fe706e71c00>
{},<built-in method values of dict object at 0x7fe706e71c00>
{},<built-in method values of dict object at 0x7fe706e71c00>
{},<built-in method values of dict object at 0x7fe706e71c00>
{},<built-in method values of dict object at 0x7fe706e71c00>
{},<built-in method values of dict object at 0x7fe706e71c00>
{},<built-in method values of dict object at 0x7fe706e71c00>
{},<built-in method values of dict object at 0x7fe706e71c00>
{},<built-in method values of dict object at 0x7fe706e71c00>
{},<built-in method values of dict object at 0x7fe706e71c00>
{},<built-in method values of dict object at 0x7fe706e71c00>
{},<built-in method values of dict object at 0x7fe706e71c00>
{},<built-in method values of dict object at 0x7fe706e71c00>
{},<built-in method values of dict object at 0x7fe706e71c00>
{},<built-in method values of dict object at 0x7fe706e71c00>
{},<built-in method values of dict object at 0x7fe706e71c00>
{},<built-in method values of dict object at 0x7fe706e71c00>
{},<built-in method values of dict object at 0x7fe706e71c00>
"{'n_atak': ['1', '8', '4', '7', '6', '13', '18', '17', '2', '15', '12', '3', '14', '0', '10', '9', '19', '16', '5', '11']}",<built-in method values of dict object at 0x7fe706eb9640>
"{'n_atak': ['1', '8', '4', '7', '6', '13', '18', '17', '2', '15', '12', '3', '14', '0', '10', '9', '19', '16', '5', '11']}",<built-in method values of dict object at 0x7fe706eb9640>
"{'n_atak': ['1', '8', '4', '7', '6', '13', '18', '17', '2', '15', '12', '3', '14', '0', '10', '9', '19', '16', '5', '11']}",<built-in method values of dict object at 0x7fe706eb9640>
"{'n_atak': ['1', '8', '4', '7', '6', '13', '18', '17', '2', '15', '12', '3', '14', '0', '10', '9', '19', '16', '5', '11']}",<built-in method values of dict object at 0x7fe706eb9640>
"{'n_atak': ['1', '8', '4', '7', '6', '13', '18', '17', '2', '15', '12', '3', '14', '0', '10', '9', '19', '16', '5', '11']}",<built-in method values of dict object at 0x7fe706eb9640>
"{'n_atak': ['1', '8', '4', '7', '6', '13', '18', '17', '2', '15', '12', '3', '14', '0', '10', '9', '19', '16', '5', '11']}",<built-in method values of dict object at 0x7fe706eb9640>
"{'n_atak': ['1', '8', '4', '7', '6', '13', '18', '17', '2', '15', '12', '3', '14', '0', '10', '9', '19', '16', '5', '11']}",<built-in method values of dict object at 0x7fe706eb9640>
"{'n_atak': ['1', '8', '4', '7', '6', '13', '18', '17', '2', '15', '12', '3', '14', '0', '10', '9', '19', '16', '5', '11']}",<built-in method values of dict object at 0x7fe706eb9640>
"{'n_atak': ['1', '8', '4', '7', '6', '13', '18', '17', '2', '15', '12', '3', '14', '0', '10', '9', '19', '16', '5', '11']}",<built-in method values of dict object at 0x7fe706eb9640>
"{'n_atak': ['1', '8', '4', '7', '6', '13', '18', '17', '2', '15', '12', '3', '14', '0', '10', '9', '19', '16', '5', '11']}",<built-in method values of dict object at 0x7fe706eb9640>
"{'n_atak': ['1', '8', '4', '7', '6', '13', '18', '17', '2', '15', '12', '3', '14', '0', '10', '9', '19', '16', '5', '11']}",<built-in method values of dict object at 0x7fe706eb9640>
"{'n_atak': ['1', '8', '4', '7', '6', '13', '18', '17', '2', '15', '12', '3', '14', '0', '10', '9', '19', '16', '5', '11']}",<built-in method values of dict object at 0x7fe706eb9640>
"{'n_atak': ['1', '8', '4', '7', '6', '13', '18', '17', '2', '15', '12', '3', '14', '0', '10', '9', '19', '16', '5', '11']}",<built-in method values of dict object at 0x7fe706eb9640>
"{'n_atak': ['1', '8', '4', '7', '6', '13', '18', '17', '2', '15', '12', '3', '14', '0', '10', '9', '19', '16', '5', '11']}",<built-in method values of dict object at 0x7fe706eb9640>
"{'n_atak': ['1', '8', '4', '7', '6', '13', '18', '17', '2', '15', '12', '3', '14', '0', '10', '9', '19', '16', '5', '11']}",<built-in method values of dict object at 0x7fe706eb9640>
"{'n_atak': ['1', '8', '4', '7', '6', '13', '18', '17', '2', '15', '12', '3', '14', '0', '10', '9', '19', '16', '5', '11']}",<built-in method values of dict object at 0x7fe706eb9640>
"{'n_atak': ['1', '8', '4', '7', '6', '13', '18', '17', '2', '15', '12', '3', '14', '0', '10', '9', '19', '16', '5', '11']}",<built-in method values of dict object at 0x7fe706eb9640>
"{'n_atak': ['1', '8', '4', '7', '6', '13', '18', '17', '2', '15', '12', '3', '14', '0', '10', '9', '19', '16', '5', '11']}",<built-in method values of dict object at 0x7fe706eb9640>
"{'n_atak': ['1', '8', '4', '7', '6', '13', '18', '17', '2', '15', '12', '3', '14', '0', '10', '9', '19', '16', '5', '11']}",<built-in method values of dict object at 0x7fe706eb9640>
"{'n_atak': ['1', '8', '4', '7', '6', '13', '18', '17', '2', '15', '12', '3', '14', '0', '10', '9', '19', '16', '5', '11']}",<built-in method values of dict object at 0x7fe706eb9640>
"{'n_atak': ['1', '15', '5', '9', '8', '0', '19', '17', '16', '13', '7', '10', '18', '4', '3', '6', '14', '11', '2', '12']}",<built-in method values of dict object at 0x7fe628fd9980>
"{'n_atak': ['1', '15', '5', '9', '8', '0', '19', '17', '16', '13', '7', '10', '18', '4', '3', '6', '14', '11', '2', '12']}",<built-in method values of dict object at 0x7fe628fd9980>
"{'n_atak': ['1', '15', '5', '9', '8', '0', '19', '17', '16', '13', '7', '10', '18', '4', '3', '6', '14', '11', '2', '12']}",<built-in method values of dict object at 0x7fe628fd9980>
"{'n_atak': ['1', '15', '5', '9', '8', '0', '19', '17', '16', '13', '7', '10', '18', '4', '3', '6', '14', '11', '2', '12']}",<built-in method values of dict object at 0x7fe628fd9980>
"{'n_atak': ['1', '15', '5', '9', '8', '0', '19', '17', '16', '13', '7', '10', '18', '4', '3', '6', '14', '11', '2', '12']}",<built-in method values of dict object at 0x7fe628fd9980>
"{'n_atak': ['1', '15', '5', '9', '8', '0', '19', '17', '16', '13', '7', '10', '18', '4', '3', '6', '14', '11', '2', '12']}",<built-in method values of dict object at 0x7fe628fd9980>
"{'n_atak': ['1', '15', '5', '9', '8', '0', '19', '17', '16', '13', '7', '10', '18', '4', '3', '6', '14', '11', '2', '12']}",<built-in method values of dict object at 0x7fe628fd9980>
"{'n_atak': ['1', '15', '5', '9', '8', '0', '19', '17', '16', '13', '7', '10', '18', '4', '3', '6', '14', '11', '2', '12']}",<built-in method values of dict object at 0x7fe628fd9980>
"{'n_atak': ['1', '15', '5', '9', '8', '0', '19', '17', '16', '13', '7', '10', '18', '4', '3', '6', '14', '11', '2', '12']}",<built-in method values of dict object at 0x7fe628fd9980>
"{'n_atak': ['1', '15', '5', '9', '8', '0', '19', '17', '16', '13', '7', '10', '18', '4', '3', '6', '14', '11', '2', '12']}",<built-in method values of dict object at 0x7fe628fd9980>
"{'n_atak': ['1', '15', '5', '9', '8', '0', '19', '17', '16', '13', '7', '10', '18', '4', '3', '6', '14', '11', '2', '12']}",<built-in method values of dict object at 0x7fe628fd9980>
"{'n_atak': ['1', '15', '5', '9', '8', '0', '19', '17', '16', '13', '7', '10', '18', '4', '3', '6', '14', '11', '2', '12']}",<built-in method values of dict object at 0x7fe628fd9980>
"{'n_atak': ['1', '15', '5', '9', '8', '0', '19', '17', '16', '13', '7', '10', '18', '4', '3', '6', '14', '11', '2', '12']}",<built-in method values of dict object at 0x7fe628fd9980>
"{'n_atak': ['1', '15', '5', '9', '8', '0', '19', '17', '16', '13', '7', '10', '18', '4', '3', '6', '14', '11', '2', '12']}",<built-in method values of dict object at 0x7fe628fd9980>
"{'n_atak': ['1', '15', '5', '9', '8', '0', '19', '17', '16', '13', '7', '10', '18', '4', '3', '6', '14', '11', '2', '12']}",<built-in method values of dict object at 0x7fe628fd9980>
"{'n_atak': ['1', '15', '5', '9', '8', '0', '19', '17', '16', '13', '7', '10', '18', '4', '3', '6', '14', '11', '2', '12']}",<built-in method values of dict object at 0x7fe628fd9980>
"{'n_atak': ['1', '15', '5', '9', '8', '0', '19', '17', '16', '13', '7', '10', '18', '4', '3', '6', '14', '11', '2', '12']}",<built-in method values of dict object at 0x7fe628fd9980>
"{'n_atak': ['1', '15', '5', '9', '8', '0', '19', '17', '16', '13', '7', '10', '18', '4', '3', '6', '14', '11', '2', '12']}",<built-in method values of dict object at 0x7fe628fd9980>
"{'n_atak': ['1', '15', '5', '9', '8', '0', '19', '17', '16', '13', '7', '10', '18', '4', '3', '6', '14', '11', '2', '12']}",<built-in method values of dict object at 0x7fe628fd9980>
"{'n_atak': ['1', '15', '5', '9', '8', '0', '19', '17', '16', '13', '7', '10', '18', '4', '3', '6', '14', '11', '2', '12']}",<built-in method values of dict object at 0x7fe628fd9980>
"{'n_atak': ['12', '14', '0', '5', '3', '9', '6', '17', '11', '1', '2', '19', '18', '8', '7', '10', '16', '13', '15', '4']}",<built-in method values of dict object at 0x7fe706eba2c0>
"{'n_atak': ['12', '14', '0', '5', '3', '9', '6', '17', '11', '1', '2', '19', '18', '8', '7', '10', '16', '13', '15', '4']}",<built-in method values of dict object at 0x7fe706eba2c0>
"{'n_atak': ['12', '14', '0', '5', '3', '9', '6', '17', '11', '1', '2', '19', '18', '8', '7', '10', '16', '13', '15', '4']}",<built-in method values of dict object at 0x7fe706eba2c0>
"{'n_atak': ['12', '14', '0', '5', '3', '9', '6', '17', '11', '1', '2', '19', '18', '8', '7', '10', '16', '13', '15', '4']}",<built-in method values of dict object at 0x7fe706eba2c0>
"{'n_atak': ['12', '14', '0', '5', '3', '9', '6', '17', '11', '1', '2', '19', '18', '8', '7', '10', '16', '13', '15', '4']}",<built-in method values of dict object at 0x7fe706eba2c0>
"{'n_atak': ['12', '14', '0', '5', '3', '9', '6', '17', '11', '1', '2', '19', '18', '8', '7', '10', '16', '13', '15', '4']}",<built-in method values of dict object at 0x7fe706eba2c0>
"{'n_atak': ['12', '14', '0', '5', '3', '9', '6', '17', '11', '1', '2', '19', '18', '8', '7', '10', '16', '13', '15', '4']}",<built-in method values of dict object at 0x7fe706eba2c0>
"{'n_atak': ['12', '14', '0', '5', '3', '9', '6', '17', '11', '1', '2', '19', '18', '8', '7', '10', '16', '13', '15', '4']}",<built-in method values of dict object at 0x7fe706eba2c0>
"{'n_atak': ['12', '14', '0', '5', '3', '9', '6', '17', '11', '1', '2', '19', '18', '8', '7', '10', '16', '13', '15', '4']}",<built-in method values of dict object at 0x7fe706eba2c0>
"{'n_atak': ['12', '14', '0', '5', '3', '9', '6', '17', '11', '1', '2', '19', '18', '8', '7', '10', '16', '13', '15', '4']}",<built-in method values of dict object at 0x7fe706eba2c0>
"{'n_atak': ['12', '14', '0', '5', '3', '9', '6', '17', '11', '1', '2', '19', '18', '8', '7', '10', '16', '13', '15', '4']}",<built-in method values of dict object at 0x7fe706eba2c0>
"{'n_atak': ['12', '14', '0', '5', '3', '9', '6', '17', '11', '1', '2', '19', '18', '8', '7', '10', '16', '13', '15', '4']}",<built-in method values of dict object at 0x7fe706eba2c0>
"{'n_atak': ['12', '14', '0', '5', '3', '9', '6', '17', '11', '1', '2', '19', '18', '8', '7', '10', '16', '13', '15', '4']}",<built-in method values of dict object at 0x7fe706eba2c0>
"{'n_atak': ['12', '14', '0', '5', '3', '9', '6', '17', '11', '1', '2', '19', '18', '8', '7', '10', '16', '13', '15', '4']}",<built-in method values of dict object at 0x7fe706eba2c0>
"{'n_atak': ['12', '14', '0', '5', '3', '9', '6', '17', '11', '1', '2', '19', '18', '8', '7', '10', '16', '13', '15', '4']}",<built-in method values of dict object at 0x7fe706eba2c0>
"{'n_atak': ['12', '14', '0', '5', '3', '9', '6', '17', '11', '1', '2', '19', '18', '8', '7', '10', '16', '13', '15', '4']}",<built-in method values of dict object at 0x7fe706eba2c0>
"{'n_atak': ['12', '14', '0', '5', '3', '9', '6', '17', '11', '1', '2', '19', '18', '8', '7', '10', '16', '13', '15', '4']}",<built-in method values of dict object at 0x7fe706eba2c0>
"{'n_atak': ['12', '14', '0', '5', '3', '9', '6', '17', '11', '1', '2', '19', '18', '8', '7', '10', '16', '13', '15', '4']}",<built-in method values of dict object at 0x7fe706eba2c0>
"{'n_atak': ['12', '14', '0', '5', '3', '9', '6', '17', '11', '1', '2', '19', '18', '8', '7', '10', '16', '13', '15', '4']}",<built-in method values of dict object at 0x7fe706eba2c0>
"{'n_atak': ['12', '14', '0', '5', '3', '9', '6', '17', '11', '1', '2', '19', '18', '8', '7', '10', '16', '13', '15', '4']}",<built-in method values of dict object at 0x7fe706eba2c0>
"{'n_atak': ['16', '17', '10', '9', '15', '2', '8', '13', '14', '7', '11', '4', '5', '19', '12', '3', '18', '1', '0', '6']}",<built-in method values of dict object at 0x7fe706edac00>
"{'n_atak': ['16', '17', '10', '9', '15', '2', '8', '13', '14', '7', '11', '4', '5', '19', '12', '3', '18', '1', '0', '6']}",<built-in method values of dict object at 0x7fe706edac00>
"{'n_atak': ['16', '17', '10', '9', '15', '2', '8', '13', '14', '7', '11', '4', '5', '19', '12', '3', '18', '1', '0', '6']}",<built-in method values of dict object at 0x7fe706edac00>
"{'n_atak': ['16', '17', '10', '9', '15', '2', '8', '13', '14', '7', '11', '4', '5', '19', '12', '3', '18', '1', '0', '6']}",<built-in method values of dict object at 0x7fe706edac00>
"{'n_atak': ['16', '17', '10', '9', '15', '2', '8', '13', '14', '7', '11', '4', '5', '19', '12', '3', '18', '1', '0', '6']}",<built-in method values of dict object at 0x7fe706edac00>
"{'n_atak': ['16', '17', '10', '9', '15', '2', '8', '13', '14', '7', '11', '4', '5', '19', '12', '3', '18', '1', '0', '6']}",<built-in method values of dict object at 0x7fe706edac00>
"{'n_atak': ['16', '17', '10', '9', '15', '2', '8', '13', '14', '7', '11', '4', '5', '19', '12', '3', '18', '1', '0', '6']}",<built-in method values of dict object at 0x7fe706edac00>
"{'n_atak': ['16', '17', '10', '9', '15', '2', '8', '13', '14', '7', '11', '4', '5', '19', '12', '3', '18', '1', '0', '6']}",<built-in method values of dict object at 0x7fe706edac00>
"{'n_atak': ['16', '17', '10', '9', '15', '2', '8', '13', '14', '7', '11', '4', '5', '19', '12', '3', '18', '1', '0', '6']}",<built-in method values of dict object at 0x7fe706edac00>
"{'n_atak': ['16', '17', '10', '9', '15', '2', '8', '13', '14', '7', '11', '4', '5', '19', '12', '3', '18', '1', '0', '6']}",<built-in method values of dict object at 0x7fe706edac00>
"{'n_atak': ['16', '17', '10', '9', '15', '2', '8', '13', '14', '7', '11', '4', '5', '19', '12', '3', '18', '1', '0', '6']}",<built-in method values of dict object at 0x7fe706edac00>
"{'n_atak': ['16', '17', '10', '9', '15', '2', '8', '13', '14', '7', '11', '4', '5', '19', '12', '3', '18', '1', '0', '6']}",<built-in method values of dict object at 0x7fe706edac00>
"{'n_atak': ['16', '17', '10', '9', '15', '2', '8', '13', '14', '7', '11', '4', '5', '19', '12', '3', '18', '1', '0', '6']}",<built-in method values of dict object at 0x7fe706edac00>
"{'n_atak': ['16', '17', '10', '9', '15', '2', '8', '13', '14', '7', '11', '4', '5', '19', '12', '3', '18', '1', '0', '6']}",<built-in method values of dict object at 0x7fe706edac00>
"{'n_atak': ['16', '17', '10', '9', '15', '2', '8', '13', '14', '7', '11', '4', '5', '19', '12', '3', '18', '1', '0', '6']}",<built-in method values of dict object at 0x7fe706edac00>
"{'n_atak': ['16', '17', '10', '9', '15', '2', '8', '13', '14', '7', '11', '4', '5', '19', '12', '3', '18', '1', '0', '6']}",<built-in method values of dict object at 0x7fe706edac00>
"{'n_atak': ['16', '17', '10', '9', '15', '2', '8', '13', '14', '7', '11', '4', '5', '19', '12', '3', '18', '1', '0', '6']}",<built-in method values of dict object at 0x7fe706edac00>
"{'n_atak': ['16', '17', '10', '9', '15', '2', '8', '13', '14', '7', '11', '4', '5', '19', '12', '3', '18', '1', '0', '6']}",<built-in method values of dict object at 0x7fe706edac00>
"{'n_atak': ['16', '17', '10', '9', '15', '2', '8', '13', '14', '7', '11', '4', '5', '19', '12', '3', '18', '1', '0', '6']}",<built-in method values of dict object at 0x7fe706edac00>
"{'n_atak': ['16', '17', '10', '9', '15', '2', '8', '13', '14', '7', '11', '4', '5', '19', '12', '3', '18', '1', '0', '6']}",<built-in method values of dict object at 0x7fe706edac00>
"{'n_atak': ['1', '10', '17', '3', '16', '11', '2', '7', '14', '15', '8', '5', '9', '6', '18', '0', '4', '19', '12', '13']}",<built-in method values of dict object at 0x7fe60f0a8140>
"{'n_atak': ['1', '10', '17', '3', '16', '11', '2', '7', '14', '15', '8', '5', '9', '6', '18', '0', '4', '19', '12', '13']}",<built-in method values of dict object at 0x7fe60f0a8140>
"{'n_atak': ['1', '10', '17', '3', '16', '11', '2', '7', '14', '15', '8', '5', '9', '6', '18', '0', '4', '19', '12', '13']}",<built-in method values of dict object at 0x7fe60f0a8140>
"{'n_atak': ['1', '10', '17', '3', '16', '11', '2', '7', '14', '15', '8', '5', '9', '6', '18', '0', '4', '19', '12', '13']}",<built-in method values of dict object at 0x7fe60f0a8140>
"{'n_atak': ['1', '10', '17', '3', '16', '11', '2', '7', '14', '15', '8', '5', '9', '6', '18', '0', '4', '19', '12', '13']}",<built-in method values of dict object at 0x7fe60f0a8140>
"{'n_atak': ['1', '10', '17', '3', '16', '11', '2', '7', '14', '15', '8', '5', '9', '6', '18', '0', '4', '19', '12', '13']}",<built-in method values of dict object at 0x7fe60f0a8140>
"{'n_atak': ['1', '10', '17', '3', '16', '11', '2', '7', '14', '15', '8', '5', '9', '6', '18', '0', '4', '19', '12', '13']}",<built-in method values of dict object at 0x7fe60f0a8140>
"{'n_atak': ['1', '10', '17', '3', '16', '11', '2', '7', '14', '15', '8', '5', '9', '6', '18', '0', '4', '19', '12', '13']}",<built-in method values of dict object at 0x7fe60f0a8140>
"{'n_atak': ['1', '10', '17', '3', '16', '11', '2', '7', '14', '15', '8', '5', '9', '6', '18', '0', '4', '19', '12', '13']}",<built-in method values of dict object at 0x7fe60f0a8140>
"{'n_atak': ['1', '10', '17', '3', '16', '11', '2', '7', '14', '15', '8', '5', '9', '6', '18', '0', '4', '19', '12', '13']}",<built-in method values of dict object at 0x7fe60f0a8140>
"{'n_atak': ['1', '10', '17', '3', '16', '11', '2', '7', '14', '15', '8', '5', '9', '6', '18', '0', '4', '19', '12', '13']}",<built-in method values of dict object at 0x7fe60f0a8140>
"{'n_atak': ['1', '10', '17', '3', '16', '11', '2', '7', '14', '15', '8', '5', '9', '6', '18', '0', '4', '19', '12', '13']}",<built-in method values of dict object at 0x7fe60f0a8140>
"{'n_atak': ['1', '10', '17', '3', '16', '11', '2', '7', '14', '15', '8', '5', '9', '6', '18', '0', '4', '19', '12', '13']}",<built-in method values of dict object at 0x7fe60f0a8140>
"{'n_atak': ['1', '10', '17', '3', '16', '11', '2', '7', '14', '15', '8', '5', '9', '6', '18', '0', '4', '19', '12', '13']}",<built-in method values of dict object at 0x7fe60f0a8140>
"{'n_atak': ['1', '10', '17', '3', '16', '11', '2', '7', '14', '15', '8', '5', '9', '6', '18', '0', '4', '19', '12', '13']}",<built-in method values of dict object at 0x7fe60f0a8140>
"{'n_atak': ['1', '10', '17', '3', '16', '11', '2', '7', '14', '15', '8', '5', '9', '6', '18', '0', '4', '19', '12', '13']}",<built-in method values of dict object at 0x7fe60f0a8140>
"{'n_atak': ['1', '10', '17', '3', '16', '11', '2', '7', '14', '15', '8', '5', '9', '6', '18', '0', '4', '19', '12', '13']}",<built-in method values of dict object at 0x7fe60f0a8140>
"{'n_atak': ['1', '10', '17', '3', '16', '11', '2', '7', '14', '15', '8', '5', '9', '6', '18', '0', '4', '19', '12', '13']}",<built-in method values of dict object at 0x7fe60f0a8140>
"{'n_atak': ['1', '10', '17', '3', '16', '11', '2', '7', '14', '15', '8', '5', '9', '6', '18', '0', '4', '19', '12', '13']}",<built-in method values of dict object at 0x7fe60f0a8140>
"{'n_atak': ['1', '10', '17', '3', '16', '11', '2', '7', '14', '15', '8', '5', '9', '6', '18', '0', '4', '19', '12', '13']}",<built-in method values of dict object at 0x7fe60f0a8140>
"{'n_atak': ['6', '8', '7', '11', '12', '14', '5', '17', '1', '16', '19', '10', '2', '4', '15', '9', '3', '0', '13', '18']}",<built-in method values of dict object at 0x7fe706e958c0>
"{'n_atak': ['6', '8', '7', '11', '12', '14', '5', '17', '1', '16', '19', '10', '2', '4', '15', '9', '3', '0', '13', '18']}",<built-in method values of dict object at 0x7fe706e958c0>
"{'n_atak': ['6', '8', '7', '11', '12', '14', '5', '17', '1', '16', '19', '10', '2', '4', '15', '9', '3', '0', '13', '18']}",<built-in method values of dict object at 0x7fe706e958c0>
"{'n_atak': ['6', '8', '7', '11', '12', '14', '5', '17', '1', '16', '19', '10', '2', '4', '15', '9', '3', '0', '13', '18']}",<built-in method values of dict object at 0x7fe706e958c0>
"{'n_atak': ['6', '8', '7', '11', '12', '14', '5', '17', '1', '16', '19', '10', '2', '4', '15', '9', '3', '0', '13', '18']}",<built-in method values of dict object at 0x7fe706e958c0>
"{'n_atak': ['6', '8', '7', '11', '12', '14', '5', '17', '1', '16', '19', '10', '2', '4', '15', '9', '3', '0', '13', '18']}",<built-in method values of dict object at 0x7fe706e958c0>
"{'n_atak': ['6', '8', '7', '11', '12', '14', '5', '17', '1', '16', '19', '10', '2', '4', '15', '9', '3', '0', '13', '18']}",<built-in method values of dict object at 0x7fe706e958c0>
"{'n_atak': ['6', '8', '7', '11', '12', '14', '5', '17', '1', '16', '19', '10', '2', '4', '15', '9', '3', '0', '13', '18']}",<built-in method values of dict object at 0x7fe706e958c0>
"{'n_atak': ['6', '8', '7', '11', '12', '14', '5', '17', '1', '16', '19', '10', '2', '4', '15', '9', '3', '0', '13', '18']}",<built-in method values of dict object at 0x7fe706e958c0>
"{'n_atak': ['6', '8', '7', '11', '12', '14', '5', '17', '1', '16', '19', '10', '2', '4', '15', '9', '3', '0', '13', '18']}",<built-in method values of dict object at 0x7fe706e958c0>
"{'n_atak': ['6', '8', '7', '11', '12', '14', '5', '17', '1', '16', '19', '10', '2', '4', '15', '9', '3', '0', '13', '18']}",<built-in method values of dict object at 0x7fe706e958c0>
"{'n_atak': ['6', '8', '7', '11', '12', '14', '5', '17', '1', '16', '19', '10', '2', '4', '15', '9', '3', '0', '13', '18']}",<built-in method values of dict object at 0x7fe706e958c0>
"{'n_atak': ['6', '8', '7', '11', '12', '14', '5', '17', '1', '16', '19', '10', '2', '4', '15', '9', '3', '0', '13', '18']}",<built-in method values of dict object at 0x7fe706e958c0>
"{'n_atak': ['6', '8', '7', '11', '12', '14', '5', '17', '1', '16', '19', '10', '2', '4', '15', '9', '3', '0', '13', '18']}",<built-in method values of dict object at 0x7fe706e958c0>
"{'n_atak': ['6', '8', '7', '11', '12', '14', '5', '17', '1', '16', '19', '10', '2', '4', '15', '9', '3', '0', '13', '18']}",<built-in method values of dict object at 0x7fe706e958c0>
"{'n_atak': ['6', '8', '7', '11', '12', '14', '5', '17', '1', '16', '19', '10', '2', '4', '15', '9', '3', '0', '13', '18']}",<built-in method values of dict object at 0x7fe706e958c0>
"{'n_atak': ['6', '8', '7', '11', '12', '14', '5', '17', '1', '16', '19', '10', '2', '4', '15', '9', '3', '0', '13', '18']}",<built-in method values of dict object at 0x7fe706e958c0>
"{'n_atak': ['6', '8', '7', '11', '12', '14', '5', '17', '1', '16', '19', '10', '2', '4', '15', '9', '3', '0', '13', '18']}",<built-in method values of dict object at 0x7fe706e958c0>
"{'n_atak': ['6', '8', '7', '11', '12', '14', '5', '17', '1', '16', '19', '10', '2', '4', '15', '9', '3', '0', '13', '18']}",<built-in method values of dict object at 0x7fe706e958c0>
"{'n_atak': ['6', '8', '7', '11', '12', '14', '5', '17', '1', '16', '19', '10', '2', '4', '15', '9', '3', '0', '13', '18']}",<built-in method values of dict object at 0x7fe706e958c0>
"{'n_atak': ['7', '10', '14', '6', '4', '8', '18', '19', '3', '9', '12', '0', '16', '2', '5', '11', '15', '13', '17', '1']}",<built-in method values of dict object at 0x7fe706ea7b80>
"{'n_atak': ['7', '10', '14', '6', '4', '8', '18', '19', '3', '9', '12', '0', '16', '2', '5', '11', '15', '13', '17', '1']}",<built-in method values of dict object at 0x7fe706ea7b80>
"{'n_atak': ['7', '10', '14', '6', '4', '8', '18', '19', '3', '9', '12', '0', '16', '2', '5', '11', '15', '13', '17', '1']}",<built-in method values of dict object at 0x7fe706ea7b80>
"{'n_atak': ['7', '10', '14', '6', '4', '8', '18', '19', '3', '9', '12', '0', '16', '2', '5', '11', '15', '13', '17', '1']}",<built-in method values of dict object at 0x7fe706ea7b80>
"{'n_atak': ['7', '10', '14', '6', '4', '8', '18', '19', '3', '9', '12', '0', '16', '2', '5', '11', '15', '13', '17', '1']}",<built-in method values of dict object at 0x7fe706ea7b80>
"{'n_atak': ['7', '10', '14', '6', '4', '8', '18', '19', '3', '9', '12', '0', '16', '2', '5', '11', '15', '13', '17', '1']}",<built-in method values of dict object at 0x7fe706ea7b80>
"{'n_atak': ['7', '10', '14', '6', '4', '8', '18', '19', '3', '9', '12', '0', '16', '2', '5', '11', '15', '13', '17', '1']}",<built-in method values of dict object at 0x7fe706ea7b80>
"{'n_atak': ['7', '10', '14', '6', '4', '8', '18', '19', '3', '9', '12', '0', '16', '2', '5', '11', '15', '13', '17', '1']}",<built-in method values of dict object at 0x7fe706ea7b80>
"{'n_atak': ['7', '10', '14', '6', '4', '8', '18', '19', '3', '9', '12', '0', '16', '2', '5', '11', '15', '13', '17', '1']}",<built-in method values of dict object at 0x7fe706ea7b80>
"{'n_atak': ['7', '10', '14', '6', '4', '8', '18', '19', '3', '9', '12', '0', '16', '2', '5', '11', '15', '13', '17', '1']}",<built-in method values of dict object at 0x7fe706ea7b80>
"{'n_atak': ['7', '10', '14', '6', '4', '8', '18', '19', '3', '9', '12', '0', '16', '2', '5', '11', '15', '13', '17', '1']}",<built-in method values of dict object at 0x7fe706ea7b80>
"{'n_atak': ['7', '10', '14', '6', '4', '8', '18', '19', '3', '9', '12', '0', '16', '2', '5', '11', '15', '13', '17', '1']}",<built-in method values of dict object at 0x7fe706ea7b80>
"{'n_atak': ['7', '10', '14', '6', '4', '8', '18', '19', '3', '9', '12', '0', '16', '2', '5', '11', '15', '13', '17', '1']}",<built-in method values of dict object at 0x7fe706ea7b80>
"{'n_atak': ['7', '10', '14', '6', '4', '8', '18', '19', '3', '9', '12', '0', '16', '2', '5', '11', '15', '13', '17', '1']}",<built-in method values of dict object at 0x7fe706ea7b80>
"{'n_atak': ['7', '10', '14', '6', '4', '8', '18', '19', '3', '9', '12', '0', '16', '2', '5', '11', '15', '13', '17', '1']}",<built-in method values of dict object at 0x7fe706ea7b80>
"{'n_atak': ['7', '10', '14', '6', '4', '8', '18', '19', '3', '9', '12', '0', '16', '2', '5', '11', '15', '13', '17', '1']}",<built-in method values of dict object at 0x7fe706ea7b80>
"{'n_atak': ['7', '10', '14', '6', '4', '8', '18', '19', '3', '9', '12', '0', '16', '2', '5', '11', '15', '13', '17', '1']}",<built-in method values of dict object at 0x7fe706ea7b80>
"{'n_atak': ['7', '10', '14', '6', '4', '8', '18', '19', '3', '9', '12', '0', '16', '2', '5', '11', '15', '13', '17', '1']}",<built-in method values of dict object at 0x7fe706ea7b80>
"{'n_atak': ['7', '10', '14', '6', '4', '8', '18', '19', '3', '9', '12', '0', '16', '2', '5', '11', '15', '13', '17', '1']}",<built-in method values of dict object at 0x7fe706ea7b80>
"{'n_atak': ['7', '10', '14', '6', '4', '8', '18', '19', '3', '9', '12', '0', '16', '2', '5', '11', '15', '13', '17', '1']}",<built-in method values of dict object at 0x7fe706ea7b80>
"{'n_atak': ['4', '19', '2', '7', '10', '12', '14', '13', '9', '6', '11', '16', '18', '3', '15', '17', '0', '5', '8', '1']}",<built-in method values of dict object at 0x7fe706eb8540>
"{'n_atak': ['4', '19', '2', '7', '10', '12', '14', '13', '9', '6', '11', '16', '18', '3', '15', '17', '0', '5', '8', '1']}",<built-in method values of dict object at 0x7fe706eb8540>
"{'n_atak': ['4', '19', '2', '7', '10', '12', '14', '13', '9', '6', '11', '16', '18', '3', '15', '17', '0', '5', '8', '1']}",<built-in method values of dict object at 0x7fe706eb8540>
"{'n_atak': ['4', '19', '2', '7', '10', '12', '14', '13', '9', '6', '11', '16', '18', '3', '15', '17', '0', '5', '8', '1']}",<built-in method values of dict object at 0x7fe706eb8540>
"{'n_atak': ['4', '19', '2', '7', '10', '12', '14', '13', '9', '6', '11', '16', '18', '3', '15', '17', '0', '5', '8', '1']}",<built-in method values of dict object at 0x7fe706eb8540>
"{'n_atak': ['4', '19', '2', '7', '10', '12', '14', '13', '9', '6', '11', '16', '18', '3', '15', '17', '0', '5', '8', '1']}",<built-in method values of dict object at 0x7fe706eb8540>
"{'n_atak': ['4', '19', '2', '7', '10', '12', '14', '13', '9', '6', '11', '16', '18', '3', '15', '17', '0', '5', '8', '1']}",<built-in method values of dict object at 0x7fe706eb8540>
"{'n_atak': ['4', '19', '2', '7', '10', '12', '14', '13', '9', '6', '11', '16', '18', '3', '15', '17', '0', '5', '8', '1']}",<built-in method values of dict object at 0x7fe706eb8540>
"{'n_atak': ['4', '19', '2', '7', '10', '12', '14', '13', '9', '6', '11', '16', '18', '3', '15', '17', '0', '5', '8', '1']}",<built-in method values of dict object at 0x7fe706eb8540>
"{'n_atak': ['4', '19', '2', '7', '10', '12', '14', '13', '9', '6', '11', '16', '18', '3', '15', '17', '0', '5', '8', '1']}",<built-in method values of dict object at 0x7fe706eb8540>
"{'n_atak': ['4', '19', '2', '7', '10', '12', '14', '13', '9', '6', '11', '16', '18', '3', '15', '17', '0', '5', '8', '1']}",<built-in method values of dict object at 0x7fe706eb8540>
"{'n_atak': ['4', '19', '2', '7', '10', '12', '14', '13', '9', '6', '11', '16', '18', '3', '15', '17', '0', '5', '8', '1']}",<built-in method values of dict object at 0x7fe706eb8540>
"{'n_atak': ['4', '19', '2', '7', '10', '12', '14', '13', '9', '6', '11', '16', '18', '3', '15', '17', '0', '5', '8', '1']}",<built-in method values of dict object at 0x7fe706eb8540>
"{'n_atak': ['4', '19', '2', '7', '10', '12', '14', '13', '9', '6', '11', '16', '18', '3', '15', '17', '0', '5', '8', '1']}",<built-in method values of dict object at 0x7fe706eb8540>
"{'n_atak': ['4', '19', '2', '7', '10', '12', '14', '13', '9', '6', '11', '16', '18', '3', '15', '17', '0', '5', '8', '1']}",<built-in method values of dict object at 0x7fe706eb8540>
"{'n_atak': ['4', '19', '2', '7', '10', '12', '14', '13', '9', '6', '11', '16', '18', '3', '15', '17', '0', '5', '8', '1']}",<built-in method values of dict object at 0x7fe706eb8540>
"{'n_atak': ['4', '19', '2', '7', '10', '12', '14', '13', '9', '6', '11', '16', '18', '3', '15', '17', '0', '5', '8', '1']}",<built-in method values of dict object at 0x7fe706eb8540>
"{'n_atak': ['4', '19', '2', '7', '10', '12', '14', '13', '9', '6', '11', '16', '18', '3', '15', '17', '0', '5', '8', '1']}",<built-in method values of dict object at 0x7fe706eb8540>
"{'n_atak': ['4', '19', '2', '7', '10', '12', '14', '13', '9', '6', '11', '16', '18', '3', '15', '17', '0', '5', '8', '1']}",<built-in method values of dict object at 0x7fe706eb8540>
"{'n_atak': ['4', '19', '2', '7', '10', '12', '14', '13', '9', '6', '11', '16', '18', '3', '15', '17', '0', '5', '8', '1']}",<built-in method values of dict object at 0x7fe706eb8540>
"{'n_atak': ['15', '7', '10', '17', '0', '6', '18', '4', '9', '8', '3', '13', '12', '14', '1', '2', '11', '5', '19', '16']}",<built-in method values of dict object at 0x7fe706e72700>
"{'n_atak': ['15', '7', '10', '17', '0', '6', '18', '4', '9', '8', '3', '13', '12', '14', '1', '2', '11', '5', '19', '16']}",<built-in method values of dict object at 0x7fe706e72700>
"{'n_atak': ['15', '7', '10', '17', '0', '6', '18', '4', '9', '8', '3', '13', '12', '14', '1', '2', '11', '5', '19', '16']}",<built-in method values of dict object at 0x7fe706e72700>
"{'n_atak': ['15', '7', '10', '17', '0', '6', '18', '4', '9', '8', '3', '13', '12', '14', '1', '2', '11', '5', '19', '16']}",<built-in method values of dict object at 0x7fe706e72700>
"{'n_atak': ['15', '7', '10', '17', '0', '6', '18', '4', '9', '8', '3', '13', '12', '14', '1', '2', '11', '5', '19', '16']}",<built-in method values of dict object at 0x7fe706e72700>
"{'n_atak': ['15', '7', '10', '17', '0', '6', '18', '4', '9', '8', '3', '13', '12', '14', '1', '2', '11', '5', '19', '16']}",<built-in method values of dict object at 0x7fe706e72700>
"{'n_atak': ['15', '7', '10', '17', '0', '6', '18', '4', '9', '8', '3', '13', '12', '14', '1', '2', '11', '5', '19', '16']}",<built-in method values of dict object at 0x7fe706e72700>
"{'n_atak': ['15', '7', '10', '17', '0', '6', '18', '4', '9', '8', '3', '13', '12', '14', '1', '2', '11', '5', '19', '16']}",<built-in method values of dict object at 0x7fe706e72700>
"{'n_atak': ['15', '7', '10', '17', '0', '6', '18', '4', '9', '8', '3', '13', '12', '14', '1', '2', '11', '5', '19', '16']}",<built-in method values of dict object at 0x7fe706e72700>
"{'n_atak': ['15', '7', '10', '17', '0', '6', '18', '4', '9', '8', '3', '13', '12', '14', '1', '2', '11', '5', '19', '16']}",<built-in method values of dict object at 0x7fe706e72700>
"{'n_atak': ['15', '7', '10', '17', '0', '6', '18', '4', '9', '8', '3', '13', '12', '14', '1', '2', '11', '5', '19', '16']}",<built-in method values of dict object at 0x7fe706e72700>
"{'n_atak': ['15', '7', '10', '17', '0', '6', '18', '4', '9', '8', '3', '13', '12', '14', '1', '2', '11', '5', '19', '16']}",<built-in method values of dict object at 0x7fe706e72700>
"{'n_atak': ['15', '7', '10', '17', '0', '6', '18', '4', '9', '8', '3', '13', '12', '14', '1', '2', '11', '5', '19', '16']}",<built-in method values of dict object at 0x7fe706e72700>
"{'n_atak': ['15', '7', '10', '17', '0', '6', '18', '4', '9', '8', '3', '13', '12', '14', '1', '2', '11', '5', '19', '16']}",<built-in method values of dict object at 0x7fe706e72700>
"{'n_atak': ['15', '7', '10', '17', '0', '6', '18', '4', '9', '8', '3', '13', '12', '14', '1', '2', '11', '5', '19', '16']}",<built-in method values of dict object at 0x7fe706e72700>
"{'n_atak': ['15', '7', '10', '17', '0', '6', '18', '4', '9', '8', '3', '13', '12', '14', '1', '2', '11', '5', '19', '16']}",<built-in method values of dict object at 0x7fe706e72700>
"{'n_atak': ['15', '7', '10', '17', '0', '6', '18', '4', '9', '8', '3', '13', '12', '14', '1', '2', '11', '5', '19', '16']}",<built-in method values of dict object at 0x7fe706e72700>
"{'n_atak': ['15', '7', '10', '17', '0', '6', '18', '4', '9', '8', '3', '13', '12', '14', '1', '2', '11', '5', '19', '16']}",<built-in method values of dict object at 0x7fe706e72700>
"{'n_atak': ['15', '7', '10', '17', '0', '6', '18', '4', '9', '8', '3', '13', '12', '14', '1', '2', '11', '5', '19', '16']}",<built-in method values of dict object at 0x7fe706e72700>
"{'n_atak': ['15', '7', '10', '17', '0', '6', '18', '4', '9', '8', '3', '13', '12', '14', '1', '2', '11', '5', '19', '16']}",<built-in method values of dict object at 0x7fe706e72700>
"{'n_atak': ['2', '17', '11', '16', '1', '19', '14', '4', '6', '0', '8', '10', '13', '3', '5', '9', '7', '18', '15', '12']}",<built-in method values of dict object at 0x7fe706e4eb40>
"{'n_atak': ['2', '17', '11', '16', '1', '19', '14', '4', '6', '0', '8', '10', '13', '3', '5', '9', '7', '18', '15', '12']}",<built-in method values of dict object at 0x7fe706e4eb40>
"{'n_atak': ['2', '17', '11', '16', '1', '19', '14', '4', '6', '0', '8', '10', '13', '3', '5', '9', '7', '18', '15', '12']}",<built-in method values of dict object at 0x7fe706e4eb40>
"{'n_atak': ['2', '17', '11', '16', '1', '19', '14', '4', '6', '0', '8', '10', '13', '3', '5', '9', '7', '18', '15', '12']}",<built-in method values of dict object at 0x7fe706e4eb40>
"{'n_atak': ['2', '17', '11', '16', '1', '19', '14', '4', '6', '0', '8', '10', '13', '3', '5', '9', '7', '18', '15', '12']}",<built-in method values of dict object at 0x7fe706e4eb40>
"{'n_atak': ['2', '17', '11', '16', '1', '19', '14', '4', '6', '0', '8', '10', '13', '3', '5', '9', '7', '18', '15', '12']}",<built-in method values of dict object at 0x7fe706e4eb40>
"{'n_atak': ['2', '17', '11', '16', '1', '19', '14', '4', '6', '0', '8', '10', '13', '3', '5', '9', '7', '18', '15', '12']}",<built-in method values of dict object at 0x7fe706e4eb40>
"{'n_atak': ['2', '17', '11', '16', '1', '19', '14', '4', '6', '0', '8', '10', '13', '3', '5', '9', '7', '18', '15', '12']}",<built-in method values of dict object at 0x7fe706e4eb40>
"{'n_atak': ['2', '17', '11', '16', '1', '19', '14', '4', '6', '0', '8', '10', '13', '3', '5', '9', '7', '18', '15', '12']}",<built-in method values of dict object at 0x7fe706e4eb40>
"{'n_atak': ['2', '17', '11', '16', '1', '19', '14', '4', '6', '0', '8', '10', '13', '3', '5', '9', '7', '18', '15', '12']}",<built-in method values of dict object at 0x7fe706e4eb40>
"{'n_atak': ['2', '17', '11', '16', '1', '19', '14', '4', '6', '0', '8', '10', '13', '3', '5', '9', '7', '18', '15', '12']}",<built-in method values of dict object at 0x7fe706e4eb40>
"{'n_atak': ['2', '17', '11', '16', '1', '19', '14', '4', '6', '0', '8', '10', '13', '3', '5', '9', '7', '18', '15', '12']}",<built-in method values of dict object at 0x7fe706e4eb40>
"{'n_atak': ['2', '17', '11', '16', '1', '19', '14', '4', '6', '0', '8', '10', '13', '3', '5', '9', '7', '18', '15', '12']}",<built-in method values of dict object at 0x7fe706e4eb40>
"{'n_atak': ['2', '17', '11', '16', '1', '19', '14', '4', '6', '0', '8', '10', '13', '3', '5', '9', '7', '18', '15', '12']}",<built-in method values of dict object at 0x7fe706e4eb40>
"{'n_atak': ['2', '17', '11', '16', '1', '19', '14', '4', '6', '0', '8', '10', '13', '3', '5', '9', '7', '18', '15', '12']}",<built-in method values of dict object at 0x7fe706e4eb40>
"{'n_atak': ['2', '17', '11', '16', '1', '19', '14', '4', '6', '0', '8', '10', '13', '3', '5', '9', '7', '18', '15', '12']}",<built-in method values of dict object at 0x7fe706e4eb40>
"{'n_atak': ['2', '17', '11', '16', '1', '19', '14', '4', '6', '0', '8', '10', '13', '3', '5', '9', '7', '18', '15', '12']}",<built-in method values of dict object at 0x7fe706e4eb40>
"{'n_atak': ['2', '17', '11', '16', '1', '19', '14', '4', '6', '0', '8', '10', '13', '3', '5', '9', '7', '18', '15', '12']}",<built-in method values of dict object at 0x7fe706e4eb40>
"{'n_atak': ['2', '17', '11', '16', '1', '19', '14', '4', '6', '0', '8', '10', '13', '3', '5', '9', '7', '18', '15', '12']}",<built-in method values of dict object at 0x7fe706e4eb40>
"{'n_atak': ['2', '17', '11', '16', '1', '19', '14', '4', '6', '0', '8', '10', '13', '3', '5', '9', '7', '18', '15', '12']}",<built-in method values of dict object at 0x7fe706e4eb40>
"{'n_atak': ['4', '7', '16', '0', '19', '1', '8', '13', '9', '17', '11', '18', '3', '5', '6', '15', '10', '2', '12', '14']}",<built-in method values of dict object at 0x7fe706522740>
"{'n_atak': ['4', '7', '16', '0', '19', '1', '8', '13', '9', '17', '11', '18', '3', '5', '6', '15', '10', '2', '12', '14']}",<built-in method values of dict object at 0x7fe706522740>
"{'n_atak': ['4', '7', '16', '0', '19', '1', '8', '13', '9', '17', '11', '18', '3', '5', '6', '15', '10', '2', '12', '14']}",<built-in method values of dict object at 0x7fe706522740>
"{'n_atak': ['4', '7', '16', '0', '19', '1', '8', '13', '9', '17', '11', '18', '3', '5', '6', '15', '10', '2', '12', '14']}",<built-in method values of dict object at 0x7fe706522740>
"{'n_atak': ['4', '7', '16', '0', '19', '1', '8', '13', '9', '17', '11', '18', '3', '5', '6', '15', '10', '2', '12', '14']}",<built-in method values of dict object at 0x7fe706522740>
"{'n_atak': ['4', '7', '16', '0', '19', '1', '8', '13', '9', '17', '11', '18', '3', '5', '6', '15', '10', '2', '12', '14']}",<built-in method values of dict object at 0x7fe706522740>
"{'n_atak': ['4', '7', '16', '0', '19', '1', '8', '13', '9', '17', '11', '18', '3', '5', '6', '15', '10', '2', '12', '14']}",<built-in method values of dict object at 0x7fe706522740>
"{'n_atak': ['4', '7', '16', '0', '19', '1', '8', '13', '9', '17', '11', '18', '3', '5', '6', '15', '10', '2', '12', '14']}",<built-in method values of dict object at 0x7fe706522740>
"{'n_atak': ['4', '7', '16', '0', '19', '1', '8', '13', '9', '17', '11', '18', '3', '5', '6', '15', '10', '2', '12', '14']}",<built-in method values of dict object at 0x7fe706522740>
"{'n_atak': ['4', '7', '16', '0', '19', '1', '8', '13', '9', '17', '11', '18', '3', '5', '6', '15', '10', '2', '12', '14']}",<built-in method values of dict object at 0x7fe706522740>
"{'n_atak': ['4', '7', '16', '0', '19', '1', '8', '13', '9', '17', '11', '18', '3', '5', '6', '15', '10', '2', '12', '14']}",<built-in method values of dict object at 0x7fe706522740>
"{'n_atak': ['4', '7', '16', '0', '19', '1', '8', '13', '9', '17', '11', '18', '3', '5', '6', '15', '10', '2', '12', '14']}",<built-in method values of dict object at 0x7fe706522740>
"{'n_atak': ['4', '7', '16', '0', '19', '1', '8', '13', '9', '17', '11', '18', '3', '5', '6', '15', '10', '2', '12', '14']}",<built-in method values of dict object at 0x7fe706522740>
"{'n_atak': ['4', '7', '16', '0', '19', '1', '8', '13', '9', '17', '11', '18', '3', '5', '6', '15', '10', '2', '12', '14']}",<built-in method values of dict object at 0x7fe706522740>
"{'n_atak': ['4', '7', '16', '0', '19', '1', '8', '13', '9', '17', '11', '18', '3', '5', '6', '15', '10', '2', '12', '14']}",<built-in method values of dict object at 0x7fe706522740>
"{'n_atak': ['4', '7', '16', '0', '19', '1', '8', '13', '9', '17', '11', '18', '3', '5', '6', '15', '10', '2', '12', '14']}",<built-in method values of dict object at 0x7fe706522740>
"{'n_atak': ['4', '7', '16', '0', '19', '1', '8', '13', '9', '17', '11', '18', '3', '5', '6', '15', '10', '2', '12', '14']}",<built-in method values of dict object at 0x7fe706522740>
"{'n_atak': ['4', '7', '16', '0', '19', '1', '8', '13', '9', '17', '11', '18', '3', '5', '6', '15', '10', '2', '12', '14']}",<built-in method values of dict object at 0x7fe706522740>
"{'n_atak': ['4', '7', '16', '0', '19', '1', '8', '13', '9', '17', '11', '18', '3', '5', '6', '15', '10', '2', '12', '14']}",<built-in method values of dict object at 0x7fe706522740>
"{'n_atak': ['4', '7', '16', '0', '19', '1', '8', '13', '9', '17', '11', '18', '3', '5', '6', '15', '10', '2', '12', '14']}",<built-in method values of dict object at 0x7fe706522740>
"{'n_atak': ['16', '14', '7', '15', '18', '5', '12', '8', '17', '13', '3', '9', '10', '0', '1', '19', '6', '2', '4', '11']}",<built-in method values of dict object at 0x7fe70650e040>
"{'n_atak': ['16', '14', '7', '15', '18', '5', '12', '8', '17', '13', '3', '9', '10', '0', '1', '19', '6', '2', '4', '11']}",<built-in method values of dict object at 0x7fe70650e040>
"{'n_atak': ['16', '14', '7', '15', '18', '5', '12', '8', '17', '13', '3', '9', '10', '0', '1', '19', '6', '2', '4', '11']}",<built-in method values of dict object at 0x7fe70650e040>
"{'n_atak': ['16', '14', '7', '15', '18', '5', '12', '8', '17', '13', '3', '9', '10', '0', '1', '19', '6', '2', '4', '11']}",<built-in method values of dict object at 0x7fe70650e040>
"{'n_atak': ['16', '14', '7', '15', '18', '5', '12', '8', '17', '13', '3', '9', '10', '0', '1', '19', '6', '2', '4', '11']}",<built-in method values of dict object at 0x7fe70650e040>
"{'n_atak': ['16', '14', '7', '15', '18', '5', '12', '8', '17', '13', '3', '9', '10', '0', '1', '19', '6', '2', '4', '11']}",<built-in method values of dict object at 0x7fe70650e040>
"{'n_atak': ['16', '14', '7', '15', '18', '5', '12', '8', '17', '13', '3', '9', '10', '0', '1', '19', '6', '2', '4', '11']}",<built-in method values of dict object at 0x7fe70650e040>
"{'n_atak': ['16', '14', '7', '15', '18', '5', '12', '8', '17', '13', '3', '9', '10', '0', '1', '19', '6', '2', '4', '11']}",<built-in method values of dict object at 0x7fe70650e040>
"{'n_atak': ['16', '14', '7', '15', '18', '5', '12', '8', '17', '13', '3', '9', '10', '0', '1', '19', '6', '2', '4', '11']}",<built-in method values of dict object at 0x7fe70650e040>
"{'n_atak': ['16', '14', '7', '15', '18', '5', '12', '8', '17', '13', '3', '9', '10', '0', '1', '19', '6', '2', '4', '11']}",<built-in method values of dict object at 0x7fe70650e040>
"{'n_atak': ['16', '14', '7', '15', '18', '5', '12', '8', '17', '13', '3', '9', '10', '0', '1', '19', '6', '2', '4', '11']}",<built-in method values of dict object at 0x7fe70650e040>
"{'n_atak': ['16', '14', '7', '15', '18', '5', '12', '8', '17', '13', '3', '9', '10', '0', '1', '19', '6', '2', '4', '11']}",<built-in method values of dict object at 0x7fe70650e040>
"{'n_atak': ['16', '14', '7', '15', '18', '5', '12', '8', '17', '13', '3', '9', '10', '0', '1', '19', '6', '2', '4', '11']}",<built-in method values of dict object at 0x7fe70650e040>
"{'n_atak': ['16', '14', '7', '15', '18', '5', '12', '8', '17', '13', '3', '9', '10', '0', '1', '19', '6', '2', '4', '11']}",<built-in method values of dict object at 0x7fe70650e040>
"{'n_atak': ['16', '14', '7', '15', '18', '5', '12', '8', '17', '13', '3', '9', '10', '0', '1', '19', '6', '2', '4', '11']}",<built-in method values of dict object at 0x7fe70650e040>
"{'n_atak': ['16', '14', '7', '15', '18', '5', '12', '8', '17', '13', '3', '9', '10', '0', '1', '19', '6', '2', '4', '11']}",<built-in method values of dict object at 0x7fe70650e040>
"{'n_atak': ['16', '14', '7', '15', '18', '5', '12', '8', '17', '13', '3', '9', '10', '0', '1', '19', '6', '2', '4', '11']}",<built-in method values of dict object at 0x7fe70650e040>
"{'n_atak': ['16', '14', '7', '15', '18', '5', '12', '8', '17', '13', '3', '9', '10', '0', '1', '19', '6', '2', '4', '11']}",<built-in method values of dict object at 0x7fe70650e040>
"{'n_atak': ['16', '14', '7', '15', '18', '5', '12', '8', '17', '13', '3', '9', '10', '0', '1', '19', '6', '2', '4', '11']}",<built-in method values of dict object at 0x7fe70650e040>
"{'n_atak': ['16', '14', '7', '15', '18', '5', '12', '8', '17', '13', '3', '9', '10', '0', '1', '19', '6', '2', '4', '11']}",<built-in method values of dict object at 0x7fe70650e040>
"{'n_atak': ['2', '18', '0', '1', '9', '15', '6', '4', '5', '10', '14', '19', '3', '11', '13', '17', '16', '7', '12', '8']}",<built-in method values of dict object at 0x7fe70650d740>
"{'n_atak': ['2', '18', '0', '1', '9', '15', '6', '4', '5', '10', '14', '19', '3', '11', '13', '17', '16', '7', '12', '8']}",<built-in method values of dict object at 0x7fe70650d740>
"{'n_atak': ['2', '18', '0', '1', '9', '15', '6', '4', '5', '10', '14', '19', '3', '11', '13', '17', '16', '7', '12', '8']}",<built-in method values of dict object at 0x7fe70650d740>
"{'n_atak': ['2', '18', '0', '1', '9', '15', '6', '4', '5', '10', '14', '19', '3', '11', '13', '17', '16', '7', '12', '8']}",<built-in method values of dict object at 0x7fe70650d740>
"{'n_atak': ['2', '18', '0', '1', '9', '15', '6', '4', '5', '10', '14', '19', '3', '11', '13', '17', '16', '7', '12', '8']}",<built-in method values of dict object at 0x7fe70650d740>
"{'n_atak': ['2', '18', '0', '1', '9', '15', '6', '4', '5', '10', '14', '19', '3', '11', '13', '17', '16', '7', '12', '8']}",<built-in method values of dict object at 0x7fe70650d740>
"{'n_atak': ['2', '18', '0', '1', '9', '15', '6', '4', '5', '10', '14', '19', '3', '11', '13', '17', '16', '7', '12', '8']}",<built-in method values of dict object at 0x7fe70650d740>
"{'n_atak': ['2', '18', '0', '1', '9', '15', '6', '4', '5', '10', '14', '19', '3', '11', '13', '17', '16', '7', '12', '8']}",<built-in method values of dict object at 0x7fe70650d740>
"{'n_atak': ['2', '18', '0', '1', '9', '15', '6', '4', '5', '10', '14', '19', '3', '11', '13', '17', '16', '7', '12', '8']}",<built-in method values of dict object at 0x7fe70650d740>
"{'n_atak': ['2', '18', '0', '1', '9', '15', '6', '4', '5', '10', '14', '19', '3', '11', '13', '17', '16', '7', '12', '8']}",<built-in method values of dict object at 0x7fe70650d740>
"{'n_atak': ['2', '18', '0', '1', '9', '15', '6', '4', '5', '10', '14', '19', '3', '11', '13', '17', '16', '7', '12', '8']}",<built-in method values of dict object at 0x7fe70650d740>
"{'n_atak': ['2', '18', '0', '1', '9', '15', '6', '4', '5', '10', '14', '19', '3', '11', '13', '17', '16', '7', '12', '8']}",<built-in method values of dict object at 0x7fe70650d740>
"{'n_atak': ['2', '18', '0', '1', '9', '15', '6', '4', '5', '10', '14', '19', '3', '11', '13', '17', '16', '7', '12', '8']}",<built-in method values of dict object at 0x7fe70650d740>
"{'n_atak': ['2', '18', '0', '1', '9', '15', '6', '4', '5', '10', '14', '19', '3', '11', '13', '17', '16', '7', '12', '8']}",<built-in method values of dict object at 0x7fe70650d740>
"{'n_atak': ['2', '18', '0', '1', '9', '15', '6', '4', '5', '10', '14', '19', '3', '11', '13', '17', '16', '7', '12', '8']}",<built-in method values of dict object at 0x7fe70650d740>
"{'n_atak': ['2', '18', '0', '1', '9', '15', '6', '4', '5', '10', '14', '19', '3', '11', '13', '17', '16', '7', '12', '8']}",<built-in method values of dict object at 0x7fe70650d740>
"{'n_atak': ['2', '18', '0', '1', '9', '15', '6', '4', '5', '10', '14', '19', '3', '11', '13', '17', '16', '7', '12', '8']}",<built-in method values of dict object at 0x7fe70650d740>
"{'n_atak': ['2', '18', '0', '1', '9', '15', '6', '4', '5', '10', '14', '19', '3', '11', '13', '17', '16', '7', '12', '8']}",<built-in method values of dict object at 0x7fe70650d740>
"{'n_atak': ['2', '18', '0', '1', '9', '15', '6', '4', '5', '10', '14', '19', '3', '11', '13', '17', '16', '7', '12', '8']}",<built-in method values of dict object at 0x7fe70650d740>
"{'n_atak': ['2', '18', '0', '1', '9', '15', '6', '4', '5', '10', '14', '19', '3', '11', '13', '17', '16', '7', '12', '8']}",<built-in method values of dict object at 0x7fe70650d740>
"{'n_atak': ['8', '15', '6', '5', '1', '19', '12', '10', '17', '13', '3', '9', '4', '0', '14', '18', '11', '2', '7', '16']}",<built-in method values of dict object at 0x7fe706eda580>
"{'n_atak': ['8', '15', '6', '5', '1', '19', '12', '10', '17', '13', '3', '9', '4', '0', '14', '18', '11', '2', '7', '16']}",<built-in method values of dict object at 0x7fe706eda580>
"{'n_atak': ['8', '15', '6', '5', '1', '19', '12', '10', '17', '13', '3', '9', '4', '0', '14', '18', '11', '2', '7', '16']}",<built-in method values of dict object at 0x7fe706eda580>
"{'n_atak': ['8', '15', '6', '5', '1', '19', '12', '10', '17', '13', '3', '9', '4', '0', '14', '18', '11', '2', '7', '16']}",<built-in method values of dict object at 0x7fe706eda580>
"{'n_atak': ['8', '15', '6', '5', '1', '19', '12', '10', '17', '13', '3', '9', '4', '0', '14', '18', '11', '2', '7', '16']}",<built-in method values of dict object at 0x7fe706eda580>
"{'n_atak': ['8', '15', '6', '5', '1', '19', '12', '10', '17', '13', '3', '9', '4', '0', '14', '18', '11', '2', '7', '16']}",<built-in method values of dict object at 0x7fe706eda580>
"{'n_atak': ['8', '15', '6', '5', '1', '19', '12', '10', '17', '13', '3', '9', '4', '0', '14', '18', '11', '2', '7', '16']}",<built-in method values of dict object at 0x7fe706eda580>
"{'n_atak': ['8', '15', '6', '5', '1', '19', '12', '10', '17', '13', '3', '9', '4', '0', '14', '18', '11', '2', '7', '16']}",<built-in method values of dict object at 0x7fe706eda580>
"{'n_atak': ['8', '15', '6', '5', '1', '19', '12', '10', '17', '13', '3', '9', '4', '0', '14', '18', '11', '2', '7', '16']}",<built-in method values of dict object at 0x7fe706eda580>
"{'n_atak': ['8', '15', '6', '5', '1', '19', '12', '10', '17', '13', '3', '9', '4', '0', '14', '18', '11', '2', '7', '16']}",<built-in method values of dict object at 0x7fe706eda580>
"{'n_atak': ['8', '15', '6', '5', '1', '19', '12', '10', '17', '13', '3', '9', '4', '0', '14', '18', '11', '2', '7', '16']}",<built-in method values of dict object at 0x7fe706eda580>
"{'n_atak': ['8', '15', '6', '5', '1', '19', '12', '10', '17', '13', '3', '9', '4', '0', '14', '18', '11', '2', '7', '16']}",<built-in method values of dict object at 0x7fe706eda580>
"{'n_atak': ['8', '15', '6', '5', '1', '19', '12', '10', '17', '13', '3', '9', '4', '0', '14', '18', '11', '2', '7', '16']}",<built-in method values of dict object at 0x7fe706eda580>
"{'n_atak': ['8', '15', '6', '5', '1', '19', '12', '10', '17', '13', '3', '9', '4', '0', '14', '18', '11', '2', '7', '16']}",<built-in method values of dict object at 0x7fe706eda580>
"{'n_atak': ['8', '15', '6', '5', '1', '19', '12', '10', '17', '13', '3', '9', '4', '0', '14', '18', '11', '2', '7', '16']}",<built-in method values of dict object at 0x7fe706eda580>
"{'n_atak': ['8', '15', '6', '5', '1', '19', '12', '10', '17', '13', '3', '9', '4', '0', '14', '18', '11', '2', '7', '16']}",<built-in method values of dict object at 0x7fe706eda580>
"{'n_atak': ['8', '15', '6', '5', '1', '19', '12', '10', '17', '13', '3', '9', '4', '0', '14', '18', '11', '2', '7', '16']}",<built-in method values of dict object at 0x7fe706eda580>
"{'n_atak': ['8', '15', '6', '5', '1', '19', '12', '10', '17', '13', '3', '9', '4', '0', '14', '18', '11', '2', '7', '16']}",<built-in method values of dict object at 0x7fe706eda580>
"{'n_atak': ['8', '15', '6', '5', '1', '19', '12', '10', '17', '13', '3', '9', '4', '0', '14', '18', '11', '2', '7', '16']}",<built-in method values of dict object at 0x7fe706eda580>
"{'n_atak': ['8', '15', '6', '5', '1', '19', '12', '10', '17', '13', '3', '9', '4', '0', '14', '18', '11', '2', '7', '16']}",<built-in method values of dict object at 0x7fe706eda580>
"{'n_atak': ['18', '15', '3', '7', '5', '14', '0', '2', '8', '1', '4', '6', '17', '10', '9', '11', '16', '13', '12', '19']}",<built-in method values of dict object at 0x7fe70650c580>
"{'n_atak': ['18', '15', '3', '7', '5', '14', '0', '2', '8', '1', '4', '6', '17', '10', '9', '11', '16', '13', '12', '19']}",<built-in method values of dict object at 0x7fe70650c580>
"{'n_atak': ['18', '15', '3', '7', '5', '14', '0', '2', '8', '1', '4', '6', '17', '10', '9', '11', '16', '13', '12', '19']}",<built-in method values of dict object at 0x7fe70650c580>
"{'n_atak': ['18', '15', '3', '7', '5', '14', '0', '2', '8', '1', '4', '6', '17', '10', '9', '11', '16', '13', '12', '19']}",<built-in method values of dict object at 0x7fe70650c580>
"{'n_atak': ['18', '15', '3', '7', '5', '14', '0', '2', '8', '1', '4', '6', '17', '10', '9', '11', '16', '13', '12', '19']}",<built-in method values of dict object at 0x7fe70650c580>
"{'n_atak': ['18', '15', '3', '7', '5', '14', '0', '2', '8', '1', '4', '6', '17', '10', '9', '11', '16', '13', '12', '19']}",<built-in method values of dict object at 0x7fe70650c580>
"{'n_atak': ['18', '15', '3', '7', '5', '14', '0', '2', '8', '1', '4', '6', '17', '10', '9', '11', '16', '13', '12', '19']}",<built-in method values of dict object at 0x7fe70650c580>
"{'n_atak': ['18', '15', '3', '7', '5', '14', '0', '2', '8', '1', '4', '6', '17', '10', '9', '11', '16', '13', '12', '19']}",<built-in method values of dict object at 0x7fe70650c580>
"{'n_atak': ['18', '15', '3', '7', '5', '14', '0', '2', '8', '1', '4', '6', '17', '10', '9', '11', '16', '13', '12', '19']}",<built-in method values of dict object at 0x7fe70650c580>
"{'n_atak': ['18', '15', '3', '7', '5', '14', '0', '2', '8', '1', '4', '6', '17', '10', '9', '11', '16', '13', '12', '19']}",<built-in method values of dict object at 0x7fe70650c580>
"{'n_atak': ['18', '15', '3', '7', '5', '14', '0', '2', '8', '1', '4', '6', '17', '10', '9', '11', '16', '13', '12', '19']}",<built-in method values of dict object at 0x7fe70650c580>
"{'n_atak': ['18', '15', '3', '7', '5', '14', '0', '2', '8', '1', '4', '6', '17', '10', '9', '11', '16', '13', '12', '19']}",<built-in method values of dict object at 0x7fe70650c580>
"{'n_atak': ['18', '15', '3', '7', '5', '14', '0', '2', '8', '1', '4', '6', '17', '10', '9', '11', '16', '13', '12', '19']}",<built-in method values of dict object at 0x7fe70650c580>
"{'n_atak': ['18', '15', '3', '7', '5', '14', '0', '2', '8', '1', '4', '6', '17', '10', '9', '11', '16', '13', '12', '19']}",<built-in method values of dict object at 0x7fe70650c580>
"{'n_atak': ['18', '15', '3', '7', '5', '14', '0', '2', '8', '1', '4', '6', '17', '10', '9', '11', '16', '13', '12', '19']}",<built-in method values of dict object at 0x7fe70650c580>
"{'n_atak': ['18', '15', '3', '7', '5', '14', '0', '2', '8', '1', '4', '6', '17', '10', '9', '11', '16', '13', '12', '19']}",<built-in method values of dict object at 0x7fe70650c580>
"{'n_atak': ['18', '15', '3', '7', '5', '14', '0', '2', '8', '1', '4', '6', '17', '10', '9', '11', '16', '13', '12', '19']}",<built-in method values of dict object at 0x7fe70650c580>
"{'n_atak': ['18', '15', '3', '7', '5', '14', '0', '2', '8', '1', '4', '6', '17', '10', '9', '11', '16', '13', '12', '19']}",<built-in method values of dict object at 0x7fe70650c580>
"{'n_atak': ['18', '15', '3', '7', '5', '14', '0', '2', '8', '1', '4', '6', '17', '10', '9', '11', '16', '13', '12', '19']}",<built-in method values of dict object at 0x7fe70650c580>
"{'n_atak': ['18', '15', '3', '7', '5', '14', '0', '2', '8', '1', '4', '6', '17', '10', '9', '11', '16', '13', '12', '19']}",<built-in method values of dict object at 0x7fe70650c580>
"{'n_atak': ['7', '14', '10', '15', '11', '17', '13', '16', '9', '1', '12', '2', '3', '18', '8', '19', '6', '5', '0', '4']}",<built-in method values of dict object at 0x7fe7065314c0>
"{'n_atak': ['7', '14', '10', '15', '11', '17', '13', '16', '9', '1', '12', '2', '3', '18', '8', '19', '6', '5', '0', '4']}",<built-in method values of dict object at 0x7fe7065314c0>
"{'n_atak': ['7', '14', '10', '15', '11', '17', '13', '16', '9', '1', '12', '2', '3', '18', '8', '19', '6', '5', '0', '4']}",<built-in method values of dict object at 0x7fe7065314c0>
"{'n_atak': ['7', '14', '10', '15', '11', '17', '13', '16', '9', '1', '12', '2', '3', '18', '8', '19', '6', '5', '0', '4']}",<built-in method values of dict object at 0x7fe7065314c0>
"{'n_atak': ['7', '14', '10', '15', '11', '17', '13', '16', '9', '1', '12', '2', '3', '18', '8', '19', '6', '5', '0', '4']}",<built-in method values of dict object at 0x7fe7065314c0>
"{'n_atak': ['7', '14', '10', '15', '11', '17', '13', '16', '9', '1', '12', '2', '3', '18', '8', '19', '6', '5', '0', '4']}",<built-in method values of dict object at 0x7fe7065314c0>
"{'n_atak': ['7', '14', '10', '15', '11', '17', '13', '16', '9', '1', '12', '2', '3', '18', '8', '19', '6', '5', '0', '4']}",<built-in method values of dict object at 0x7fe7065314c0>
"{'n_atak': ['7', '14', '10', '15', '11', '17', '13', '16', '9', '1', '12', '2', '3', '18', '8', '19', '6', '5', '0', '4']}",<built-in method values of dict object at 0x7fe7065314c0>
"{'n_atak': ['7', '14', '10', '15', '11', '17', '13', '16', '9', '1', '12', '2', '3', '18', '8', '19', '6', '5', '0', '4']}",<built-in method values of dict object at 0x7fe7065314c0>
"{'n_atak': ['7', '14', '10', '15', '11', '17', '13', '16', '9', '1', '12', '2', '3', '18', '8', '19', '6', '5', '0', '4']}",<built-in method values of dict object at 0x7fe7065314c0>
"{'n_atak': ['7', '14', '10', '15', '11', '17', '13', '16', '9', '1', '12', '2', '3', '18', '8', '19', '6', '5', '0', '4']}",<built-in method values of dict object at 0x7fe7065314c0>
"{'n_atak': ['7', '14', '10', '15', '11', '17', '13', '16', '9', '1', '12', '2', '3', '18', '8', '19', '6', '5', '0', '4']}",<built-in method values of dict object at 0x7fe7065314c0>
"{'n_atak': ['7', '14', '10', '15', '11', '17', '13', '16', '9', '1', '12', '2', '3', '18', '8', '19', '6', '5', '0', '4']}",<built-in method values of dict object at 0x7fe7065314c0>
"{'n_atak': ['7', '14', '10', '15', '11', '17', '13', '16', '9', '1', '12', '2', '3', '18', '8', '19', '6', '5', '0', '4']}",<built-in method values of dict object at 0x7fe7065314c0>
"{'n_atak': ['7', '14', '10', '15', '11', '17', '13', '16', '9', '1', '12', '2', '3', '18', '8', '19', '6', '5', '0', '4']}",<built-in method values of dict object at 0x7fe7065314c0>
"{'n_atak': ['7', '14', '10', '15', '11', '17', '13', '16', '9', '1', '12', '2', '3', '18', '8', '19', '6', '5', '0', '4']}",<built-in method values of dict object at 0x7fe7065314c0>
"{'n_atak': ['7', '14', '10', '15', '11', '17', '13', '16', '9', '1', '12', '2', '3', '18', '8', '19', '6', '5', '0', '4']}",<built-in method values of dict object at 0x7fe7065314c0>
"{'n_atak': ['7', '14', '10', '15', '11', '17', '13', '16', '9', '1', '12', '2', '3', '18', '8', '19', '6', '5', '0', '4']}",<built-in method values of dict object at 0x7fe7065314c0>
"{'n_atak': ['7', '14', '10', '15', '11', '17', '13', '16', '9', '1', '12', '2', '3', '18', '8', '19', '6', '5', '0', '4']}",<built-in method values of dict object at 0x7fe7065314c0>
"{'n_atak': ['7', '14', '10', '15', '11', '17', '13', '16', '9', '1', '12', '2', '3', '18', '8', '19', '6', '5', '0', '4']}",<built-in method values of dict object at 0x7fe7065314c0>
"{'n_atak': ['7', '16', '13', '4', '2', '19', '5', '17', '3', '15', '6', '12', '14', '1', '10', '0', '11', '9', '8', '18']}",<built-in method values of dict object at 0x7fe706521fc0>
"{'n_atak': ['7', '16', '13', '4', '2', '19', '5', '17', '3', '15', '6', '12', '14', '1', '10', '0', '11', '9', '8', '18']}",<built-in method values of dict object at 0x7fe706521fc0>
"{'n_atak': ['7', '16', '13', '4', '2', '19', '5', '17', '3', '15', '6', '12', '14', '1', '10', '0', '11', '9', '8', '18']}",<built-in method values of dict object at 0x7fe706521fc0>
"{'n_atak': ['7', '16', '13', '4', '2', '19', '5', '17', '3', '15', '6', '12', '14', '1', '10', '0', '11', '9', '8', '18']}",<built-in method values of dict object at 0x7fe706521fc0>
"{'n_atak': ['7', '16', '13', '4', '2', '19', '5', '17', '3', '15', '6', '12', '14', '1', '10', '0', '11', '9', '8', '18']}",<built-in method values of dict object at 0x7fe706521fc0>
"{'n_atak': ['7', '16', '13', '4', '2', '19', '5', '17', '3', '15', '6', '12', '14', '1', '10', '0', '11', '9', '8', '18']}",<built-in method values of dict object at 0x7fe706521fc0>
"{'n_atak': ['7', '16', '13', '4', '2', '19', '5', '17', '3', '15', '6', '12', '14', '1', '10', '0', '11', '9', '8', '18']}",<built-in method values of dict object at 0x7fe706521fc0>
"{'n_atak': ['7', '16', '13', '4', '2', '19', '5', '17', '3', '15', '6', '12', '14', '1', '10', '0', '11', '9', '8', '18']}",<built-in method values of dict object at 0x7fe706521fc0>
"{'n_atak': ['7', '16', '13', '4', '2', '19', '5', '17', '3', '15', '6', '12', '14', '1', '10', '0', '11', '9', '8', '18']}",<built-in method values of dict object at 0x7fe706521fc0>
"{'n_atak': ['7', '16', '13', '4', '2', '19', '5', '17', '3', '15', '6', '12', '14', '1', '10', '0', '11', '9', '8', '18']}",<built-in method values of dict object at 0x7fe706521fc0>
"{'n_atak': ['7', '16', '13', '4', '2', '19', '5', '17', '3', '15', '6', '12', '14', '1', '10', '0', '11', '9', '8', '18']}",<built-in method values of dict object at 0x7fe706521fc0>
"{'n_atak': ['7', '16', '13', '4', '2', '19', '5', '17', '3', '15', '6', '12', '14', '1', '10', '0', '11', '9', '8', '18']}",<built-in method values of dict object at 0x7fe706521fc0>
"{'n_atak': ['7', '16', '13', '4', '2', '19', '5', '17', '3', '15', '6', '12', '14', '1', '10', '0', '11', '9', '8', '18']}",<built-in method values of dict object at 0x7fe706521fc0>
"{'n_atak': ['7', '16', '13', '4', '2', '19', '5', '17', '3', '15', '6', '12', '14', '1', '10', '0', '11', '9', '8', '18']}",<built-in method values of dict object at 0x7fe706521fc0>
"{'n_atak': ['7', '16', '13', '4', '2', '19', '5', '17', '3', '15', '6', '12', '14', '1', '10', '0', '11', '9', '8', '18']}",<built-in method values of dict object at 0x7fe706521fc0>
"{'n_atak': ['7', '16', '13', '4', '2', '19', '5', '17', '3', '15', '6', '12', '14', '1', '10', '0', '11', '9', '8', '18']}",<built-in method values of dict object at 0x7fe706521fc0>
"{'n_atak': ['7', '16', '13', '4', '2', '19', '5', '17', '3', '15', '6', '12', '14', '1', '10', '0', '11', '9', '8', '18']}",<built-in method values of dict object at 0x7fe706521fc0>
"{'n_atak': ['7', '16', '13', '4', '2', '19', '5', '17', '3', '15', '6', '12', '14', '1', '10', '0', '11', '9', '8', '18']}",<built-in method values of dict object at 0x7fe706521fc0>
"{'n_atak': ['7', '16', '13', '4', '2', '19', '5', '17', '3', '15', '6', '12', '14', '1', '10', '0', '11', '9', '8', '18']}",<built-in method values of dict object at 0x7fe706521fc0>
"{'n_atak': ['7', '16', '13', '4', '2', '19', '5', '17', '3', '15', '6', '12', '14', '1', '10', '0', '11', '9', '8', '18']}",<built-in method values of dict object at 0x7fe706521fc0>
"{'n_atak': ['17', '1', '18', '12', '13', '16', '5', '14', '11', '19', '8', '0', '9', '3', '6', '10', '7', '4', '2', '15']}",<built-in method values of dict object at 0x7fe706533d00>
"{'n_atak': ['17', '1', '18', '12', '13', '16', '5', '14', '11', '19', '8', '0', '9', '3', '6', '10', '7', '4', '2', '15']}",<built-in method values of dict object at 0x7fe706533d00>
"{'n_atak': ['17', '1', '18', '12', '13', '16', '5', '14', '11', '19', '8', '0', '9', '3', '6', '10', '7', '4', '2', '15']}",<built-in method values of dict object at 0x7fe706533d00>
"{'n_atak': ['17', '1', '18', '12', '13', '16', '5', '14', '11', '19', '8', '0', '9', '3', '6', '10', '7', '4', '2', '15']}",<built-in method values of dict object at 0x7fe706533d00>
"{'n_atak': ['17', '1', '18', '12', '13', '16', '5', '14', '11', '19', '8', '0', '9', '3', '6', '10', '7', '4', '2', '15']}",<built-in method values of dict object at 0x7fe706533d00>
"{'n_atak': ['17', '1', '18', '12', '13', '16', '5', '14', '11', '19', '8', '0', '9', '3', '6', '10', '7', '4', '2', '15']}",<built-in method values of dict object at 0x7fe706533d00>
"{'n_atak': ['17', '1', '18', '12', '13', '16', '5', '14', '11', '19', '8', '0', '9', '3', '6', '10', '7', '4', '2', '15']}",<built-in method values of dict object at 0x7fe706533d00>
"{'n_atak': ['17', '1', '18', '12', '13', '16', '5', '14', '11', '19', '8', '0', '9', '3', '6', '10', '7', '4', '2', '15']}",<built-in method values of dict object at 0x7fe706533d00>
"{'n_atak': ['17', '1', '18', '12', '13', '16', '5', '14', '11', '19', '8', '0', '9', '3', '6', '10', '7', '4', '2', '15']}",<built-in method values of dict object at 0x7fe706533d00>
"{'n_atak': ['17', '1', '18', '12', '13', '16', '5', '14', '11', '19', '8', '0', '9', '3', '6', '10', '7', '4', '2', '15']}",<built-in method values of dict object at 0x7fe706533d00>
"{'n_atak': ['17', '1', '18', '12', '13', '16', '5', '14', '11', '19', '8', '0', '9', '3', '6', '10', '7', '4', '2', '15']}",<built-in method values of dict object at 0x7fe706533d00>
"{'n_atak': ['17', '1', '18', '12', '13', '16', '5', '14', '11', '19', '8', '0', '9', '3', '6', '10', '7', '4', '2', '15']}",<built-in method values of dict object at 0x7fe706533d00>
"{'n_atak': ['17', '1', '18', '12', '13', '16', '5', '14', '11', '19', '8', '0', '9', '3', '6', '10', '7', '4', '2', '15']}",<built-in method values of dict object at 0x7fe706533d00>
"{'n_atak': ['17', '1', '18', '12', '13', '16', '5', '14', '11', '19', '8', '0', '9', '3', '6', '10', '7', '4', '2', '15']}",<built-in method values of dict object at 0x7fe706533d00>
"{'n_atak': ['17', '1', '18', '12', '13', '16', '5', '14', '11', '19', '8', '0', '9', '3', '6', '10', '7', '4', '2', '15']}",<built-in method values of dict object at 0x7fe706533d00>
"{'n_atak': ['17', '1', '18', '12', '13', '16', '5', '14', '11', '19', '8', '0', '9', '3', '6', '10', '7', '4', '2', '15']}",<built-in method values of dict object at 0x7fe706533d00>
"{'n_atak': ['17', '1', '18', '12', '13', '16', '5', '14', '11', '19', '8', '0', '9', '3', '6', '10', '7', '4', '2', '15']}",<built-in method values of dict object at 0x7fe706533d00>
"{'n_atak': ['17', '1', '18', '12', '13', '16', '5', '14', '11', '19', '8', '0', '9', '3', '6', '10', '7', '4', '2', '15']}",<built-in method values of dict object at 0x7fe706533d00>
"{'n_atak': ['17', '1', '18', '12', '13', '16', '5', '14', '11', '19', '8', '0', '9', '3', '6', '10', '7', '4', '2', '15']}",<built-in method values of dict object at 0x7fe706533d00>
"{'n_atak': ['17', '1', '18', '12', '13', '16', '5', '14', '11', '19', '8', '0', '9', '3', '6', '10', '7', '4', '2', '15']}",<built-in method values of dict object at 0x7fe706533d00>
"{'n_atak': ['4', '19', '2', '14', '1', '6', '15', '18', '11', '10', '13', '0', '9', '8', '7', '16', '12', '5', '3', '17']}",<built-in method values of dict object at 0x7fe706521780>
"{'n_atak': ['4', '19', '2', '14', '1', '6', '15', '18', '11', '10', '13', '0', '9', '8', '7', '16', '12', '5', '3', '17']}",<built-in method values of dict object at 0x7fe706521780>
"{'n_atak': ['4', '19', '2', '14', '1', '6', '15', '18', '11', '10', '13', '0', '9', '8', '7', '16', '12', '5', '3', '17']}",<built-in method values of dict object at 0x7fe706521780>
"{'n_atak': ['4', '19', '2', '14', '1', '6', '15', '18', '11', '10', '13', '0', '9', '8', '7', '16', '12', '5', '3', '17']}",<built-in method values of dict object at 0x7fe706521780>
"{'n_atak': ['4', '19', '2', '14', '1', '6', '15', '18', '11', '10', '13', '0', '9', '8', '7', '16', '12', '5', '3', '17']}",<built-in method values of dict object at 0x7fe706521780>
"{'n_atak': ['4', '19', '2', '14', '1', '6', '15', '18', '11', '10', '13', '0', '9', '8', '7', '16', '12', '5', '3', '17']}",<built-in method values of dict object at 0x7fe706521780>
"{'n_atak': ['4', '19', '2', '14', '1', '6', '15', '18', '11', '10', '13', '0', '9', '8', '7', '16', '12', '5', '3', '17']}",<built-in method values of dict object at 0x7fe706521780>
"{'n_atak': ['4', '19', '2', '14', '1', '6', '15', '18', '11', '10', '13', '0', '9', '8', '7', '16', '12', '5', '3', '17']}",<built-in method values of dict object at 0x7fe706521780>
"{'n_atak': ['4', '19', '2', '14', '1', '6', '15', '18', '11', '10', '13', '0', '9', '8', '7', '16', '12', '5', '3', '17']}",<built-in method values of dict object at 0x7fe706521780>
"{'n_atak': ['4', '19', '2', '14', '1', '6', '15', '18', '11', '10', '13', '0', '9', '8', '7', '16', '12', '5', '3', '17']}",<built-in method values of dict object at 0x7fe706521780>
"{'n_atak': ['4', '19', '2', '14', '1', '6', '15', '18', '11', '10', '13', '0', '9', '8', '7', '16', '12', '5', '3', '17']}",<built-in method values of dict object at 0x7fe706521780>
"{'n_atak': ['4', '19', '2', '14', '1', '6', '15', '18', '11', '10', '13', '0', '9', '8', '7', '16', '12', '5', '3', '17']}",<built-in method values of dict object at 0x7fe706521780>
"{'n_atak': ['4', '19', '2', '14', '1', '6', '15', '18', '11', '10', '13', '0', '9', '8', '7', '16', '12', '5', '3', '17']}",<built-in method values of dict object at 0x7fe706521780>
"{'n_atak': ['4', '19', '2', '14', '1', '6', '15', '18', '11', '10', '13', '0', '9', '8', '7', '16', '12', '5', '3', '17']}",<built-in method values of dict object at 0x7fe706521780>
"{'n_atak': ['4', '19', '2', '14', '1', '6', '15', '18', '11', '10', '13', '0', '9', '8', '7', '16', '12', '5', '3', '17']}",<built-in method values of dict object at 0x7fe706521780>
"{'n_atak': ['4', '19', '2', '14', '1', '6', '15', '18', '11', '10', '13', '0', '9', '8', '7', '16', '12', '5', '3', '17']}",<built-in method values of dict object at 0x7fe706521780>
"{'n_atak': ['4', '19', '2', '14', '1', '6', '15', '18', '11', '10', '13', '0', '9', '8', '7', '16', '12', '5', '3', '17']}",<built-in method values of dict object at 0x7fe706521780>
"{'n_atak': ['4', '19', '2', '14', '1', '6', '15', '18', '11', '10', '13', '0', '9', '8', '7', '16', '12', '5', '3', '17']}",<built-in method values of dict object at 0x7fe706521780>
"{'n_atak': ['4', '19', '2', '14', '1', '6', '15', '18', '11', '10', '13', '0', '9', '8', '7', '16', '12', '5', '3', '17']}",<built-in method values of dict object at 0x7fe706521780>
"{'n_atak': ['4', '19', '2', '14', '1', '6', '15', '18', '11', '10', '13', '0', '9', '8', '7', '16', '12', '5', '3', '17']}",<built-in method values of dict object at 0x7fe706521780>
