{},<built-in method values of dict object at 0x7f896ce4b400>
{},<built-in method values of dict object at 0x7f896ce4b400>
{},<built-in method values of dict object at 0x7f896ce4b400>
{},<built-in method values of dict object at 0x7f896ce4b400>
{},<built-in method values of dict object at 0x7f896ce4b400>
{},<built-in method values of dict object at 0x7f896ce4b400>
{},<built-in method values of dict object at 0x7f896ce4b400>
{},<built-in method values of dict object at 0x7f896ce4b400>
{},<built-in method values of dict object at 0x7f896ce4b400>
{},<built-in method values of dict object at 0x7f896ce4b400>
{},<built-in method values of dict object at 0x7f896ce4b400>
{},<built-in method values of dict object at 0x7f896ce4b400>
{},<built-in method values of dict object at 0x7f896ce4b400>
{},<built-in method values of dict object at 0x7f896ce4b400>
{},<built-in method values of dict object at 0x7f896ce4b400>
{},<built-in method values of dict object at 0x7f896ce4b400>
{},<built-in method values of dict object at 0x7f896ce4b400>
{},<built-in method values of dict object at 0x7f896ce4b400>
{},<built-in method values of dict object at 0x7f896ce4b400>
{},<built-in method values of dict object at 0x7f896ce4b400>
"{'n_atak': ['10', '14', '0', '15', '12', '17', '8', '18', '1', '6', '2', '4', '3', '7', '13', '16', '19', '5', '11', '9']}",<built-in method values of dict object at 0x7f896ce48e40>
"{'n_atak': ['10', '14', '0', '15', '12', '17', '8', '18', '1', '6', '2', '4', '3', '7', '13', '16', '19', '5', '11', '9']}",<built-in method values of dict object at 0x7f896ce48e40>
"{'n_atak': ['10', '14', '0', '15', '12', '17', '8', '18', '1', '6', '2', '4', '3', '7', '13', '16', '19', '5', '11', '9']}",<built-in method values of dict object at 0x7f896ce48e40>
"{'n_atak': ['10', '14', '0', '15', '12', '17', '8', '18', '1', '6', '2', '4', '3', '7', '13', '16', '19', '5', '11', '9']}",<built-in method values of dict object at 0x7f896ce48e40>
"{'n_atak': ['10', '14', '0', '15', '12', '17', '8', '18', '1', '6', '2', '4', '3', '7', '13', '16', '19', '5', '11', '9']}",<built-in method values of dict object at 0x7f896ce48e40>
"{'n_atak': ['10', '14', '0', '15', '12', '17', '8', '18', '1', '6', '2', '4', '3', '7', '13', '16', '19', '5', '11', '9']}",<built-in method values of dict object at 0x7f896ce48e40>
"{'n_atak': ['10', '14', '0', '15', '12', '17', '8', '18', '1', '6', '2', '4', '3', '7', '13', '16', '19', '5', '11', '9']}",<built-in method values of dict object at 0x7f896ce48e40>
"{'n_atak': ['10', '14', '0', '15', '12', '17', '8', '18', '1', '6', '2', '4', '3', '7', '13', '16', '19', '5', '11', '9']}",<built-in method values of dict object at 0x7f896ce48e40>
"{'n_atak': ['10', '14', '0', '15', '12', '17', '8', '18', '1', '6', '2', '4', '3', '7', '13', '16', '19', '5', '11', '9']}",<built-in method values of dict object at 0x7f896ce48e40>
"{'n_atak': ['10', '14', '0', '15', '12', '17', '8', '18', '1', '6', '2', '4', '3', '7', '13', '16', '19', '5', '11', '9']}",<built-in method values of dict object at 0x7f896ce48e40>
"{'n_atak': ['10', '14', '0', '15', '12', '17', '8', '18', '1', '6', '2', '4', '3', '7', '13', '16', '19', '5', '11', '9']}",<built-in method values of dict object at 0x7f896ce48e40>
"{'n_atak': ['10', '14', '0', '15', '12', '17', '8', '18', '1', '6', '2', '4', '3', '7', '13', '16', '19', '5', '11', '9']}",<built-in method values of dict object at 0x7f896ce48e40>
"{'n_atak': ['10', '14', '0', '15', '12', '17', '8', '18', '1', '6', '2', '4', '3', '7', '13', '16', '19', '5', '11', '9']}",<built-in method values of dict object at 0x7f896ce48e40>
"{'n_atak': ['10', '14', '0', '15', '12', '17', '8', '18', '1', '6', '2', '4', '3', '7', '13', '16', '19', '5', '11', '9']}",<built-in method values of dict object at 0x7f896ce48e40>
"{'n_atak': ['10', '14', '0', '15', '12', '17', '8', '18', '1', '6', '2', '4', '3', '7', '13', '16', '19', '5', '11', '9']}",<built-in method values of dict object at 0x7f896ce48e40>
"{'n_atak': ['10', '14', '0', '15', '12', '17', '8', '18', '1', '6', '2', '4', '3', '7', '13', '16', '19', '5', '11', '9']}",<built-in method values of dict object at 0x7f896ce48e40>
"{'n_atak': ['10', '14', '0', '15', '12', '17', '8', '18', '1', '6', '2', '4', '3', '7', '13', '16', '19', '5', '11', '9']}",<built-in method values of dict object at 0x7f896ce48e40>
"{'n_atak': ['10', '14', '0', '15', '12', '17', '8', '18', '1', '6', '2', '4', '3', '7', '13', '16', '19', '5', '11', '9']}",<built-in method values of dict object at 0x7f896ce48e40>
"{'n_atak': ['10', '14', '0', '15', '12', '17', '8', '18', '1', '6', '2', '4', '3', '7', '13', '16', '19', '5', '11', '9']}",<built-in method values of dict object at 0x7f896ce48e40>
"{'n_atak': ['10', '14', '0', '15', '12', '17', '8', '18', '1', '6', '2', '4', '3', '7', '13', '16', '19', '5', '11', '9']}",<built-in method values of dict object at 0x7f896ce48e40>
"{'n_atak': ['17', '5', '19', '0', '2', '8', '16', '4', '14', '13', '12', '10', '9', '6', '15', '7', '1', '11', '3', '18']}",<built-in method values of dict object at 0x7f896cebe5c0>
"{'n_atak': ['17', '5', '19', '0', '2', '8', '16', '4', '14', '13', '12', '10', '9', '6', '15', '7', '1', '11', '3', '18']}",<built-in method values of dict object at 0x7f896cebe5c0>
"{'n_atak': ['17', '5', '19', '0', '2', '8', '16', '4', '14', '13', '12', '10', '9', '6', '15', '7', '1', '11', '3', '18']}",<built-in method values of dict object at 0x7f896cebe5c0>
"{'n_atak': ['17', '5', '19', '0', '2', '8', '16', '4', '14', '13', '12', '10', '9', '6', '15', '7', '1', '11', '3', '18']}",<built-in method values of dict object at 0x7f896cebe5c0>
"{'n_atak': ['17', '5', '19', '0', '2', '8', '16', '4', '14', '13', '12', '10', '9', '6', '15', '7', '1', '11', '3', '18']}",<built-in method values of dict object at 0x7f896cebe5c0>
"{'n_atak': ['17', '5', '19', '0', '2', '8', '16', '4', '14', '13', '12', '10', '9', '6', '15', '7', '1', '11', '3', '18']}",<built-in method values of dict object at 0x7f896cebe5c0>
"{'n_atak': ['17', '5', '19', '0', '2', '8', '16', '4', '14', '13', '12', '10', '9', '6', '15', '7', '1', '11', '3', '18']}",<built-in method values of dict object at 0x7f896cebe5c0>
"{'n_atak': ['17', '5', '19', '0', '2', '8', '16', '4', '14', '13', '12', '10', '9', '6', '15', '7', '1', '11', '3', '18']}",<built-in method values of dict object at 0x7f896cebe5c0>
"{'n_atak': ['17', '5', '19', '0', '2', '8', '16', '4', '14', '13', '12', '10', '9', '6', '15', '7', '1', '11', '3', '18']}",<built-in method values of dict object at 0x7f896cebe5c0>
"{'n_atak': ['17', '5', '19', '0', '2', '8', '16', '4', '14', '13', '12', '10', '9', '6', '15', '7', '1', '11', '3', '18']}",<built-in method values of dict object at 0x7f896cebe5c0>
"{'n_atak': ['17', '5', '19', '0', '2', '8', '16', '4', '14', '13', '12', '10', '9', '6', '15', '7', '1', '11', '3', '18']}",<built-in method values of dict object at 0x7f896cebe5c0>
"{'n_atak': ['17', '5', '19', '0', '2', '8', '16', '4', '14', '13', '12', '10', '9', '6', '15', '7', '1', '11', '3', '18']}",<built-in method values of dict object at 0x7f896cebe5c0>
"{'n_atak': ['17', '5', '19', '0', '2', '8', '16', '4', '14', '13', '12', '10', '9', '6', '15', '7', '1', '11', '3', '18']}",<built-in method values of dict object at 0x7f896cebe5c0>
"{'n_atak': ['17', '5', '19', '0', '2', '8', '16', '4', '14', '13', '12', '10', '9', '6', '15', '7', '1', '11', '3', '18']}",<built-in method values of dict object at 0x7f896cebe5c0>
"{'n_atak': ['17', '5', '19', '0', '2', '8', '16', '4', '14', '13', '12', '10', '9', '6', '15', '7', '1', '11', '3', '18']}",<built-in method values of dict object at 0x7f896cebe5c0>
"{'n_atak': ['17', '5', '19', '0', '2', '8', '16', '4', '14', '13', '12', '10', '9', '6', '15', '7', '1', '11', '3', '18']}",<built-in method values of dict object at 0x7f896cebe5c0>
"{'n_atak': ['17', '5', '19', '0', '2', '8', '16', '4', '14', '13', '12', '10', '9', '6', '15', '7', '1', '11', '3', '18']}",<built-in method values of dict object at 0x7f896cebe5c0>
"{'n_atak': ['17', '5', '19', '0', '2', '8', '16', '4', '14', '13', '12', '10', '9', '6', '15', '7', '1', '11', '3', '18']}",<built-in method values of dict object at 0x7f896cebe5c0>
"{'n_atak': ['17', '5', '19', '0', '2', '8', '16', '4', '14', '13', '12', '10', '9', '6', '15', '7', '1', '11', '3', '18']}",<built-in method values of dict object at 0x7f896cebe5c0>
"{'n_atak': ['17', '5', '19', '0', '2', '8', '16', '4', '14', '13', '12', '10', '9', '6', '15', '7', '1', '11', '3', '18']}",<built-in method values of dict object at 0x7f896cebe5c0>
"{'n_atak': ['8', '6', '12', '18', '16', '15', '17', '7', '9', '5', '4', '14', '1', '10', '13', '11', '0', '19', '3', '2']}",<built-in method values of dict object at 0x7f896cebf740>
"{'n_atak': ['8', '6', '12', '18', '16', '15', '17', '7', '9', '5', '4', '14', '1', '10', '13', '11', '0', '19', '3', '2']}",<built-in method values of dict object at 0x7f896cebf740>
"{'n_atak': ['8', '6', '12', '18', '16', '15', '17', '7', '9', '5', '4', '14', '1', '10', '13', '11', '0', '19', '3', '2']}",<built-in method values of dict object at 0x7f896cebf740>
"{'n_atak': ['8', '6', '12', '18', '16', '15', '17', '7', '9', '5', '4', '14', '1', '10', '13', '11', '0', '19', '3', '2']}",<built-in method values of dict object at 0x7f896cebf740>
"{'n_atak': ['8', '6', '12', '18', '16', '15', '17', '7', '9', '5', '4', '14', '1', '10', '13', '11', '0', '19', '3', '2']}",<built-in method values of dict object at 0x7f896cebf740>
"{'n_atak': ['8', '6', '12', '18', '16', '15', '17', '7', '9', '5', '4', '14', '1', '10', '13', '11', '0', '19', '3', '2']}",<built-in method values of dict object at 0x7f896cebf740>
"{'n_atak': ['8', '6', '12', '18', '16', '15', '17', '7', '9', '5', '4', '14', '1', '10', '13', '11', '0', '19', '3', '2']}",<built-in method values of dict object at 0x7f896cebf740>
"{'n_atak': ['8', '6', '12', '18', '16', '15', '17', '7', '9', '5', '4', '14', '1', '10', '13', '11', '0', '19', '3', '2']}",<built-in method values of dict object at 0x7f896cebf740>
"{'n_atak': ['8', '6', '12', '18', '16', '15', '17', '7', '9', '5', '4', '14', '1', '10', '13', '11', '0', '19', '3', '2']}",<built-in method values of dict object at 0x7f896cebf740>
"{'n_atak': ['8', '6', '12', '18', '16', '15', '17', '7', '9', '5', '4', '14', '1', '10', '13', '11', '0', '19', '3', '2']}",<built-in method values of dict object at 0x7f896cebf740>
"{'n_atak': ['8', '6', '12', '18', '16', '15', '17', '7', '9', '5', '4', '14', '1', '10', '13', '11', '0', '19', '3', '2']}",<built-in method values of dict object at 0x7f896cebf740>
"{'n_atak': ['8', '6', '12', '18', '16', '15', '17', '7', '9', '5', '4', '14', '1', '10', '13', '11', '0', '19', '3', '2']}",<built-in method values of dict object at 0x7f896cebf740>
"{'n_atak': ['8', '6', '12', '18', '16', '15', '17', '7', '9', '5', '4', '14', '1', '10', '13', '11', '0', '19', '3', '2']}",<built-in method values of dict object at 0x7f896cebf740>
"{'n_atak': ['8', '6', '12', '18', '16', '15', '17', '7', '9', '5', '4', '14', '1', '10', '13', '11', '0', '19', '3', '2']}",<built-in method values of dict object at 0x7f896cebf740>
"{'n_atak': ['8', '6', '12', '18', '16', '15', '17', '7', '9', '5', '4', '14', '1', '10', '13', '11', '0', '19', '3', '2']}",<built-in method values of dict object at 0x7f896cebf740>
"{'n_atak': ['8', '6', '12', '18', '16', '15', '17', '7', '9', '5', '4', '14', '1', '10', '13', '11', '0', '19', '3', '2']}",<built-in method values of dict object at 0x7f896cebf740>
"{'n_atak': ['8', '6', '12', '18', '16', '15', '17', '7', '9', '5', '4', '14', '1', '10', '13', '11', '0', '19', '3', '2']}",<built-in method values of dict object at 0x7f896cebf740>
"{'n_atak': ['8', '6', '12', '18', '16', '15', '17', '7', '9', '5', '4', '14', '1', '10', '13', '11', '0', '19', '3', '2']}",<built-in method values of dict object at 0x7f896cebf740>
"{'n_atak': ['8', '6', '12', '18', '16', '15', '17', '7', '9', '5', '4', '14', '1', '10', '13', '11', '0', '19', '3', '2']}",<built-in method values of dict object at 0x7f896cebf740>
"{'n_atak': ['8', '6', '12', '18', '16', '15', '17', '7', '9', '5', '4', '14', '1', '10', '13', '11', '0', '19', '3', '2']}",<built-in method values of dict object at 0x7f896cebf740>
"{'n_atak': ['0', '5', '12', '16', '19', '17', '11', '6', '10', '7', '14', '1', '15', '2', '4', '13', '9', '3', '18', '8']}",<built-in method values of dict object at 0x7f896ce4a0c0>
"{'n_atak': ['0', '5', '12', '16', '19', '17', '11', '6', '10', '7', '14', '1', '15', '2', '4', '13', '9', '3', '18', '8']}",<built-in method values of dict object at 0x7f896ce4a0c0>
"{'n_atak': ['0', '5', '12', '16', '19', '17', '11', '6', '10', '7', '14', '1', '15', '2', '4', '13', '9', '3', '18', '8']}",<built-in method values of dict object at 0x7f896ce4a0c0>
"{'n_atak': ['0', '5', '12', '16', '19', '17', '11', '6', '10', '7', '14', '1', '15', '2', '4', '13', '9', '3', '18', '8']}",<built-in method values of dict object at 0x7f896ce4a0c0>
"{'n_atak': ['0', '5', '12', '16', '19', '17', '11', '6', '10', '7', '14', '1', '15', '2', '4', '13', '9', '3', '18', '8']}",<built-in method values of dict object at 0x7f896ce4a0c0>
"{'n_atak': ['0', '5', '12', '16', '19', '17', '11', '6', '10', '7', '14', '1', '15', '2', '4', '13', '9', '3', '18', '8']}",<built-in method values of dict object at 0x7f896ce4a0c0>
"{'n_atak': ['0', '5', '12', '16', '19', '17', '11', '6', '10', '7', '14', '1', '15', '2', '4', '13', '9', '3', '18', '8']}",<built-in method values of dict object at 0x7f896ce4a0c0>
"{'n_atak': ['0', '5', '12', '16', '19', '17', '11', '6', '10', '7', '14', '1', '15', '2', '4', '13', '9', '3', '18', '8']}",<built-in method values of dict object at 0x7f896ce4a0c0>
"{'n_atak': ['0', '5', '12', '16', '19', '17', '11', '6', '10', '7', '14', '1', '15', '2', '4', '13', '9', '3', '18', '8']}",<built-in method values of dict object at 0x7f896ce4a0c0>
"{'n_atak': ['0', '5', '12', '16', '19', '17', '11', '6', '10', '7', '14', '1', '15', '2', '4', '13', '9', '3', '18', '8']}",<built-in method values of dict object at 0x7f896ce4a0c0>
"{'n_atak': ['0', '5', '12', '16', '19', '17', '11', '6', '10', '7', '14', '1', '15', '2', '4', '13', '9', '3', '18', '8']}",<built-in method values of dict object at 0x7f896ce4a0c0>
"{'n_atak': ['0', '5', '12', '16', '19', '17', '11', '6', '10', '7', '14', '1', '15', '2', '4', '13', '9', '3', '18', '8']}",<built-in method values of dict object at 0x7f896ce4a0c0>
"{'n_atak': ['0', '5', '12', '16', '19', '17', '11', '6', '10', '7', '14', '1', '15', '2', '4', '13', '9', '3', '18', '8']}",<built-in method values of dict object at 0x7f896ce4a0c0>
"{'n_atak': ['0', '5', '12', '16', '19', '17', '11', '6', '10', '7', '14', '1', '15', '2', '4', '13', '9', '3', '18', '8']}",<built-in method values of dict object at 0x7f896ce4a0c0>
"{'n_atak': ['0', '5', '12', '16', '19', '17', '11', '6', '10', '7', '14', '1', '15', '2', '4', '13', '9', '3', '18', '8']}",<built-in method values of dict object at 0x7f896ce4a0c0>
"{'n_atak': ['0', '5', '12', '16', '19', '17', '11', '6', '10', '7', '14', '1', '15', '2', '4', '13', '9', '3', '18', '8']}",<built-in method values of dict object at 0x7f896ce4a0c0>
"{'n_atak': ['0', '5', '12', '16', '19', '17', '11', '6', '10', '7', '14', '1', '15', '2', '4', '13', '9', '3', '18', '8']}",<built-in method values of dict object at 0x7f896ce4a0c0>
"{'n_atak': ['0', '5', '12', '16', '19', '17', '11', '6', '10', '7', '14', '1', '15', '2', '4', '13', '9', '3', '18', '8']}",<built-in method values of dict object at 0x7f896ce4a0c0>
"{'n_atak': ['0', '5', '12', '16', '19', '17', '11', '6', '10', '7', '14', '1', '15', '2', '4', '13', '9', '3', '18', '8']}",<built-in method values of dict object at 0x7f896ce4a0c0>
"{'n_atak': ['0', '5', '12', '16', '19', '17', '11', '6', '10', '7', '14', '1', '15', '2', '4', '13', '9', '3', '18', '8']}",<built-in method values of dict object at 0x7f896ce4a0c0>
"{'n_atak': ['17', '11', '14', '0', '1', '10', '5', '12', '4', '6', '16', '15', '8', '9', '3', '18', '2', '13', '7', '19']}",<built-in method values of dict object at 0x7f896ccf1b80>
"{'n_atak': ['17', '11', '14', '0', '1', '10', '5', '12', '4', '6', '16', '15', '8', '9', '3', '18', '2', '13', '7', '19']}",<built-in method values of dict object at 0x7f896ccf1b80>
"{'n_atak': ['17', '11', '14', '0', '1', '10', '5', '12', '4', '6', '16', '15', '8', '9', '3', '18', '2', '13', '7', '19']}",<built-in method values of dict object at 0x7f896ccf1b80>
"{'n_atak': ['17', '11', '14', '0', '1', '10', '5', '12', '4', '6', '16', '15', '8', '9', '3', '18', '2', '13', '7', '19']}",<built-in method values of dict object at 0x7f896ccf1b80>
"{'n_atak': ['17', '11', '14', '0', '1', '10', '5', '12', '4', '6', '16', '15', '8', '9', '3', '18', '2', '13', '7', '19']}",<built-in method values of dict object at 0x7f896ccf1b80>
"{'n_atak': ['17', '11', '14', '0', '1', '10', '5', '12', '4', '6', '16', '15', '8', '9', '3', '18', '2', '13', '7', '19']}",<built-in method values of dict object at 0x7f896ccf1b80>
"{'n_atak': ['17', '11', '14', '0', '1', '10', '5', '12', '4', '6', '16', '15', '8', '9', '3', '18', '2', '13', '7', '19']}",<built-in method values of dict object at 0x7f896ccf1b80>
"{'n_atak': ['17', '11', '14', '0', '1', '10', '5', '12', '4', '6', '16', '15', '8', '9', '3', '18', '2', '13', '7', '19']}",<built-in method values of dict object at 0x7f896ccf1b80>
"{'n_atak': ['17', '11', '14', '0', '1', '10', '5', '12', '4', '6', '16', '15', '8', '9', '3', '18', '2', '13', '7', '19']}",<built-in method values of dict object at 0x7f896ccf1b80>
"{'n_atak': ['17', '11', '14', '0', '1', '10', '5', '12', '4', '6', '16', '15', '8', '9', '3', '18', '2', '13', '7', '19']}",<built-in method values of dict object at 0x7f896ccf1b80>
"{'n_atak': ['17', '11', '14', '0', '1', '10', '5', '12', '4', '6', '16', '15', '8', '9', '3', '18', '2', '13', '7', '19']}",<built-in method values of dict object at 0x7f896ccf1b80>
"{'n_atak': ['17', '11', '14', '0', '1', '10', '5', '12', '4', '6', '16', '15', '8', '9', '3', '18', '2', '13', '7', '19']}",<built-in method values of dict object at 0x7f896ccf1b80>
"{'n_atak': ['17', '11', '14', '0', '1', '10', '5', '12', '4', '6', '16', '15', '8', '9', '3', '18', '2', '13', '7', '19']}",<built-in method values of dict object at 0x7f896ccf1b80>
"{'n_atak': ['17', '11', '14', '0', '1', '10', '5', '12', '4', '6', '16', '15', '8', '9', '3', '18', '2', '13', '7', '19']}",<built-in method values of dict object at 0x7f896ccf1b80>
"{'n_atak': ['17', '11', '14', '0', '1', '10', '5', '12', '4', '6', '16', '15', '8', '9', '3', '18', '2', '13', '7', '19']}",<built-in method values of dict object at 0x7f896ccf1b80>
"{'n_atak': ['17', '11', '14', '0', '1', '10', '5', '12', '4', '6', '16', '15', '8', '9', '3', '18', '2', '13', '7', '19']}",<built-in method values of dict object at 0x7f896ccf1b80>
"{'n_atak': ['17', '11', '14', '0', '1', '10', '5', '12', '4', '6', '16', '15', '8', '9', '3', '18', '2', '13', '7', '19']}",<built-in method values of dict object at 0x7f896ccf1b80>
"{'n_atak': ['17', '11', '14', '0', '1', '10', '5', '12', '4', '6', '16', '15', '8', '9', '3', '18', '2', '13', '7', '19']}",<built-in method values of dict object at 0x7f896ccf1b80>
"{'n_atak': ['17', '11', '14', '0', '1', '10', '5', '12', '4', '6', '16', '15', '8', '9', '3', '18', '2', '13', '7', '19']}",<built-in method values of dict object at 0x7f896ccf1b80>
"{'n_atak': ['17', '11', '14', '0', '1', '10', '5', '12', '4', '6', '16', '15', '8', '9', '3', '18', '2', '13', '7', '19']}",<built-in method values of dict object at 0x7f896ccf1b80>
"{'n_atak': ['5', '0', '10', '7', '8', '19', '14', '2', '4', '3', '6', '12', '15', '17', '11', '13', '9', '1', '16', '18']}",<built-in method values of dict object at 0x7f896ce6d080>
"{'n_atak': ['5', '0', '10', '7', '8', '19', '14', '2', '4', '3', '6', '12', '15', '17', '11', '13', '9', '1', '16', '18']}",<built-in method values of dict object at 0x7f896ce6d080>
"{'n_atak': ['5', '0', '10', '7', '8', '19', '14', '2', '4', '3', '6', '12', '15', '17', '11', '13', '9', '1', '16', '18']}",<built-in method values of dict object at 0x7f896ce6d080>
"{'n_atak': ['5', '0', '10', '7', '8', '19', '14', '2', '4', '3', '6', '12', '15', '17', '11', '13', '9', '1', '16', '18']}",<built-in method values of dict object at 0x7f896ce6d080>
"{'n_atak': ['5', '0', '10', '7', '8', '19', '14', '2', '4', '3', '6', '12', '15', '17', '11', '13', '9', '1', '16', '18']}",<built-in method values of dict object at 0x7f896ce6d080>
"{'n_atak': ['5', '0', '10', '7', '8', '19', '14', '2', '4', '3', '6', '12', '15', '17', '11', '13', '9', '1', '16', '18']}",<built-in method values of dict object at 0x7f896ce6d080>
"{'n_atak': ['5', '0', '10', '7', '8', '19', '14', '2', '4', '3', '6', '12', '15', '17', '11', '13', '9', '1', '16', '18']}",<built-in method values of dict object at 0x7f896ce6d080>
"{'n_atak': ['5', '0', '10', '7', '8', '19', '14', '2', '4', '3', '6', '12', '15', '17', '11', '13', '9', '1', '16', '18']}",<built-in method values of dict object at 0x7f896ce6d080>
"{'n_atak': ['5', '0', '10', '7', '8', '19', '14', '2', '4', '3', '6', '12', '15', '17', '11', '13', '9', '1', '16', '18']}",<built-in method values of dict object at 0x7f896ce6d080>
"{'n_atak': ['5', '0', '10', '7', '8', '19', '14', '2', '4', '3', '6', '12', '15', '17', '11', '13', '9', '1', '16', '18']}",<built-in method values of dict object at 0x7f896ce6d080>
"{'n_atak': ['5', '0', '10', '7', '8', '19', '14', '2', '4', '3', '6', '12', '15', '17', '11', '13', '9', '1', '16', '18']}",<built-in method values of dict object at 0x7f896ce6d080>
"{'n_atak': ['5', '0', '10', '7', '8', '19', '14', '2', '4', '3', '6', '12', '15', '17', '11', '13', '9', '1', '16', '18']}",<built-in method values of dict object at 0x7f896ce6d080>
"{'n_atak': ['5', '0', '10', '7', '8', '19', '14', '2', '4', '3', '6', '12', '15', '17', '11', '13', '9', '1', '16', '18']}",<built-in method values of dict object at 0x7f896ce6d080>
"{'n_atak': ['5', '0', '10', '7', '8', '19', '14', '2', '4', '3', '6', '12', '15', '17', '11', '13', '9', '1', '16', '18']}",<built-in method values of dict object at 0x7f896ce6d080>
"{'n_atak': ['5', '0', '10', '7', '8', '19', '14', '2', '4', '3', '6', '12', '15', '17', '11', '13', '9', '1', '16', '18']}",<built-in method values of dict object at 0x7f896ce6d080>
"{'n_atak': ['5', '0', '10', '7', '8', '19', '14', '2', '4', '3', '6', '12', '15', '17', '11', '13', '9', '1', '16', '18']}",<built-in method values of dict object at 0x7f896ce6d080>
"{'n_atak': ['5', '0', '10', '7', '8', '19', '14', '2', '4', '3', '6', '12', '15', '17', '11', '13', '9', '1', '16', '18']}",<built-in method values of dict object at 0x7f896ce6d080>
"{'n_atak': ['5', '0', '10', '7', '8', '19', '14', '2', '4', '3', '6', '12', '15', '17', '11', '13', '9', '1', '16', '18']}",<built-in method values of dict object at 0x7f896ce6d080>
"{'n_atak': ['5', '0', '10', '7', '8', '19', '14', '2', '4', '3', '6', '12', '15', '17', '11', '13', '9', '1', '16', '18']}",<built-in method values of dict object at 0x7f896ce6d080>
"{'n_atak': ['5', '0', '10', '7', '8', '19', '14', '2', '4', '3', '6', '12', '15', '17', '11', '13', '9', '1', '16', '18']}",<built-in method values of dict object at 0x7f896ce6d080>
"{'n_atak': ['16', '18', '10', '19', '17', '12', '14', '13', '9', '11', '15'], 'atak': ['2', '8', '7', '6', '3', '5', '0', '4', '1']}",<built-in method values of dict object at 0x7f896cea6180>
"{'n_atak': ['16', '18', '10', '19', '17', '12', '14', '13', '9', '11', '15'], 'atak': ['2', '8', '7', '6', '3', '5', '0', '4', '1']}",<built-in method values of dict object at 0x7f896cea6180>
"{'n_atak': ['16', '18', '10', '19', '17', '12', '14', '13', '9', '11', '15'], 'atak': ['2', '8', '7', '6', '3', '5', '0', '4', '1']}",<built-in method values of dict object at 0x7f896cea6180>
"{'n_atak': ['16', '18', '10', '19', '17', '12', '14', '13', '9', '11', '15'], 'atak': ['2', '8', '7', '6', '3', '5', '0', '4', '1']}",<built-in method values of dict object at 0x7f896cea6180>
"{'n_atak': ['16', '18', '10', '19', '17', '12', '14', '13', '9', '11', '15'], 'atak': ['2', '8', '7', '6', '3', '5', '0', '4', '1']}",<built-in method values of dict object at 0x7f896cea6180>
"{'n_atak': ['16', '18', '10', '19', '17', '12', '14', '13', '9', '11', '15'], 'atak': ['2', '8', '7', '6', '3', '5', '0', '4', '1']}",<built-in method values of dict object at 0x7f896cea6180>
"{'n_atak': ['16', '18', '10', '19', '17', '12', '14', '13', '9', '11', '15'], 'atak': ['2', '8', '7', '6', '3', '5', '0', '4', '1']}",<built-in method values of dict object at 0x7f896cea6180>
"{'n_atak': ['16', '18', '10', '19', '17', '12', '14', '13', '9', '11', '15'], 'atak': ['2', '8', '7', '6', '3', '5', '0', '4', '1']}",<built-in method values of dict object at 0x7f896cea6180>
"{'n_atak': ['16', '18', '10', '19', '17', '12', '14', '13', '9', '11', '15'], 'atak': ['2', '8', '7', '6', '3', '5', '0', '4', '1']}",<built-in method values of dict object at 0x7f896cea6180>
"{'n_atak': ['16', '18', '10', '19', '17', '12', '14', '13', '9', '11', '15'], 'atak': ['2', '8', '7', '6', '3', '5', '0', '4', '1']}",<built-in method values of dict object at 0x7f896cea6180>
"{'n_atak': ['16', '18', '10', '19', '17', '12', '14', '13', '9', '11', '15'], 'atak': ['2', '8', '7', '6', '3', '5', '0', '4', '1']}",<built-in method values of dict object at 0x7f896cea6180>
"{'n_atak': ['16', '18', '10', '19', '17', '12', '14', '13', '9', '11', '15'], 'atak': ['2', '8', '7', '6', '3', '5', '0', '4', '1']}",<built-in method values of dict object at 0x7f896cea6180>
"{'n_atak': ['16', '18', '10', '19', '17', '12', '14', '13', '9', '11', '15'], 'atak': ['2', '8', '7', '6', '3', '5', '0', '4', '1']}",<built-in method values of dict object at 0x7f896cea6180>
"{'n_atak': ['16', '18', '10', '19', '17', '12', '14', '13', '9', '11', '15'], 'atak': ['2', '8', '7', '6', '3', '5', '0', '4', '1']}",<built-in method values of dict object at 0x7f896cea6180>
"{'n_atak': ['16', '18', '10', '19', '17', '12', '14', '13', '9', '11', '15'], 'atak': ['2', '8', '7', '6', '3', '5', '0', '4', '1']}",<built-in method values of dict object at 0x7f896cea6180>
"{'n_atak': ['16', '18', '10', '19', '17', '12', '14', '13', '9', '11', '15'], 'atak': ['2', '8', '7', '6', '3', '5', '0', '4', '1']}",<built-in method values of dict object at 0x7f896cea6180>
"{'n_atak': ['16', '18', '10', '19', '17', '12', '14', '13', '9', '11', '15'], 'atak': ['2', '8', '7', '6', '3', '5', '0', '4', '1']}",<built-in method values of dict object at 0x7f896cea6180>
"{'n_atak': ['16', '18', '10', '19', '17', '12', '14', '13', '9', '11', '15'], 'atak': ['2', '8', '7', '6', '3', '5', '0', '4', '1']}",<built-in method values of dict object at 0x7f896cea6180>
"{'n_atak': ['16', '18', '10', '19', '17', '12', '14', '13', '9', '11', '15'], 'atak': ['2', '8', '7', '6', '3', '5', '0', '4', '1']}",<built-in method values of dict object at 0x7f896cea6180>
"{'n_atak': ['16', '18', '10', '19', '17', '12', '14', '13', '9', '11', '15'], 'atak': ['2', '8', '7', '6', '3', '5', '0', '4', '1']}",<built-in method values of dict object at 0x7f896cea6180>
"{'n_atak': ['12', '16', '13', '9', '11', '10', '19', '17', '15', '18', '14'], 'atak': ['7', '0', '2', '4', '5', '1', '8', '3', '6']}",<built-in method values of dict object at 0x7f896ccf2580>
"{'n_atak': ['12', '16', '13', '9', '11', '10', '19', '17', '15', '18', '14'], 'atak': ['7', '0', '2', '4', '5', '1', '8', '3', '6']}",<built-in method values of dict object at 0x7f896ccf2580>
"{'n_atak': ['12', '16', '13', '9', '11', '10', '19', '17', '15', '18', '14'], 'atak': ['7', '0', '2', '4', '5', '1', '8', '3', '6']}",<built-in method values of dict object at 0x7f896ccf2580>
"{'n_atak': ['12', '16', '13', '9', '11', '10', '19', '17', '15', '18', '14'], 'atak': ['7', '0', '2', '4', '5', '1', '8', '3', '6']}",<built-in method values of dict object at 0x7f896ccf2580>
"{'n_atak': ['12', '16', '13', '9', '11', '10', '19', '17', '15', '18', '14'], 'atak': ['7', '0', '2', '4', '5', '1', '8', '3', '6']}",<built-in method values of dict object at 0x7f896ccf2580>
"{'n_atak': ['12', '16', '13', '9', '11', '10', '19', '17', '15', '18', '14'], 'atak': ['7', '0', '2', '4', '5', '1', '8', '3', '6']}",<built-in method values of dict object at 0x7f896ccf2580>
"{'n_atak': ['12', '16', '13', '9', '11', '10', '19', '17', '15', '18', '14'], 'atak': ['7', '0', '2', '4', '5', '1', '8', '3', '6']}",<built-in method values of dict object at 0x7f896ccf2580>
"{'n_atak': ['12', '16', '13', '9', '11', '10', '19', '17', '15', '18', '14'], 'atak': ['7', '0', '2', '4', '5', '1', '8', '3', '6']}",<built-in method values of dict object at 0x7f896ccf2580>
"{'n_atak': ['12', '16', '13', '9', '11', '10', '19', '17', '15', '18', '14'], 'atak': ['7', '0', '2', '4', '5', '1', '8', '3', '6']}",<built-in method values of dict object at 0x7f896ccf2580>
"{'n_atak': ['12', '16', '13', '9', '11', '10', '19', '17', '15', '18', '14'], 'atak': ['7', '0', '2', '4', '5', '1', '8', '3', '6']}",<built-in method values of dict object at 0x7f896ccf2580>
"{'n_atak': ['12', '16', '13', '9', '11', '10', '19', '17', '15', '18', '14'], 'atak': ['7', '0', '2', '4', '5', '1', '8', '3', '6']}",<built-in method values of dict object at 0x7f896ccf2580>
"{'n_atak': ['12', '16', '13', '9', '11', '10', '19', '17', '15', '18', '14'], 'atak': ['7', '0', '2', '4', '5', '1', '8', '3', '6']}",<built-in method values of dict object at 0x7f896ccf2580>
"{'n_atak': ['12', '16', '13', '9', '11', '10', '19', '17', '15', '18', '14'], 'atak': ['7', '0', '2', '4', '5', '1', '8', '3', '6']}",<built-in method values of dict object at 0x7f896ccf2580>
"{'n_atak': ['12', '16', '13', '9', '11', '10', '19', '17', '15', '18', '14'], 'atak': ['7', '0', '2', '4', '5', '1', '8', '3', '6']}",<built-in method values of dict object at 0x7f896ccf2580>
"{'n_atak': ['12', '16', '13', '9', '11', '10', '19', '17', '15', '18', '14'], 'atak': ['7', '0', '2', '4', '5', '1', '8', '3', '6']}",<built-in method values of dict object at 0x7f896ccf2580>
"{'n_atak': ['12', '16', '13', '9', '11', '10', '19', '17', '15', '18', '14'], 'atak': ['7', '0', '2', '4', '5', '1', '8', '3', '6']}",<built-in method values of dict object at 0x7f896ccf2580>
"{'n_atak': ['12', '16', '13', '9', '11', '10', '19', '17', '15', '18', '14'], 'atak': ['7', '0', '2', '4', '5', '1', '8', '3', '6']}",<built-in method values of dict object at 0x7f896ccf2580>
"{'n_atak': ['12', '16', '13', '9', '11', '10', '19', '17', '15', '18', '14'], 'atak': ['7', '0', '2', '4', '5', '1', '8', '3', '6']}",<built-in method values of dict object at 0x7f896ccf2580>
"{'n_atak': ['12', '16', '13', '9', '11', '10', '19', '17', '15', '18', '14'], 'atak': ['7', '0', '2', '4', '5', '1', '8', '3', '6']}",<built-in method values of dict object at 0x7f896ccf2580>
"{'n_atak': ['12', '16', '13', '9', '11', '10', '19', '17', '15', '18', '14'], 'atak': ['7', '0', '2', '4', '5', '1', '8', '3', '6']}",<built-in method values of dict object at 0x7f896ccf2580>
"{'atak': ['2', '3', '8', '4', '6', '0', '7', '5', '1'], 'n_atak': ['17', '14', '11', '12', '16', '10', '19', '13', '9', '15', '18']}",<built-in method values of dict object at 0x7f896cd022c0>
"{'atak': ['2', '3', '8', '4', '6', '0', '7', '5', '1'], 'n_atak': ['17', '14', '11', '12', '16', '10', '19', '13', '9', '15', '18']}",<built-in method values of dict object at 0x7f896cd022c0>
"{'atak': ['2', '3', '8', '4', '6', '0', '7', '5', '1'], 'n_atak': ['17', '14', '11', '12', '16', '10', '19', '13', '9', '15', '18']}",<built-in method values of dict object at 0x7f896cd022c0>
"{'atak': ['2', '3', '8', '4', '6', '0', '7', '5', '1'], 'n_atak': ['17', '14', '11', '12', '16', '10', '19', '13', '9', '15', '18']}",<built-in method values of dict object at 0x7f896cd022c0>
"{'atak': ['2', '3', '8', '4', '6', '0', '7', '5', '1'], 'n_atak': ['17', '14', '11', '12', '16', '10', '19', '13', '9', '15', '18']}",<built-in method values of dict object at 0x7f896cd022c0>
"{'atak': ['2', '3', '8', '4', '6', '0', '7', '5', '1'], 'n_atak': ['17', '14', '11', '12', '16', '10', '19', '13', '9', '15', '18']}",<built-in method values of dict object at 0x7f896cd022c0>
"{'atak': ['2', '3', '8', '4', '6', '0', '7', '5', '1'], 'n_atak': ['17', '14', '11', '12', '16', '10', '19', '13', '9', '15', '18']}",<built-in method values of dict object at 0x7f896cd022c0>
"{'atak': ['2', '3', '8', '4', '6', '0', '7', '5', '1'], 'n_atak': ['17', '14', '11', '12', '16', '10', '19', '13', '9', '15', '18']}",<built-in method values of dict object at 0x7f896cd022c0>
"{'atak': ['2', '3', '8', '4', '6', '0', '7', '5', '1'], 'n_atak': ['17', '14', '11', '12', '16', '10', '19', '13', '9', '15', '18']}",<built-in method values of dict object at 0x7f896cd022c0>
"{'atak': ['2', '3', '8', '4', '6', '0', '7', '5', '1'], 'n_atak': ['17', '14', '11', '12', '16', '10', '19', '13', '9', '15', '18']}",<built-in method values of dict object at 0x7f896cd022c0>
"{'atak': ['2', '3', '8', '4', '6', '0', '7', '5', '1'], 'n_atak': ['17', '14', '11', '12', '16', '10', '19', '13', '9', '15', '18']}",<built-in method values of dict object at 0x7f896cd022c0>
"{'atak': ['2', '3', '8', '4', '6', '0', '7', '5', '1'], 'n_atak': ['17', '14', '11', '12', '16', '10', '19', '13', '9', '15', '18']}",<built-in method values of dict object at 0x7f896cd022c0>
"{'atak': ['2', '3', '8', '4', '6', '0', '7', '5', '1'], 'n_atak': ['17', '14', '11', '12', '16', '10', '19', '13', '9', '15', '18']}",<built-in method values of dict object at 0x7f896cd022c0>
"{'atak': ['2', '3', '8', '4', '6', '0', '7', '5', '1'], 'n_atak': ['17', '14', '11', '12', '16', '10', '19', '13', '9', '15', '18']}",<built-in method values of dict object at 0x7f896cd022c0>
"{'atak': ['2', '3', '8', '4', '6', '0', '7', '5', '1'], 'n_atak': ['17', '14', '11', '12', '16', '10', '19', '13', '9', '15', '18']}",<built-in method values of dict object at 0x7f896cd022c0>
"{'atak': ['2', '3', '8', '4', '6', '0', '7', '5', '1'], 'n_atak': ['17', '14', '11', '12', '16', '10', '19', '13', '9', '15', '18']}",<built-in method values of dict object at 0x7f896cd022c0>
"{'atak': ['2', '3', '8', '4', '6', '0', '7', '5', '1'], 'n_atak': ['17', '14', '11', '12', '16', '10', '19', '13', '9', '15', '18']}",<built-in method values of dict object at 0x7f896cd022c0>
"{'atak': ['2', '3', '8', '4', '6', '0', '7', '5', '1'], 'n_atak': ['17', '14', '11', '12', '16', '10', '19', '13', '9', '15', '18']}",<built-in method values of dict object at 0x7f896cd022c0>
"{'atak': ['2', '3', '8', '4', '6', '0', '7', '5', '1'], 'n_atak': ['17', '14', '11', '12', '16', '10', '19', '13', '9', '15', '18']}",<built-in method values of dict object at 0x7f896cd022c0>
"{'atak': ['2', '3', '8', '4', '6', '0', '7', '5', '1'], 'n_atak': ['17', '14', '11', '12', '16', '10', '19', '13', '9', '15', '18']}",<built-in method values of dict object at 0x7f896cd022c0>
"{'n_atak': ['11', '19', '14', '17', '12', '18', '16', '9', '10', '13', '15'], 'atak': ['0', '5', '3', '6', '1', '8', '4', '2', '7']}",<built-in method values of dict object at 0x7f896ce90580>
"{'n_atak': ['11', '19', '14', '17', '12', '18', '16', '9', '10', '13', '15'], 'atak': ['0', '5', '3', '6', '1', '8', '4', '2', '7']}",<built-in method values of dict object at 0x7f896ce90580>
"{'n_atak': ['11', '19', '14', '17', '12', '18', '16', '9', '10', '13', '15'], 'atak': ['0', '5', '3', '6', '1', '8', '4', '2', '7']}",<built-in method values of dict object at 0x7f896ce90580>
"{'n_atak': ['11', '19', '14', '17', '12', '18', '16', '9', '10', '13', '15'], 'atak': ['0', '5', '3', '6', '1', '8', '4', '2', '7']}",<built-in method values of dict object at 0x7f896ce90580>
"{'n_atak': ['11', '19', '14', '17', '12', '18', '16', '9', '10', '13', '15'], 'atak': ['0', '5', '3', '6', '1', '8', '4', '2', '7']}",<built-in method values of dict object at 0x7f896ce90580>
"{'n_atak': ['11', '19', '14', '17', '12', '18', '16', '9', '10', '13', '15'], 'atak': ['0', '5', '3', '6', '1', '8', '4', '2', '7']}",<built-in method values of dict object at 0x7f896ce90580>
"{'n_atak': ['11', '19', '14', '17', '12', '18', '16', '9', '10', '13', '15'], 'atak': ['0', '5', '3', '6', '1', '8', '4', '2', '7']}",<built-in method values of dict object at 0x7f896ce90580>
"{'n_atak': ['11', '19', '14', '17', '12', '18', '16', '9', '10', '13', '15'], 'atak': ['0', '5', '3', '6', '1', '8', '4', '2', '7']}",<built-in method values of dict object at 0x7f896ce90580>
"{'n_atak': ['11', '19', '14', '17', '12', '18', '16', '9', '10', '13', '15'], 'atak': ['0', '5', '3', '6', '1', '8', '4', '2', '7']}",<built-in method values of dict object at 0x7f896ce90580>
"{'n_atak': ['11', '19', '14', '17', '12', '18', '16', '9', '10', '13', '15'], 'atak': ['0', '5', '3', '6', '1', '8', '4', '2', '7']}",<built-in method values of dict object at 0x7f896ce90580>
"{'n_atak': ['11', '19', '14', '17', '12', '18', '16', '9', '10', '13', '15'], 'atak': ['0', '5', '3', '6', '1', '8', '4', '2', '7']}",<built-in method values of dict object at 0x7f896ce90580>
"{'n_atak': ['11', '19', '14', '17', '12', '18', '16', '9', '10', '13', '15'], 'atak': ['0', '5', '3', '6', '1', '8', '4', '2', '7']}",<built-in method values of dict object at 0x7f896ce90580>
"{'n_atak': ['11', '19', '14', '17', '12', '18', '16', '9', '10', '13', '15'], 'atak': ['0', '5', '3', '6', '1', '8', '4', '2', '7']}",<built-in method values of dict object at 0x7f896ce90580>
"{'n_atak': ['11', '19', '14', '17', '12', '18', '16', '9', '10', '13', '15'], 'atak': ['0', '5', '3', '6', '1', '8', '4', '2', '7']}",<built-in method values of dict object at 0x7f896ce90580>
"{'n_atak': ['11', '19', '14', '17', '12', '18', '16', '9', '10', '13', '15'], 'atak': ['0', '5', '3', '6', '1', '8', '4', '2', '7']}",<built-in method values of dict object at 0x7f896ce90580>
"{'n_atak': ['11', '19', '14', '17', '12', '18', '16', '9', '10', '13', '15'], 'atak': ['0', '5', '3', '6', '1', '8', '4', '2', '7']}",<built-in method values of dict object at 0x7f896ce90580>
"{'n_atak': ['11', '19', '14', '17', '12', '18', '16', '9', '10', '13', '15'], 'atak': ['0', '5', '3', '6', '1', '8', '4', '2', '7']}",<built-in method values of dict object at 0x7f896ce90580>
"{'n_atak': ['11', '19', '14', '17', '12', '18', '16', '9', '10', '13', '15'], 'atak': ['0', '5', '3', '6', '1', '8', '4', '2', '7']}",<built-in method values of dict object at 0x7f896ce90580>
"{'n_atak': ['11', '19', '14', '17', '12', '18', '16', '9', '10', '13', '15'], 'atak': ['0', '5', '3', '6', '1', '8', '4', '2', '7']}",<built-in method values of dict object at 0x7f896ce90580>
"{'n_atak': ['11', '19', '14', '17', '12', '18', '16', '9', '10', '13', '15'], 'atak': ['0', '5', '3', '6', '1', '8', '4', '2', '7']}",<built-in method values of dict object at 0x7f896ce90580>
"{'n_atak': ['18', '16', '17', '12', '15', '10', '9', '13', '11', '14', '19'], 'atak': ['8', '5', '7', '0', '1', '6', '2', '3', '4']}",<built-in method values of dict object at 0x7f896cd02b40>
"{'n_atak': ['18', '16', '17', '12', '15', '10', '9', '13', '11', '14', '19'], 'atak': ['8', '5', '7', '0', '1', '6', '2', '3', '4']}",<built-in method values of dict object at 0x7f896cd02b40>
"{'n_atak': ['18', '16', '17', '12', '15', '10', '9', '13', '11', '14', '19'], 'atak': ['8', '5', '7', '0', '1', '6', '2', '3', '4']}",<built-in method values of dict object at 0x7f896cd02b40>
"{'n_atak': ['18', '16', '17', '12', '15', '10', '9', '13', '11', '14', '19'], 'atak': ['8', '5', '7', '0', '1', '6', '2', '3', '4']}",<built-in method values of dict object at 0x7f896cd02b40>
"{'n_atak': ['18', '16', '17', '12', '15', '10', '9', '13', '11', '14', '19'], 'atak': ['8', '5', '7', '0', '1', '6', '2', '3', '4']}",<built-in method values of dict object at 0x7f896cd02b40>
"{'n_atak': ['18', '16', '17', '12', '15', '10', '9', '13', '11', '14', '19'], 'atak': ['8', '5', '7', '0', '1', '6', '2', '3', '4']}",<built-in method values of dict object at 0x7f896cd02b40>
"{'n_atak': ['18', '16', '17', '12', '15', '10', '9', '13', '11', '14', '19'], 'atak': ['8', '5', '7', '0', '1', '6', '2', '3', '4']}",<built-in method values of dict object at 0x7f896cd02b40>
"{'n_atak': ['18', '16', '17', '12', '15', '10', '9', '13', '11', '14', '19'], 'atak': ['8', '5', '7', '0', '1', '6', '2', '3', '4']}",<built-in method values of dict object at 0x7f896cd02b40>
"{'n_atak': ['18', '16', '17', '12', '15', '10', '9', '13', '11', '14', '19'], 'atak': ['8', '5', '7', '0', '1', '6', '2', '3', '4']}",<built-in method values of dict object at 0x7f896cd02b40>
"{'n_atak': ['18', '16', '17', '12', '15', '10', '9', '13', '11', '14', '19'], 'atak': ['8', '5', '7', '0', '1', '6', '2', '3', '4']}",<built-in method values of dict object at 0x7f896cd02b40>
"{'n_atak': ['18', '16', '17', '12', '15', '10', '9', '13', '11', '14', '19'], 'atak': ['8', '5', '7', '0', '1', '6', '2', '3', '4']}",<built-in method values of dict object at 0x7f896cd02b40>
"{'n_atak': ['18', '16', '17', '12', '15', '10', '9', '13', '11', '14', '19'], 'atak': ['8', '5', '7', '0', '1', '6', '2', '3', '4']}",<built-in method values of dict object at 0x7f896cd02b40>
"{'n_atak': ['18', '16', '17', '12', '15', '10', '9', '13', '11', '14', '19'], 'atak': ['8', '5', '7', '0', '1', '6', '2', '3', '4']}",<built-in method values of dict object at 0x7f896cd02b40>
"{'n_atak': ['18', '16', '17', '12', '15', '10', '9', '13', '11', '14', '19'], 'atak': ['8', '5', '7', '0', '1', '6', '2', '3', '4']}",<built-in method values of dict object at 0x7f896cd02b40>
"{'n_atak': ['18', '16', '17', '12', '15', '10', '9', '13', '11', '14', '19'], 'atak': ['8', '5', '7', '0', '1', '6', '2', '3', '4']}",<built-in method values of dict object at 0x7f896cd02b40>
"{'n_atak': ['18', '16', '17', '12', '15', '10', '9', '13', '11', '14', '19'], 'atak': ['8', '5', '7', '0', '1', '6', '2', '3', '4']}",<built-in method values of dict object at 0x7f896cd02b40>
"{'n_atak': ['18', '16', '17', '12', '15', '10', '9', '13', '11', '14', '19'], 'atak': ['8', '5', '7', '0', '1', '6', '2', '3', '4']}",<built-in method values of dict object at 0x7f896cd02b40>
"{'n_atak': ['18', '16', '17', '12', '15', '10', '9', '13', '11', '14', '19'], 'atak': ['8', '5', '7', '0', '1', '6', '2', '3', '4']}",<built-in method values of dict object at 0x7f896cd02b40>
"{'n_atak': ['18', '16', '17', '12', '15', '10', '9', '13', '11', '14', '19'], 'atak': ['8', '5', '7', '0', '1', '6', '2', '3', '4']}",<built-in method values of dict object at 0x7f896cd02b40>
"{'n_atak': ['18', '16', '17', '12', '15', '10', '9', '13', '11', '14', '19'], 'atak': ['8', '5', '7', '0', '1', '6', '2', '3', '4']}",<built-in method values of dict object at 0x7f896cd02b40>
"{'atak': ['1', '5', '6', '4', '2', '7', '8', '3', '0'], 'n_atak': ['16', '10', '14', '19', '13', '17', '12', '9', '18', '15', '11']}",<built-in method values of dict object at 0x7f896cea6000>
"{'atak': ['1', '5', '6', '4', '2', '7', '8', '3', '0'], 'n_atak': ['16', '10', '14', '19', '13', '17', '12', '9', '18', '15', '11']}",<built-in method values of dict object at 0x7f896cea6000>
"{'atak': ['1', '5', '6', '4', '2', '7', '8', '3', '0'], 'n_atak': ['16', '10', '14', '19', '13', '17', '12', '9', '18', '15', '11']}",<built-in method values of dict object at 0x7f896cea6000>
"{'atak': ['1', '5', '6', '4', '2', '7', '8', '3', '0'], 'n_atak': ['16', '10', '14', '19', '13', '17', '12', '9', '18', '15', '11']}",<built-in method values of dict object at 0x7f896cea6000>
"{'atak': ['1', '5', '6', '4', '2', '7', '8', '3', '0'], 'n_atak': ['16', '10', '14', '19', '13', '17', '12', '9', '18', '15', '11']}",<built-in method values of dict object at 0x7f896cea6000>
"{'atak': ['1', '5', '6', '4', '2', '7', '8', '3', '0'], 'n_atak': ['16', '10', '14', '19', '13', '17', '12', '9', '18', '15', '11']}",<built-in method values of dict object at 0x7f896cea6000>
"{'atak': ['1', '5', '6', '4', '2', '7', '8', '3', '0'], 'n_atak': ['16', '10', '14', '19', '13', '17', '12', '9', '18', '15', '11']}",<built-in method values of dict object at 0x7f896cea6000>
"{'atak': ['1', '5', '6', '4', '2', '7', '8', '3', '0'], 'n_atak': ['16', '10', '14', '19', '13', '17', '12', '9', '18', '15', '11']}",<built-in method values of dict object at 0x7f896cea6000>
"{'atak': ['1', '5', '6', '4', '2', '7', '8', '3', '0'], 'n_atak': ['16', '10', '14', '19', '13', '17', '12', '9', '18', '15', '11']}",<built-in method values of dict object at 0x7f896cea6000>
"{'atak': ['1', '5', '6', '4', '2', '7', '8', '3', '0'], 'n_atak': ['16', '10', '14', '19', '13', '17', '12', '9', '18', '15', '11']}",<built-in method values of dict object at 0x7f896cea6000>
"{'atak': ['1', '5', '6', '4', '2', '7', '8', '3', '0'], 'n_atak': ['16', '10', '14', '19', '13', '17', '12', '9', '18', '15', '11']}",<built-in method values of dict object at 0x7f896cea6000>
"{'atak': ['1', '5', '6', '4', '2', '7', '8', '3', '0'], 'n_atak': ['16', '10', '14', '19', '13', '17', '12', '9', '18', '15', '11']}",<built-in method values of dict object at 0x7f896cea6000>
"{'atak': ['1', '5', '6', '4', '2', '7', '8', '3', '0'], 'n_atak': ['16', '10', '14', '19', '13', '17', '12', '9', '18', '15', '11']}",<built-in method values of dict object at 0x7f896cea6000>
"{'atak': ['1', '5', '6', '4', '2', '7', '8', '3', '0'], 'n_atak': ['16', '10', '14', '19', '13', '17', '12', '9', '18', '15', '11']}",<built-in method values of dict object at 0x7f896cea6000>
"{'atak': ['1', '5', '6', '4', '2', '7', '8', '3', '0'], 'n_atak': ['16', '10', '14', '19', '13', '17', '12', '9', '18', '15', '11']}",<built-in method values of dict object at 0x7f896cea6000>
"{'atak': ['1', '5', '6', '4', '2', '7', '8', '3', '0'], 'n_atak': ['16', '10', '14', '19', '13', '17', '12', '9', '18', '15', '11']}",<built-in method values of dict object at 0x7f896cea6000>
"{'atak': ['1', '5', '6', '4', '2', '7', '8', '3', '0'], 'n_atak': ['16', '10', '14', '19', '13', '17', '12', '9', '18', '15', '11']}",<built-in method values of dict object at 0x7f896cea6000>
"{'atak': ['1', '5', '6', '4', '2', '7', '8', '3', '0'], 'n_atak': ['16', '10', '14', '19', '13', '17', '12', '9', '18', '15', '11']}",<built-in method values of dict object at 0x7f896cea6000>
"{'atak': ['1', '5', '6', '4', '2', '7', '8', '3', '0'], 'n_atak': ['16', '10', '14', '19', '13', '17', '12', '9', '18', '15', '11']}",<built-in method values of dict object at 0x7f896cea6000>
"{'atak': ['1', '5', '6', '4', '2', '7', '8', '3', '0'], 'n_atak': ['16', '10', '14', '19', '13', '17', '12', '9', '18', '15', '11']}",<built-in method values of dict object at 0x7f896cea6000>
"{'atak': ['6', '5', '0', '1', '3', '8', '7', '4', '2'], 'n_atak': ['15', '12', '9', '19', '18', '17', '13', '16', '14', '10', '11']}",<built-in method values of dict object at 0x7f896cd1ed40>
"{'atak': ['6', '5', '0', '1', '3', '8', '7', '4', '2'], 'n_atak': ['15', '12', '9', '19', '18', '17', '13', '16', '14', '10', '11']}",<built-in method values of dict object at 0x7f896cd1ed40>
"{'atak': ['6', '5', '0', '1', '3', '8', '7', '4', '2'], 'n_atak': ['15', '12', '9', '19', '18', '17', '13', '16', '14', '10', '11']}",<built-in method values of dict object at 0x7f896cd1ed40>
"{'atak': ['6', '5', '0', '1', '3', '8', '7', '4', '2'], 'n_atak': ['15', '12', '9', '19', '18', '17', '13', '16', '14', '10', '11']}",<built-in method values of dict object at 0x7f896cd1ed40>
"{'atak': ['6', '5', '0', '1', '3', '8', '7', '4', '2'], 'n_atak': ['15', '12', '9', '19', '18', '17', '13', '16', '14', '10', '11']}",<built-in method values of dict object at 0x7f896cd1ed40>
"{'atak': ['6', '5', '0', '1', '3', '8', '7', '4', '2'], 'n_atak': ['15', '12', '9', '19', '18', '17', '13', '16', '14', '10', '11']}",<built-in method values of dict object at 0x7f896cd1ed40>
"{'atak': ['6', '5', '0', '1', '3', '8', '7', '4', '2'], 'n_atak': ['15', '12', '9', '19', '18', '17', '13', '16', '14', '10', '11']}",<built-in method values of dict object at 0x7f896cd1ed40>
"{'atak': ['6', '5', '0', '1', '3', '8', '7', '4', '2'], 'n_atak': ['15', '12', '9', '19', '18', '17', '13', '16', '14', '10', '11']}",<built-in method values of dict object at 0x7f896cd1ed40>
"{'atak': ['6', '5', '0', '1', '3', '8', '7', '4', '2'], 'n_atak': ['15', '12', '9', '19', '18', '17', '13', '16', '14', '10', '11']}",<built-in method values of dict object at 0x7f896cd1ed40>
"{'atak': ['6', '5', '0', '1', '3', '8', '7', '4', '2'], 'n_atak': ['15', '12', '9', '19', '18', '17', '13', '16', '14', '10', '11']}",<built-in method values of dict object at 0x7f896cd1ed40>
"{'atak': ['6', '5', '0', '1', '3', '8', '7', '4', '2'], 'n_atak': ['15', '12', '9', '19', '18', '17', '13', '16', '14', '10', '11']}",<built-in method values of dict object at 0x7f896cd1ed40>
"{'atak': ['6', '5', '0', '1', '3', '8', '7', '4', '2'], 'n_atak': ['15', '12', '9', '19', '18', '17', '13', '16', '14', '10', '11']}",<built-in method values of dict object at 0x7f896cd1ed40>
"{'atak': ['6', '5', '0', '1', '3', '8', '7', '4', '2'], 'n_atak': ['15', '12', '9', '19', '18', '17', '13', '16', '14', '10', '11']}",<built-in method values of dict object at 0x7f896cd1ed40>
"{'atak': ['6', '5', '0', '1', '3', '8', '7', '4', '2'], 'n_atak': ['15', '12', '9', '19', '18', '17', '13', '16', '14', '10', '11']}",<built-in method values of dict object at 0x7f896cd1ed40>
"{'atak': ['6', '5', '0', '1', '3', '8', '7', '4', '2'], 'n_atak': ['15', '12', '9', '19', '18', '17', '13', '16', '14', '10', '11']}",<built-in method values of dict object at 0x7f896cd1ed40>
"{'atak': ['6', '5', '0', '1', '3', '8', '7', '4', '2'], 'n_atak': ['15', '12', '9', '19', '18', '17', '13', '16', '14', '10', '11']}",<built-in method values of dict object at 0x7f896cd1ed40>
"{'atak': ['6', '5', '0', '1', '3', '8', '7', '4', '2'], 'n_atak': ['15', '12', '9', '19', '18', '17', '13', '16', '14', '10', '11']}",<built-in method values of dict object at 0x7f896cd1ed40>
"{'atak': ['6', '5', '0', '1', '3', '8', '7', '4', '2'], 'n_atak': ['15', '12', '9', '19', '18', '17', '13', '16', '14', '10', '11']}",<built-in method values of dict object at 0x7f896cd1ed40>
"{'atak': ['6', '5', '0', '1', '3', '8', '7', '4', '2'], 'n_atak': ['15', '12', '9', '19', '18', '17', '13', '16', '14', '10', '11']}",<built-in method values of dict object at 0x7f896cd1ed40>
"{'atak': ['6', '5', '0', '1', '3', '8', '7', '4', '2'], 'n_atak': ['15', '12', '9', '19', '18', '17', '13', '16', '14', '10', '11']}",<built-in method values of dict object at 0x7f896cd1ed40>
"{'n_atak': ['11', '15', '19', '17', '14', '10', '16', '12', '9', '13', '18'], 'atak': ['1', '5', '0', '8', '3', '4', '6', '7', '2']}",<built-in method values of dict object at 0x7f896ce6e580>
"{'n_atak': ['11', '15', '19', '17', '14', '10', '16', '12', '9', '13', '18'], 'atak': ['1', '5', '0', '8', '3', '4', '6', '7', '2']}",<built-in method values of dict object at 0x7f896ce6e580>
"{'n_atak': ['11', '15', '19', '17', '14', '10', '16', '12', '9', '13', '18'], 'atak': ['1', '5', '0', '8', '3', '4', '6', '7', '2']}",<built-in method values of dict object at 0x7f896ce6e580>
"{'n_atak': ['11', '15', '19', '17', '14', '10', '16', '12', '9', '13', '18'], 'atak': ['1', '5', '0', '8', '3', '4', '6', '7', '2']}",<built-in method values of dict object at 0x7f896ce6e580>
"{'n_atak': ['11', '15', '19', '17', '14', '10', '16', '12', '9', '13', '18'], 'atak': ['1', '5', '0', '8', '3', '4', '6', '7', '2']}",<built-in method values of dict object at 0x7f896ce6e580>
"{'n_atak': ['11', '15', '19', '17', '14', '10', '16', '12', '9', '13', '18'], 'atak': ['1', '5', '0', '8', '3', '4', '6', '7', '2']}",<built-in method values of dict object at 0x7f896ce6e580>
"{'n_atak': ['11', '15', '19', '17', '14', '10', '16', '12', '9', '13', '18'], 'atak': ['1', '5', '0', '8', '3', '4', '6', '7', '2']}",<built-in method values of dict object at 0x7f896ce6e580>
"{'n_atak': ['11', '15', '19', '17', '14', '10', '16', '12', '9', '13', '18'], 'atak': ['1', '5', '0', '8', '3', '4', '6', '7', '2']}",<built-in method values of dict object at 0x7f896ce6e580>
"{'n_atak': ['11', '15', '19', '17', '14', '10', '16', '12', '9', '13', '18'], 'atak': ['1', '5', '0', '8', '3', '4', '6', '7', '2']}",<built-in method values of dict object at 0x7f896ce6e580>
"{'n_atak': ['11', '15', '19', '17', '14', '10', '16', '12', '9', '13', '18'], 'atak': ['1', '5', '0', '8', '3', '4', '6', '7', '2']}",<built-in method values of dict object at 0x7f896ce6e580>
"{'n_atak': ['11', '15', '19', '17', '14', '10', '16', '12', '9', '13', '18'], 'atak': ['1', '5', '0', '8', '3', '4', '6', '7', '2']}",<built-in method values of dict object at 0x7f896ce6e580>
"{'n_atak': ['11', '15', '19', '17', '14', '10', '16', '12', '9', '13', '18'], 'atak': ['1', '5', '0', '8', '3', '4', '6', '7', '2']}",<built-in method values of dict object at 0x7f896ce6e580>
"{'n_atak': ['11', '15', '19', '17', '14', '10', '16', '12', '9', '13', '18'], 'atak': ['1', '5', '0', '8', '3', '4', '6', '7', '2']}",<built-in method values of dict object at 0x7f896ce6e580>
"{'n_atak': ['11', '15', '19', '17', '14', '10', '16', '12', '9', '13', '18'], 'atak': ['1', '5', '0', '8', '3', '4', '6', '7', '2']}",<built-in method values of dict object at 0x7f896ce6e580>
"{'n_atak': ['11', '15', '19', '17', '14', '10', '16', '12', '9', '13', '18'], 'atak': ['1', '5', '0', '8', '3', '4', '6', '7', '2']}",<built-in method values of dict object at 0x7f896ce6e580>
"{'n_atak': ['11', '15', '19', '17', '14', '10', '16', '12', '9', '13', '18'], 'atak': ['1', '5', '0', '8', '3', '4', '6', '7', '2']}",<built-in method values of dict object at 0x7f896ce6e580>
"{'n_atak': ['11', '15', '19', '17', '14', '10', '16', '12', '9', '13', '18'], 'atak': ['1', '5', '0', '8', '3', '4', '6', '7', '2']}",<built-in method values of dict object at 0x7f896ce6e580>
"{'n_atak': ['11', '15', '19', '17', '14', '10', '16', '12', '9', '13', '18'], 'atak': ['1', '5', '0', '8', '3', '4', '6', '7', '2']}",<built-in method values of dict object at 0x7f896ce6e580>
"{'n_atak': ['11', '15', '19', '17', '14', '10', '16', '12', '9', '13', '18'], 'atak': ['1', '5', '0', '8', '3', '4', '6', '7', '2']}",<built-in method values of dict object at 0x7f896ce6e580>
"{'n_atak': ['11', '15', '19', '17', '14', '10', '16', '12', '9', '13', '18'], 'atak': ['1', '5', '0', '8', '3', '4', '6', '7', '2']}",<built-in method values of dict object at 0x7f896ce6e580>
"{'n_atak': ['10', '12', '19', '17', '18', '14', '15', '16', '9', '13', '11'], 'atak': ['8', '2', '7', '0', '4', '1', '6', '5', '3']}",<built-in method values of dict object at 0x7f896cd28080>
"{'n_atak': ['10', '12', '19', '17', '18', '14', '15', '16', '9', '13', '11'], 'atak': ['8', '2', '7', '0', '4', '1', '6', '5', '3']}",<built-in method values of dict object at 0x7f896cd28080>
"{'n_atak': ['10', '12', '19', '17', '18', '14', '15', '16', '9', '13', '11'], 'atak': ['8', '2', '7', '0', '4', '1', '6', '5', '3']}",<built-in method values of dict object at 0x7f896cd28080>
"{'n_atak': ['10', '12', '19', '17', '18', '14', '15', '16', '9', '13', '11'], 'atak': ['8', '2', '7', '0', '4', '1', '6', '5', '3']}",<built-in method values of dict object at 0x7f896cd28080>
"{'n_atak': ['10', '12', '19', '17', '18', '14', '15', '16', '9', '13', '11'], 'atak': ['8', '2', '7', '0', '4', '1', '6', '5', '3']}",<built-in method values of dict object at 0x7f896cd28080>
"{'n_atak': ['10', '12', '19', '17', '18', '14', '15', '16', '9', '13', '11'], 'atak': ['8', '2', '7', '0', '4', '1', '6', '5', '3']}",<built-in method values of dict object at 0x7f896cd28080>
"{'n_atak': ['10', '12', '19', '17', '18', '14', '15', '16', '9', '13', '11'], 'atak': ['8', '2', '7', '0', '4', '1', '6', '5', '3']}",<built-in method values of dict object at 0x7f896cd28080>
"{'n_atak': ['10', '12', '19', '17', '18', '14', '15', '16', '9', '13', '11'], 'atak': ['8', '2', '7', '0', '4', '1', '6', '5', '3']}",<built-in method values of dict object at 0x7f896cd28080>
"{'n_atak': ['10', '12', '19', '17', '18', '14', '15', '16', '9', '13', '11'], 'atak': ['8', '2', '7', '0', '4', '1', '6', '5', '3']}",<built-in method values of dict object at 0x7f896cd28080>
"{'n_atak': ['10', '12', '19', '17', '18', '14', '15', '16', '9', '13', '11'], 'atak': ['8', '2', '7', '0', '4', '1', '6', '5', '3']}",<built-in method values of dict object at 0x7f896cd28080>
"{'n_atak': ['10', '12', '19', '17', '18', '14', '15', '16', '9', '13', '11'], 'atak': ['8', '2', '7', '0', '4', '1', '6', '5', '3']}",<built-in method values of dict object at 0x7f896cd28080>
"{'n_atak': ['10', '12', '19', '17', '18', '14', '15', '16', '9', '13', '11'], 'atak': ['8', '2', '7', '0', '4', '1', '6', '5', '3']}",<built-in method values of dict object at 0x7f896cd28080>
"{'n_atak': ['10', '12', '19', '17', '18', '14', '15', '16', '9', '13', '11'], 'atak': ['8', '2', '7', '0', '4', '1', '6', '5', '3']}",<built-in method values of dict object at 0x7f896cd28080>
"{'n_atak': ['10', '12', '19', '17', '18', '14', '15', '16', '9', '13', '11'], 'atak': ['8', '2', '7', '0', '4', '1', '6', '5', '3']}",<built-in method values of dict object at 0x7f896cd28080>
"{'n_atak': ['10', '12', '19', '17', '18', '14', '15', '16', '9', '13', '11'], 'atak': ['8', '2', '7', '0', '4', '1', '6', '5', '3']}",<built-in method values of dict object at 0x7f896cd28080>
"{'n_atak': ['10', '12', '19', '17', '18', '14', '15', '16', '9', '13', '11'], 'atak': ['8', '2', '7', '0', '4', '1', '6', '5', '3']}",<built-in method values of dict object at 0x7f896cd28080>
"{'n_atak': ['10', '12', '19', '17', '18', '14', '15', '16', '9', '13', '11'], 'atak': ['8', '2', '7', '0', '4', '1', '6', '5', '3']}",<built-in method values of dict object at 0x7f896cd28080>
"{'n_atak': ['10', '12', '19', '17', '18', '14', '15', '16', '9', '13', '11'], 'atak': ['8', '2', '7', '0', '4', '1', '6', '5', '3']}",<built-in method values of dict object at 0x7f896cd28080>
"{'n_atak': ['10', '12', '19', '17', '18', '14', '15', '16', '9', '13', '11'], 'atak': ['8', '2', '7', '0', '4', '1', '6', '5', '3']}",<built-in method values of dict object at 0x7f896cd28080>
"{'n_atak': ['10', '12', '19', '17', '18', '14', '15', '16', '9', '13', '11'], 'atak': ['8', '2', '7', '0', '4', '1', '6', '5', '3']}",<built-in method values of dict object at 0x7f896cd28080>
"{'n_atak': ['12', '10', '13', '17', '11', '18', '14', '16', '9', '19', '15'], 'atak': ['3', '7', '4', '6', '0', '5', '2', '1', '8']}",<built-in method values of dict object at 0x7f896cd42ac0>
"{'n_atak': ['12', '10', '13', '17', '11', '18', '14', '16', '9', '19', '15'], 'atak': ['3', '7', '4', '6', '0', '5', '2', '1', '8']}",<built-in method values of dict object at 0x7f896cd42ac0>
"{'n_atak': ['12', '10', '13', '17', '11', '18', '14', '16', '9', '19', '15'], 'atak': ['3', '7', '4', '6', '0', '5', '2', '1', '8']}",<built-in method values of dict object at 0x7f896cd42ac0>
"{'n_atak': ['12', '10', '13', '17', '11', '18', '14', '16', '9', '19', '15'], 'atak': ['3', '7', '4', '6', '0', '5', '2', '1', '8']}",<built-in method values of dict object at 0x7f896cd42ac0>
"{'n_atak': ['12', '10', '13', '17', '11', '18', '14', '16', '9', '19', '15'], 'atak': ['3', '7', '4', '6', '0', '5', '2', '1', '8']}",<built-in method values of dict object at 0x7f896cd42ac0>
"{'n_atak': ['12', '10', '13', '17', '11', '18', '14', '16', '9', '19', '15'], 'atak': ['3', '7', '4', '6', '0', '5', '2', '1', '8']}",<built-in method values of dict object at 0x7f896cd42ac0>
"{'n_atak': ['12', '10', '13', '17', '11', '18', '14', '16', '9', '19', '15'], 'atak': ['3', '7', '4', '6', '0', '5', '2', '1', '8']}",<built-in method values of dict object at 0x7f896cd42ac0>
"{'n_atak': ['12', '10', '13', '17', '11', '18', '14', '16', '9', '19', '15'], 'atak': ['3', '7', '4', '6', '0', '5', '2', '1', '8']}",<built-in method values of dict object at 0x7f896cd42ac0>
"{'n_atak': ['12', '10', '13', '17', '11', '18', '14', '16', '9', '19', '15'], 'atak': ['3', '7', '4', '6', '0', '5', '2', '1', '8']}",<built-in method values of dict object at 0x7f896cd42ac0>
"{'n_atak': ['12', '10', '13', '17', '11', '18', '14', '16', '9', '19', '15'], 'atak': ['3', '7', '4', '6', '0', '5', '2', '1', '8']}",<built-in method values of dict object at 0x7f896cd42ac0>
"{'n_atak': ['12', '10', '13', '17', '11', '18', '14', '16', '9', '19', '15'], 'atak': ['3', '7', '4', '6', '0', '5', '2', '1', '8']}",<built-in method values of dict object at 0x7f896cd42ac0>
"{'n_atak': ['12', '10', '13', '17', '11', '18', '14', '16', '9', '19', '15'], 'atak': ['3', '7', '4', '6', '0', '5', '2', '1', '8']}",<built-in method values of dict object at 0x7f896cd42ac0>
"{'n_atak': ['12', '10', '13', '17', '11', '18', '14', '16', '9', '19', '15'], 'atak': ['3', '7', '4', '6', '0', '5', '2', '1', '8']}",<built-in method values of dict object at 0x7f896cd42ac0>
"{'n_atak': ['12', '10', '13', '17', '11', '18', '14', '16', '9', '19', '15'], 'atak': ['3', '7', '4', '6', '0', '5', '2', '1', '8']}",<built-in method values of dict object at 0x7f896cd42ac0>
"{'n_atak': ['12', '10', '13', '17', '11', '18', '14', '16', '9', '19', '15'], 'atak': ['3', '7', '4', '6', '0', '5', '2', '1', '8']}",<built-in method values of dict object at 0x7f896cd42ac0>
"{'n_atak': ['12', '10', '13', '17', '11', '18', '14', '16', '9', '19', '15'], 'atak': ['3', '7', '4', '6', '0', '5', '2', '1', '8']}",<built-in method values of dict object at 0x7f896cd42ac0>
"{'n_atak': ['12', '10', '13', '17', '11', '18', '14', '16', '9', '19', '15'], 'atak': ['3', '7', '4', '6', '0', '5', '2', '1', '8']}",<built-in method values of dict object at 0x7f896cd42ac0>
"{'n_atak': ['12', '10', '13', '17', '11', '18', '14', '16', '9', '19', '15'], 'atak': ['3', '7', '4', '6', '0', '5', '2', '1', '8']}",<built-in method values of dict object at 0x7f896cd42ac0>
"{'n_atak': ['12', '10', '13', '17', '11', '18', '14', '16', '9', '19', '15'], 'atak': ['3', '7', '4', '6', '0', '5', '2', '1', '8']}",<built-in method values of dict object at 0x7f896cd42ac0>
"{'n_atak': ['12', '10', '13', '17', '11', '18', '14', '16', '9', '19', '15'], 'atak': ['3', '7', '4', '6', '0', '5', '2', '1', '8']}",<built-in method values of dict object at 0x7f896cd42ac0>
"{'n_atak': ['14', '10', '13', '19', '18', '12', '15', '17', '11', '9', '16'], 'atak': ['1', '0', '8', '5', '6', '3', '2', '4', '7']}",<built-in method values of dict object at 0x7f896ccf0e00>
"{'n_atak': ['14', '10', '13', '19', '18', '12', '15', '17', '11', '9', '16'], 'atak': ['1', '0', '8', '5', '6', '3', '2', '4', '7']}",<built-in method values of dict object at 0x7f896ccf0e00>
"{'n_atak': ['14', '10', '13', '19', '18', '12', '15', '17', '11', '9', '16'], 'atak': ['1', '0', '8', '5', '6', '3', '2', '4', '7']}",<built-in method values of dict object at 0x7f896ccf0e00>
"{'n_atak': ['14', '10', '13', '19', '18', '12', '15', '17', '11', '9', '16'], 'atak': ['1', '0', '8', '5', '6', '3', '2', '4', '7']}",<built-in method values of dict object at 0x7f896ccf0e00>
"{'n_atak': ['14', '10', '13', '19', '18', '12', '15', '17', '11', '9', '16'], 'atak': ['1', '0', '8', '5', '6', '3', '2', '4', '7']}",<built-in method values of dict object at 0x7f896ccf0e00>
"{'n_atak': ['14', '10', '13', '19', '18', '12', '15', '17', '11', '9', '16'], 'atak': ['1', '0', '8', '5', '6', '3', '2', '4', '7']}",<built-in method values of dict object at 0x7f896ccf0e00>
"{'n_atak': ['14', '10', '13', '19', '18', '12', '15', '17', '11', '9', '16'], 'atak': ['1', '0', '8', '5', '6', '3', '2', '4', '7']}",<built-in method values of dict object at 0x7f896ccf0e00>
"{'n_atak': ['14', '10', '13', '19', '18', '12', '15', '17', '11', '9', '16'], 'atak': ['1', '0', '8', '5', '6', '3', '2', '4', '7']}",<built-in method values of dict object at 0x7f896ccf0e00>
"{'n_atak': ['14', '10', '13', '19', '18', '12', '15', '17', '11', '9', '16'], 'atak': ['1', '0', '8', '5', '6', '3', '2', '4', '7']}",<built-in method values of dict object at 0x7f896ccf0e00>
"{'n_atak': ['14', '10', '13', '19', '18', '12', '15', '17', '11', '9', '16'], 'atak': ['1', '0', '8', '5', '6', '3', '2', '4', '7']}",<built-in method values of dict object at 0x7f896ccf0e00>
"{'n_atak': ['14', '10', '13', '19', '18', '12', '15', '17', '11', '9', '16'], 'atak': ['1', '0', '8', '5', '6', '3', '2', '4', '7']}",<built-in method values of dict object at 0x7f896ccf0e00>
"{'n_atak': ['14', '10', '13', '19', '18', '12', '15', '17', '11', '9', '16'], 'atak': ['1', '0', '8', '5', '6', '3', '2', '4', '7']}",<built-in method values of dict object at 0x7f896ccf0e00>
"{'n_atak': ['14', '10', '13', '19', '18', '12', '15', '17', '11', '9', '16'], 'atak': ['1', '0', '8', '5', '6', '3', '2', '4', '7']}",<built-in method values of dict object at 0x7f896ccf0e00>
"{'n_atak': ['14', '10', '13', '19', '18', '12', '15', '17', '11', '9', '16'], 'atak': ['1', '0', '8', '5', '6', '3', '2', '4', '7']}",<built-in method values of dict object at 0x7f896ccf0e00>
"{'n_atak': ['14', '10', '13', '19', '18', '12', '15', '17', '11', '9', '16'], 'atak': ['1', '0', '8', '5', '6', '3', '2', '4', '7']}",<built-in method values of dict object at 0x7f896ccf0e00>
"{'n_atak': ['14', '10', '13', '19', '18', '12', '15', '17', '11', '9', '16'], 'atak': ['1', '0', '8', '5', '6', '3', '2', '4', '7']}",<built-in method values of dict object at 0x7f896ccf0e00>
"{'n_atak': ['14', '10', '13', '19', '18', '12', '15', '17', '11', '9', '16'], 'atak': ['1', '0', '8', '5', '6', '3', '2', '4', '7']}",<built-in method values of dict object at 0x7f896ccf0e00>
"{'n_atak': ['14', '10', '13', '19', '18', '12', '15', '17', '11', '9', '16'], 'atak': ['1', '0', '8', '5', '6', '3', '2', '4', '7']}",<built-in method values of dict object at 0x7f896ccf0e00>
"{'n_atak': ['14', '10', '13', '19', '18', '12', '15', '17', '11', '9', '16'], 'atak': ['1', '0', '8', '5', '6', '3', '2', '4', '7']}",<built-in method values of dict object at 0x7f896ccf0e00>
"{'n_atak': ['14', '10', '13', '19', '18', '12', '15', '17', '11', '9', '16'], 'atak': ['1', '0', '8', '5', '6', '3', '2', '4', '7']}",<built-in method values of dict object at 0x7f896ccf0e00>
"{'atak': ['0', '4', '5', '8', '1', '7', '6', '2', '3'], 'n_atak': ['18', '15', '14', '19', '10', '16', '11', '9', '17', '13', '12']}",<built-in method values of dict object at 0x7f896ce48c80>
"{'atak': ['0', '4', '5', '8', '1', '7', '6', '2', '3'], 'n_atak': ['18', '15', '14', '19', '10', '16', '11', '9', '17', '13', '12']}",<built-in method values of dict object at 0x7f896ce48c80>
"{'atak': ['0', '4', '5', '8', '1', '7', '6', '2', '3'], 'n_atak': ['18', '15', '14', '19', '10', '16', '11', '9', '17', '13', '12']}",<built-in method values of dict object at 0x7f896ce48c80>
"{'atak': ['0', '4', '5', '8', '1', '7', '6', '2', '3'], 'n_atak': ['18', '15', '14', '19', '10', '16', '11', '9', '17', '13', '12']}",<built-in method values of dict object at 0x7f896ce48c80>
"{'atak': ['0', '4', '5', '8', '1', '7', '6', '2', '3'], 'n_atak': ['18', '15', '14', '19', '10', '16', '11', '9', '17', '13', '12']}",<built-in method values of dict object at 0x7f896ce48c80>
"{'atak': ['0', '4', '5', '8', '1', '7', '6', '2', '3'], 'n_atak': ['18', '15', '14', '19', '10', '16', '11', '9', '17', '13', '12']}",<built-in method values of dict object at 0x7f896ce48c80>
"{'atak': ['0', '4', '5', '8', '1', '7', '6', '2', '3'], 'n_atak': ['18', '15', '14', '19', '10', '16', '11', '9', '17', '13', '12']}",<built-in method values of dict object at 0x7f896ce48c80>
"{'atak': ['0', '4', '5', '8', '1', '7', '6', '2', '3'], 'n_atak': ['18', '15', '14', '19', '10', '16', '11', '9', '17', '13', '12']}",<built-in method values of dict object at 0x7f896ce48c80>
"{'atak': ['0', '4', '5', '8', '1', '7', '6', '2', '3'], 'n_atak': ['18', '15', '14', '19', '10', '16', '11', '9', '17', '13', '12']}",<built-in method values of dict object at 0x7f896ce48c80>
"{'atak': ['0', '4', '5', '8', '1', '7', '6', '2', '3'], 'n_atak': ['18', '15', '14', '19', '10', '16', '11', '9', '17', '13', '12']}",<built-in method values of dict object at 0x7f896ce48c80>
"{'atak': ['0', '4', '5', '8', '1', '7', '6', '2', '3'], 'n_atak': ['18', '15', '14', '19', '10', '16', '11', '9', '17', '13', '12']}",<built-in method values of dict object at 0x7f896ce48c80>
"{'atak': ['0', '4', '5', '8', '1', '7', '6', '2', '3'], 'n_atak': ['18', '15', '14', '19', '10', '16', '11', '9', '17', '13', '12']}",<built-in method values of dict object at 0x7f896ce48c80>
"{'atak': ['0', '4', '5', '8', '1', '7', '6', '2', '3'], 'n_atak': ['18', '15', '14', '19', '10', '16', '11', '9', '17', '13', '12']}",<built-in method values of dict object at 0x7f896ce48c80>
"{'atak': ['0', '4', '5', '8', '1', '7', '6', '2', '3'], 'n_atak': ['18', '15', '14', '19', '10', '16', '11', '9', '17', '13', '12']}",<built-in method values of dict object at 0x7f896ce48c80>
"{'atak': ['0', '4', '5', '8', '1', '7', '6', '2', '3'], 'n_atak': ['18', '15', '14', '19', '10', '16', '11', '9', '17', '13', '12']}",<built-in method values of dict object at 0x7f896ce48c80>
"{'atak': ['0', '4', '5', '8', '1', '7', '6', '2', '3'], 'n_atak': ['18', '15', '14', '19', '10', '16', '11', '9', '17', '13', '12']}",<built-in method values of dict object at 0x7f896ce48c80>
"{'atak': ['0', '4', '5', '8', '1', '7', '6', '2', '3'], 'n_atak': ['18', '15', '14', '19', '10', '16', '11', '9', '17', '13', '12']}",<built-in method values of dict object at 0x7f896ce48c80>
"{'atak': ['0', '4', '5', '8', '1', '7', '6', '2', '3'], 'n_atak': ['18', '15', '14', '19', '10', '16', '11', '9', '17', '13', '12']}",<built-in method values of dict object at 0x7f896ce48c80>
"{'atak': ['0', '4', '5', '8', '1', '7', '6', '2', '3'], 'n_atak': ['18', '15', '14', '19', '10', '16', '11', '9', '17', '13', '12']}",<built-in method values of dict object at 0x7f896ce48c80>
"{'atak': ['0', '4', '5', '8', '1', '7', '6', '2', '3'], 'n_atak': ['18', '15', '14', '19', '10', '16', '11', '9', '17', '13', '12']}",<built-in method values of dict object at 0x7f896ce48c80>
"{'atak': ['7', '0', '6', '8', '3', '2', '4', '1', '5'], 'n_atak': ['9', '14', '10', '12', '11', '19', '13', '18', '17', '15', '16']}",<built-in method values of dict object at 0x7f896ce6df00>
"{'atak': ['7', '0', '6', '8', '3', '2', '4', '1', '5'], 'n_atak': ['9', '14', '10', '12', '11', '19', '13', '18', '17', '15', '16']}",<built-in method values of dict object at 0x7f896ce6df00>
"{'atak': ['7', '0', '6', '8', '3', '2', '4', '1', '5'], 'n_atak': ['9', '14', '10', '12', '11', '19', '13', '18', '17', '15', '16']}",<built-in method values of dict object at 0x7f896ce6df00>
"{'atak': ['7', '0', '6', '8', '3', '2', '4', '1', '5'], 'n_atak': ['9', '14', '10', '12', '11', '19', '13', '18', '17', '15', '16']}",<built-in method values of dict object at 0x7f896ce6df00>
"{'atak': ['7', '0', '6', '8', '3', '2', '4', '1', '5'], 'n_atak': ['9', '14', '10', '12', '11', '19', '13', '18', '17', '15', '16']}",<built-in method values of dict object at 0x7f896ce6df00>
"{'atak': ['7', '0', '6', '8', '3', '2', '4', '1', '5'], 'n_atak': ['9', '14', '10', '12', '11', '19', '13', '18', '17', '15', '16']}",<built-in method values of dict object at 0x7f896ce6df00>
"{'atak': ['7', '0', '6', '8', '3', '2', '4', '1', '5'], 'n_atak': ['9', '14', '10', '12', '11', '19', '13', '18', '17', '15', '16']}",<built-in method values of dict object at 0x7f896ce6df00>
"{'atak': ['7', '0', '6', '8', '3', '2', '4', '1', '5'], 'n_atak': ['9', '14', '10', '12', '11', '19', '13', '18', '17', '15', '16']}",<built-in method values of dict object at 0x7f896ce6df00>
"{'atak': ['7', '0', '6', '8', '3', '2', '4', '1', '5'], 'n_atak': ['9', '14', '10', '12', '11', '19', '13', '18', '17', '15', '16']}",<built-in method values of dict object at 0x7f896ce6df00>
"{'atak': ['7', '0', '6', '8', '3', '2', '4', '1', '5'], 'n_atak': ['9', '14', '10', '12', '11', '19', '13', '18', '17', '15', '16']}",<built-in method values of dict object at 0x7f896ce6df00>
"{'atak': ['7', '0', '6', '8', '3', '2', '4', '1', '5'], 'n_atak': ['9', '14', '10', '12', '11', '19', '13', '18', '17', '15', '16']}",<built-in method values of dict object at 0x7f896ce6df00>
"{'atak': ['7', '0', '6', '8', '3', '2', '4', '1', '5'], 'n_atak': ['9', '14', '10', '12', '11', '19', '13', '18', '17', '15', '16']}",<built-in method values of dict object at 0x7f896ce6df00>
"{'atak': ['7', '0', '6', '8', '3', '2', '4', '1', '5'], 'n_atak': ['9', '14', '10', '12', '11', '19', '13', '18', '17', '15', '16']}",<built-in method values of dict object at 0x7f896ce6df00>
"{'atak': ['7', '0', '6', '8', '3', '2', '4', '1', '5'], 'n_atak': ['9', '14', '10', '12', '11', '19', '13', '18', '17', '15', '16']}",<built-in method values of dict object at 0x7f896ce6df00>
"{'atak': ['7', '0', '6', '8', '3', '2', '4', '1', '5'], 'n_atak': ['9', '14', '10', '12', '11', '19', '13', '18', '17', '15', '16']}",<built-in method values of dict object at 0x7f896ce6df00>
"{'atak': ['7', '0', '6', '8', '3', '2', '4', '1', '5'], 'n_atak': ['9', '14', '10', '12', '11', '19', '13', '18', '17', '15', '16']}",<built-in method values of dict object at 0x7f896ce6df00>
"{'atak': ['7', '0', '6', '8', '3', '2', '4', '1', '5'], 'n_atak': ['9', '14', '10', '12', '11', '19', '13', '18', '17', '15', '16']}",<built-in method values of dict object at 0x7f896ce6df00>
"{'atak': ['7', '0', '6', '8', '3', '2', '4', '1', '5'], 'n_atak': ['9', '14', '10', '12', '11', '19', '13', '18', '17', '15', '16']}",<built-in method values of dict object at 0x7f896ce6df00>
"{'atak': ['7', '0', '6', '8', '3', '2', '4', '1', '5'], 'n_atak': ['9', '14', '10', '12', '11', '19', '13', '18', '17', '15', '16']}",<built-in method values of dict object at 0x7f896ce6df00>
"{'atak': ['7', '0', '6', '8', '3', '2', '4', '1', '5'], 'n_atak': ['9', '14', '10', '12', '11', '19', '13', '18', '17', '15', '16']}",<built-in method values of dict object at 0x7f896ce6df00>
