{},<built-in method values of dict object at 0x7f858e43fc80>
{},<built-in method values of dict object at 0x7f858e43fc80>
{},<built-in method values of dict object at 0x7f858e43fc80>
{},<built-in method values of dict object at 0x7f858e43fc80>
{},<built-in method values of dict object at 0x7f858e43fc80>
{},<built-in method values of dict object at 0x7f858e43fc80>
{},<built-in method values of dict object at 0x7f858e43fc80>
{},<built-in method values of dict object at 0x7f858e43fc80>
{},<built-in method values of dict object at 0x7f858e43fc80>
{},<built-in method values of dict object at 0x7f858e43fc80>
{},<built-in method values of dict object at 0x7f858e43fc80>
{},<built-in method values of dict object at 0x7f858e43fc80>
{},<built-in method values of dict object at 0x7f858e43fc80>
{},<built-in method values of dict object at 0x7f858e43fc80>
{},<built-in method values of dict object at 0x7f858e43fc80>
{},<built-in method values of dict object at 0x7f858e43fc80>
{},<built-in method values of dict object at 0x7f858e43fc80>
{},<built-in method values of dict object at 0x7f858e43fc80>
{},<built-in method values of dict object at 0x7f858e43fc80>
{},<built-in method values of dict object at 0x7f858e43fc80>
"{'atak': ['6', '19', '9', '14', '0', '15', '17', '8', '10', '16', '7', '1', '18', '4', '2', '13', '12', '3', '11', '5']}",<built-in method values of dict object at 0x7f858e487040>
"{'atak': ['6', '19', '9', '14', '0', '15', '17', '8', '10', '16', '7', '1', '18', '4', '2', '13', '12', '3', '11', '5']}",<built-in method values of dict object at 0x7f858e487040>
"{'atak': ['6', '19', '9', '14', '0', '15', '17', '8', '10', '16', '7', '1', '18', '4', '2', '13', '12', '3', '11', '5']}",<built-in method values of dict object at 0x7f858e487040>
"{'atak': ['6', '19', '9', '14', '0', '15', '17', '8', '10', '16', '7', '1', '18', '4', '2', '13', '12', '3', '11', '5']}",<built-in method values of dict object at 0x7f858e487040>
"{'atak': ['6', '19', '9', '14', '0', '15', '17', '8', '10', '16', '7', '1', '18', '4', '2', '13', '12', '3', '11', '5']}",<built-in method values of dict object at 0x7f858e487040>
"{'atak': ['6', '19', '9', '14', '0', '15', '17', '8', '10', '16', '7', '1', '18', '4', '2', '13', '12', '3', '11', '5']}",<built-in method values of dict object at 0x7f858e487040>
"{'atak': ['6', '19', '9', '14', '0', '15', '17', '8', '10', '16', '7', '1', '18', '4', '2', '13', '12', '3', '11', '5']}",<built-in method values of dict object at 0x7f858e487040>
"{'atak': ['6', '19', '9', '14', '0', '15', '17', '8', '10', '16', '7', '1', '18', '4', '2', '13', '12', '3', '11', '5']}",<built-in method values of dict object at 0x7f858e487040>
"{'atak': ['6', '19', '9', '14', '0', '15', '17', '8', '10', '16', '7', '1', '18', '4', '2', '13', '12', '3', '11', '5']}",<built-in method values of dict object at 0x7f858e487040>
"{'atak': ['6', '19', '9', '14', '0', '15', '17', '8', '10', '16', '7', '1', '18', '4', '2', '13', '12', '3', '11', '5']}",<built-in method values of dict object at 0x7f858e487040>
"{'atak': ['6', '19', '9', '14', '0', '15', '17', '8', '10', '16', '7', '1', '18', '4', '2', '13', '12', '3', '11', '5']}",<built-in method values of dict object at 0x7f858e487040>
"{'atak': ['6', '19', '9', '14', '0', '15', '17', '8', '10', '16', '7', '1', '18', '4', '2', '13', '12', '3', '11', '5']}",<built-in method values of dict object at 0x7f858e487040>
"{'atak': ['6', '19', '9', '14', '0', '15', '17', '8', '10', '16', '7', '1', '18', '4', '2', '13', '12', '3', '11', '5']}",<built-in method values of dict object at 0x7f858e487040>
"{'atak': ['6', '19', '9', '14', '0', '15', '17', '8', '10', '16', '7', '1', '18', '4', '2', '13', '12', '3', '11', '5']}",<built-in method values of dict object at 0x7f858e487040>
"{'atak': ['6', '19', '9', '14', '0', '15', '17', '8', '10', '16', '7', '1', '18', '4', '2', '13', '12', '3', '11', '5']}",<built-in method values of dict object at 0x7f858e487040>
"{'atak': ['6', '19', '9', '14', '0', '15', '17', '8', '10', '16', '7', '1', '18', '4', '2', '13', '12', '3', '11', '5']}",<built-in method values of dict object at 0x7f858e487040>
"{'atak': ['6', '19', '9', '14', '0', '15', '17', '8', '10', '16', '7', '1', '18', '4', '2', '13', '12', '3', '11', '5']}",<built-in method values of dict object at 0x7f858e487040>
"{'atak': ['6', '19', '9', '14', '0', '15', '17', '8', '10', '16', '7', '1', '18', '4', '2', '13', '12', '3', '11', '5']}",<built-in method values of dict object at 0x7f858e487040>
"{'atak': ['6', '19', '9', '14', '0', '15', '17', '8', '10', '16', '7', '1', '18', '4', '2', '13', '12', '3', '11', '5']}",<built-in method values of dict object at 0x7f858e487040>
"{'atak': ['6', '19', '9', '14', '0', '15', '17', '8', '10', '16', '7', '1', '18', '4', '2', '13', '12', '3', '11', '5']}",<built-in method values of dict object at 0x7f858e487040>
"{'atak': ['12', '1', '17', '18', '8', '4', '10', '16', '14', '11', '6', '3', '9', '2', '19', '7', '15', '5', '13', '0']}",<built-in method values of dict object at 0x7f858e485940>
"{'atak': ['12', '1', '17', '18', '8', '4', '10', '16', '14', '11', '6', '3', '9', '2', '19', '7', '15', '5', '13', '0']}",<built-in method values of dict object at 0x7f858e485940>
"{'atak': ['12', '1', '17', '18', '8', '4', '10', '16', '14', '11', '6', '3', '9', '2', '19', '7', '15', '5', '13', '0']}",<built-in method values of dict object at 0x7f858e485940>
"{'atak': ['12', '1', '17', '18', '8', '4', '10', '16', '14', '11', '6', '3', '9', '2', '19', '7', '15', '5', '13', '0']}",<built-in method values of dict object at 0x7f858e485940>
"{'atak': ['12', '1', '17', '18', '8', '4', '10', '16', '14', '11', '6', '3', '9', '2', '19', '7', '15', '5', '13', '0']}",<built-in method values of dict object at 0x7f858e485940>
"{'atak': ['12', '1', '17', '18', '8', '4', '10', '16', '14', '11', '6', '3', '9', '2', '19', '7', '15', '5', '13', '0']}",<built-in method values of dict object at 0x7f858e485940>
"{'atak': ['12', '1', '17', '18', '8', '4', '10', '16', '14', '11', '6', '3', '9', '2', '19', '7', '15', '5', '13', '0']}",<built-in method values of dict object at 0x7f858e485940>
"{'atak': ['12', '1', '17', '18', '8', '4', '10', '16', '14', '11', '6', '3', '9', '2', '19', '7', '15', '5', '13', '0']}",<built-in method values of dict object at 0x7f858e485940>
"{'atak': ['12', '1', '17', '18', '8', '4', '10', '16', '14', '11', '6', '3', '9', '2', '19', '7', '15', '5', '13', '0']}",<built-in method values of dict object at 0x7f858e485940>
"{'atak': ['12', '1', '17', '18', '8', '4', '10', '16', '14', '11', '6', '3', '9', '2', '19', '7', '15', '5', '13', '0']}",<built-in method values of dict object at 0x7f858e485940>
"{'atak': ['12', '1', '17', '18', '8', '4', '10', '16', '14', '11', '6', '3', '9', '2', '19', '7', '15', '5', '13', '0']}",<built-in method values of dict object at 0x7f858e485940>
"{'atak': ['12', '1', '17', '18', '8', '4', '10', '16', '14', '11', '6', '3', '9', '2', '19', '7', '15', '5', '13', '0']}",<built-in method values of dict object at 0x7f858e485940>
"{'atak': ['12', '1', '17', '18', '8', '4', '10', '16', '14', '11', '6', '3', '9', '2', '19', '7', '15', '5', '13', '0']}",<built-in method values of dict object at 0x7f858e485940>
"{'atak': ['12', '1', '17', '18', '8', '4', '10', '16', '14', '11', '6', '3', '9', '2', '19', '7', '15', '5', '13', '0']}",<built-in method values of dict object at 0x7f858e485940>
"{'atak': ['12', '1', '17', '18', '8', '4', '10', '16', '14', '11', '6', '3', '9', '2', '19', '7', '15', '5', '13', '0']}",<built-in method values of dict object at 0x7f858e485940>
"{'atak': ['12', '1', '17', '18', '8', '4', '10', '16', '14', '11', '6', '3', '9', '2', '19', '7', '15', '5', '13', '0']}",<built-in method values of dict object at 0x7f858e485940>
"{'atak': ['12', '1', '17', '18', '8', '4', '10', '16', '14', '11', '6', '3', '9', '2', '19', '7', '15', '5', '13', '0']}",<built-in method values of dict object at 0x7f858e485940>
"{'atak': ['12', '1', '17', '18', '8', '4', '10', '16', '14', '11', '6', '3', '9', '2', '19', '7', '15', '5', '13', '0']}",<built-in method values of dict object at 0x7f858e485940>
"{'atak': ['12', '1', '17', '18', '8', '4', '10', '16', '14', '11', '6', '3', '9', '2', '19', '7', '15', '5', '13', '0']}",<built-in method values of dict object at 0x7f858e485940>
"{'atak': ['12', '1', '17', '18', '8', '4', '10', '16', '14', '11', '6', '3', '9', '2', '19', '7', '15', '5', '13', '0']}",<built-in method values of dict object at 0x7f858e485940>
"{'atak': ['7', '12', '0', '15', '16', '4', '19', '1', '9', '3', '17', '13', '8', '6', '5', '10', '18', '2', '11', '14']}",<built-in method values of dict object at 0x7f858e4bdc80>
"{'atak': ['7', '12', '0', '15', '16', '4', '19', '1', '9', '3', '17', '13', '8', '6', '5', '10', '18', '2', '11', '14']}",<built-in method values of dict object at 0x7f858e4bdc80>
"{'atak': ['7', '12', '0', '15', '16', '4', '19', '1', '9', '3', '17', '13', '8', '6', '5', '10', '18', '2', '11', '14']}",<built-in method values of dict object at 0x7f858e4bdc80>
"{'atak': ['7', '12', '0', '15', '16', '4', '19', '1', '9', '3', '17', '13', '8', '6', '5', '10', '18', '2', '11', '14']}",<built-in method values of dict object at 0x7f858e4bdc80>
"{'atak': ['7', '12', '0', '15', '16', '4', '19', '1', '9', '3', '17', '13', '8', '6', '5', '10', '18', '2', '11', '14']}",<built-in method values of dict object at 0x7f858e4bdc80>
"{'atak': ['7', '12', '0', '15', '16', '4', '19', '1', '9', '3', '17', '13', '8', '6', '5', '10', '18', '2', '11', '14']}",<built-in method values of dict object at 0x7f858e4bdc80>
"{'atak': ['7', '12', '0', '15', '16', '4', '19', '1', '9', '3', '17', '13', '8', '6', '5', '10', '18', '2', '11', '14']}",<built-in method values of dict object at 0x7f858e4bdc80>
"{'atak': ['7', '12', '0', '15', '16', '4', '19', '1', '9', '3', '17', '13', '8', '6', '5', '10', '18', '2', '11', '14']}",<built-in method values of dict object at 0x7f858e4bdc80>
"{'atak': ['7', '12', '0', '15', '16', '4', '19', '1', '9', '3', '17', '13', '8', '6', '5', '10', '18', '2', '11', '14']}",<built-in method values of dict object at 0x7f858e4bdc80>
"{'atak': ['7', '12', '0', '15', '16', '4', '19', '1', '9', '3', '17', '13', '8', '6', '5', '10', '18', '2', '11', '14']}",<built-in method values of dict object at 0x7f858e4bdc80>
"{'atak': ['7', '12', '0', '15', '16', '4', '19', '1', '9', '3', '17', '13', '8', '6', '5', '10', '18', '2', '11', '14']}",<built-in method values of dict object at 0x7f858e4bdc80>
"{'atak': ['7', '12', '0', '15', '16', '4', '19', '1', '9', '3', '17', '13', '8', '6', '5', '10', '18', '2', '11', '14']}",<built-in method values of dict object at 0x7f858e4bdc80>
"{'atak': ['7', '12', '0', '15', '16', '4', '19', '1', '9', '3', '17', '13', '8', '6', '5', '10', '18', '2', '11', '14']}",<built-in method values of dict object at 0x7f858e4bdc80>
"{'atak': ['7', '12', '0', '15', '16', '4', '19', '1', '9', '3', '17', '13', '8', '6', '5', '10', '18', '2', '11', '14']}",<built-in method values of dict object at 0x7f858e4bdc80>
"{'atak': ['7', '12', '0', '15', '16', '4', '19', '1', '9', '3', '17', '13', '8', '6', '5', '10', '18', '2', '11', '14']}",<built-in method values of dict object at 0x7f858e4bdc80>
"{'atak': ['7', '12', '0', '15', '16', '4', '19', '1', '9', '3', '17', '13', '8', '6', '5', '10', '18', '2', '11', '14']}",<built-in method values of dict object at 0x7f858e4bdc80>
"{'atak': ['7', '12', '0', '15', '16', '4', '19', '1', '9', '3', '17', '13', '8', '6', '5', '10', '18', '2', '11', '14']}",<built-in method values of dict object at 0x7f858e4bdc80>
"{'atak': ['7', '12', '0', '15', '16', '4', '19', '1', '9', '3', '17', '13', '8', '6', '5', '10', '18', '2', '11', '14']}",<built-in method values of dict object at 0x7f858e4bdc80>
"{'atak': ['7', '12', '0', '15', '16', '4', '19', '1', '9', '3', '17', '13', '8', '6', '5', '10', '18', '2', '11', '14']}",<built-in method values of dict object at 0x7f858e4bdc80>
"{'atak': ['7', '12', '0', '15', '16', '4', '19', '1', '9', '3', '17', '13', '8', '6', '5', '10', '18', '2', '11', '14']}",<built-in method values of dict object at 0x7f858e4bdc80>
"{'atak': ['7', '16', '13', '10', '19', '2', '18', '3', '1', '8', '15', '5', '0', '4', '14', '11', '17', '9', '12', '6']}",<built-in method values of dict object at 0x7f858e4a0bc0>
"{'atak': ['7', '16', '13', '10', '19', '2', '18', '3', '1', '8', '15', '5', '0', '4', '14', '11', '17', '9', '12', '6']}",<built-in method values of dict object at 0x7f858e4a0bc0>
"{'atak': ['7', '16', '13', '10', '19', '2', '18', '3', '1', '8', '15', '5', '0', '4', '14', '11', '17', '9', '12', '6']}",<built-in method values of dict object at 0x7f858e4a0bc0>
"{'atak': ['7', '16', '13', '10', '19', '2', '18', '3', '1', '8', '15', '5', '0', '4', '14', '11', '17', '9', '12', '6']}",<built-in method values of dict object at 0x7f858e4a0bc0>
"{'atak': ['7', '16', '13', '10', '19', '2', '18', '3', '1', '8', '15', '5', '0', '4', '14', '11', '17', '9', '12', '6']}",<built-in method values of dict object at 0x7f858e4a0bc0>
"{'atak': ['7', '16', '13', '10', '19', '2', '18', '3', '1', '8', '15', '5', '0', '4', '14', '11', '17', '9', '12', '6']}",<built-in method values of dict object at 0x7f858e4a0bc0>
"{'atak': ['7', '16', '13', '10', '19', '2', '18', '3', '1', '8', '15', '5', '0', '4', '14', '11', '17', '9', '12', '6']}",<built-in method values of dict object at 0x7f858e4a0bc0>
"{'atak': ['7', '16', '13', '10', '19', '2', '18', '3', '1', '8', '15', '5', '0', '4', '14', '11', '17', '9', '12', '6']}",<built-in method values of dict object at 0x7f858e4a0bc0>
"{'atak': ['7', '16', '13', '10', '19', '2', '18', '3', '1', '8', '15', '5', '0', '4', '14', '11', '17', '9', '12', '6']}",<built-in method values of dict object at 0x7f858e4a0bc0>
"{'atak': ['7', '16', '13', '10', '19', '2', '18', '3', '1', '8', '15', '5', '0', '4', '14', '11', '17', '9', '12', '6']}",<built-in method values of dict object at 0x7f858e4a0bc0>
"{'atak': ['7', '16', '13', '10', '19', '2', '18', '3', '1', '8', '15', '5', '0', '4', '14', '11', '17', '9', '12', '6']}",<built-in method values of dict object at 0x7f858e4a0bc0>
"{'atak': ['7', '16', '13', '10', '19', '2', '18', '3', '1', '8', '15', '5', '0', '4', '14', '11', '17', '9', '12', '6']}",<built-in method values of dict object at 0x7f858e4a0bc0>
"{'atak': ['7', '16', '13', '10', '19', '2', '18', '3', '1', '8', '15', '5', '0', '4', '14', '11', '17', '9', '12', '6']}",<built-in method values of dict object at 0x7f858e4a0bc0>
"{'atak': ['7', '16', '13', '10', '19', '2', '18', '3', '1', '8', '15', '5', '0', '4', '14', '11', '17', '9', '12', '6']}",<built-in method values of dict object at 0x7f858e4a0bc0>
"{'atak': ['7', '16', '13', '10', '19', '2', '18', '3', '1', '8', '15', '5', '0', '4', '14', '11', '17', '9', '12', '6']}",<built-in method values of dict object at 0x7f858e4a0bc0>
"{'atak': ['7', '16', '13', '10', '19', '2', '18', '3', '1', '8', '15', '5', '0', '4', '14', '11', '17', '9', '12', '6']}",<built-in method values of dict object at 0x7f858e4a0bc0>
"{'atak': ['7', '16', '13', '10', '19', '2', '18', '3', '1', '8', '15', '5', '0', '4', '14', '11', '17', '9', '12', '6']}",<built-in method values of dict object at 0x7f858e4a0bc0>
"{'atak': ['7', '16', '13', '10', '19', '2', '18', '3', '1', '8', '15', '5', '0', '4', '14', '11', '17', '9', '12', '6']}",<built-in method values of dict object at 0x7f858e4a0bc0>
"{'atak': ['7', '16', '13', '10', '19', '2', '18', '3', '1', '8', '15', '5', '0', '4', '14', '11', '17', '9', '12', '6']}",<built-in method values of dict object at 0x7f858e4a0bc0>
"{'atak': ['7', '16', '13', '10', '19', '2', '18', '3', '1', '8', '15', '5', '0', '4', '14', '11', '17', '9', '12', '6']}",<built-in method values of dict object at 0x7f858e4a0bc0>
"{'atak': ['18', '12', '10', '16', '6', '17', '1', '19', '0', '5', '9', '2', '7', '8', '13', '14', '3', '11', '15', '4']}",<built-in method values of dict object at 0x7f858e4a1640>
"{'atak': ['18', '12', '10', '16', '6', '17', '1', '19', '0', '5', '9', '2', '7', '8', '13', '14', '3', '11', '15', '4']}",<built-in method values of dict object at 0x7f858e4a1640>
"{'atak': ['18', '12', '10', '16', '6', '17', '1', '19', '0', '5', '9', '2', '7', '8', '13', '14', '3', '11', '15', '4']}",<built-in method values of dict object at 0x7f858e4a1640>
"{'atak': ['18', '12', '10', '16', '6', '17', '1', '19', '0', '5', '9', '2', '7', '8', '13', '14', '3', '11', '15', '4']}",<built-in method values of dict object at 0x7f858e4a1640>
"{'atak': ['18', '12', '10', '16', '6', '17', '1', '19', '0', '5', '9', '2', '7', '8', '13', '14', '3', '11', '15', '4']}",<built-in method values of dict object at 0x7f858e4a1640>
"{'atak': ['18', '12', '10', '16', '6', '17', '1', '19', '0', '5', '9', '2', '7', '8', '13', '14', '3', '11', '15', '4']}",<built-in method values of dict object at 0x7f858e4a1640>
"{'atak': ['18', '12', '10', '16', '6', '17', '1', '19', '0', '5', '9', '2', '7', '8', '13', '14', '3', '11', '15', '4']}",<built-in method values of dict object at 0x7f858e4a1640>
"{'atak': ['18', '12', '10', '16', '6', '17', '1', '19', '0', '5', '9', '2', '7', '8', '13', '14', '3', '11', '15', '4']}",<built-in method values of dict object at 0x7f858e4a1640>
"{'atak': ['18', '12', '10', '16', '6', '17', '1', '19', '0', '5', '9', '2', '7', '8', '13', '14', '3', '11', '15', '4']}",<built-in method values of dict object at 0x7f858e4a1640>
"{'atak': ['18', '12', '10', '16', '6', '17', '1', '19', '0', '5', '9', '2', '7', '8', '13', '14', '3', '11', '15', '4']}",<built-in method values of dict object at 0x7f858e4a1640>
"{'atak': ['18', '12', '10', '16', '6', '17', '1', '19', '0', '5', '9', '2', '7', '8', '13', '14', '3', '11', '15', '4']}",<built-in method values of dict object at 0x7f858e4a1640>
"{'atak': ['18', '12', '10', '16', '6', '17', '1', '19', '0', '5', '9', '2', '7', '8', '13', '14', '3', '11', '15', '4']}",<built-in method values of dict object at 0x7f858e4a1640>
"{'atak': ['18', '12', '10', '16', '6', '17', '1', '19', '0', '5', '9', '2', '7', '8', '13', '14', '3', '11', '15', '4']}",<built-in method values of dict object at 0x7f858e4a1640>
"{'atak': ['18', '12', '10', '16', '6', '17', '1', '19', '0', '5', '9', '2', '7', '8', '13', '14', '3', '11', '15', '4']}",<built-in method values of dict object at 0x7f858e4a1640>
"{'atak': ['18', '12', '10', '16', '6', '17', '1', '19', '0', '5', '9', '2', '7', '8', '13', '14', '3', '11', '15', '4']}",<built-in method values of dict object at 0x7f858e4a1640>
"{'atak': ['18', '12', '10', '16', '6', '17', '1', '19', '0', '5', '9', '2', '7', '8', '13', '14', '3', '11', '15', '4']}",<built-in method values of dict object at 0x7f858e4a1640>
"{'atak': ['18', '12', '10', '16', '6', '17', '1', '19', '0', '5', '9', '2', '7', '8', '13', '14', '3', '11', '15', '4']}",<built-in method values of dict object at 0x7f858e4a1640>
"{'atak': ['18', '12', '10', '16', '6', '17', '1', '19', '0', '5', '9', '2', '7', '8', '13', '14', '3', '11', '15', '4']}",<built-in method values of dict object at 0x7f858e4a1640>
"{'atak': ['18', '12', '10', '16', '6', '17', '1', '19', '0', '5', '9', '2', '7', '8', '13', '14', '3', '11', '15', '4']}",<built-in method values of dict object at 0x7f858e4a1640>
"{'atak': ['18', '12', '10', '16', '6', '17', '1', '19', '0', '5', '9', '2', '7', '8', '13', '14', '3', '11', '15', '4']}",<built-in method values of dict object at 0x7f858e4a1640>
"{'atak': ['3', '13', '0', '18', '4', '6', '9', '8', '5', '1', '12', '14', '16', '2', '15', '7', '10', '19', '17', '11']}",<built-in method values of dict object at 0x7f858e4c5e00>
"{'atak': ['3', '13', '0', '18', '4', '6', '9', '8', '5', '1', '12', '14', '16', '2', '15', '7', '10', '19', '17', '11']}",<built-in method values of dict object at 0x7f858e4c5e00>
"{'atak': ['3', '13', '0', '18', '4', '6', '9', '8', '5', '1', '12', '14', '16', '2', '15', '7', '10', '19', '17', '11']}",<built-in method values of dict object at 0x7f858e4c5e00>
"{'atak': ['3', '13', '0', '18', '4', '6', '9', '8', '5', '1', '12', '14', '16', '2', '15', '7', '10', '19', '17', '11']}",<built-in method values of dict object at 0x7f858e4c5e00>
"{'atak': ['3', '13', '0', '18', '4', '6', '9', '8', '5', '1', '12', '14', '16', '2', '15', '7', '10', '19', '17', '11']}",<built-in method values of dict object at 0x7f858e4c5e00>
"{'atak': ['3', '13', '0', '18', '4', '6', '9', '8', '5', '1', '12', '14', '16', '2', '15', '7', '10', '19', '17', '11']}",<built-in method values of dict object at 0x7f858e4c5e00>
"{'atak': ['3', '13', '0', '18', '4', '6', '9', '8', '5', '1', '12', '14', '16', '2', '15', '7', '10', '19', '17', '11']}",<built-in method values of dict object at 0x7f858e4c5e00>
"{'atak': ['3', '13', '0', '18', '4', '6', '9', '8', '5', '1', '12', '14', '16', '2', '15', '7', '10', '19', '17', '11']}",<built-in method values of dict object at 0x7f858e4c5e00>
"{'atak': ['3', '13', '0', '18', '4', '6', '9', '8', '5', '1', '12', '14', '16', '2', '15', '7', '10', '19', '17', '11']}",<built-in method values of dict object at 0x7f858e4c5e00>
"{'atak': ['3', '13', '0', '18', '4', '6', '9', '8', '5', '1', '12', '14', '16', '2', '15', '7', '10', '19', '17', '11']}",<built-in method values of dict object at 0x7f858e4c5e00>
"{'atak': ['3', '13', '0', '18', '4', '6', '9', '8', '5', '1', '12', '14', '16', '2', '15', '7', '10', '19', '17', '11']}",<built-in method values of dict object at 0x7f858e4c5e00>
"{'atak': ['3', '13', '0', '18', '4', '6', '9', '8', '5', '1', '12', '14', '16', '2', '15', '7', '10', '19', '17', '11']}",<built-in method values of dict object at 0x7f858e4c5e00>
"{'atak': ['3', '13', '0', '18', '4', '6', '9', '8', '5', '1', '12', '14', '16', '2', '15', '7', '10', '19', '17', '11']}",<built-in method values of dict object at 0x7f858e4c5e00>
"{'atak': ['3', '13', '0', '18', '4', '6', '9', '8', '5', '1', '12', '14', '16', '2', '15', '7', '10', '19', '17', '11']}",<built-in method values of dict object at 0x7f858e4c5e00>
"{'atak': ['3', '13', '0', '18', '4', '6', '9', '8', '5', '1', '12', '14', '16', '2', '15', '7', '10', '19', '17', '11']}",<built-in method values of dict object at 0x7f858e4c5e00>
"{'atak': ['3', '13', '0', '18', '4', '6', '9', '8', '5', '1', '12', '14', '16', '2', '15', '7', '10', '19', '17', '11']}",<built-in method values of dict object at 0x7f858e4c5e00>
"{'atak': ['3', '13', '0', '18', '4', '6', '9', '8', '5', '1', '12', '14', '16', '2', '15', '7', '10', '19', '17', '11']}",<built-in method values of dict object at 0x7f858e4c5e00>
"{'atak': ['3', '13', '0', '18', '4', '6', '9', '8', '5', '1', '12', '14', '16', '2', '15', '7', '10', '19', '17', '11']}",<built-in method values of dict object at 0x7f858e4c5e00>
"{'atak': ['3', '13', '0', '18', '4', '6', '9', '8', '5', '1', '12', '14', '16', '2', '15', '7', '10', '19', '17', '11']}",<built-in method values of dict object at 0x7f858e4c5e00>
"{'atak': ['3', '13', '0', '18', '4', '6', '9', '8', '5', '1', '12', '14', '16', '2', '15', '7', '10', '19', '17', '11']}",<built-in method values of dict object at 0x7f858e4c5e00>
"{'atak': ['10', '1', '7', '18', '3', '14', '19', '5', '8', '6', '15', '11', '9', '12', '2', '13', '17', '0', '16', '4']}",<built-in method values of dict object at 0x7f858e486700>
"{'atak': ['10', '1', '7', '18', '3', '14', '19', '5', '8', '6', '15', '11', '9', '12', '2', '13', '17', '0', '16', '4']}",<built-in method values of dict object at 0x7f858e486700>
"{'atak': ['10', '1', '7', '18', '3', '14', '19', '5', '8', '6', '15', '11', '9', '12', '2', '13', '17', '0', '16', '4']}",<built-in method values of dict object at 0x7f858e486700>
"{'atak': ['10', '1', '7', '18', '3', '14', '19', '5', '8', '6', '15', '11', '9', '12', '2', '13', '17', '0', '16', '4']}",<built-in method values of dict object at 0x7f858e486700>
"{'atak': ['10', '1', '7', '18', '3', '14', '19', '5', '8', '6', '15', '11', '9', '12', '2', '13', '17', '0', '16', '4']}",<built-in method values of dict object at 0x7f858e486700>
"{'atak': ['10', '1', '7', '18', '3', '14', '19', '5', '8', '6', '15', '11', '9', '12', '2', '13', '17', '0', '16', '4']}",<built-in method values of dict object at 0x7f858e486700>
"{'atak': ['10', '1', '7', '18', '3', '14', '19', '5', '8', '6', '15', '11', '9', '12', '2', '13', '17', '0', '16', '4']}",<built-in method values of dict object at 0x7f858e486700>
"{'atak': ['10', '1', '7', '18', '3', '14', '19', '5', '8', '6', '15', '11', '9', '12', '2', '13', '17', '0', '16', '4']}",<built-in method values of dict object at 0x7f858e486700>
"{'atak': ['10', '1', '7', '18', '3', '14', '19', '5', '8', '6', '15', '11', '9', '12', '2', '13', '17', '0', '16', '4']}",<built-in method values of dict object at 0x7f858e486700>
"{'atak': ['10', '1', '7', '18', '3', '14', '19', '5', '8', '6', '15', '11', '9', '12', '2', '13', '17', '0', '16', '4']}",<built-in method values of dict object at 0x7f858e486700>
"{'atak': ['10', '1', '7', '18', '3', '14', '19', '5', '8', '6', '15', '11', '9', '12', '2', '13', '17', '0', '16', '4']}",<built-in method values of dict object at 0x7f858e486700>
"{'atak': ['10', '1', '7', '18', '3', '14', '19', '5', '8', '6', '15', '11', '9', '12', '2', '13', '17', '0', '16', '4']}",<built-in method values of dict object at 0x7f858e486700>
"{'atak': ['10', '1', '7', '18', '3', '14', '19', '5', '8', '6', '15', '11', '9', '12', '2', '13', '17', '0', '16', '4']}",<built-in method values of dict object at 0x7f858e486700>
"{'atak': ['10', '1', '7', '18', '3', '14', '19', '5', '8', '6', '15', '11', '9', '12', '2', '13', '17', '0', '16', '4']}",<built-in method values of dict object at 0x7f858e486700>
"{'atak': ['10', '1', '7', '18', '3', '14', '19', '5', '8', '6', '15', '11', '9', '12', '2', '13', '17', '0', '16', '4']}",<built-in method values of dict object at 0x7f858e486700>
"{'atak': ['10', '1', '7', '18', '3', '14', '19', '5', '8', '6', '15', '11', '9', '12', '2', '13', '17', '0', '16', '4']}",<built-in method values of dict object at 0x7f858e486700>
"{'atak': ['10', '1', '7', '18', '3', '14', '19', '5', '8', '6', '15', '11', '9', '12', '2', '13', '17', '0', '16', '4']}",<built-in method values of dict object at 0x7f858e486700>
"{'atak': ['10', '1', '7', '18', '3', '14', '19', '5', '8', '6', '15', '11', '9', '12', '2', '13', '17', '0', '16', '4']}",<built-in method values of dict object at 0x7f858e486700>
"{'atak': ['10', '1', '7', '18', '3', '14', '19', '5', '8', '6', '15', '11', '9', '12', '2', '13', '17', '0', '16', '4']}",<built-in method values of dict object at 0x7f858e486700>
"{'atak': ['10', '1', '7', '18', '3', '14', '19', '5', '8', '6', '15', '11', '9', '12', '2', '13', '17', '0', '16', '4']}",<built-in method values of dict object at 0x7f858e486700>
"{'atak': ['18', '16', '7', '6', '19', '4', '0', '1', '2', '17', '12', '15', '9', '3', '10', '13', '5', '8', '11', '14']}",<built-in method values of dict object at 0x7f858e4af840>
"{'atak': ['18', '16', '7', '6', '19', '4', '0', '1', '2', '17', '12', '15', '9', '3', '10', '13', '5', '8', '11', '14']}",<built-in method values of dict object at 0x7f858e4af840>
"{'atak': ['18', '16', '7', '6', '19', '4', '0', '1', '2', '17', '12', '15', '9', '3', '10', '13', '5', '8', '11', '14']}",<built-in method values of dict object at 0x7f858e4af840>
"{'atak': ['18', '16', '7', '6', '19', '4', '0', '1', '2', '17', '12', '15', '9', '3', '10', '13', '5', '8', '11', '14']}",<built-in method values of dict object at 0x7f858e4af840>
"{'atak': ['18', '16', '7', '6', '19', '4', '0', '1', '2', '17', '12', '15', '9', '3', '10', '13', '5', '8', '11', '14']}",<built-in method values of dict object at 0x7f858e4af840>
"{'atak': ['18', '16', '7', '6', '19', '4', '0', '1', '2', '17', '12', '15', '9', '3', '10', '13', '5', '8', '11', '14']}",<built-in method values of dict object at 0x7f858e4af840>
"{'atak': ['18', '16', '7', '6', '19', '4', '0', '1', '2', '17', '12', '15', '9', '3', '10', '13', '5', '8', '11', '14']}",<built-in method values of dict object at 0x7f858e4af840>
"{'atak': ['18', '16', '7', '6', '19', '4', '0', '1', '2', '17', '12', '15', '9', '3', '10', '13', '5', '8', '11', '14']}",<built-in method values of dict object at 0x7f858e4af840>
"{'atak': ['18', '16', '7', '6', '19', '4', '0', '1', '2', '17', '12', '15', '9', '3', '10', '13', '5', '8', '11', '14']}",<built-in method values of dict object at 0x7f858e4af840>
"{'atak': ['18', '16', '7', '6', '19', '4', '0', '1', '2', '17', '12', '15', '9', '3', '10', '13', '5', '8', '11', '14']}",<built-in method values of dict object at 0x7f858e4af840>
"{'atak': ['18', '16', '7', '6', '19', '4', '0', '1', '2', '17', '12', '15', '9', '3', '10', '13', '5', '8', '11', '14']}",<built-in method values of dict object at 0x7f858e4af840>
"{'atak': ['18', '16', '7', '6', '19', '4', '0', '1', '2', '17', '12', '15', '9', '3', '10', '13', '5', '8', '11', '14']}",<built-in method values of dict object at 0x7f858e4af840>
"{'atak': ['18', '16', '7', '6', '19', '4', '0', '1', '2', '17', '12', '15', '9', '3', '10', '13', '5', '8', '11', '14']}",<built-in method values of dict object at 0x7f858e4af840>
"{'atak': ['18', '16', '7', '6', '19', '4', '0', '1', '2', '17', '12', '15', '9', '3', '10', '13', '5', '8', '11', '14']}",<built-in method values of dict object at 0x7f858e4af840>
"{'atak': ['18', '16', '7', '6', '19', '4', '0', '1', '2', '17', '12', '15', '9', '3', '10', '13', '5', '8', '11', '14']}",<built-in method values of dict object at 0x7f858e4af840>
"{'atak': ['18', '16', '7', '6', '19', '4', '0', '1', '2', '17', '12', '15', '9', '3', '10', '13', '5', '8', '11', '14']}",<built-in method values of dict object at 0x7f858e4af840>
"{'atak': ['18', '16', '7', '6', '19', '4', '0', '1', '2', '17', '12', '15', '9', '3', '10', '13', '5', '8', '11', '14']}",<built-in method values of dict object at 0x7f858e4af840>
"{'atak': ['18', '16', '7', '6', '19', '4', '0', '1', '2', '17', '12', '15', '9', '3', '10', '13', '5', '8', '11', '14']}",<built-in method values of dict object at 0x7f858e4af840>
"{'atak': ['18', '16', '7', '6', '19', '4', '0', '1', '2', '17', '12', '15', '9', '3', '10', '13', '5', '8', '11', '14']}",<built-in method values of dict object at 0x7f858e4af840>
"{'atak': ['18', '16', '7', '6', '19', '4', '0', '1', '2', '17', '12', '15', '9', '3', '10', '13', '5', '8', '11', '14']}",<built-in method values of dict object at 0x7f858e4af840>
"{'atak': ['18', '15', '1', '9', '17', '7', '3', '14', '6', '8', '5', '19', '0', '11', '13', '10', '16', '12', '4', '2']}",<built-in method values of dict object at 0x7f858e2f52c0>
"{'atak': ['18', '15', '1', '9', '17', '7', '3', '14', '6', '8', '5', '19', '0', '11', '13', '10', '16', '12', '4', '2']}",<built-in method values of dict object at 0x7f858e2f52c0>
"{'atak': ['18', '15', '1', '9', '17', '7', '3', '14', '6', '8', '5', '19', '0', '11', '13', '10', '16', '12', '4', '2']}",<built-in method values of dict object at 0x7f858e2f52c0>
"{'atak': ['18', '15', '1', '9', '17', '7', '3', '14', '6', '8', '5', '19', '0', '11', '13', '10', '16', '12', '4', '2']}",<built-in method values of dict object at 0x7f858e2f52c0>
"{'atak': ['18', '15', '1', '9', '17', '7', '3', '14', '6', '8', '5', '19', '0', '11', '13', '10', '16', '12', '4', '2']}",<built-in method values of dict object at 0x7f858e2f52c0>
"{'atak': ['18', '15', '1', '9', '17', '7', '3', '14', '6', '8', '5', '19', '0', '11', '13', '10', '16', '12', '4', '2']}",<built-in method values of dict object at 0x7f858e2f52c0>
"{'atak': ['18', '15', '1', '9', '17', '7', '3', '14', '6', '8', '5', '19', '0', '11', '13', '10', '16', '12', '4', '2']}",<built-in method values of dict object at 0x7f858e2f52c0>
"{'atak': ['18', '15', '1', '9', '17', '7', '3', '14', '6', '8', '5', '19', '0', '11', '13', '10', '16', '12', '4', '2']}",<built-in method values of dict object at 0x7f858e2f52c0>
"{'atak': ['18', '15', '1', '9', '17', '7', '3', '14', '6', '8', '5', '19', '0', '11', '13', '10', '16', '12', '4', '2']}",<built-in method values of dict object at 0x7f858e2f52c0>
"{'atak': ['18', '15', '1', '9', '17', '7', '3', '14', '6', '8', '5', '19', '0', '11', '13', '10', '16', '12', '4', '2']}",<built-in method values of dict object at 0x7f858e2f52c0>
"{'atak': ['18', '15', '1', '9', '17', '7', '3', '14', '6', '8', '5', '19', '0', '11', '13', '10', '16', '12', '4', '2']}",<built-in method values of dict object at 0x7f858e2f52c0>
"{'atak': ['18', '15', '1', '9', '17', '7', '3', '14', '6', '8', '5', '19', '0', '11', '13', '10', '16', '12', '4', '2']}",<built-in method values of dict object at 0x7f858e2f52c0>
"{'atak': ['18', '15', '1', '9', '17', '7', '3', '14', '6', '8', '5', '19', '0', '11', '13', '10', '16', '12', '4', '2']}",<built-in method values of dict object at 0x7f858e2f52c0>
"{'atak': ['18', '15', '1', '9', '17', '7', '3', '14', '6', '8', '5', '19', '0', '11', '13', '10', '16', '12', '4', '2']}",<built-in method values of dict object at 0x7f858e2f52c0>
"{'atak': ['18', '15', '1', '9', '17', '7', '3', '14', '6', '8', '5', '19', '0', '11', '13', '10', '16', '12', '4', '2']}",<built-in method values of dict object at 0x7f858e2f52c0>
"{'atak': ['18', '15', '1', '9', '17', '7', '3', '14', '6', '8', '5', '19', '0', '11', '13', '10', '16', '12', '4', '2']}",<built-in method values of dict object at 0x7f858e2f52c0>
"{'atak': ['18', '15', '1', '9', '17', '7', '3', '14', '6', '8', '5', '19', '0', '11', '13', '10', '16', '12', '4', '2']}",<built-in method values of dict object at 0x7f858e2f52c0>
"{'atak': ['18', '15', '1', '9', '17', '7', '3', '14', '6', '8', '5', '19', '0', '11', '13', '10', '16', '12', '4', '2']}",<built-in method values of dict object at 0x7f858e2f52c0>
"{'atak': ['18', '15', '1', '9', '17', '7', '3', '14', '6', '8', '5', '19', '0', '11', '13', '10', '16', '12', '4', '2']}",<built-in method values of dict object at 0x7f858e2f52c0>
"{'atak': ['18', '15', '1', '9', '17', '7', '3', '14', '6', '8', '5', '19', '0', '11', '13', '10', '16', '12', '4', '2']}",<built-in method values of dict object at 0x7f858e2f52c0>
"{'atak': ['11', '6', '13', '12', '18', '17', '8', '15', '10', '9', '19', '4', '14', '0', '2', '3', '5', '1', '7', '16']}",<built-in method values of dict object at 0x7f858e4bc540>
"{'atak': ['11', '6', '13', '12', '18', '17', '8', '15', '10', '9', '19', '4', '14', '0', '2', '3', '5', '1', '7', '16']}",<built-in method values of dict object at 0x7f858e4bc540>
"{'atak': ['11', '6', '13', '12', '18', '17', '8', '15', '10', '9', '19', '4', '14', '0', '2', '3', '5', '1', '7', '16']}",<built-in method values of dict object at 0x7f858e4bc540>
"{'atak': ['11', '6', '13', '12', '18', '17', '8', '15', '10', '9', '19', '4', '14', '0', '2', '3', '5', '1', '7', '16']}",<built-in method values of dict object at 0x7f858e4bc540>
"{'atak': ['11', '6', '13', '12', '18', '17', '8', '15', '10', '9', '19', '4', '14', '0', '2', '3', '5', '1', '7', '16']}",<built-in method values of dict object at 0x7f858e4bc540>
"{'atak': ['11', '6', '13', '12', '18', '17', '8', '15', '10', '9', '19', '4', '14', '0', '2', '3', '5', '1', '7', '16']}",<built-in method values of dict object at 0x7f858e4bc540>
"{'atak': ['11', '6', '13', '12', '18', '17', '8', '15', '10', '9', '19', '4', '14', '0', '2', '3', '5', '1', '7', '16']}",<built-in method values of dict object at 0x7f858e4bc540>
"{'atak': ['11', '6', '13', '12', '18', '17', '8', '15', '10', '9', '19', '4', '14', '0', '2', '3', '5', '1', '7', '16']}",<built-in method values of dict object at 0x7f858e4bc540>
"{'atak': ['11', '6', '13', '12', '18', '17', '8', '15', '10', '9', '19', '4', '14', '0', '2', '3', '5', '1', '7', '16']}",<built-in method values of dict object at 0x7f858e4bc540>
"{'atak': ['11', '6', '13', '12', '18', '17', '8', '15', '10', '9', '19', '4', '14', '0', '2', '3', '5', '1', '7', '16']}",<built-in method values of dict object at 0x7f858e4bc540>
"{'atak': ['11', '6', '13', '12', '18', '17', '8', '15', '10', '9', '19', '4', '14', '0', '2', '3', '5', '1', '7', '16']}",<built-in method values of dict object at 0x7f858e4bc540>
"{'atak': ['11', '6', '13', '12', '18', '17', '8', '15', '10', '9', '19', '4', '14', '0', '2', '3', '5', '1', '7', '16']}",<built-in method values of dict object at 0x7f858e4bc540>
"{'atak': ['11', '6', '13', '12', '18', '17', '8', '15', '10', '9', '19', '4', '14', '0', '2', '3', '5', '1', '7', '16']}",<built-in method values of dict object at 0x7f858e4bc540>
"{'atak': ['11', '6', '13', '12', '18', '17', '8', '15', '10', '9', '19', '4', '14', '0', '2', '3', '5', '1', '7', '16']}",<built-in method values of dict object at 0x7f858e4bc540>
"{'atak': ['11', '6', '13', '12', '18', '17', '8', '15', '10', '9', '19', '4', '14', '0', '2', '3', '5', '1', '7', '16']}",<built-in method values of dict object at 0x7f858e4bc540>
"{'atak': ['11', '6', '13', '12', '18', '17', '8', '15', '10', '9', '19', '4', '14', '0', '2', '3', '5', '1', '7', '16']}",<built-in method values of dict object at 0x7f858e4bc540>
"{'atak': ['11', '6', '13', '12', '18', '17', '8', '15', '10', '9', '19', '4', '14', '0', '2', '3', '5', '1', '7', '16']}",<built-in method values of dict object at 0x7f858e4bc540>
"{'atak': ['11', '6', '13', '12', '18', '17', '8', '15', '10', '9', '19', '4', '14', '0', '2', '3', '5', '1', '7', '16']}",<built-in method values of dict object at 0x7f858e4bc540>
"{'atak': ['11', '6', '13', '12', '18', '17', '8', '15', '10', '9', '19', '4', '14', '0', '2', '3', '5', '1', '7', '16']}",<built-in method values of dict object at 0x7f858e4bc540>
"{'atak': ['11', '6', '13', '12', '18', '17', '8', '15', '10', '9', '19', '4', '14', '0', '2', '3', '5', '1', '7', '16']}",<built-in method values of dict object at 0x7f858e4bc540>
"{'atak': ['12', '9', '14', '6', '19', '16', '0', '17', '11', '1', '18', '15', '13', '8', '10', '5', '3', '4', '2', '7']}",<built-in method values of dict object at 0x7f858e4bc3c0>
"{'atak': ['12', '9', '14', '6', '19', '16', '0', '17', '11', '1', '18', '15', '13', '8', '10', '5', '3', '4', '2', '7']}",<built-in method values of dict object at 0x7f858e4bc3c0>
"{'atak': ['12', '9', '14', '6', '19', '16', '0', '17', '11', '1', '18', '15', '13', '8', '10', '5', '3', '4', '2', '7']}",<built-in method values of dict object at 0x7f858e4bc3c0>
"{'atak': ['12', '9', '14', '6', '19', '16', '0', '17', '11', '1', '18', '15', '13', '8', '10', '5', '3', '4', '2', '7']}",<built-in method values of dict object at 0x7f858e4bc3c0>
"{'atak': ['12', '9', '14', '6', '19', '16', '0', '17', '11', '1', '18', '15', '13', '8', '10', '5', '3', '4', '2', '7']}",<built-in method values of dict object at 0x7f858e4bc3c0>
"{'atak': ['12', '9', '14', '6', '19', '16', '0', '17', '11', '1', '18', '15', '13', '8', '10', '5', '3', '4', '2', '7']}",<built-in method values of dict object at 0x7f858e4bc3c0>
"{'atak': ['12', '9', '14', '6', '19', '16', '0', '17', '11', '1', '18', '15', '13', '8', '10', '5', '3', '4', '2', '7']}",<built-in method values of dict object at 0x7f858e4bc3c0>
"{'atak': ['12', '9', '14', '6', '19', '16', '0', '17', '11', '1', '18', '15', '13', '8', '10', '5', '3', '4', '2', '7']}",<built-in method values of dict object at 0x7f858e4bc3c0>
"{'atak': ['12', '9', '14', '6', '19', '16', '0', '17', '11', '1', '18', '15', '13', '8', '10', '5', '3', '4', '2', '7']}",<built-in method values of dict object at 0x7f858e4bc3c0>
"{'atak': ['12', '9', '14', '6', '19', '16', '0', '17', '11', '1', '18', '15', '13', '8', '10', '5', '3', '4', '2', '7']}",<built-in method values of dict object at 0x7f858e4bc3c0>
"{'atak': ['12', '9', '14', '6', '19', '16', '0', '17', '11', '1', '18', '15', '13', '8', '10', '5', '3', '4', '2', '7']}",<built-in method values of dict object at 0x7f858e4bc3c0>
"{'atak': ['12', '9', '14', '6', '19', '16', '0', '17', '11', '1', '18', '15', '13', '8', '10', '5', '3', '4', '2', '7']}",<built-in method values of dict object at 0x7f858e4bc3c0>
"{'atak': ['12', '9', '14', '6', '19', '16', '0', '17', '11', '1', '18', '15', '13', '8', '10', '5', '3', '4', '2', '7']}",<built-in method values of dict object at 0x7f858e4bc3c0>
"{'atak': ['12', '9', '14', '6', '19', '16', '0', '17', '11', '1', '18', '15', '13', '8', '10', '5', '3', '4', '2', '7']}",<built-in method values of dict object at 0x7f858e4bc3c0>
"{'atak': ['12', '9', '14', '6', '19', '16', '0', '17', '11', '1', '18', '15', '13', '8', '10', '5', '3', '4', '2', '7']}",<built-in method values of dict object at 0x7f858e4bc3c0>
"{'atak': ['12', '9', '14', '6', '19', '16', '0', '17', '11', '1', '18', '15', '13', '8', '10', '5', '3', '4', '2', '7']}",<built-in method values of dict object at 0x7f858e4bc3c0>
"{'atak': ['12', '9', '14', '6', '19', '16', '0', '17', '11', '1', '18', '15', '13', '8', '10', '5', '3', '4', '2', '7']}",<built-in method values of dict object at 0x7f858e4bc3c0>
"{'atak': ['12', '9', '14', '6', '19', '16', '0', '17', '11', '1', '18', '15', '13', '8', '10', '5', '3', '4', '2', '7']}",<built-in method values of dict object at 0x7f858e4bc3c0>
"{'atak': ['12', '9', '14', '6', '19', '16', '0', '17', '11', '1', '18', '15', '13', '8', '10', '5', '3', '4', '2', '7']}",<built-in method values of dict object at 0x7f858e4bc3c0>
"{'atak': ['12', '9', '14', '6', '19', '16', '0', '17', '11', '1', '18', '15', '13', '8', '10', '5', '3', '4', '2', '7']}",<built-in method values of dict object at 0x7f858e4bc3c0>
"{'atak': ['0', '8', '11', '9', '15', '7', '14', '19', '1', '18', '3', '6', '13', '16', '17', '12', '5', '4', '2', '10']}",<built-in method values of dict object at 0x7f858e4b7180>
"{'atak': ['0', '8', '11', '9', '15', '7', '14', '19', '1', '18', '3', '6', '13', '16', '17', '12', '5', '4', '2', '10']}",<built-in method values of dict object at 0x7f858e4b7180>
"{'atak': ['0', '8', '11', '9', '15', '7', '14', '19', '1', '18', '3', '6', '13', '16', '17', '12', '5', '4', '2', '10']}",<built-in method values of dict object at 0x7f858e4b7180>
"{'atak': ['0', '8', '11', '9', '15', '7', '14', '19', '1', '18', '3', '6', '13', '16', '17', '12', '5', '4', '2', '10']}",<built-in method values of dict object at 0x7f858e4b7180>
"{'atak': ['0', '8', '11', '9', '15', '7', '14', '19', '1', '18', '3', '6', '13', '16', '17', '12', '5', '4', '2', '10']}",<built-in method values of dict object at 0x7f858e4b7180>
"{'atak': ['0', '8', '11', '9', '15', '7', '14', '19', '1', '18', '3', '6', '13', '16', '17', '12', '5', '4', '2', '10']}",<built-in method values of dict object at 0x7f858e4b7180>
"{'atak': ['0', '8', '11', '9', '15', '7', '14', '19', '1', '18', '3', '6', '13', '16', '17', '12', '5', '4', '2', '10']}",<built-in method values of dict object at 0x7f858e4b7180>
"{'atak': ['0', '8', '11', '9', '15', '7', '14', '19', '1', '18', '3', '6', '13', '16', '17', '12', '5', '4', '2', '10']}",<built-in method values of dict object at 0x7f858e4b7180>
"{'atak': ['0', '8', '11', '9', '15', '7', '14', '19', '1', '18', '3', '6', '13', '16', '17', '12', '5', '4', '2', '10']}",<built-in method values of dict object at 0x7f858e4b7180>
"{'atak': ['0', '8', '11', '9', '15', '7', '14', '19', '1', '18', '3', '6', '13', '16', '17', '12', '5', '4', '2', '10']}",<built-in method values of dict object at 0x7f858e4b7180>
"{'atak': ['0', '8', '11', '9', '15', '7', '14', '19', '1', '18', '3', '6', '13', '16', '17', '12', '5', '4', '2', '10']}",<built-in method values of dict object at 0x7f858e4b7180>
"{'atak': ['0', '8', '11', '9', '15', '7', '14', '19', '1', '18', '3', '6', '13', '16', '17', '12', '5', '4', '2', '10']}",<built-in method values of dict object at 0x7f858e4b7180>
"{'atak': ['0', '8', '11', '9', '15', '7', '14', '19', '1', '18', '3', '6', '13', '16', '17', '12', '5', '4', '2', '10']}",<built-in method values of dict object at 0x7f858e4b7180>
"{'atak': ['0', '8', '11', '9', '15', '7', '14', '19', '1', '18', '3', '6', '13', '16', '17', '12', '5', '4', '2', '10']}",<built-in method values of dict object at 0x7f858e4b7180>
"{'atak': ['0', '8', '11', '9', '15', '7', '14', '19', '1', '18', '3', '6', '13', '16', '17', '12', '5', '4', '2', '10']}",<built-in method values of dict object at 0x7f858e4b7180>
"{'atak': ['0', '8', '11', '9', '15', '7', '14', '19', '1', '18', '3', '6', '13', '16', '17', '12', '5', '4', '2', '10']}",<built-in method values of dict object at 0x7f858e4b7180>
"{'atak': ['0', '8', '11', '9', '15', '7', '14', '19', '1', '18', '3', '6', '13', '16', '17', '12', '5', '4', '2', '10']}",<built-in method values of dict object at 0x7f858e4b7180>
"{'atak': ['0', '8', '11', '9', '15', '7', '14', '19', '1', '18', '3', '6', '13', '16', '17', '12', '5', '4', '2', '10']}",<built-in method values of dict object at 0x7f858e4b7180>
"{'atak': ['0', '8', '11', '9', '15', '7', '14', '19', '1', '18', '3', '6', '13', '16', '17', '12', '5', '4', '2', '10']}",<built-in method values of dict object at 0x7f858e4b7180>
"{'atak': ['0', '8', '11', '9', '15', '7', '14', '19', '1', '18', '3', '6', '13', '16', '17', '12', '5', '4', '2', '10']}",<built-in method values of dict object at 0x7f858e4b7180>
"{'atak': ['19', '5', '8', '18', '9', '13', '10', '7', '17', '6', '1', '12', '16', '4', '15', '3', '11', '14', '0', '2']}",<built-in method values of dict object at 0x7f858e4acc40>
"{'atak': ['19', '5', '8', '18', '9', '13', '10', '7', '17', '6', '1', '12', '16', '4', '15', '3', '11', '14', '0', '2']}",<built-in method values of dict object at 0x7f858e4acc40>
"{'atak': ['19', '5', '8', '18', '9', '13', '10', '7', '17', '6', '1', '12', '16', '4', '15', '3', '11', '14', '0', '2']}",<built-in method values of dict object at 0x7f858e4acc40>
"{'atak': ['19', '5', '8', '18', '9', '13', '10', '7', '17', '6', '1', '12', '16', '4', '15', '3', '11', '14', '0', '2']}",<built-in method values of dict object at 0x7f858e4acc40>
"{'atak': ['19', '5', '8', '18', '9', '13', '10', '7', '17', '6', '1', '12', '16', '4', '15', '3', '11', '14', '0', '2']}",<built-in method values of dict object at 0x7f858e4acc40>
"{'atak': ['19', '5', '8', '18', '9', '13', '10', '7', '17', '6', '1', '12', '16', '4', '15', '3', '11', '14', '0', '2']}",<built-in method values of dict object at 0x7f858e4acc40>
"{'atak': ['19', '5', '8', '18', '9', '13', '10', '7', '17', '6', '1', '12', '16', '4', '15', '3', '11', '14', '0', '2']}",<built-in method values of dict object at 0x7f858e4acc40>
"{'atak': ['19', '5', '8', '18', '9', '13', '10', '7', '17', '6', '1', '12', '16', '4', '15', '3', '11', '14', '0', '2']}",<built-in method values of dict object at 0x7f858e4acc40>
"{'atak': ['19', '5', '8', '18', '9', '13', '10', '7', '17', '6', '1', '12', '16', '4', '15', '3', '11', '14', '0', '2']}",<built-in method values of dict object at 0x7f858e4acc40>
"{'atak': ['19', '5', '8', '18', '9', '13', '10', '7', '17', '6', '1', '12', '16', '4', '15', '3', '11', '14', '0', '2']}",<built-in method values of dict object at 0x7f858e4acc40>
"{'atak': ['19', '5', '8', '18', '9', '13', '10', '7', '17', '6', '1', '12', '16', '4', '15', '3', '11', '14', '0', '2']}",<built-in method values of dict object at 0x7f858e4acc40>
"{'atak': ['19', '5', '8', '18', '9', '13', '10', '7', '17', '6', '1', '12', '16', '4', '15', '3', '11', '14', '0', '2']}",<built-in method values of dict object at 0x7f858e4acc40>
"{'atak': ['19', '5', '8', '18', '9', '13', '10', '7', '17', '6', '1', '12', '16', '4', '15', '3', '11', '14', '0', '2']}",<built-in method values of dict object at 0x7f858e4acc40>
"{'atak': ['19', '5', '8', '18', '9', '13', '10', '7', '17', '6', '1', '12', '16', '4', '15', '3', '11', '14', '0', '2']}",<built-in method values of dict object at 0x7f858e4acc40>
"{'atak': ['19', '5', '8', '18', '9', '13', '10', '7', '17', '6', '1', '12', '16', '4', '15', '3', '11', '14', '0', '2']}",<built-in method values of dict object at 0x7f858e4acc40>
"{'atak': ['19', '5', '8', '18', '9', '13', '10', '7', '17', '6', '1', '12', '16', '4', '15', '3', '11', '14', '0', '2']}",<built-in method values of dict object at 0x7f858e4acc40>
"{'atak': ['19', '5', '8', '18', '9', '13', '10', '7', '17', '6', '1', '12', '16', '4', '15', '3', '11', '14', '0', '2']}",<built-in method values of dict object at 0x7f858e4acc40>
"{'atak': ['19', '5', '8', '18', '9', '13', '10', '7', '17', '6', '1', '12', '16', '4', '15', '3', '11', '14', '0', '2']}",<built-in method values of dict object at 0x7f858e4acc40>
"{'atak': ['19', '5', '8', '18', '9', '13', '10', '7', '17', '6', '1', '12', '16', '4', '15', '3', '11', '14', '0', '2']}",<built-in method values of dict object at 0x7f858e4acc40>
"{'atak': ['19', '5', '8', '18', '9', '13', '10', '7', '17', '6', '1', '12', '16', '4', '15', '3', '11', '14', '0', '2']}",<built-in method values of dict object at 0x7f858e4acc40>
"{'atak': ['6', '14', '10', '16', '13', '5', '18', '2', '9', '19', '8', '17', '3', '12', '1', '4', '0', '11', '7', '15']}",<built-in method values of dict object at 0x7f858e49b580>
"{'atak': ['6', '14', '10', '16', '13', '5', '18', '2', '9', '19', '8', '17', '3', '12', '1', '4', '0', '11', '7', '15']}",<built-in method values of dict object at 0x7f858e49b580>
"{'atak': ['6', '14', '10', '16', '13', '5', '18', '2', '9', '19', '8', '17', '3', '12', '1', '4', '0', '11', '7', '15']}",<built-in method values of dict object at 0x7f858e49b580>
"{'atak': ['6', '14', '10', '16', '13', '5', '18', '2', '9', '19', '8', '17', '3', '12', '1', '4', '0', '11', '7', '15']}",<built-in method values of dict object at 0x7f858e49b580>
"{'atak': ['6', '14', '10', '16', '13', '5', '18', '2', '9', '19', '8', '17', '3', '12', '1', '4', '0', '11', '7', '15']}",<built-in method values of dict object at 0x7f858e49b580>
"{'atak': ['6', '14', '10', '16', '13', '5', '18', '2', '9', '19', '8', '17', '3', '12', '1', '4', '0', '11', '7', '15']}",<built-in method values of dict object at 0x7f858e49b580>
"{'atak': ['6', '14', '10', '16', '13', '5', '18', '2', '9', '19', '8', '17', '3', '12', '1', '4', '0', '11', '7', '15']}",<built-in method values of dict object at 0x7f858e49b580>
"{'atak': ['6', '14', '10', '16', '13', '5', '18', '2', '9', '19', '8', '17', '3', '12', '1', '4', '0', '11', '7', '15']}",<built-in method values of dict object at 0x7f858e49b580>
"{'atak': ['6', '14', '10', '16', '13', '5', '18', '2', '9', '19', '8', '17', '3', '12', '1', '4', '0', '11', '7', '15']}",<built-in method values of dict object at 0x7f858e49b580>
"{'atak': ['6', '14', '10', '16', '13', '5', '18', '2', '9', '19', '8', '17', '3', '12', '1', '4', '0', '11', '7', '15']}",<built-in method values of dict object at 0x7f858e49b580>
"{'atak': ['6', '14', '10', '16', '13', '5', '18', '2', '9', '19', '8', '17', '3', '12', '1', '4', '0', '11', '7', '15']}",<built-in method values of dict object at 0x7f858e49b580>
"{'atak': ['6', '14', '10', '16', '13', '5', '18', '2', '9', '19', '8', '17', '3', '12', '1', '4', '0', '11', '7', '15']}",<built-in method values of dict object at 0x7f858e49b580>
"{'atak': ['6', '14', '10', '16', '13', '5', '18', '2', '9', '19', '8', '17', '3', '12', '1', '4', '0', '11', '7', '15']}",<built-in method values of dict object at 0x7f858e49b580>
"{'atak': ['6', '14', '10', '16', '13', '5', '18', '2', '9', '19', '8', '17', '3', '12', '1', '4', '0', '11', '7', '15']}",<built-in method values of dict object at 0x7f858e49b580>
"{'atak': ['6', '14', '10', '16', '13', '5', '18', '2', '9', '19', '8', '17', '3', '12', '1', '4', '0', '11', '7', '15']}",<built-in method values of dict object at 0x7f858e49b580>
"{'atak': ['6', '14', '10', '16', '13', '5', '18', '2', '9', '19', '8', '17', '3', '12', '1', '4', '0', '11', '7', '15']}",<built-in method values of dict object at 0x7f858e49b580>
"{'atak': ['6', '14', '10', '16', '13', '5', '18', '2', '9', '19', '8', '17', '3', '12', '1', '4', '0', '11', '7', '15']}",<built-in method values of dict object at 0x7f858e49b580>
"{'atak': ['6', '14', '10', '16', '13', '5', '18', '2', '9', '19', '8', '17', '3', '12', '1', '4', '0', '11', '7', '15']}",<built-in method values of dict object at 0x7f858e49b580>
"{'atak': ['6', '14', '10', '16', '13', '5', '18', '2', '9', '19', '8', '17', '3', '12', '1', '4', '0', '11', '7', '15']}",<built-in method values of dict object at 0x7f858e49b580>
"{'atak': ['6', '14', '10', '16', '13', '5', '18', '2', '9', '19', '8', '17', '3', '12', '1', '4', '0', '11', '7', '15']}",<built-in method values of dict object at 0x7f858e49b580>
"{'atak': ['14', '2', '4', '3', '7', '1', '9', '16', '13', '11', '18', '10', '0', '17', '8', '5', '15', '6', '19', '12']}",<built-in method values of dict object at 0x7f858e4c5240>
"{'atak': ['14', '2', '4', '3', '7', '1', '9', '16', '13', '11', '18', '10', '0', '17', '8', '5', '15', '6', '19', '12']}",<built-in method values of dict object at 0x7f858e4c5240>
"{'atak': ['14', '2', '4', '3', '7', '1', '9', '16', '13', '11', '18', '10', '0', '17', '8', '5', '15', '6', '19', '12']}",<built-in method values of dict object at 0x7f858e4c5240>
"{'atak': ['14', '2', '4', '3', '7', '1', '9', '16', '13', '11', '18', '10', '0', '17', '8', '5', '15', '6', '19', '12']}",<built-in method values of dict object at 0x7f858e4c5240>
"{'atak': ['14', '2', '4', '3', '7', '1', '9', '16', '13', '11', '18', '10', '0', '17', '8', '5', '15', '6', '19', '12']}",<built-in method values of dict object at 0x7f858e4c5240>
"{'atak': ['14', '2', '4', '3', '7', '1', '9', '16', '13', '11', '18', '10', '0', '17', '8', '5', '15', '6', '19', '12']}",<built-in method values of dict object at 0x7f858e4c5240>
"{'atak': ['14', '2', '4', '3', '7', '1', '9', '16', '13', '11', '18', '10', '0', '17', '8', '5', '15', '6', '19', '12']}",<built-in method values of dict object at 0x7f858e4c5240>
"{'atak': ['14', '2', '4', '3', '7', '1', '9', '16', '13', '11', '18', '10', '0', '17', '8', '5', '15', '6', '19', '12']}",<built-in method values of dict object at 0x7f858e4c5240>
"{'atak': ['14', '2', '4', '3', '7', '1', '9', '16', '13', '11', '18', '10', '0', '17', '8', '5', '15', '6', '19', '12']}",<built-in method values of dict object at 0x7f858e4c5240>
"{'atak': ['14', '2', '4', '3', '7', '1', '9', '16', '13', '11', '18', '10', '0', '17', '8', '5', '15', '6', '19', '12']}",<built-in method values of dict object at 0x7f858e4c5240>
"{'atak': ['14', '2', '4', '3', '7', '1', '9', '16', '13', '11', '18', '10', '0', '17', '8', '5', '15', '6', '19', '12']}",<built-in method values of dict object at 0x7f858e4c5240>
"{'atak': ['14', '2', '4', '3', '7', '1', '9', '16', '13', '11', '18', '10', '0', '17', '8', '5', '15', '6', '19', '12']}",<built-in method values of dict object at 0x7f858e4c5240>
"{'atak': ['14', '2', '4', '3', '7', '1', '9', '16', '13', '11', '18', '10', '0', '17', '8', '5', '15', '6', '19', '12']}",<built-in method values of dict object at 0x7f858e4c5240>
"{'atak': ['14', '2', '4', '3', '7', '1', '9', '16', '13', '11', '18', '10', '0', '17', '8', '5', '15', '6', '19', '12']}",<built-in method values of dict object at 0x7f858e4c5240>
"{'atak': ['14', '2', '4', '3', '7', '1', '9', '16', '13', '11', '18', '10', '0', '17', '8', '5', '15', '6', '19', '12']}",<built-in method values of dict object at 0x7f858e4c5240>
"{'atak': ['14', '2', '4', '3', '7', '1', '9', '16', '13', '11', '18', '10', '0', '17', '8', '5', '15', '6', '19', '12']}",<built-in method values of dict object at 0x7f858e4c5240>
"{'atak': ['14', '2', '4', '3', '7', '1', '9', '16', '13', '11', '18', '10', '0', '17', '8', '5', '15', '6', '19', '12']}",<built-in method values of dict object at 0x7f858e4c5240>
"{'atak': ['14', '2', '4', '3', '7', '1', '9', '16', '13', '11', '18', '10', '0', '17', '8', '5', '15', '6', '19', '12']}",<built-in method values of dict object at 0x7f858e4c5240>
"{'atak': ['14', '2', '4', '3', '7', '1', '9', '16', '13', '11', '18', '10', '0', '17', '8', '5', '15', '6', '19', '12']}",<built-in method values of dict object at 0x7f858e4c5240>
"{'atak': ['14', '2', '4', '3', '7', '1', '9', '16', '13', '11', '18', '10', '0', '17', '8', '5', '15', '6', '19', '12']}",<built-in method values of dict object at 0x7f858e4c5240>
"{'atak': ['11', '2', '18', '9', '14', '16', '12', '7', '3', '5', '8', '17', '15', '4', '19', '10', '0', '1', '13', '6']}",<built-in method values of dict object at 0x7f858e4afe00>
"{'atak': ['11', '2', '18', '9', '14', '16', '12', '7', '3', '5', '8', '17', '15', '4', '19', '10', '0', '1', '13', '6']}",<built-in method values of dict object at 0x7f858e4afe00>
"{'atak': ['11', '2', '18', '9', '14', '16', '12', '7', '3', '5', '8', '17', '15', '4', '19', '10', '0', '1', '13', '6']}",<built-in method values of dict object at 0x7f858e4afe00>
"{'atak': ['11', '2', '18', '9', '14', '16', '12', '7', '3', '5', '8', '17', '15', '4', '19', '10', '0', '1', '13', '6']}",<built-in method values of dict object at 0x7f858e4afe00>
"{'atak': ['11', '2', '18', '9', '14', '16', '12', '7', '3', '5', '8', '17', '15', '4', '19', '10', '0', '1', '13', '6']}",<built-in method values of dict object at 0x7f858e4afe00>
"{'atak': ['11', '2', '18', '9', '14', '16', '12', '7', '3', '5', '8', '17', '15', '4', '19', '10', '0', '1', '13', '6']}",<built-in method values of dict object at 0x7f858e4afe00>
"{'atak': ['11', '2', '18', '9', '14', '16', '12', '7', '3', '5', '8', '17', '15', '4', '19', '10', '0', '1', '13', '6']}",<built-in method values of dict object at 0x7f858e4afe00>
"{'atak': ['11', '2', '18', '9', '14', '16', '12', '7', '3', '5', '8', '17', '15', '4', '19', '10', '0', '1', '13', '6']}",<built-in method values of dict object at 0x7f858e4afe00>
"{'atak': ['11', '2', '18', '9', '14', '16', '12', '7', '3', '5', '8', '17', '15', '4', '19', '10', '0', '1', '13', '6']}",<built-in method values of dict object at 0x7f858e4afe00>
"{'atak': ['11', '2', '18', '9', '14', '16', '12', '7', '3', '5', '8', '17', '15', '4', '19', '10', '0', '1', '13', '6']}",<built-in method values of dict object at 0x7f858e4afe00>
"{'atak': ['11', '2', '18', '9', '14', '16', '12', '7', '3', '5', '8', '17', '15', '4', '19', '10', '0', '1', '13', '6']}",<built-in method values of dict object at 0x7f858e4afe00>
"{'atak': ['11', '2', '18', '9', '14', '16', '12', '7', '3', '5', '8', '17', '15', '4', '19', '10', '0', '1', '13', '6']}",<built-in method values of dict object at 0x7f858e4afe00>
"{'atak': ['11', '2', '18', '9', '14', '16', '12', '7', '3', '5', '8', '17', '15', '4', '19', '10', '0', '1', '13', '6']}",<built-in method values of dict object at 0x7f858e4afe00>
"{'atak': ['11', '2', '18', '9', '14', '16', '12', '7', '3', '5', '8', '17', '15', '4', '19', '10', '0', '1', '13', '6']}",<built-in method values of dict object at 0x7f858e4afe00>
"{'atak': ['11', '2', '18', '9', '14', '16', '12', '7', '3', '5', '8', '17', '15', '4', '19', '10', '0', '1', '13', '6']}",<built-in method values of dict object at 0x7f858e4afe00>
"{'atak': ['11', '2', '18', '9', '14', '16', '12', '7', '3', '5', '8', '17', '15', '4', '19', '10', '0', '1', '13', '6']}",<built-in method values of dict object at 0x7f858e4afe00>
"{'atak': ['11', '2', '18', '9', '14', '16', '12', '7', '3', '5', '8', '17', '15', '4', '19', '10', '0', '1', '13', '6']}",<built-in method values of dict object at 0x7f858e4afe00>
"{'atak': ['11', '2', '18', '9', '14', '16', '12', '7', '3', '5', '8', '17', '15', '4', '19', '10', '0', '1', '13', '6']}",<built-in method values of dict object at 0x7f858e4afe00>
"{'atak': ['11', '2', '18', '9', '14', '16', '12', '7', '3', '5', '8', '17', '15', '4', '19', '10', '0', '1', '13', '6']}",<built-in method values of dict object at 0x7f858e4afe00>
"{'atak': ['11', '2', '18', '9', '14', '16', '12', '7', '3', '5', '8', '17', '15', '4', '19', '10', '0', '1', '13', '6']}",<built-in method values of dict object at 0x7f858e4afe00>
"{'atak': ['4', '15', '19', '5', '2', '12', '17', '10', '3', '6', '9', '11', '8', '13', '18', '0', '14', '1', '16', '7']}",<built-in method values of dict object at 0x7f858e2fb080>
"{'atak': ['4', '15', '19', '5', '2', '12', '17', '10', '3', '6', '9', '11', '8', '13', '18', '0', '14', '1', '16', '7']}",<built-in method values of dict object at 0x7f858e2fb080>
"{'atak': ['4', '15', '19', '5', '2', '12', '17', '10', '3', '6', '9', '11', '8', '13', '18', '0', '14', '1', '16', '7']}",<built-in method values of dict object at 0x7f858e2fb080>
"{'atak': ['4', '15', '19', '5', '2', '12', '17', '10', '3', '6', '9', '11', '8', '13', '18', '0', '14', '1', '16', '7']}",<built-in method values of dict object at 0x7f858e2fb080>
"{'atak': ['4', '15', '19', '5', '2', '12', '17', '10', '3', '6', '9', '11', '8', '13', '18', '0', '14', '1', '16', '7']}",<built-in method values of dict object at 0x7f858e2fb080>
"{'atak': ['4', '15', '19', '5', '2', '12', '17', '10', '3', '6', '9', '11', '8', '13', '18', '0', '14', '1', '16', '7']}",<built-in method values of dict object at 0x7f858e2fb080>
"{'atak': ['4', '15', '19', '5', '2', '12', '17', '10', '3', '6', '9', '11', '8', '13', '18', '0', '14', '1', '16', '7']}",<built-in method values of dict object at 0x7f858e2fb080>
"{'atak': ['4', '15', '19', '5', '2', '12', '17', '10', '3', '6', '9', '11', '8', '13', '18', '0', '14', '1', '16', '7']}",<built-in method values of dict object at 0x7f858e2fb080>
"{'atak': ['4', '15', '19', '5', '2', '12', '17', '10', '3', '6', '9', '11', '8', '13', '18', '0', '14', '1', '16', '7']}",<built-in method values of dict object at 0x7f858e2fb080>
"{'atak': ['4', '15', '19', '5', '2', '12', '17', '10', '3', '6', '9', '11', '8', '13', '18', '0', '14', '1', '16', '7']}",<built-in method values of dict object at 0x7f858e2fb080>
"{'atak': ['4', '15', '19', '5', '2', '12', '17', '10', '3', '6', '9', '11', '8', '13', '18', '0', '14', '1', '16', '7']}",<built-in method values of dict object at 0x7f858e2fb080>
"{'atak': ['4', '15', '19', '5', '2', '12', '17', '10', '3', '6', '9', '11', '8', '13', '18', '0', '14', '1', '16', '7']}",<built-in method values of dict object at 0x7f858e2fb080>
"{'atak': ['4', '15', '19', '5', '2', '12', '17', '10', '3', '6', '9', '11', '8', '13', '18', '0', '14', '1', '16', '7']}",<built-in method values of dict object at 0x7f858e2fb080>
"{'atak': ['4', '15', '19', '5', '2', '12', '17', '10', '3', '6', '9', '11', '8', '13', '18', '0', '14', '1', '16', '7']}",<built-in method values of dict object at 0x7f858e2fb080>
"{'atak': ['4', '15', '19', '5', '2', '12', '17', '10', '3', '6', '9', '11', '8', '13', '18', '0', '14', '1', '16', '7']}",<built-in method values of dict object at 0x7f858e2fb080>
"{'atak': ['4', '15', '19', '5', '2', '12', '17', '10', '3', '6', '9', '11', '8', '13', '18', '0', '14', '1', '16', '7']}",<built-in method values of dict object at 0x7f858e2fb080>
"{'atak': ['4', '15', '19', '5', '2', '12', '17', '10', '3', '6', '9', '11', '8', '13', '18', '0', '14', '1', '16', '7']}",<built-in method values of dict object at 0x7f858e2fb080>
"{'atak': ['4', '15', '19', '5', '2', '12', '17', '10', '3', '6', '9', '11', '8', '13', '18', '0', '14', '1', '16', '7']}",<built-in method values of dict object at 0x7f858e2fb080>
"{'atak': ['4', '15', '19', '5', '2', '12', '17', '10', '3', '6', '9', '11', '8', '13', '18', '0', '14', '1', '16', '7']}",<built-in method values of dict object at 0x7f858e2fb080>
"{'atak': ['4', '15', '19', '5', '2', '12', '17', '10', '3', '6', '9', '11', '8', '13', '18', '0', '14', '1', '16', '7']}",<built-in method values of dict object at 0x7f858e2fb080>
"{'atak': ['14', '6', '18', '9', '7', '8', '19', '10', '2', '17', '3', '13', '5', '4', '12', '15', '16', '0', '1', '11']}",<built-in method values of dict object at 0x7f858e30c9c0>
"{'atak': ['14', '6', '18', '9', '7', '8', '19', '10', '2', '17', '3', '13', '5', '4', '12', '15', '16', '0', '1', '11']}",<built-in method values of dict object at 0x7f858e30c9c0>
"{'atak': ['14', '6', '18', '9', '7', '8', '19', '10', '2', '17', '3', '13', '5', '4', '12', '15', '16', '0', '1', '11']}",<built-in method values of dict object at 0x7f858e30c9c0>
"{'atak': ['14', '6', '18', '9', '7', '8', '19', '10', '2', '17', '3', '13', '5', '4', '12', '15', '16', '0', '1', '11']}",<built-in method values of dict object at 0x7f858e30c9c0>
"{'atak': ['14', '6', '18', '9', '7', '8', '19', '10', '2', '17', '3', '13', '5', '4', '12', '15', '16', '0', '1', '11']}",<built-in method values of dict object at 0x7f858e30c9c0>
"{'atak': ['14', '6', '18', '9', '7', '8', '19', '10', '2', '17', '3', '13', '5', '4', '12', '15', '16', '0', '1', '11']}",<built-in method values of dict object at 0x7f858e30c9c0>
"{'atak': ['14', '6', '18', '9', '7', '8', '19', '10', '2', '17', '3', '13', '5', '4', '12', '15', '16', '0', '1', '11']}",<built-in method values of dict object at 0x7f858e30c9c0>
"{'atak': ['14', '6', '18', '9', '7', '8', '19', '10', '2', '17', '3', '13', '5', '4', '12', '15', '16', '0', '1', '11']}",<built-in method values of dict object at 0x7f858e30c9c0>
"{'atak': ['14', '6', '18', '9', '7', '8', '19', '10', '2', '17', '3', '13', '5', '4', '12', '15', '16', '0', '1', '11']}",<built-in method values of dict object at 0x7f858e30c9c0>
"{'atak': ['14', '6', '18', '9', '7', '8', '19', '10', '2', '17', '3', '13', '5', '4', '12', '15', '16', '0', '1', '11']}",<built-in method values of dict object at 0x7f858e30c9c0>
"{'atak': ['14', '6', '18', '9', '7', '8', '19', '10', '2', '17', '3', '13', '5', '4', '12', '15', '16', '0', '1', '11']}",<built-in method values of dict object at 0x7f858e30c9c0>
"{'atak': ['14', '6', '18', '9', '7', '8', '19', '10', '2', '17', '3', '13', '5', '4', '12', '15', '16', '0', '1', '11']}",<built-in method values of dict object at 0x7f858e30c9c0>
"{'atak': ['14', '6', '18', '9', '7', '8', '19', '10', '2', '17', '3', '13', '5', '4', '12', '15', '16', '0', '1', '11']}",<built-in method values of dict object at 0x7f858e30c9c0>
"{'atak': ['14', '6', '18', '9', '7', '8', '19', '10', '2', '17', '3', '13', '5', '4', '12', '15', '16', '0', '1', '11']}",<built-in method values of dict object at 0x7f858e30c9c0>
"{'atak': ['14', '6', '18', '9', '7', '8', '19', '10', '2', '17', '3', '13', '5', '4', '12', '15', '16', '0', '1', '11']}",<built-in method values of dict object at 0x7f858e30c9c0>
"{'atak': ['14', '6', '18', '9', '7', '8', '19', '10', '2', '17', '3', '13', '5', '4', '12', '15', '16', '0', '1', '11']}",<built-in method values of dict object at 0x7f858e30c9c0>
"{'atak': ['14', '6', '18', '9', '7', '8', '19', '10', '2', '17', '3', '13', '5', '4', '12', '15', '16', '0', '1', '11']}",<built-in method values of dict object at 0x7f858e30c9c0>
"{'atak': ['14', '6', '18', '9', '7', '8', '19', '10', '2', '17', '3', '13', '5', '4', '12', '15', '16', '0', '1', '11']}",<built-in method values of dict object at 0x7f858e30c9c0>
"{'atak': ['14', '6', '18', '9', '7', '8', '19', '10', '2', '17', '3', '13', '5', '4', '12', '15', '16', '0', '1', '11']}",<built-in method values of dict object at 0x7f858e30c9c0>
"{'atak': ['14', '6', '18', '9', '7', '8', '19', '10', '2', '17', '3', '13', '5', '4', '12', '15', '16', '0', '1', '11']}",<built-in method values of dict object at 0x7f858e30c9c0>
"{'atak': ['17', '5', '3', '9', '14', '6', '11', '10', '1', '18', '0', '19', '12', '15', '16', '2', '4', '7', '13', '8']}",<built-in method values of dict object at 0x7f858e2f6d00>
"{'atak': ['17', '5', '3', '9', '14', '6', '11', '10', '1', '18', '0', '19', '12', '15', '16', '2', '4', '7', '13', '8']}",<built-in method values of dict object at 0x7f858e2f6d00>
"{'atak': ['17', '5', '3', '9', '14', '6', '11', '10', '1', '18', '0', '19', '12', '15', '16', '2', '4', '7', '13', '8']}",<built-in method values of dict object at 0x7f858e2f6d00>
"{'atak': ['17', '5', '3', '9', '14', '6', '11', '10', '1', '18', '0', '19', '12', '15', '16', '2', '4', '7', '13', '8']}",<built-in method values of dict object at 0x7f858e2f6d00>
"{'atak': ['17', '5', '3', '9', '14', '6', '11', '10', '1', '18', '0', '19', '12', '15', '16', '2', '4', '7', '13', '8']}",<built-in method values of dict object at 0x7f858e2f6d00>
"{'atak': ['17', '5', '3', '9', '14', '6', '11', '10', '1', '18', '0', '19', '12', '15', '16', '2', '4', '7', '13', '8']}",<built-in method values of dict object at 0x7f858e2f6d00>
"{'atak': ['17', '5', '3', '9', '14', '6', '11', '10', '1', '18', '0', '19', '12', '15', '16', '2', '4', '7', '13', '8']}",<built-in method values of dict object at 0x7f858e2f6d00>
"{'atak': ['17', '5', '3', '9', '14', '6', '11', '10', '1', '18', '0', '19', '12', '15', '16', '2', '4', '7', '13', '8']}",<built-in method values of dict object at 0x7f858e2f6d00>
"{'atak': ['17', '5', '3', '9', '14', '6', '11', '10', '1', '18', '0', '19', '12', '15', '16', '2', '4', '7', '13', '8']}",<built-in method values of dict object at 0x7f858e2f6d00>
"{'atak': ['17', '5', '3', '9', '14', '6', '11', '10', '1', '18', '0', '19', '12', '15', '16', '2', '4', '7', '13', '8']}",<built-in method values of dict object at 0x7f858e2f6d00>
"{'atak': ['17', '5', '3', '9', '14', '6', '11', '10', '1', '18', '0', '19', '12', '15', '16', '2', '4', '7', '13', '8']}",<built-in method values of dict object at 0x7f858e2f6d00>
"{'atak': ['17', '5', '3', '9', '14', '6', '11', '10', '1', '18', '0', '19', '12', '15', '16', '2', '4', '7', '13', '8']}",<built-in method values of dict object at 0x7f858e2f6d00>
"{'atak': ['17', '5', '3', '9', '14', '6', '11', '10', '1', '18', '0', '19', '12', '15', '16', '2', '4', '7', '13', '8']}",<built-in method values of dict object at 0x7f858e2f6d00>
"{'atak': ['17', '5', '3', '9', '14', '6', '11', '10', '1', '18', '0', '19', '12', '15', '16', '2', '4', '7', '13', '8']}",<built-in method values of dict object at 0x7f858e2f6d00>
"{'atak': ['17', '5', '3', '9', '14', '6', '11', '10', '1', '18', '0', '19', '12', '15', '16', '2', '4', '7', '13', '8']}",<built-in method values of dict object at 0x7f858e2f6d00>
"{'atak': ['17', '5', '3', '9', '14', '6', '11', '10', '1', '18', '0', '19', '12', '15', '16', '2', '4', '7', '13', '8']}",<built-in method values of dict object at 0x7f858e2f6d00>
"{'atak': ['17', '5', '3', '9', '14', '6', '11', '10', '1', '18', '0', '19', '12', '15', '16', '2', '4', '7', '13', '8']}",<built-in method values of dict object at 0x7f858e2f6d00>
"{'atak': ['17', '5', '3', '9', '14', '6', '11', '10', '1', '18', '0', '19', '12', '15', '16', '2', '4', '7', '13', '8']}",<built-in method values of dict object at 0x7f858e2f6d00>
"{'atak': ['17', '5', '3', '9', '14', '6', '11', '10', '1', '18', '0', '19', '12', '15', '16', '2', '4', '7', '13', '8']}",<built-in method values of dict object at 0x7f858e2f6d00>
"{'atak': ['17', '5', '3', '9', '14', '6', '11', '10', '1', '18', '0', '19', '12', '15', '16', '2', '4', '7', '13', '8']}",<built-in method values of dict object at 0x7f858e2f6d00>
