{},<built-in method values of dict object at 0x7f6a64669580>
{},<built-in method values of dict object at 0x7f6a64669580>
{},<built-in method values of dict object at 0x7f6a64669580>
{},<built-in method values of dict object at 0x7f6a64669580>
{},<built-in method values of dict object at 0x7f6a64669580>
{},<built-in method values of dict object at 0x7f6a64669580>
{},<built-in method values of dict object at 0x7f6a64669580>
{},<built-in method values of dict object at 0x7f6a64669580>
{},<built-in method values of dict object at 0x7f6a64669580>
{},<built-in method values of dict object at 0x7f6a64669580>
{},<built-in method values of dict object at 0x7f6a64669580>
{},<built-in method values of dict object at 0x7f6a64669580>
{},<built-in method values of dict object at 0x7f6a64669580>
{},<built-in method values of dict object at 0x7f6a64669580>
{},<built-in method values of dict object at 0x7f6a64669580>
{},<built-in method values of dict object at 0x7f6a64669580>
{},<built-in method values of dict object at 0x7f6a64669580>
{},<built-in method values of dict object at 0x7f6a64669580>
{},<built-in method values of dict object at 0x7f6a64669580>
{},<built-in method values of dict object at 0x7f6a64669580>
"{'atak': ['2', '13', '19', '7', '6', '5', '14', '1', '8', '3', '17', '11', '10', '0', '16', '9', '18', '12', '15', '4']}",<built-in method values of dict object at 0x7f6a646c7f00>
"{'atak': ['2', '13', '19', '7', '6', '5', '14', '1', '8', '3', '17', '11', '10', '0', '16', '9', '18', '12', '15', '4']}",<built-in method values of dict object at 0x7f6a646c7f00>
"{'atak': ['2', '13', '19', '7', '6', '5', '14', '1', '8', '3', '17', '11', '10', '0', '16', '9', '18', '12', '15', '4']}",<built-in method values of dict object at 0x7f6a646c7f00>
"{'atak': ['2', '13', '19', '7', '6', '5', '14', '1', '8', '3', '17', '11', '10', '0', '16', '9', '18', '12', '15', '4']}",<built-in method values of dict object at 0x7f6a646c7f00>
"{'atak': ['2', '13', '19', '7', '6', '5', '14', '1', '8', '3', '17', '11', '10', '0', '16', '9', '18', '12', '15', '4']}",<built-in method values of dict object at 0x7f6a646c7f00>
"{'atak': ['2', '13', '19', '7', '6', '5', '14', '1', '8', '3', '17', '11', '10', '0', '16', '9', '18', '12', '15', '4']}",<built-in method values of dict object at 0x7f6a646c7f00>
"{'atak': ['2', '13', '19', '7', '6', '5', '14', '1', '8', '3', '17', '11', '10', '0', '16', '9', '18', '12', '15', '4']}",<built-in method values of dict object at 0x7f6a646c7f00>
"{'atak': ['2', '13', '19', '7', '6', '5', '14', '1', '8', '3', '17', '11', '10', '0', '16', '9', '18', '12', '15', '4']}",<built-in method values of dict object at 0x7f6a646c7f00>
"{'atak': ['2', '13', '19', '7', '6', '5', '14', '1', '8', '3', '17', '11', '10', '0', '16', '9', '18', '12', '15', '4']}",<built-in method values of dict object at 0x7f6a646c7f00>
"{'atak': ['2', '13', '19', '7', '6', '5', '14', '1', '8', '3', '17', '11', '10', '0', '16', '9', '18', '12', '15', '4']}",<built-in method values of dict object at 0x7f6a646c7f00>
"{'atak': ['2', '13', '19', '7', '6', '5', '14', '1', '8', '3', '17', '11', '10', '0', '16', '9', '18', '12', '15', '4']}",<built-in method values of dict object at 0x7f6a646c7f00>
"{'atak': ['2', '13', '19', '7', '6', '5', '14', '1', '8', '3', '17', '11', '10', '0', '16', '9', '18', '12', '15', '4']}",<built-in method values of dict object at 0x7f6a646c7f00>
"{'atak': ['2', '13', '19', '7', '6', '5', '14', '1', '8', '3', '17', '11', '10', '0', '16', '9', '18', '12', '15', '4']}",<built-in method values of dict object at 0x7f6a646c7f00>
"{'atak': ['2', '13', '19', '7', '6', '5', '14', '1', '8', '3', '17', '11', '10', '0', '16', '9', '18', '12', '15', '4']}",<built-in method values of dict object at 0x7f6a646c7f00>
"{'atak': ['2', '13', '19', '7', '6', '5', '14', '1', '8', '3', '17', '11', '10', '0', '16', '9', '18', '12', '15', '4']}",<built-in method values of dict object at 0x7f6a646c7f00>
"{'atak': ['2', '13', '19', '7', '6', '5', '14', '1', '8', '3', '17', '11', '10', '0', '16', '9', '18', '12', '15', '4']}",<built-in method values of dict object at 0x7f6a646c7f00>
"{'atak': ['2', '13', '19', '7', '6', '5', '14', '1', '8', '3', '17', '11', '10', '0', '16', '9', '18', '12', '15', '4']}",<built-in method values of dict object at 0x7f6a646c7f00>
"{'atak': ['2', '13', '19', '7', '6', '5', '14', '1', '8', '3', '17', '11', '10', '0', '16', '9', '18', '12', '15', '4']}",<built-in method values of dict object at 0x7f6a646c7f00>
"{'atak': ['2', '13', '19', '7', '6', '5', '14', '1', '8', '3', '17', '11', '10', '0', '16', '9', '18', '12', '15', '4']}",<built-in method values of dict object at 0x7f6a646c7f00>
"{'atak': ['2', '13', '19', '7', '6', '5', '14', '1', '8', '3', '17', '11', '10', '0', '16', '9', '18', '12', '15', '4']}",<built-in method values of dict object at 0x7f6a646c7f00>
"{'atak': ['12', '0', '15', '10', '16', '3', '7', '18', '19', '11', '5', '1', '13', '6', '4', '9', '17', '8', '14', '2']}",<built-in method values of dict object at 0x7f6a646ce900>
"{'atak': ['12', '0', '15', '10', '16', '3', '7', '18', '19', '11', '5', '1', '13', '6', '4', '9', '17', '8', '14', '2']}",<built-in method values of dict object at 0x7f6a646ce900>
"{'atak': ['12', '0', '15', '10', '16', '3', '7', '18', '19', '11', '5', '1', '13', '6', '4', '9', '17', '8', '14', '2']}",<built-in method values of dict object at 0x7f6a646ce900>
"{'atak': ['12', '0', '15', '10', '16', '3', '7', '18', '19', '11', '5', '1', '13', '6', '4', '9', '17', '8', '14', '2']}",<built-in method values of dict object at 0x7f6a646ce900>
"{'atak': ['12', '0', '15', '10', '16', '3', '7', '18', '19', '11', '5', '1', '13', '6', '4', '9', '17', '8', '14', '2']}",<built-in method values of dict object at 0x7f6a646ce900>
"{'atak': ['12', '0', '15', '10', '16', '3', '7', '18', '19', '11', '5', '1', '13', '6', '4', '9', '17', '8', '14', '2']}",<built-in method values of dict object at 0x7f6a646ce900>
"{'atak': ['12', '0', '15', '10', '16', '3', '7', '18', '19', '11', '5', '1', '13', '6', '4', '9', '17', '8', '14', '2']}",<built-in method values of dict object at 0x7f6a646ce900>
"{'atak': ['12', '0', '15', '10', '16', '3', '7', '18', '19', '11', '5', '1', '13', '6', '4', '9', '17', '8', '14', '2']}",<built-in method values of dict object at 0x7f6a646ce900>
"{'atak': ['12', '0', '15', '10', '16', '3', '7', '18', '19', '11', '5', '1', '13', '6', '4', '9', '17', '8', '14', '2']}",<built-in method values of dict object at 0x7f6a646ce900>
"{'atak': ['12', '0', '15', '10', '16', '3', '7', '18', '19', '11', '5', '1', '13', '6', '4', '9', '17', '8', '14', '2']}",<built-in method values of dict object at 0x7f6a646ce900>
"{'atak': ['12', '0', '15', '10', '16', '3', '7', '18', '19', '11', '5', '1', '13', '6', '4', '9', '17', '8', '14', '2']}",<built-in method values of dict object at 0x7f6a646ce900>
"{'atak': ['12', '0', '15', '10', '16', '3', '7', '18', '19', '11', '5', '1', '13', '6', '4', '9', '17', '8', '14', '2']}",<built-in method values of dict object at 0x7f6a646ce900>
"{'atak': ['12', '0', '15', '10', '16', '3', '7', '18', '19', '11', '5', '1', '13', '6', '4', '9', '17', '8', '14', '2']}",<built-in method values of dict object at 0x7f6a646ce900>
"{'atak': ['12', '0', '15', '10', '16', '3', '7', '18', '19', '11', '5', '1', '13', '6', '4', '9', '17', '8', '14', '2']}",<built-in method values of dict object at 0x7f6a646ce900>
"{'atak': ['12', '0', '15', '10', '16', '3', '7', '18', '19', '11', '5', '1', '13', '6', '4', '9', '17', '8', '14', '2']}",<built-in method values of dict object at 0x7f6a646ce900>
"{'atak': ['12', '0', '15', '10', '16', '3', '7', '18', '19', '11', '5', '1', '13', '6', '4', '9', '17', '8', '14', '2']}",<built-in method values of dict object at 0x7f6a646ce900>
"{'atak': ['12', '0', '15', '10', '16', '3', '7', '18', '19', '11', '5', '1', '13', '6', '4', '9', '17', '8', '14', '2']}",<built-in method values of dict object at 0x7f6a646ce900>
"{'atak': ['12', '0', '15', '10', '16', '3', '7', '18', '19', '11', '5', '1', '13', '6', '4', '9', '17', '8', '14', '2']}",<built-in method values of dict object at 0x7f6a646ce900>
"{'atak': ['12', '0', '15', '10', '16', '3', '7', '18', '19', '11', '5', '1', '13', '6', '4', '9', '17', '8', '14', '2']}",<built-in method values of dict object at 0x7f6a646ce900>
"{'atak': ['12', '0', '15', '10', '16', '3', '7', '18', '19', '11', '5', '1', '13', '6', '4', '9', '17', '8', '14', '2']}",<built-in method values of dict object at 0x7f6a646ce900>
"{'atak': ['19', '15', '11', '14', '2', '13', '0', '16', '9', '5', '18', '10', '17', '1', '12', '4', '3', '7', '6', '8']}",<built-in method values of dict object at 0x7f6a646dab00>
"{'atak': ['19', '15', '11', '14', '2', '13', '0', '16', '9', '5', '18', '10', '17', '1', '12', '4', '3', '7', '6', '8']}",<built-in method values of dict object at 0x7f6a646dab00>
"{'atak': ['19', '15', '11', '14', '2', '13', '0', '16', '9', '5', '18', '10', '17', '1', '12', '4', '3', '7', '6', '8']}",<built-in method values of dict object at 0x7f6a646dab00>
"{'atak': ['19', '15', '11', '14', '2', '13', '0', '16', '9', '5', '18', '10', '17', '1', '12', '4', '3', '7', '6', '8']}",<built-in method values of dict object at 0x7f6a646dab00>
"{'atak': ['19', '15', '11', '14', '2', '13', '0', '16', '9', '5', '18', '10', '17', '1', '12', '4', '3', '7', '6', '8']}",<built-in method values of dict object at 0x7f6a646dab00>
"{'atak': ['19', '15', '11', '14', '2', '13', '0', '16', '9', '5', '18', '10', '17', '1', '12', '4', '3', '7', '6', '8']}",<built-in method values of dict object at 0x7f6a646dab00>
"{'atak': ['19', '15', '11', '14', '2', '13', '0', '16', '9', '5', '18', '10', '17', '1', '12', '4', '3', '7', '6', '8']}",<built-in method values of dict object at 0x7f6a646dab00>
"{'atak': ['19', '15', '11', '14', '2', '13', '0', '16', '9', '5', '18', '10', '17', '1', '12', '4', '3', '7', '6', '8']}",<built-in method values of dict object at 0x7f6a646dab00>
"{'atak': ['19', '15', '11', '14', '2', '13', '0', '16', '9', '5', '18', '10', '17', '1', '12', '4', '3', '7', '6', '8']}",<built-in method values of dict object at 0x7f6a646dab00>
"{'atak': ['19', '15', '11', '14', '2', '13', '0', '16', '9', '5', '18', '10', '17', '1', '12', '4', '3', '7', '6', '8']}",<built-in method values of dict object at 0x7f6a646dab00>
"{'atak': ['19', '15', '11', '14', '2', '13', '0', '16', '9', '5', '18', '10', '17', '1', '12', '4', '3', '7', '6', '8']}",<built-in method values of dict object at 0x7f6a646dab00>
"{'atak': ['19', '15', '11', '14', '2', '13', '0', '16', '9', '5', '18', '10', '17', '1', '12', '4', '3', '7', '6', '8']}",<built-in method values of dict object at 0x7f6a646dab00>
"{'atak': ['19', '15', '11', '14', '2', '13', '0', '16', '9', '5', '18', '10', '17', '1', '12', '4', '3', '7', '6', '8']}",<built-in method values of dict object at 0x7f6a646dab00>
"{'atak': ['19', '15', '11', '14', '2', '13', '0', '16', '9', '5', '18', '10', '17', '1', '12', '4', '3', '7', '6', '8']}",<built-in method values of dict object at 0x7f6a646dab00>
"{'atak': ['19', '15', '11', '14', '2', '13', '0', '16', '9', '5', '18', '10', '17', '1', '12', '4', '3', '7', '6', '8']}",<built-in method values of dict object at 0x7f6a646dab00>
"{'atak': ['19', '15', '11', '14', '2', '13', '0', '16', '9', '5', '18', '10', '17', '1', '12', '4', '3', '7', '6', '8']}",<built-in method values of dict object at 0x7f6a646dab00>
"{'atak': ['19', '15', '11', '14', '2', '13', '0', '16', '9', '5', '18', '10', '17', '1', '12', '4', '3', '7', '6', '8']}",<built-in method values of dict object at 0x7f6a646dab00>
"{'atak': ['19', '15', '11', '14', '2', '13', '0', '16', '9', '5', '18', '10', '17', '1', '12', '4', '3', '7', '6', '8']}",<built-in method values of dict object at 0x7f6a646dab00>
"{'atak': ['19', '15', '11', '14', '2', '13', '0', '16', '9', '5', '18', '10', '17', '1', '12', '4', '3', '7', '6', '8']}",<built-in method values of dict object at 0x7f6a646dab00>
"{'atak': ['19', '15', '11', '14', '2', '13', '0', '16', '9', '5', '18', '10', '17', '1', '12', '4', '3', '7', '6', '8']}",<built-in method values of dict object at 0x7f6a646dab00>
"{'atak': ['4', '17', '11', '18', '8', '6', '13', '7', '2', '16', '19', '3', '10', '0', '1', '12', '5', '9', '14', '15']}",<built-in method values of dict object at 0x7f6a646ce980>
"{'atak': ['4', '17', '11', '18', '8', '6', '13', '7', '2', '16', '19', '3', '10', '0', '1', '12', '5', '9', '14', '15']}",<built-in method values of dict object at 0x7f6a646ce980>
"{'atak': ['4', '17', '11', '18', '8', '6', '13', '7', '2', '16', '19', '3', '10', '0', '1', '12', '5', '9', '14', '15']}",<built-in method values of dict object at 0x7f6a646ce980>
"{'atak': ['4', '17', '11', '18', '8', '6', '13', '7', '2', '16', '19', '3', '10', '0', '1', '12', '5', '9', '14', '15']}",<built-in method values of dict object at 0x7f6a646ce980>
"{'atak': ['4', '17', '11', '18', '8', '6', '13', '7', '2', '16', '19', '3', '10', '0', '1', '12', '5', '9', '14', '15']}",<built-in method values of dict object at 0x7f6a646ce980>
"{'atak': ['4', '17', '11', '18', '8', '6', '13', '7', '2', '16', '19', '3', '10', '0', '1', '12', '5', '9', '14', '15']}",<built-in method values of dict object at 0x7f6a646ce980>
"{'atak': ['4', '17', '11', '18', '8', '6', '13', '7', '2', '16', '19', '3', '10', '0', '1', '12', '5', '9', '14', '15']}",<built-in method values of dict object at 0x7f6a646ce980>
"{'atak': ['4', '17', '11', '18', '8', '6', '13', '7', '2', '16', '19', '3', '10', '0', '1', '12', '5', '9', '14', '15']}",<built-in method values of dict object at 0x7f6a646ce980>
"{'atak': ['4', '17', '11', '18', '8', '6', '13', '7', '2', '16', '19', '3', '10', '0', '1', '12', '5', '9', '14', '15']}",<built-in method values of dict object at 0x7f6a646ce980>
"{'atak': ['4', '17', '11', '18', '8', '6', '13', '7', '2', '16', '19', '3', '10', '0', '1', '12', '5', '9', '14', '15']}",<built-in method values of dict object at 0x7f6a646ce980>
"{'atak': ['4', '17', '11', '18', '8', '6', '13', '7', '2', '16', '19', '3', '10', '0', '1', '12', '5', '9', '14', '15']}",<built-in method values of dict object at 0x7f6a646ce980>
"{'atak': ['4', '17', '11', '18', '8', '6', '13', '7', '2', '16', '19', '3', '10', '0', '1', '12', '5', '9', '14', '15']}",<built-in method values of dict object at 0x7f6a646ce980>
"{'atak': ['4', '17', '11', '18', '8', '6', '13', '7', '2', '16', '19', '3', '10', '0', '1', '12', '5', '9', '14', '15']}",<built-in method values of dict object at 0x7f6a646ce980>
"{'atak': ['4', '17', '11', '18', '8', '6', '13', '7', '2', '16', '19', '3', '10', '0', '1', '12', '5', '9', '14', '15']}",<built-in method values of dict object at 0x7f6a646ce980>
"{'atak': ['4', '17', '11', '18', '8', '6', '13', '7', '2', '16', '19', '3', '10', '0', '1', '12', '5', '9', '14', '15']}",<built-in method values of dict object at 0x7f6a646ce980>
"{'atak': ['4', '17', '11', '18', '8', '6', '13', '7', '2', '16', '19', '3', '10', '0', '1', '12', '5', '9', '14', '15']}",<built-in method values of dict object at 0x7f6a646ce980>
"{'atak': ['4', '17', '11', '18', '8', '6', '13', '7', '2', '16', '19', '3', '10', '0', '1', '12', '5', '9', '14', '15']}",<built-in method values of dict object at 0x7f6a646ce980>
"{'atak': ['4', '17', '11', '18', '8', '6', '13', '7', '2', '16', '19', '3', '10', '0', '1', '12', '5', '9', '14', '15']}",<built-in method values of dict object at 0x7f6a646ce980>
"{'atak': ['4', '17', '11', '18', '8', '6', '13', '7', '2', '16', '19', '3', '10', '0', '1', '12', '5', '9', '14', '15']}",<built-in method values of dict object at 0x7f6a646ce980>
"{'atak': ['4', '17', '11', '18', '8', '6', '13', '7', '2', '16', '19', '3', '10', '0', '1', '12', '5', '9', '14', '15']}",<built-in method values of dict object at 0x7f6a646ce980>
"{'atak': ['12', '8', '11', '18', '17', '3', '9', '6', '1', '16', '19', '14', '2', '10', '0', '15', '4', '7', '13', '5']}",<built-in method values of dict object at 0x7f6a646c7fc0>
"{'atak': ['12', '8', '11', '18', '17', '3', '9', '6', '1', '16', '19', '14', '2', '10', '0', '15', '4', '7', '13', '5']}",<built-in method values of dict object at 0x7f6a646c7fc0>
"{'atak': ['12', '8', '11', '18', '17', '3', '9', '6', '1', '16', '19', '14', '2', '10', '0', '15', '4', '7', '13', '5']}",<built-in method values of dict object at 0x7f6a646c7fc0>
"{'atak': ['12', '8', '11', '18', '17', '3', '9', '6', '1', '16', '19', '14', '2', '10', '0', '15', '4', '7', '13', '5']}",<built-in method values of dict object at 0x7f6a646c7fc0>
"{'atak': ['12', '8', '11', '18', '17', '3', '9', '6', '1', '16', '19', '14', '2', '10', '0', '15', '4', '7', '13', '5']}",<built-in method values of dict object at 0x7f6a646c7fc0>
"{'atak': ['12', '8', '11', '18', '17', '3', '9', '6', '1', '16', '19', '14', '2', '10', '0', '15', '4', '7', '13', '5']}",<built-in method values of dict object at 0x7f6a646c7fc0>
"{'atak': ['12', '8', '11', '18', '17', '3', '9', '6', '1', '16', '19', '14', '2', '10', '0', '15', '4', '7', '13', '5']}",<built-in method values of dict object at 0x7f6a646c7fc0>
"{'atak': ['12', '8', '11', '18', '17', '3', '9', '6', '1', '16', '19', '14', '2', '10', '0', '15', '4', '7', '13', '5']}",<built-in method values of dict object at 0x7f6a646c7fc0>
"{'atak': ['12', '8', '11', '18', '17', '3', '9', '6', '1', '16', '19', '14', '2', '10', '0', '15', '4', '7', '13', '5']}",<built-in method values of dict object at 0x7f6a646c7fc0>
"{'atak': ['12', '8', '11', '18', '17', '3', '9', '6', '1', '16', '19', '14', '2', '10', '0', '15', '4', '7', '13', '5']}",<built-in method values of dict object at 0x7f6a646c7fc0>
"{'atak': ['12', '8', '11', '18', '17', '3', '9', '6', '1', '16', '19', '14', '2', '10', '0', '15', '4', '7', '13', '5']}",<built-in method values of dict object at 0x7f6a646c7fc0>
"{'atak': ['12', '8', '11', '18', '17', '3', '9', '6', '1', '16', '19', '14', '2', '10', '0', '15', '4', '7', '13', '5']}",<built-in method values of dict object at 0x7f6a646c7fc0>
"{'atak': ['12', '8', '11', '18', '17', '3', '9', '6', '1', '16', '19', '14', '2', '10', '0', '15', '4', '7', '13', '5']}",<built-in method values of dict object at 0x7f6a646c7fc0>
"{'atak': ['12', '8', '11', '18', '17', '3', '9', '6', '1', '16', '19', '14', '2', '10', '0', '15', '4', '7', '13', '5']}",<built-in method values of dict object at 0x7f6a646c7fc0>
"{'atak': ['12', '8', '11', '18', '17', '3', '9', '6', '1', '16', '19', '14', '2', '10', '0', '15', '4', '7', '13', '5']}",<built-in method values of dict object at 0x7f6a646c7fc0>
"{'atak': ['12', '8', '11', '18', '17', '3', '9', '6', '1', '16', '19', '14', '2', '10', '0', '15', '4', '7', '13', '5']}",<built-in method values of dict object at 0x7f6a646c7fc0>
"{'atak': ['12', '8', '11', '18', '17', '3', '9', '6', '1', '16', '19', '14', '2', '10', '0', '15', '4', '7', '13', '5']}",<built-in method values of dict object at 0x7f6a646c7fc0>
"{'atak': ['12', '8', '11', '18', '17', '3', '9', '6', '1', '16', '19', '14', '2', '10', '0', '15', '4', '7', '13', '5']}",<built-in method values of dict object at 0x7f6a646c7fc0>
"{'atak': ['12', '8', '11', '18', '17', '3', '9', '6', '1', '16', '19', '14', '2', '10', '0', '15', '4', '7', '13', '5']}",<built-in method values of dict object at 0x7f6a646c7fc0>
"{'atak': ['12', '8', '11', '18', '17', '3', '9', '6', '1', '16', '19', '14', '2', '10', '0', '15', '4', '7', '13', '5']}",<built-in method values of dict object at 0x7f6a646c7fc0>
"{'atak': ['2', '17', '5', '14', '0', '4', '7', '13', '16', '8', '15', '1', '6', '10', '18', '19', '3', '9', '12', '11']}",<built-in method values of dict object at 0x7f6a646c4d80>
"{'atak': ['2', '17', '5', '14', '0', '4', '7', '13', '16', '8', '15', '1', '6', '10', '18', '19', '3', '9', '12', '11']}",<built-in method values of dict object at 0x7f6a646c4d80>
"{'atak': ['2', '17', '5', '14', '0', '4', '7', '13', '16', '8', '15', '1', '6', '10', '18', '19', '3', '9', '12', '11']}",<built-in method values of dict object at 0x7f6a646c4d80>
"{'atak': ['2', '17', '5', '14', '0', '4', '7', '13', '16', '8', '15', '1', '6', '10', '18', '19', '3', '9', '12', '11']}",<built-in method values of dict object at 0x7f6a646c4d80>
"{'atak': ['2', '17', '5', '14', '0', '4', '7', '13', '16', '8', '15', '1', '6', '10', '18', '19', '3', '9', '12', '11']}",<built-in method values of dict object at 0x7f6a646c4d80>
"{'atak': ['2', '17', '5', '14', '0', '4', '7', '13', '16', '8', '15', '1', '6', '10', '18', '19', '3', '9', '12', '11']}",<built-in method values of dict object at 0x7f6a646c4d80>
"{'atak': ['2', '17', '5', '14', '0', '4', '7', '13', '16', '8', '15', '1', '6', '10', '18', '19', '3', '9', '12', '11']}",<built-in method values of dict object at 0x7f6a646c4d80>
"{'atak': ['2', '17', '5', '14', '0', '4', '7', '13', '16', '8', '15', '1', '6', '10', '18', '19', '3', '9', '12', '11']}",<built-in method values of dict object at 0x7f6a646c4d80>
"{'atak': ['2', '17', '5', '14', '0', '4', '7', '13', '16', '8', '15', '1', '6', '10', '18', '19', '3', '9', '12', '11']}",<built-in method values of dict object at 0x7f6a646c4d80>
"{'atak': ['2', '17', '5', '14', '0', '4', '7', '13', '16', '8', '15', '1', '6', '10', '18', '19', '3', '9', '12', '11']}",<built-in method values of dict object at 0x7f6a646c4d80>
"{'atak': ['2', '17', '5', '14', '0', '4', '7', '13', '16', '8', '15', '1', '6', '10', '18', '19', '3', '9', '12', '11']}",<built-in method values of dict object at 0x7f6a646c4d80>
"{'atak': ['2', '17', '5', '14', '0', '4', '7', '13', '16', '8', '15', '1', '6', '10', '18', '19', '3', '9', '12', '11']}",<built-in method values of dict object at 0x7f6a646c4d80>
"{'atak': ['2', '17', '5', '14', '0', '4', '7', '13', '16', '8', '15', '1', '6', '10', '18', '19', '3', '9', '12', '11']}",<built-in method values of dict object at 0x7f6a646c4d80>
"{'atak': ['2', '17', '5', '14', '0', '4', '7', '13', '16', '8', '15', '1', '6', '10', '18', '19', '3', '9', '12', '11']}",<built-in method values of dict object at 0x7f6a646c4d80>
"{'atak': ['2', '17', '5', '14', '0', '4', '7', '13', '16', '8', '15', '1', '6', '10', '18', '19', '3', '9', '12', '11']}",<built-in method values of dict object at 0x7f6a646c4d80>
"{'atak': ['2', '17', '5', '14', '0', '4', '7', '13', '16', '8', '15', '1', '6', '10', '18', '19', '3', '9', '12', '11']}",<built-in method values of dict object at 0x7f6a646c4d80>
"{'atak': ['2', '17', '5', '14', '0', '4', '7', '13', '16', '8', '15', '1', '6', '10', '18', '19', '3', '9', '12', '11']}",<built-in method values of dict object at 0x7f6a646c4d80>
"{'atak': ['2', '17', '5', '14', '0', '4', '7', '13', '16', '8', '15', '1', '6', '10', '18', '19', '3', '9', '12', '11']}",<built-in method values of dict object at 0x7f6a646c4d80>
"{'atak': ['2', '17', '5', '14', '0', '4', '7', '13', '16', '8', '15', '1', '6', '10', '18', '19', '3', '9', '12', '11']}",<built-in method values of dict object at 0x7f6a646c4d80>
"{'atak': ['2', '17', '5', '14', '0', '4', '7', '13', '16', '8', '15', '1', '6', '10', '18', '19', '3', '9', '12', '11']}",<built-in method values of dict object at 0x7f6a646c4d80>
"{'atak': ['12', '19', '10', '9', '15', '16', '14', '18', '11', '17', '13']}",<built-in method values of dict object at 0x7f6a646ddbc0>
"{'atak': ['12', '19', '10', '9', '15', '16', '14', '18', '11', '17', '13']}",<built-in method values of dict object at 0x7f6a646ddbc0>
"{'atak': ['12', '19', '10', '9', '15', '16', '14', '18', '11', '17', '13']}",<built-in method values of dict object at 0x7f6a646ddbc0>
"{'atak': ['12', '19', '10', '9', '15', '16', '14', '18', '11', '17', '13']}",<built-in method values of dict object at 0x7f6a646ddbc0>
"{'atak': ['12', '19', '10', '9', '15', '16', '14', '18', '11', '17', '13']}",<built-in method values of dict object at 0x7f6a646ddbc0>
"{'atak': ['12', '19', '10', '9', '15', '16', '14', '18', '11', '17', '13']}",<built-in method values of dict object at 0x7f6a646ddbc0>
"{'atak': ['12', '19', '10', '9', '15', '16', '14', '18', '11', '17', '13']}",<built-in method values of dict object at 0x7f6a646ddbc0>
"{'atak': ['12', '19', '10', '9', '15', '16', '14', '18', '11', '17', '13']}",<built-in method values of dict object at 0x7f6a646ddbc0>
"{'atak': ['12', '19', '10', '9', '15', '16', '14', '18', '11', '17', '13']}",<built-in method values of dict object at 0x7f6a646ddbc0>
"{'atak': ['12', '19', '10', '9', '15', '16', '14', '18', '11', '17', '13']}",<built-in method values of dict object at 0x7f6a646ddbc0>
"{'atak': ['12', '19', '10', '9', '15', '16', '14', '18', '11', '17', '13']}",<built-in method values of dict object at 0x7f6a646ddbc0>
"{'atak': ['12', '19', '10', '9', '15', '16', '14', '18', '11', '17', '13']}",<built-in method values of dict object at 0x7f6a646ddbc0>
"{'atak': ['12', '19', '10', '9', '15', '16', '14', '18', '11', '17', '13']}",<built-in method values of dict object at 0x7f6a646ddbc0>
"{'atak': ['12', '19', '10', '9', '15', '16', '14', '18', '11', '17', '13']}",<built-in method values of dict object at 0x7f6a646ddbc0>
"{'atak': ['12', '19', '10', '9', '15', '16', '14', '18', '11', '17', '13']}",<built-in method values of dict object at 0x7f6a646ddbc0>
"{'atak': ['12', '19', '10', '9', '15', '16', '14', '18', '11', '17', '13']}",<built-in method values of dict object at 0x7f6a646ddbc0>
"{'atak': ['12', '19', '10', '9', '15', '16', '14', '18', '11', '17', '13']}",<built-in method values of dict object at 0x7f6a646ddbc0>
"{'atak': ['12', '19', '10', '9', '15', '16', '14', '18', '11', '17', '13']}",<built-in method values of dict object at 0x7f6a646ddbc0>
"{'atak': ['12', '19', '10', '9', '15', '16', '14', '18', '11', '17', '13']}",<built-in method values of dict object at 0x7f6a646ddbc0>
"{'atak': ['12', '19', '10', '9', '15', '16', '14', '18', '11', '17', '13']}",<built-in method values of dict object at 0x7f6a646ddbc0>
"{'atak': ['15', '14', '16', '11', '12', '10', '17', '9', '19', '18', '13']}",<built-in method values of dict object at 0x7f6a646c7680>
"{'atak': ['15', '14', '16', '11', '12', '10', '17', '9', '19', '18', '13']}",<built-in method values of dict object at 0x7f6a646c7680>
"{'atak': ['15', '14', '16', '11', '12', '10', '17', '9', '19', '18', '13']}",<built-in method values of dict object at 0x7f6a646c7680>
"{'atak': ['15', '14', '16', '11', '12', '10', '17', '9', '19', '18', '13']}",<built-in method values of dict object at 0x7f6a646c7680>
"{'atak': ['15', '14', '16', '11', '12', '10', '17', '9', '19', '18', '13']}",<built-in method values of dict object at 0x7f6a646c7680>
"{'atak': ['15', '14', '16', '11', '12', '10', '17', '9', '19', '18', '13']}",<built-in method values of dict object at 0x7f6a646c7680>
"{'atak': ['15', '14', '16', '11', '12', '10', '17', '9', '19', '18', '13']}",<built-in method values of dict object at 0x7f6a646c7680>
"{'atak': ['15', '14', '16', '11', '12', '10', '17', '9', '19', '18', '13']}",<built-in method values of dict object at 0x7f6a646c7680>
"{'atak': ['15', '14', '16', '11', '12', '10', '17', '9', '19', '18', '13']}",<built-in method values of dict object at 0x7f6a646c7680>
"{'atak': ['15', '14', '16', '11', '12', '10', '17', '9', '19', '18', '13']}",<built-in method values of dict object at 0x7f6a646c7680>
"{'atak': ['15', '14', '16', '11', '12', '10', '17', '9', '19', '18', '13']}",<built-in method values of dict object at 0x7f6a646c7680>
"{'atak': ['15', '14', '16', '11', '12', '10', '17', '9', '19', '18', '13']}",<built-in method values of dict object at 0x7f6a646c7680>
"{'atak': ['15', '14', '16', '11', '12', '10', '17', '9', '19', '18', '13']}",<built-in method values of dict object at 0x7f6a646c7680>
"{'atak': ['15', '14', '16', '11', '12', '10', '17', '9', '19', '18', '13']}",<built-in method values of dict object at 0x7f6a646c7680>
"{'atak': ['15', '14', '16', '11', '12', '10', '17', '9', '19', '18', '13']}",<built-in method values of dict object at 0x7f6a646c7680>
"{'atak': ['15', '14', '16', '11', '12', '10', '17', '9', '19', '18', '13']}",<built-in method values of dict object at 0x7f6a646c7680>
"{'atak': ['15', '14', '16', '11', '12', '10', '17', '9', '19', '18', '13']}",<built-in method values of dict object at 0x7f6a646c7680>
"{'atak': ['15', '14', '16', '11', '12', '10', '17', '9', '19', '18', '13']}",<built-in method values of dict object at 0x7f6a646c7680>
"{'atak': ['15', '14', '16', '11', '12', '10', '17', '9', '19', '18', '13']}",<built-in method values of dict object at 0x7f6a646c7680>
"{'atak': ['15', '14', '16', '11', '12', '10', '17', '9', '19', '18', '13']}",<built-in method values of dict object at 0x7f6a646c7680>
"{'atak': ['17', '12', '16', '18', '10', '15', '9', '11', '19', '13', '14']}",<built-in method values of dict object at 0x7f6a646c6c80>
"{'atak': ['17', '12', '16', '18', '10', '15', '9', '11', '19', '13', '14']}",<built-in method values of dict object at 0x7f6a646c6c80>
"{'atak': ['17', '12', '16', '18', '10', '15', '9', '11', '19', '13', '14']}",<built-in method values of dict object at 0x7f6a646c6c80>
"{'atak': ['17', '12', '16', '18', '10', '15', '9', '11', '19', '13', '14']}",<built-in method values of dict object at 0x7f6a646c6c80>
"{'atak': ['17', '12', '16', '18', '10', '15', '9', '11', '19', '13', '14']}",<built-in method values of dict object at 0x7f6a646c6c80>
"{'atak': ['17', '12', '16', '18', '10', '15', '9', '11', '19', '13', '14']}",<built-in method values of dict object at 0x7f6a646c6c80>
"{'atak': ['17', '12', '16', '18', '10', '15', '9', '11', '19', '13', '14']}",<built-in method values of dict object at 0x7f6a646c6c80>
"{'atak': ['17', '12', '16', '18', '10', '15', '9', '11', '19', '13', '14']}",<built-in method values of dict object at 0x7f6a646c6c80>
"{'atak': ['17', '12', '16', '18', '10', '15', '9', '11', '19', '13', '14']}",<built-in method values of dict object at 0x7f6a646c6c80>
"{'atak': ['17', '12', '16', '18', '10', '15', '9', '11', '19', '13', '14']}",<built-in method values of dict object at 0x7f6a646c6c80>
"{'atak': ['17', '12', '16', '18', '10', '15', '9', '11', '19', '13', '14']}",<built-in method values of dict object at 0x7f6a646c6c80>
"{'atak': ['17', '12', '16', '18', '10', '15', '9', '11', '19', '13', '14']}",<built-in method values of dict object at 0x7f6a646c6c80>
"{'atak': ['17', '12', '16', '18', '10', '15', '9', '11', '19', '13', '14']}",<built-in method values of dict object at 0x7f6a646c6c80>
"{'atak': ['17', '12', '16', '18', '10', '15', '9', '11', '19', '13', '14']}",<built-in method values of dict object at 0x7f6a646c6c80>
"{'atak': ['17', '12', '16', '18', '10', '15', '9', '11', '19', '13', '14']}",<built-in method values of dict object at 0x7f6a646c6c80>
"{'atak': ['17', '12', '16', '18', '10', '15', '9', '11', '19', '13', '14']}",<built-in method values of dict object at 0x7f6a646c6c80>
"{'atak': ['17', '12', '16', '18', '10', '15', '9', '11', '19', '13', '14']}",<built-in method values of dict object at 0x7f6a646c6c80>
"{'atak': ['17', '12', '16', '18', '10', '15', '9', '11', '19', '13', '14']}",<built-in method values of dict object at 0x7f6a646c6c80>
"{'atak': ['17', '12', '16', '18', '10', '15', '9', '11', '19', '13', '14']}",<built-in method values of dict object at 0x7f6a646c6c80>
"{'atak': ['17', '12', '16', '18', '10', '15', '9', '11', '19', '13', '14']}",<built-in method values of dict object at 0x7f6a646c6c80>
"{'atak': ['9', '17', '10', '18', '12', '13', '16', '14', '19', '11', '15']}",<built-in method values of dict object at 0x7f6a63d85000>
"{'atak': ['9', '17', '10', '18', '12', '13', '16', '14', '19', '11', '15']}",<built-in method values of dict object at 0x7f6a63d85000>
"{'atak': ['9', '17', '10', '18', '12', '13', '16', '14', '19', '11', '15']}",<built-in method values of dict object at 0x7f6a63d85000>
"{'atak': ['9', '17', '10', '18', '12', '13', '16', '14', '19', '11', '15']}",<built-in method values of dict object at 0x7f6a63d85000>
"{'atak': ['9', '17', '10', '18', '12', '13', '16', '14', '19', '11', '15']}",<built-in method values of dict object at 0x7f6a63d85000>
"{'atak': ['9', '17', '10', '18', '12', '13', '16', '14', '19', '11', '15']}",<built-in method values of dict object at 0x7f6a63d85000>
"{'atak': ['9', '17', '10', '18', '12', '13', '16', '14', '19', '11', '15']}",<built-in method values of dict object at 0x7f6a63d85000>
"{'atak': ['9', '17', '10', '18', '12', '13', '16', '14', '19', '11', '15']}",<built-in method values of dict object at 0x7f6a63d85000>
"{'atak': ['9', '17', '10', '18', '12', '13', '16', '14', '19', '11', '15']}",<built-in method values of dict object at 0x7f6a63d85000>
"{'atak': ['9', '17', '10', '18', '12', '13', '16', '14', '19', '11', '15']}",<built-in method values of dict object at 0x7f6a63d85000>
"{'atak': ['9', '17', '10', '18', '12', '13', '16', '14', '19', '11', '15']}",<built-in method values of dict object at 0x7f6a63d85000>
"{'atak': ['9', '17', '10', '18', '12', '13', '16', '14', '19', '11', '15']}",<built-in method values of dict object at 0x7f6a63d85000>
"{'atak': ['9', '17', '10', '18', '12', '13', '16', '14', '19', '11', '15']}",<built-in method values of dict object at 0x7f6a63d85000>
"{'atak': ['9', '17', '10', '18', '12', '13', '16', '14', '19', '11', '15']}",<built-in method values of dict object at 0x7f6a63d85000>
"{'atak': ['9', '17', '10', '18', '12', '13', '16', '14', '19', '11', '15']}",<built-in method values of dict object at 0x7f6a63d85000>
"{'atak': ['9', '17', '10', '18', '12', '13', '16', '14', '19', '11', '15']}",<built-in method values of dict object at 0x7f6a63d85000>
"{'atak': ['9', '17', '10', '18', '12', '13', '16', '14', '19', '11', '15']}",<built-in method values of dict object at 0x7f6a63d85000>
"{'atak': ['9', '17', '10', '18', '12', '13', '16', '14', '19', '11', '15']}",<built-in method values of dict object at 0x7f6a63d85000>
"{'atak': ['9', '17', '10', '18', '12', '13', '16', '14', '19', '11', '15']}",<built-in method values of dict object at 0x7f6a63d85000>
"{'atak': ['9', '17', '10', '18', '12', '13', '16', '14', '19', '11', '15']}",<built-in method values of dict object at 0x7f6a63d85000>
"{'atak': ['19', '11', '18', '10', '16', '12', '14', '15', '9', '17', '13']}",<built-in method values of dict object at 0x7f6a6468f380>
"{'atak': ['19', '11', '18', '10', '16', '12', '14', '15', '9', '17', '13']}",<built-in method values of dict object at 0x7f6a6468f380>
"{'atak': ['19', '11', '18', '10', '16', '12', '14', '15', '9', '17', '13']}",<built-in method values of dict object at 0x7f6a6468f380>
"{'atak': ['19', '11', '18', '10', '16', '12', '14', '15', '9', '17', '13']}",<built-in method values of dict object at 0x7f6a6468f380>
"{'atak': ['19', '11', '18', '10', '16', '12', '14', '15', '9', '17', '13']}",<built-in method values of dict object at 0x7f6a6468f380>
"{'atak': ['19', '11', '18', '10', '16', '12', '14', '15', '9', '17', '13']}",<built-in method values of dict object at 0x7f6a6468f380>
"{'atak': ['19', '11', '18', '10', '16', '12', '14', '15', '9', '17', '13']}",<built-in method values of dict object at 0x7f6a6468f380>
"{'atak': ['19', '11', '18', '10', '16', '12', '14', '15', '9', '17', '13']}",<built-in method values of dict object at 0x7f6a6468f380>
"{'atak': ['19', '11', '18', '10', '16', '12', '14', '15', '9', '17', '13']}",<built-in method values of dict object at 0x7f6a6468f380>
"{'atak': ['19', '11', '18', '10', '16', '12', '14', '15', '9', '17', '13']}",<built-in method values of dict object at 0x7f6a6468f380>
"{'atak': ['19', '11', '18', '10', '16', '12', '14', '15', '9', '17', '13']}",<built-in method values of dict object at 0x7f6a6468f380>
"{'atak': ['19', '11', '18', '10', '16', '12', '14', '15', '9', '17', '13']}",<built-in method values of dict object at 0x7f6a6468f380>
"{'atak': ['19', '11', '18', '10', '16', '12', '14', '15', '9', '17', '13']}",<built-in method values of dict object at 0x7f6a6468f380>
"{'atak': ['19', '11', '18', '10', '16', '12', '14', '15', '9', '17', '13']}",<built-in method values of dict object at 0x7f6a6468f380>
"{'atak': ['19', '11', '18', '10', '16', '12', '14', '15', '9', '17', '13']}",<built-in method values of dict object at 0x7f6a6468f380>
"{'atak': ['19', '11', '18', '10', '16', '12', '14', '15', '9', '17', '13']}",<built-in method values of dict object at 0x7f6a6468f380>
"{'atak': ['19', '11', '18', '10', '16', '12', '14', '15', '9', '17', '13']}",<built-in method values of dict object at 0x7f6a6468f380>
"{'atak': ['19', '11', '18', '10', '16', '12', '14', '15', '9', '17', '13']}",<built-in method values of dict object at 0x7f6a6468f380>
"{'atak': ['19', '11', '18', '10', '16', '12', '14', '15', '9', '17', '13']}",<built-in method values of dict object at 0x7f6a6468f380>
"{'atak': ['19', '11', '18', '10', '16', '12', '14', '15', '9', '17', '13']}",<built-in method values of dict object at 0x7f6a6468f380>
"{'atak': ['16', '17', '15', '19', '18', '9', '11', '10', '13', '12', '14']}",<built-in method values of dict object at 0x7f6a646b15c0>
"{'atak': ['16', '17', '15', '19', '18', '9', '11', '10', '13', '12', '14']}",<built-in method values of dict object at 0x7f6a646b15c0>
"{'atak': ['16', '17', '15', '19', '18', '9', '11', '10', '13', '12', '14']}",<built-in method values of dict object at 0x7f6a646b15c0>
"{'atak': ['16', '17', '15', '19', '18', '9', '11', '10', '13', '12', '14']}",<built-in method values of dict object at 0x7f6a646b15c0>
"{'atak': ['16', '17', '15', '19', '18', '9', '11', '10', '13', '12', '14']}",<built-in method values of dict object at 0x7f6a646b15c0>
"{'atak': ['16', '17', '15', '19', '18', '9', '11', '10', '13', '12', '14']}",<built-in method values of dict object at 0x7f6a646b15c0>
"{'atak': ['16', '17', '15', '19', '18', '9', '11', '10', '13', '12', '14']}",<built-in method values of dict object at 0x7f6a646b15c0>
"{'atak': ['16', '17', '15', '19', '18', '9', '11', '10', '13', '12', '14']}",<built-in method values of dict object at 0x7f6a646b15c0>
"{'atak': ['16', '17', '15', '19', '18', '9', '11', '10', '13', '12', '14']}",<built-in method values of dict object at 0x7f6a646b15c0>
"{'atak': ['16', '17', '15', '19', '18', '9', '11', '10', '13', '12', '14']}",<built-in method values of dict object at 0x7f6a646b15c0>
"{'atak': ['16', '17', '15', '19', '18', '9', '11', '10', '13', '12', '14']}",<built-in method values of dict object at 0x7f6a646b15c0>
"{'atak': ['16', '17', '15', '19', '18', '9', '11', '10', '13', '12', '14']}",<built-in method values of dict object at 0x7f6a646b15c0>
"{'atak': ['16', '17', '15', '19', '18', '9', '11', '10', '13', '12', '14']}",<built-in method values of dict object at 0x7f6a646b15c0>
"{'atak': ['16', '17', '15', '19', '18', '9', '11', '10', '13', '12', '14']}",<built-in method values of dict object at 0x7f6a646b15c0>
"{'atak': ['16', '17', '15', '19', '18', '9', '11', '10', '13', '12', '14']}",<built-in method values of dict object at 0x7f6a646b15c0>
"{'atak': ['16', '17', '15', '19', '18', '9', '11', '10', '13', '12', '14']}",<built-in method values of dict object at 0x7f6a646b15c0>
"{'atak': ['16', '17', '15', '19', '18', '9', '11', '10', '13', '12', '14']}",<built-in method values of dict object at 0x7f6a646b15c0>
"{'atak': ['16', '17', '15', '19', '18', '9', '11', '10', '13', '12', '14']}",<built-in method values of dict object at 0x7f6a646b15c0>
"{'atak': ['16', '17', '15', '19', '18', '9', '11', '10', '13', '12', '14']}",<built-in method values of dict object at 0x7f6a646b15c0>
"{'atak': ['16', '17', '15', '19', '18', '9', '11', '10', '13', '12', '14']}",<built-in method values of dict object at 0x7f6a646b15c0>
"{'atak': ['17', '19', '12', '10', '14', '15', '11', '18', '16', '13', '9']}",<built-in method values of dict object at 0x7f6a646dfa00>
"{'atak': ['17', '19', '12', '10', '14', '15', '11', '18', '16', '13', '9']}",<built-in method values of dict object at 0x7f6a646dfa00>
"{'atak': ['17', '19', '12', '10', '14', '15', '11', '18', '16', '13', '9']}",<built-in method values of dict object at 0x7f6a646dfa00>
"{'atak': ['17', '19', '12', '10', '14', '15', '11', '18', '16', '13', '9']}",<built-in method values of dict object at 0x7f6a646dfa00>
"{'atak': ['17', '19', '12', '10', '14', '15', '11', '18', '16', '13', '9']}",<built-in method values of dict object at 0x7f6a646dfa00>
"{'atak': ['17', '19', '12', '10', '14', '15', '11', '18', '16', '13', '9']}",<built-in method values of dict object at 0x7f6a646dfa00>
"{'atak': ['17', '19', '12', '10', '14', '15', '11', '18', '16', '13', '9']}",<built-in method values of dict object at 0x7f6a646dfa00>
"{'atak': ['17', '19', '12', '10', '14', '15', '11', '18', '16', '13', '9']}",<built-in method values of dict object at 0x7f6a646dfa00>
"{'atak': ['17', '19', '12', '10', '14', '15', '11', '18', '16', '13', '9']}",<built-in method values of dict object at 0x7f6a646dfa00>
"{'atak': ['17', '19', '12', '10', '14', '15', '11', '18', '16', '13', '9']}",<built-in method values of dict object at 0x7f6a646dfa00>
"{'atak': ['17', '19', '12', '10', '14', '15', '11', '18', '16', '13', '9']}",<built-in method values of dict object at 0x7f6a646dfa00>
"{'atak': ['17', '19', '12', '10', '14', '15', '11', '18', '16', '13', '9']}",<built-in method values of dict object at 0x7f6a646dfa00>
"{'atak': ['17', '19', '12', '10', '14', '15', '11', '18', '16', '13', '9']}",<built-in method values of dict object at 0x7f6a646dfa00>
"{'atak': ['17', '19', '12', '10', '14', '15', '11', '18', '16', '13', '9']}",<built-in method values of dict object at 0x7f6a646dfa00>
"{'atak': ['17', '19', '12', '10', '14', '15', '11', '18', '16', '13', '9']}",<built-in method values of dict object at 0x7f6a646dfa00>
"{'atak': ['17', '19', '12', '10', '14', '15', '11', '18', '16', '13', '9']}",<built-in method values of dict object at 0x7f6a646dfa00>
"{'atak': ['17', '19', '12', '10', '14', '15', '11', '18', '16', '13', '9']}",<built-in method values of dict object at 0x7f6a646dfa00>
"{'atak': ['17', '19', '12', '10', '14', '15', '11', '18', '16', '13', '9']}",<built-in method values of dict object at 0x7f6a646dfa00>
"{'atak': ['17', '19', '12', '10', '14', '15', '11', '18', '16', '13', '9']}",<built-in method values of dict object at 0x7f6a646dfa00>
"{'atak': ['17', '19', '12', '10', '14', '15', '11', '18', '16', '13', '9']}",<built-in method values of dict object at 0x7f6a646dfa00>
"{'atak': ['15', '11', '16', '10', '17', '9', '12', '19', '13', '18', '14']}",<built-in method values of dict object at 0x7f6a646dd040>
"{'atak': ['15', '11', '16', '10', '17', '9', '12', '19', '13', '18', '14']}",<built-in method values of dict object at 0x7f6a646dd040>
"{'atak': ['15', '11', '16', '10', '17', '9', '12', '19', '13', '18', '14']}",<built-in method values of dict object at 0x7f6a646dd040>
"{'atak': ['15', '11', '16', '10', '17', '9', '12', '19', '13', '18', '14']}",<built-in method values of dict object at 0x7f6a646dd040>
"{'atak': ['15', '11', '16', '10', '17', '9', '12', '19', '13', '18', '14']}",<built-in method values of dict object at 0x7f6a646dd040>
"{'atak': ['15', '11', '16', '10', '17', '9', '12', '19', '13', '18', '14']}",<built-in method values of dict object at 0x7f6a646dd040>
"{'atak': ['15', '11', '16', '10', '17', '9', '12', '19', '13', '18', '14']}",<built-in method values of dict object at 0x7f6a646dd040>
"{'atak': ['15', '11', '16', '10', '17', '9', '12', '19', '13', '18', '14']}",<built-in method values of dict object at 0x7f6a646dd040>
"{'atak': ['15', '11', '16', '10', '17', '9', '12', '19', '13', '18', '14']}",<built-in method values of dict object at 0x7f6a646dd040>
"{'atak': ['15', '11', '16', '10', '17', '9', '12', '19', '13', '18', '14']}",<built-in method values of dict object at 0x7f6a646dd040>
"{'atak': ['15', '11', '16', '10', '17', '9', '12', '19', '13', '18', '14']}",<built-in method values of dict object at 0x7f6a646dd040>
"{'atak': ['15', '11', '16', '10', '17', '9', '12', '19', '13', '18', '14']}",<built-in method values of dict object at 0x7f6a646dd040>
"{'atak': ['15', '11', '16', '10', '17', '9', '12', '19', '13', '18', '14']}",<built-in method values of dict object at 0x7f6a646dd040>
"{'atak': ['15', '11', '16', '10', '17', '9', '12', '19', '13', '18', '14']}",<built-in method values of dict object at 0x7f6a646dd040>
"{'atak': ['15', '11', '16', '10', '17', '9', '12', '19', '13', '18', '14']}",<built-in method values of dict object at 0x7f6a646dd040>
"{'atak': ['15', '11', '16', '10', '17', '9', '12', '19', '13', '18', '14']}",<built-in method values of dict object at 0x7f6a646dd040>
"{'atak': ['15', '11', '16', '10', '17', '9', '12', '19', '13', '18', '14']}",<built-in method values of dict object at 0x7f6a646dd040>
"{'atak': ['15', '11', '16', '10', '17', '9', '12', '19', '13', '18', '14']}",<built-in method values of dict object at 0x7f6a646dd040>
"{'atak': ['15', '11', '16', '10', '17', '9', '12', '19', '13', '18', '14']}",<built-in method values of dict object at 0x7f6a646dd040>
"{'atak': ['15', '11', '16', '10', '17', '9', '12', '19', '13', '18', '14']}",<built-in method values of dict object at 0x7f6a646dd040>
"{'atak': ['18', '11', '12', '9', '16', '14', '15', '19', '17', '13', '10']}",<built-in method values of dict object at 0x7f6a646dc440>
"{'atak': ['18', '11', '12', '9', '16', '14', '15', '19', '17', '13', '10']}",<built-in method values of dict object at 0x7f6a646dc440>
"{'atak': ['18', '11', '12', '9', '16', '14', '15', '19', '17', '13', '10']}",<built-in method values of dict object at 0x7f6a646dc440>
"{'atak': ['18', '11', '12', '9', '16', '14', '15', '19', '17', '13', '10']}",<built-in method values of dict object at 0x7f6a646dc440>
"{'atak': ['18', '11', '12', '9', '16', '14', '15', '19', '17', '13', '10']}",<built-in method values of dict object at 0x7f6a646dc440>
"{'atak': ['18', '11', '12', '9', '16', '14', '15', '19', '17', '13', '10']}",<built-in method values of dict object at 0x7f6a646dc440>
"{'atak': ['18', '11', '12', '9', '16', '14', '15', '19', '17', '13', '10']}",<built-in method values of dict object at 0x7f6a646dc440>
"{'atak': ['18', '11', '12', '9', '16', '14', '15', '19', '17', '13', '10']}",<built-in method values of dict object at 0x7f6a646dc440>
"{'atak': ['18', '11', '12', '9', '16', '14', '15', '19', '17', '13', '10']}",<built-in method values of dict object at 0x7f6a646dc440>
"{'atak': ['18', '11', '12', '9', '16', '14', '15', '19', '17', '13', '10']}",<built-in method values of dict object at 0x7f6a646dc440>
"{'atak': ['18', '11', '12', '9', '16', '14', '15', '19', '17', '13', '10']}",<built-in method values of dict object at 0x7f6a646dc440>
"{'atak': ['18', '11', '12', '9', '16', '14', '15', '19', '17', '13', '10']}",<built-in method values of dict object at 0x7f6a646dc440>
"{'atak': ['18', '11', '12', '9', '16', '14', '15', '19', '17', '13', '10']}",<built-in method values of dict object at 0x7f6a646dc440>
"{'atak': ['18', '11', '12', '9', '16', '14', '15', '19', '17', '13', '10']}",<built-in method values of dict object at 0x7f6a646dc440>
"{'atak': ['18', '11', '12', '9', '16', '14', '15', '19', '17', '13', '10']}",<built-in method values of dict object at 0x7f6a646dc440>
"{'atak': ['18', '11', '12', '9', '16', '14', '15', '19', '17', '13', '10']}",<built-in method values of dict object at 0x7f6a646dc440>
"{'atak': ['18', '11', '12', '9', '16', '14', '15', '19', '17', '13', '10']}",<built-in method values of dict object at 0x7f6a646dc440>
"{'atak': ['18', '11', '12', '9', '16', '14', '15', '19', '17', '13', '10']}",<built-in method values of dict object at 0x7f6a646dc440>
"{'atak': ['18', '11', '12', '9', '16', '14', '15', '19', '17', '13', '10']}",<built-in method values of dict object at 0x7f6a646dc440>
"{'atak': ['18', '11', '12', '9', '16', '14', '15', '19', '17', '13', '10']}",<built-in method values of dict object at 0x7f6a646dc440>
"{'atak': ['15', '19', '10', '14', '16', '13', '11', '18', '12', '17', '9']}",<built-in method values of dict object at 0x7f6a63d86000>
"{'atak': ['15', '19', '10', '14', '16', '13', '11', '18', '12', '17', '9']}",<built-in method values of dict object at 0x7f6a63d86000>
"{'atak': ['15', '19', '10', '14', '16', '13', '11', '18', '12', '17', '9']}",<built-in method values of dict object at 0x7f6a63d86000>
"{'atak': ['15', '19', '10', '14', '16', '13', '11', '18', '12', '17', '9']}",<built-in method values of dict object at 0x7f6a63d86000>
"{'atak': ['15', '19', '10', '14', '16', '13', '11', '18', '12', '17', '9']}",<built-in method values of dict object at 0x7f6a63d86000>
"{'atak': ['15', '19', '10', '14', '16', '13', '11', '18', '12', '17', '9']}",<built-in method values of dict object at 0x7f6a63d86000>
"{'atak': ['15', '19', '10', '14', '16', '13', '11', '18', '12', '17', '9']}",<built-in method values of dict object at 0x7f6a63d86000>
"{'atak': ['15', '19', '10', '14', '16', '13', '11', '18', '12', '17', '9']}",<built-in method values of dict object at 0x7f6a63d86000>
"{'atak': ['15', '19', '10', '14', '16', '13', '11', '18', '12', '17', '9']}",<built-in method values of dict object at 0x7f6a63d86000>
"{'atak': ['15', '19', '10', '14', '16', '13', '11', '18', '12', '17', '9']}",<built-in method values of dict object at 0x7f6a63d86000>
"{'atak': ['15', '19', '10', '14', '16', '13', '11', '18', '12', '17', '9']}",<built-in method values of dict object at 0x7f6a63d86000>
"{'atak': ['15', '19', '10', '14', '16', '13', '11', '18', '12', '17', '9']}",<built-in method values of dict object at 0x7f6a63d86000>
"{'atak': ['15', '19', '10', '14', '16', '13', '11', '18', '12', '17', '9']}",<built-in method values of dict object at 0x7f6a63d86000>
"{'atak': ['15', '19', '10', '14', '16', '13', '11', '18', '12', '17', '9']}",<built-in method values of dict object at 0x7f6a63d86000>
"{'atak': ['15', '19', '10', '14', '16', '13', '11', '18', '12', '17', '9']}",<built-in method values of dict object at 0x7f6a63d86000>
"{'atak': ['15', '19', '10', '14', '16', '13', '11', '18', '12', '17', '9']}",<built-in method values of dict object at 0x7f6a63d86000>
"{'atak': ['15', '19', '10', '14', '16', '13', '11', '18', '12', '17', '9']}",<built-in method values of dict object at 0x7f6a63d86000>
"{'atak': ['15', '19', '10', '14', '16', '13', '11', '18', '12', '17', '9']}",<built-in method values of dict object at 0x7f6a63d86000>
"{'atak': ['15', '19', '10', '14', '16', '13', '11', '18', '12', '17', '9']}",<built-in method values of dict object at 0x7f6a63d86000>
"{'atak': ['15', '19', '10', '14', '16', '13', '11', '18', '12', '17', '9']}",<built-in method values of dict object at 0x7f6a63d86000>
"{'atak': ['14', '12', '13', '11', '15', '17', '18', '9', '16', '19', '10']}",<built-in method values of dict object at 0x7f6a63d1da00>
"{'atak': ['14', '12', '13', '11', '15', '17', '18', '9', '16', '19', '10']}",<built-in method values of dict object at 0x7f6a63d1da00>
"{'atak': ['14', '12', '13', '11', '15', '17', '18', '9', '16', '19', '10']}",<built-in method values of dict object at 0x7f6a63d1da00>
"{'atak': ['14', '12', '13', '11', '15', '17', '18', '9', '16', '19', '10']}",<built-in method values of dict object at 0x7f6a63d1da00>
"{'atak': ['14', '12', '13', '11', '15', '17', '18', '9', '16', '19', '10']}",<built-in method values of dict object at 0x7f6a63d1da00>
"{'atak': ['14', '12', '13', '11', '15', '17', '18', '9', '16', '19', '10']}",<built-in method values of dict object at 0x7f6a63d1da00>
"{'atak': ['14', '12', '13', '11', '15', '17', '18', '9', '16', '19', '10']}",<built-in method values of dict object at 0x7f6a63d1da00>
"{'atak': ['14', '12', '13', '11', '15', '17', '18', '9', '16', '19', '10']}",<built-in method values of dict object at 0x7f6a63d1da00>
"{'atak': ['14', '12', '13', '11', '15', '17', '18', '9', '16', '19', '10']}",<built-in method values of dict object at 0x7f6a63d1da00>
"{'atak': ['14', '12', '13', '11', '15', '17', '18', '9', '16', '19', '10']}",<built-in method values of dict object at 0x7f6a63d1da00>
"{'atak': ['14', '12', '13', '11', '15', '17', '18', '9', '16', '19', '10']}",<built-in method values of dict object at 0x7f6a63d1da00>
"{'atak': ['14', '12', '13', '11', '15', '17', '18', '9', '16', '19', '10']}",<built-in method values of dict object at 0x7f6a63d1da00>
"{'atak': ['14', '12', '13', '11', '15', '17', '18', '9', '16', '19', '10']}",<built-in method values of dict object at 0x7f6a63d1da00>
"{'atak': ['14', '12', '13', '11', '15', '17', '18', '9', '16', '19', '10']}",<built-in method values of dict object at 0x7f6a63d1da00>
"{'atak': ['14', '12', '13', '11', '15', '17', '18', '9', '16', '19', '10']}",<built-in method values of dict object at 0x7f6a63d1da00>
"{'atak': ['14', '12', '13', '11', '15', '17', '18', '9', '16', '19', '10']}",<built-in method values of dict object at 0x7f6a63d1da00>
"{'atak': ['14', '12', '13', '11', '15', '17', '18', '9', '16', '19', '10']}",<built-in method values of dict object at 0x7f6a63d1da00>
"{'atak': ['14', '12', '13', '11', '15', '17', '18', '9', '16', '19', '10']}",<built-in method values of dict object at 0x7f6a63d1da00>
"{'atak': ['14', '12', '13', '11', '15', '17', '18', '9', '16', '19', '10']}",<built-in method values of dict object at 0x7f6a63d1da00>
"{'atak': ['14', '12', '13', '11', '15', '17', '18', '9', '16', '19', '10']}",<built-in method values of dict object at 0x7f6a63d1da00>
"{'atak': ['12', '15', '11', '13', '19', '14', '9', '16', '17', '18', '10']}",<built-in method values of dict object at 0x7f6a63d96180>
"{'atak': ['12', '15', '11', '13', '19', '14', '9', '16', '17', '18', '10']}",<built-in method values of dict object at 0x7f6a63d96180>
"{'atak': ['12', '15', '11', '13', '19', '14', '9', '16', '17', '18', '10']}",<built-in method values of dict object at 0x7f6a63d96180>
"{'atak': ['12', '15', '11', '13', '19', '14', '9', '16', '17', '18', '10']}",<built-in method values of dict object at 0x7f6a63d96180>
"{'atak': ['12', '15', '11', '13', '19', '14', '9', '16', '17', '18', '10']}",<built-in method values of dict object at 0x7f6a63d96180>
"{'atak': ['12', '15', '11', '13', '19', '14', '9', '16', '17', '18', '10']}",<built-in method values of dict object at 0x7f6a63d96180>
"{'atak': ['12', '15', '11', '13', '19', '14', '9', '16', '17', '18', '10']}",<built-in method values of dict object at 0x7f6a63d96180>
"{'atak': ['12', '15', '11', '13', '19', '14', '9', '16', '17', '18', '10']}",<built-in method values of dict object at 0x7f6a63d96180>
"{'atak': ['12', '15', '11', '13', '19', '14', '9', '16', '17', '18', '10']}",<built-in method values of dict object at 0x7f6a63d96180>
"{'atak': ['12', '15', '11', '13', '19', '14', '9', '16', '17', '18', '10']}",<built-in method values of dict object at 0x7f6a63d96180>
"{'atak': ['12', '15', '11', '13', '19', '14', '9', '16', '17', '18', '10']}",<built-in method values of dict object at 0x7f6a63d96180>
"{'atak': ['12', '15', '11', '13', '19', '14', '9', '16', '17', '18', '10']}",<built-in method values of dict object at 0x7f6a63d96180>
"{'atak': ['12', '15', '11', '13', '19', '14', '9', '16', '17', '18', '10']}",<built-in method values of dict object at 0x7f6a63d96180>
"{'atak': ['12', '15', '11', '13', '19', '14', '9', '16', '17', '18', '10']}",<built-in method values of dict object at 0x7f6a63d96180>
"{'atak': ['12', '15', '11', '13', '19', '14', '9', '16', '17', '18', '10']}",<built-in method values of dict object at 0x7f6a63d96180>
"{'atak': ['12', '15', '11', '13', '19', '14', '9', '16', '17', '18', '10']}",<built-in method values of dict object at 0x7f6a63d96180>
"{'atak': ['12', '15', '11', '13', '19', '14', '9', '16', '17', '18', '10']}",<built-in method values of dict object at 0x7f6a63d96180>
"{'atak': ['12', '15', '11', '13', '19', '14', '9', '16', '17', '18', '10']}",<built-in method values of dict object at 0x7f6a63d96180>
"{'atak': ['12', '15', '11', '13', '19', '14', '9', '16', '17', '18', '10']}",<built-in method values of dict object at 0x7f6a63d96180>
"{'atak': ['12', '15', '11', '13', '19', '14', '9', '16', '17', '18', '10']}",<built-in method values of dict object at 0x7f6a63d96180>
"{'atak': ['13', '14', '15', '9', '16', '11', '10', '12', '19', '17', '18']}",<built-in method values of dict object at 0x7f6a646df900>
"{'atak': ['13', '14', '15', '9', '16', '11', '10', '12', '19', '17', '18']}",<built-in method values of dict object at 0x7f6a646df900>
"{'atak': ['13', '14', '15', '9', '16', '11', '10', '12', '19', '17', '18']}",<built-in method values of dict object at 0x7f6a646df900>
"{'atak': ['13', '14', '15', '9', '16', '11', '10', '12', '19', '17', '18']}",<built-in method values of dict object at 0x7f6a646df900>
"{'atak': ['13', '14', '15', '9', '16', '11', '10', '12', '19', '17', '18']}",<built-in method values of dict object at 0x7f6a646df900>
"{'atak': ['13', '14', '15', '9', '16', '11', '10', '12', '19', '17', '18']}",<built-in method values of dict object at 0x7f6a646df900>
"{'atak': ['13', '14', '15', '9', '16', '11', '10', '12', '19', '17', '18']}",<built-in method values of dict object at 0x7f6a646df900>
"{'atak': ['13', '14', '15', '9', '16', '11', '10', '12', '19', '17', '18']}",<built-in method values of dict object at 0x7f6a646df900>
"{'atak': ['13', '14', '15', '9', '16', '11', '10', '12', '19', '17', '18']}",<built-in method values of dict object at 0x7f6a646df900>
"{'atak': ['13', '14', '15', '9', '16', '11', '10', '12', '19', '17', '18']}",<built-in method values of dict object at 0x7f6a646df900>
"{'atak': ['13', '14', '15', '9', '16', '11', '10', '12', '19', '17', '18']}",<built-in method values of dict object at 0x7f6a646df900>
"{'atak': ['13', '14', '15', '9', '16', '11', '10', '12', '19', '17', '18']}",<built-in method values of dict object at 0x7f6a646df900>
"{'atak': ['13', '14', '15', '9', '16', '11', '10', '12', '19', '17', '18']}",<built-in method values of dict object at 0x7f6a646df900>
"{'atak': ['13', '14', '15', '9', '16', '11', '10', '12', '19', '17', '18']}",<built-in method values of dict object at 0x7f6a646df900>
"{'atak': ['13', '14', '15', '9', '16', '11', '10', '12', '19', '17', '18']}",<built-in method values of dict object at 0x7f6a646df900>
"{'atak': ['13', '14', '15', '9', '16', '11', '10', '12', '19', '17', '18']}",<built-in method values of dict object at 0x7f6a646df900>
"{'atak': ['13', '14', '15', '9', '16', '11', '10', '12', '19', '17', '18']}",<built-in method values of dict object at 0x7f6a646df900>
"{'atak': ['13', '14', '15', '9', '16', '11', '10', '12', '19', '17', '18']}",<built-in method values of dict object at 0x7f6a646df900>
"{'atak': ['13', '14', '15', '9', '16', '11', '10', '12', '19', '17', '18']}",<built-in method values of dict object at 0x7f6a646df900>
"{'atak': ['13', '14', '15', '9', '16', '11', '10', '12', '19', '17', '18']}",<built-in method values of dict object at 0x7f6a646df900>
