{},<built-in method values of dict object at 0x7f6f5a62ab80>
{},<built-in method values of dict object at 0x7f6f5a62ab80>
{},<built-in method values of dict object at 0x7f6f5a62ab80>
{},<built-in method values of dict object at 0x7f6f5a62ab80>
{},<built-in method values of dict object at 0x7f6f5a62ab80>
{},<built-in method values of dict object at 0x7f6f5a62ab80>
{},<built-in method values of dict object at 0x7f6f5a62ab80>
{},<built-in method values of dict object at 0x7f6f5a62ab80>
{},<built-in method values of dict object at 0x7f6f5a62ab80>
{},<built-in method values of dict object at 0x7f6f5a62ab80>
{},<built-in method values of dict object at 0x7f6f5a62ab80>
{},<built-in method values of dict object at 0x7f6f5a62ab80>
{},<built-in method values of dict object at 0x7f6f5a62ab80>
{},<built-in method values of dict object at 0x7f6f5a62ab80>
{},<built-in method values of dict object at 0x7f6f5a62ab80>
{},<built-in method values of dict object at 0x7f6f5a62ab80>
{},<built-in method values of dict object at 0x7f6f5a62ab80>
{},<built-in method values of dict object at 0x7f6f5a62ab80>
{},<built-in method values of dict object at 0x7f6f5a62ab80>
{},<built-in method values of dict object at 0x7f6f5a62ab80>
"{'atak': ['11', '9', '0', '5', '7', '1', '2', '8', '18', '13', '19', '17', '15', '6', '3', '12', '4', '10', '16', '14']}",<built-in method values of dict object at 0x7f6f5a653200>
"{'atak': ['11', '9', '0', '5', '7', '1', '2', '8', '18', '13', '19', '17', '15', '6', '3', '12', '4', '10', '16', '14']}",<built-in method values of dict object at 0x7f6f5a653200>
"{'atak': ['11', '9', '0', '5', '7', '1', '2', '8', '18', '13', '19', '17', '15', '6', '3', '12', '4', '10', '16', '14']}",<built-in method values of dict object at 0x7f6f5a653200>
"{'atak': ['11', '9', '0', '5', '7', '1', '2', '8', '18', '13', '19', '17', '15', '6', '3', '12', '4', '10', '16', '14']}",<built-in method values of dict object at 0x7f6f5a653200>
"{'atak': ['11', '9', '0', '5', '7', '1', '2', '8', '18', '13', '19', '17', '15', '6', '3', '12', '4', '10', '16', '14']}",<built-in method values of dict object at 0x7f6f5a653200>
"{'atak': ['11', '9', '0', '5', '7', '1', '2', '8', '18', '13', '19', '17', '15', '6', '3', '12', '4', '10', '16', '14']}",<built-in method values of dict object at 0x7f6f5a653200>
"{'atak': ['11', '9', '0', '5', '7', '1', '2', '8', '18', '13', '19', '17', '15', '6', '3', '12', '4', '10', '16', '14']}",<built-in method values of dict object at 0x7f6f5a653200>
"{'atak': ['11', '9', '0', '5', '7', '1', '2', '8', '18', '13', '19', '17', '15', '6', '3', '12', '4', '10', '16', '14']}",<built-in method values of dict object at 0x7f6f5a653200>
"{'atak': ['11', '9', '0', '5', '7', '1', '2', '8', '18', '13', '19', '17', '15', '6', '3', '12', '4', '10', '16', '14']}",<built-in method values of dict object at 0x7f6f5a653200>
"{'atak': ['11', '9', '0', '5', '7', '1', '2', '8', '18', '13', '19', '17', '15', '6', '3', '12', '4', '10', '16', '14']}",<built-in method values of dict object at 0x7f6f5a653200>
"{'atak': ['11', '9', '0', '5', '7', '1', '2', '8', '18', '13', '19', '17', '15', '6', '3', '12', '4', '10', '16', '14']}",<built-in method values of dict object at 0x7f6f5a653200>
"{'atak': ['11', '9', '0', '5', '7', '1', '2', '8', '18', '13', '19', '17', '15', '6', '3', '12', '4', '10', '16', '14']}",<built-in method values of dict object at 0x7f6f5a653200>
"{'atak': ['11', '9', '0', '5', '7', '1', '2', '8', '18', '13', '19', '17', '15', '6', '3', '12', '4', '10', '16', '14']}",<built-in method values of dict object at 0x7f6f5a653200>
"{'atak': ['11', '9', '0', '5', '7', '1', '2', '8', '18', '13', '19', '17', '15', '6', '3', '12', '4', '10', '16', '14']}",<built-in method values of dict object at 0x7f6f5a653200>
"{'atak': ['11', '9', '0', '5', '7', '1', '2', '8', '18', '13', '19', '17', '15', '6', '3', '12', '4', '10', '16', '14']}",<built-in method values of dict object at 0x7f6f5a653200>
"{'atak': ['11', '9', '0', '5', '7', '1', '2', '8', '18', '13', '19', '17', '15', '6', '3', '12', '4', '10', '16', '14']}",<built-in method values of dict object at 0x7f6f5a653200>
"{'atak': ['11', '9', '0', '5', '7', '1', '2', '8', '18', '13', '19', '17', '15', '6', '3', '12', '4', '10', '16', '14']}",<built-in method values of dict object at 0x7f6f5a653200>
"{'atak': ['11', '9', '0', '5', '7', '1', '2', '8', '18', '13', '19', '17', '15', '6', '3', '12', '4', '10', '16', '14']}",<built-in method values of dict object at 0x7f6f5a653200>
"{'atak': ['11', '9', '0', '5', '7', '1', '2', '8', '18', '13', '19', '17', '15', '6', '3', '12', '4', '10', '16', '14']}",<built-in method values of dict object at 0x7f6f5a653200>
"{'atak': ['11', '9', '0', '5', '7', '1', '2', '8', '18', '13', '19', '17', '15', '6', '3', '12', '4', '10', '16', '14']}",<built-in method values of dict object at 0x7f6f5a653200>
"{'atak': ['13', '4', '3', '16', '10', '7', '17', '2', '9', '15', '12', '11', '1', '5', '6', '19', '8', '14', '18', '0']}",<built-in method values of dict object at 0x7f6f5a62a800>
"{'atak': ['13', '4', '3', '16', '10', '7', '17', '2', '9', '15', '12', '11', '1', '5', '6', '19', '8', '14', '18', '0']}",<built-in method values of dict object at 0x7f6f5a62a800>
"{'atak': ['13', '4', '3', '16', '10', '7', '17', '2', '9', '15', '12', '11', '1', '5', '6', '19', '8', '14', '18', '0']}",<built-in method values of dict object at 0x7f6f5a62a800>
"{'atak': ['13', '4', '3', '16', '10', '7', '17', '2', '9', '15', '12', '11', '1', '5', '6', '19', '8', '14', '18', '0']}",<built-in method values of dict object at 0x7f6f5a62a800>
"{'atak': ['13', '4', '3', '16', '10', '7', '17', '2', '9', '15', '12', '11', '1', '5', '6', '19', '8', '14', '18', '0']}",<built-in method values of dict object at 0x7f6f5a62a800>
"{'atak': ['13', '4', '3', '16', '10', '7', '17', '2', '9', '15', '12', '11', '1', '5', '6', '19', '8', '14', '18', '0']}",<built-in method values of dict object at 0x7f6f5a62a800>
"{'atak': ['13', '4', '3', '16', '10', '7', '17', '2', '9', '15', '12', '11', '1', '5', '6', '19', '8', '14', '18', '0']}",<built-in method values of dict object at 0x7f6f5a62a800>
"{'atak': ['13', '4', '3', '16', '10', '7', '17', '2', '9', '15', '12', '11', '1', '5', '6', '19', '8', '14', '18', '0']}",<built-in method values of dict object at 0x7f6f5a62a800>
"{'atak': ['13', '4', '3', '16', '10', '7', '17', '2', '9', '15', '12', '11', '1', '5', '6', '19', '8', '14', '18', '0']}",<built-in method values of dict object at 0x7f6f5a62a800>
"{'atak': ['13', '4', '3', '16', '10', '7', '17', '2', '9', '15', '12', '11', '1', '5', '6', '19', '8', '14', '18', '0']}",<built-in method values of dict object at 0x7f6f5a62a800>
"{'atak': ['13', '4', '3', '16', '10', '7', '17', '2', '9', '15', '12', '11', '1', '5', '6', '19', '8', '14', '18', '0']}",<built-in method values of dict object at 0x7f6f5a62a800>
"{'atak': ['13', '4', '3', '16', '10', '7', '17', '2', '9', '15', '12', '11', '1', '5', '6', '19', '8', '14', '18', '0']}",<built-in method values of dict object at 0x7f6f5a62a800>
"{'atak': ['13', '4', '3', '16', '10', '7', '17', '2', '9', '15', '12', '11', '1', '5', '6', '19', '8', '14', '18', '0']}",<built-in method values of dict object at 0x7f6f5a62a800>
"{'atak': ['13', '4', '3', '16', '10', '7', '17', '2', '9', '15', '12', '11', '1', '5', '6', '19', '8', '14', '18', '0']}",<built-in method values of dict object at 0x7f6f5a62a800>
"{'atak': ['13', '4', '3', '16', '10', '7', '17', '2', '9', '15', '12', '11', '1', '5', '6', '19', '8', '14', '18', '0']}",<built-in method values of dict object at 0x7f6f5a62a800>
"{'atak': ['13', '4', '3', '16', '10', '7', '17', '2', '9', '15', '12', '11', '1', '5', '6', '19', '8', '14', '18', '0']}",<built-in method values of dict object at 0x7f6f5a62a800>
"{'atak': ['13', '4', '3', '16', '10', '7', '17', '2', '9', '15', '12', '11', '1', '5', '6', '19', '8', '14', '18', '0']}",<built-in method values of dict object at 0x7f6f5a62a800>
"{'atak': ['13', '4', '3', '16', '10', '7', '17', '2', '9', '15', '12', '11', '1', '5', '6', '19', '8', '14', '18', '0']}",<built-in method values of dict object at 0x7f6f5a62a800>
"{'atak': ['13', '4', '3', '16', '10', '7', '17', '2', '9', '15', '12', '11', '1', '5', '6', '19', '8', '14', '18', '0']}",<built-in method values of dict object at 0x7f6f5a62a800>
"{'atak': ['13', '4', '3', '16', '10', '7', '17', '2', '9', '15', '12', '11', '1', '5', '6', '19', '8', '14', '18', '0']}",<built-in method values of dict object at 0x7f6f5a62a800>
"{'atak': ['13', '12', '17', '19', '3', '2', '4', '5', '11', '8', '15', '7', '14', '0', '10', '6', '16', '18', '9', '1']}",<built-in method values of dict object at 0x7f6e79c91900>
"{'atak': ['13', '12', '17', '19', '3', '2', '4', '5', '11', '8', '15', '7', '14', '0', '10', '6', '16', '18', '9', '1']}",<built-in method values of dict object at 0x7f6e79c91900>
"{'atak': ['13', '12', '17', '19', '3', '2', '4', '5', '11', '8', '15', '7', '14', '0', '10', '6', '16', '18', '9', '1']}",<built-in method values of dict object at 0x7f6e79c91900>
"{'atak': ['13', '12', '17', '19', '3', '2', '4', '5', '11', '8', '15', '7', '14', '0', '10', '6', '16', '18', '9', '1']}",<built-in method values of dict object at 0x7f6e79c91900>
"{'atak': ['13', '12', '17', '19', '3', '2', '4', '5', '11', '8', '15', '7', '14', '0', '10', '6', '16', '18', '9', '1']}",<built-in method values of dict object at 0x7f6e79c91900>
"{'atak': ['13', '12', '17', '19', '3', '2', '4', '5', '11', '8', '15', '7', '14', '0', '10', '6', '16', '18', '9', '1']}",<built-in method values of dict object at 0x7f6e79c91900>
"{'atak': ['13', '12', '17', '19', '3', '2', '4', '5', '11', '8', '15', '7', '14', '0', '10', '6', '16', '18', '9', '1']}",<built-in method values of dict object at 0x7f6e79c91900>
"{'atak': ['13', '12', '17', '19', '3', '2', '4', '5', '11', '8', '15', '7', '14', '0', '10', '6', '16', '18', '9', '1']}",<built-in method values of dict object at 0x7f6e79c91900>
"{'atak': ['13', '12', '17', '19', '3', '2', '4', '5', '11', '8', '15', '7', '14', '0', '10', '6', '16', '18', '9', '1']}",<built-in method values of dict object at 0x7f6e79c91900>
"{'atak': ['13', '12', '17', '19', '3', '2', '4', '5', '11', '8', '15', '7', '14', '0', '10', '6', '16', '18', '9', '1']}",<built-in method values of dict object at 0x7f6e79c91900>
"{'atak': ['13', '12', '17', '19', '3', '2', '4', '5', '11', '8', '15', '7', '14', '0', '10', '6', '16', '18', '9', '1']}",<built-in method values of dict object at 0x7f6e79c91900>
"{'atak': ['13', '12', '17', '19', '3', '2', '4', '5', '11', '8', '15', '7', '14', '0', '10', '6', '16', '18', '9', '1']}",<built-in method values of dict object at 0x7f6e79c91900>
"{'atak': ['13', '12', '17', '19', '3', '2', '4', '5', '11', '8', '15', '7', '14', '0', '10', '6', '16', '18', '9', '1']}",<built-in method values of dict object at 0x7f6e79c91900>
"{'atak': ['13', '12', '17', '19', '3', '2', '4', '5', '11', '8', '15', '7', '14', '0', '10', '6', '16', '18', '9', '1']}",<built-in method values of dict object at 0x7f6e79c91900>
"{'atak': ['13', '12', '17', '19', '3', '2', '4', '5', '11', '8', '15', '7', '14', '0', '10', '6', '16', '18', '9', '1']}",<built-in method values of dict object at 0x7f6e79c91900>
"{'atak': ['13', '12', '17', '19', '3', '2', '4', '5', '11', '8', '15', '7', '14', '0', '10', '6', '16', '18', '9', '1']}",<built-in method values of dict object at 0x7f6e79c91900>
"{'atak': ['13', '12', '17', '19', '3', '2', '4', '5', '11', '8', '15', '7', '14', '0', '10', '6', '16', '18', '9', '1']}",<built-in method values of dict object at 0x7f6e79c91900>
"{'atak': ['13', '12', '17', '19', '3', '2', '4', '5', '11', '8', '15', '7', '14', '0', '10', '6', '16', '18', '9', '1']}",<built-in method values of dict object at 0x7f6e79c91900>
"{'atak': ['13', '12', '17', '19', '3', '2', '4', '5', '11', '8', '15', '7', '14', '0', '10', '6', '16', '18', '9', '1']}",<built-in method values of dict object at 0x7f6e79c91900>
"{'atak': ['13', '12', '17', '19', '3', '2', '4', '5', '11', '8', '15', '7', '14', '0', '10', '6', '16', '18', '9', '1']}",<built-in method values of dict object at 0x7f6e79c91900>
"{'atak': ['7', '1', '6', '0', '11', '12', '18', '3', '10', '13', '2', '19', '8', '17', '15', '4', '9', '5', '14', '16']}",<built-in method values of dict object at 0x7f6f5a651b40>
"{'atak': ['7', '1', '6', '0', '11', '12', '18', '3', '10', '13', '2', '19', '8', '17', '15', '4', '9', '5', '14', '16']}",<built-in method values of dict object at 0x7f6f5a651b40>
"{'atak': ['7', '1', '6', '0', '11', '12', '18', '3', '10', '13', '2', '19', '8', '17', '15', '4', '9', '5', '14', '16']}",<built-in method values of dict object at 0x7f6f5a651b40>
"{'atak': ['7', '1', '6', '0', '11', '12', '18', '3', '10', '13', '2', '19', '8', '17', '15', '4', '9', '5', '14', '16']}",<built-in method values of dict object at 0x7f6f5a651b40>
"{'atak': ['7', '1', '6', '0', '11', '12', '18', '3', '10', '13', '2', '19', '8', '17', '15', '4', '9', '5', '14', '16']}",<built-in method values of dict object at 0x7f6f5a651b40>
"{'atak': ['7', '1', '6', '0', '11', '12', '18', '3', '10', '13', '2', '19', '8', '17', '15', '4', '9', '5', '14', '16']}",<built-in method values of dict object at 0x7f6f5a651b40>
"{'atak': ['7', '1', '6', '0', '11', '12', '18', '3', '10', '13', '2', '19', '8', '17', '15', '4', '9', '5', '14', '16']}",<built-in method values of dict object at 0x7f6f5a651b40>
"{'atak': ['7', '1', '6', '0', '11', '12', '18', '3', '10', '13', '2', '19', '8', '17', '15', '4', '9', '5', '14', '16']}",<built-in method values of dict object at 0x7f6f5a651b40>
"{'atak': ['7', '1', '6', '0', '11', '12', '18', '3', '10', '13', '2', '19', '8', '17', '15', '4', '9', '5', '14', '16']}",<built-in method values of dict object at 0x7f6f5a651b40>
"{'atak': ['7', '1', '6', '0', '11', '12', '18', '3', '10', '13', '2', '19', '8', '17', '15', '4', '9', '5', '14', '16']}",<built-in method values of dict object at 0x7f6f5a651b40>
"{'atak': ['7', '1', '6', '0', '11', '12', '18', '3', '10', '13', '2', '19', '8', '17', '15', '4', '9', '5', '14', '16']}",<built-in method values of dict object at 0x7f6f5a651b40>
"{'atak': ['7', '1', '6', '0', '11', '12', '18', '3', '10', '13', '2', '19', '8', '17', '15', '4', '9', '5', '14', '16']}",<built-in method values of dict object at 0x7f6f5a651b40>
"{'atak': ['7', '1', '6', '0', '11', '12', '18', '3', '10', '13', '2', '19', '8', '17', '15', '4', '9', '5', '14', '16']}",<built-in method values of dict object at 0x7f6f5a651b40>
"{'atak': ['7', '1', '6', '0', '11', '12', '18', '3', '10', '13', '2', '19', '8', '17', '15', '4', '9', '5', '14', '16']}",<built-in method values of dict object at 0x7f6f5a651b40>
"{'atak': ['7', '1', '6', '0', '11', '12', '18', '3', '10', '13', '2', '19', '8', '17', '15', '4', '9', '5', '14', '16']}",<built-in method values of dict object at 0x7f6f5a651b40>
"{'atak': ['7', '1', '6', '0', '11', '12', '18', '3', '10', '13', '2', '19', '8', '17', '15', '4', '9', '5', '14', '16']}",<built-in method values of dict object at 0x7f6f5a651b40>
"{'atak': ['7', '1', '6', '0', '11', '12', '18', '3', '10', '13', '2', '19', '8', '17', '15', '4', '9', '5', '14', '16']}",<built-in method values of dict object at 0x7f6f5a651b40>
"{'atak': ['7', '1', '6', '0', '11', '12', '18', '3', '10', '13', '2', '19', '8', '17', '15', '4', '9', '5', '14', '16']}",<built-in method values of dict object at 0x7f6f5a651b40>
"{'atak': ['7', '1', '6', '0', '11', '12', '18', '3', '10', '13', '2', '19', '8', '17', '15', '4', '9', '5', '14', '16']}",<built-in method values of dict object at 0x7f6f5a651b40>
"{'atak': ['7', '1', '6', '0', '11', '12', '18', '3', '10', '13', '2', '19', '8', '17', '15', '4', '9', '5', '14', '16']}",<built-in method values of dict object at 0x7f6f5a651b40>
"{'atak': ['3', '2', '8', '17', '6', '13', '10', '11', '0', '19', '12', '15', '16', '1', '14', '18', '5', '9', '4', '7']}",<built-in method values of dict object at 0x7f6f5a6d56c0>
"{'atak': ['3', '2', '8', '17', '6', '13', '10', '11', '0', '19', '12', '15', '16', '1', '14', '18', '5', '9', '4', '7']}",<built-in method values of dict object at 0x7f6f5a6d56c0>
"{'atak': ['3', '2', '8', '17', '6', '13', '10', '11', '0', '19', '12', '15', '16', '1', '14', '18', '5', '9', '4', '7']}",<built-in method values of dict object at 0x7f6f5a6d56c0>
"{'atak': ['3', '2', '8', '17', '6', '13', '10', '11', '0', '19', '12', '15', '16', '1', '14', '18', '5', '9', '4', '7']}",<built-in method values of dict object at 0x7f6f5a6d56c0>
"{'atak': ['3', '2', '8', '17', '6', '13', '10', '11', '0', '19', '12', '15', '16', '1', '14', '18', '5', '9', '4', '7']}",<built-in method values of dict object at 0x7f6f5a6d56c0>
"{'atak': ['3', '2', '8', '17', '6', '13', '10', '11', '0', '19', '12', '15', '16', '1', '14', '18', '5', '9', '4', '7']}",<built-in method values of dict object at 0x7f6f5a6d56c0>
"{'atak': ['3', '2', '8', '17', '6', '13', '10', '11', '0', '19', '12', '15', '16', '1', '14', '18', '5', '9', '4', '7']}",<built-in method values of dict object at 0x7f6f5a6d56c0>
"{'atak': ['3', '2', '8', '17', '6', '13', '10', '11', '0', '19', '12', '15', '16', '1', '14', '18', '5', '9', '4', '7']}",<built-in method values of dict object at 0x7f6f5a6d56c0>
"{'atak': ['3', '2', '8', '17', '6', '13', '10', '11', '0', '19', '12', '15', '16', '1', '14', '18', '5', '9', '4', '7']}",<built-in method values of dict object at 0x7f6f5a6d56c0>
"{'atak': ['3', '2', '8', '17', '6', '13', '10', '11', '0', '19', '12', '15', '16', '1', '14', '18', '5', '9', '4', '7']}",<built-in method values of dict object at 0x7f6f5a6d56c0>
"{'atak': ['3', '2', '8', '17', '6', '13', '10', '11', '0', '19', '12', '15', '16', '1', '14', '18', '5', '9', '4', '7']}",<built-in method values of dict object at 0x7f6f5a6d56c0>
"{'atak': ['3', '2', '8', '17', '6', '13', '10', '11', '0', '19', '12', '15', '16', '1', '14', '18', '5', '9', '4', '7']}",<built-in method values of dict object at 0x7f6f5a6d56c0>
"{'atak': ['3', '2', '8', '17', '6', '13', '10', '11', '0', '19', '12', '15', '16', '1', '14', '18', '5', '9', '4', '7']}",<built-in method values of dict object at 0x7f6f5a6d56c0>
"{'atak': ['3', '2', '8', '17', '6', '13', '10', '11', '0', '19', '12', '15', '16', '1', '14', '18', '5', '9', '4', '7']}",<built-in method values of dict object at 0x7f6f5a6d56c0>
"{'atak': ['3', '2', '8', '17', '6', '13', '10', '11', '0', '19', '12', '15', '16', '1', '14', '18', '5', '9', '4', '7']}",<built-in method values of dict object at 0x7f6f5a6d56c0>
"{'atak': ['3', '2', '8', '17', '6', '13', '10', '11', '0', '19', '12', '15', '16', '1', '14', '18', '5', '9', '4', '7']}",<built-in method values of dict object at 0x7f6f5a6d56c0>
"{'atak': ['3', '2', '8', '17', '6', '13', '10', '11', '0', '19', '12', '15', '16', '1', '14', '18', '5', '9', '4', '7']}",<built-in method values of dict object at 0x7f6f5a6d56c0>
"{'atak': ['3', '2', '8', '17', '6', '13', '10', '11', '0', '19', '12', '15', '16', '1', '14', '18', '5', '9', '4', '7']}",<built-in method values of dict object at 0x7f6f5a6d56c0>
"{'atak': ['3', '2', '8', '17', '6', '13', '10', '11', '0', '19', '12', '15', '16', '1', '14', '18', '5', '9', '4', '7']}",<built-in method values of dict object at 0x7f6f5a6d56c0>
"{'atak': ['3', '2', '8', '17', '6', '13', '10', '11', '0', '19', '12', '15', '16', '1', '14', '18', '5', '9', '4', '7']}",<built-in method values of dict object at 0x7f6f5a6d56c0>
"{'atak': ['7', '9', '0', '5', '4', '18', '2', '8', '16', '14', '10', '12', '15', '19', '3', '6', '17', '1', '13', '11']}",<built-in method values of dict object at 0x7f6f5a68cd80>
"{'atak': ['7', '9', '0', '5', '4', '18', '2', '8', '16', '14', '10', '12', '15', '19', '3', '6', '17', '1', '13', '11']}",<built-in method values of dict object at 0x7f6f5a68cd80>
"{'atak': ['7', '9', '0', '5', '4', '18', '2', '8', '16', '14', '10', '12', '15', '19', '3', '6', '17', '1', '13', '11']}",<built-in method values of dict object at 0x7f6f5a68cd80>
"{'atak': ['7', '9', '0', '5', '4', '18', '2', '8', '16', '14', '10', '12', '15', '19', '3', '6', '17', '1', '13', '11']}",<built-in method values of dict object at 0x7f6f5a68cd80>
"{'atak': ['7', '9', '0', '5', '4', '18', '2', '8', '16', '14', '10', '12', '15', '19', '3', '6', '17', '1', '13', '11']}",<built-in method values of dict object at 0x7f6f5a68cd80>
"{'atak': ['7', '9', '0', '5', '4', '18', '2', '8', '16', '14', '10', '12', '15', '19', '3', '6', '17', '1', '13', '11']}",<built-in method values of dict object at 0x7f6f5a68cd80>
"{'atak': ['7', '9', '0', '5', '4', '18', '2', '8', '16', '14', '10', '12', '15', '19', '3', '6', '17', '1', '13', '11']}",<built-in method values of dict object at 0x7f6f5a68cd80>
"{'atak': ['7', '9', '0', '5', '4', '18', '2', '8', '16', '14', '10', '12', '15', '19', '3', '6', '17', '1', '13', '11']}",<built-in method values of dict object at 0x7f6f5a68cd80>
"{'atak': ['7', '9', '0', '5', '4', '18', '2', '8', '16', '14', '10', '12', '15', '19', '3', '6', '17', '1', '13', '11']}",<built-in method values of dict object at 0x7f6f5a68cd80>
"{'atak': ['7', '9', '0', '5', '4', '18', '2', '8', '16', '14', '10', '12', '15', '19', '3', '6', '17', '1', '13', '11']}",<built-in method values of dict object at 0x7f6f5a68cd80>
"{'atak': ['7', '9', '0', '5', '4', '18', '2', '8', '16', '14', '10', '12', '15', '19', '3', '6', '17', '1', '13', '11']}",<built-in method values of dict object at 0x7f6f5a68cd80>
"{'atak': ['7', '9', '0', '5', '4', '18', '2', '8', '16', '14', '10', '12', '15', '19', '3', '6', '17', '1', '13', '11']}",<built-in method values of dict object at 0x7f6f5a68cd80>
"{'atak': ['7', '9', '0', '5', '4', '18', '2', '8', '16', '14', '10', '12', '15', '19', '3', '6', '17', '1', '13', '11']}",<built-in method values of dict object at 0x7f6f5a68cd80>
"{'atak': ['7', '9', '0', '5', '4', '18', '2', '8', '16', '14', '10', '12', '15', '19', '3', '6', '17', '1', '13', '11']}",<built-in method values of dict object at 0x7f6f5a68cd80>
"{'atak': ['7', '9', '0', '5', '4', '18', '2', '8', '16', '14', '10', '12', '15', '19', '3', '6', '17', '1', '13', '11']}",<built-in method values of dict object at 0x7f6f5a68cd80>
"{'atak': ['7', '9', '0', '5', '4', '18', '2', '8', '16', '14', '10', '12', '15', '19', '3', '6', '17', '1', '13', '11']}",<built-in method values of dict object at 0x7f6f5a68cd80>
"{'atak': ['7', '9', '0', '5', '4', '18', '2', '8', '16', '14', '10', '12', '15', '19', '3', '6', '17', '1', '13', '11']}",<built-in method values of dict object at 0x7f6f5a68cd80>
"{'atak': ['7', '9', '0', '5', '4', '18', '2', '8', '16', '14', '10', '12', '15', '19', '3', '6', '17', '1', '13', '11']}",<built-in method values of dict object at 0x7f6f5a68cd80>
"{'atak': ['7', '9', '0', '5', '4', '18', '2', '8', '16', '14', '10', '12', '15', '19', '3', '6', '17', '1', '13', '11']}",<built-in method values of dict object at 0x7f6f5a68cd80>
"{'atak': ['7', '9', '0', '5', '4', '18', '2', '8', '16', '14', '10', '12', '15', '19', '3', '6', '17', '1', '13', '11']}",<built-in method values of dict object at 0x7f6f5a68cd80>
"{'atak': ['15', '10', '12', '4', '5', '6', '16', '1', '0', '9', '7', '17', '11', '2', '19', '8', '3', '18', '14', '13']}",<built-in method values of dict object at 0x7f6f5a68fb00>
"{'atak': ['15', '10', '12', '4', '5', '6', '16', '1', '0', '9', '7', '17', '11', '2', '19', '8', '3', '18', '14', '13']}",<built-in method values of dict object at 0x7f6f5a68fb00>
"{'atak': ['15', '10', '12', '4', '5', '6', '16', '1', '0', '9', '7', '17', '11', '2', '19', '8', '3', '18', '14', '13']}",<built-in method values of dict object at 0x7f6f5a68fb00>
"{'atak': ['15', '10', '12', '4', '5', '6', '16', '1', '0', '9', '7', '17', '11', '2', '19', '8', '3', '18', '14', '13']}",<built-in method values of dict object at 0x7f6f5a68fb00>
"{'atak': ['15', '10', '12', '4', '5', '6', '16', '1', '0', '9', '7', '17', '11', '2', '19', '8', '3', '18', '14', '13']}",<built-in method values of dict object at 0x7f6f5a68fb00>
"{'atak': ['15', '10', '12', '4', '5', '6', '16', '1', '0', '9', '7', '17', '11', '2', '19', '8', '3', '18', '14', '13']}",<built-in method values of dict object at 0x7f6f5a68fb00>
"{'atak': ['15', '10', '12', '4', '5', '6', '16', '1', '0', '9', '7', '17', '11', '2', '19', '8', '3', '18', '14', '13']}",<built-in method values of dict object at 0x7f6f5a68fb00>
"{'atak': ['15', '10', '12', '4', '5', '6', '16', '1', '0', '9', '7', '17', '11', '2', '19', '8', '3', '18', '14', '13']}",<built-in method values of dict object at 0x7f6f5a68fb00>
"{'atak': ['15', '10', '12', '4', '5', '6', '16', '1', '0', '9', '7', '17', '11', '2', '19', '8', '3', '18', '14', '13']}",<built-in method values of dict object at 0x7f6f5a68fb00>
"{'atak': ['15', '10', '12', '4', '5', '6', '16', '1', '0', '9', '7', '17', '11', '2', '19', '8', '3', '18', '14', '13']}",<built-in method values of dict object at 0x7f6f5a68fb00>
"{'atak': ['15', '10', '12', '4', '5', '6', '16', '1', '0', '9', '7', '17', '11', '2', '19', '8', '3', '18', '14', '13']}",<built-in method values of dict object at 0x7f6f5a68fb00>
"{'atak': ['15', '10', '12', '4', '5', '6', '16', '1', '0', '9', '7', '17', '11', '2', '19', '8', '3', '18', '14', '13']}",<built-in method values of dict object at 0x7f6f5a68fb00>
"{'atak': ['15', '10', '12', '4', '5', '6', '16', '1', '0', '9', '7', '17', '11', '2', '19', '8', '3', '18', '14', '13']}",<built-in method values of dict object at 0x7f6f5a68fb00>
"{'atak': ['15', '10', '12', '4', '5', '6', '16', '1', '0', '9', '7', '17', '11', '2', '19', '8', '3', '18', '14', '13']}",<built-in method values of dict object at 0x7f6f5a68fb00>
"{'atak': ['15', '10', '12', '4', '5', '6', '16', '1', '0', '9', '7', '17', '11', '2', '19', '8', '3', '18', '14', '13']}",<built-in method values of dict object at 0x7f6f5a68fb00>
"{'atak': ['15', '10', '12', '4', '5', '6', '16', '1', '0', '9', '7', '17', '11', '2', '19', '8', '3', '18', '14', '13']}",<built-in method values of dict object at 0x7f6f5a68fb00>
"{'atak': ['15', '10', '12', '4', '5', '6', '16', '1', '0', '9', '7', '17', '11', '2', '19', '8', '3', '18', '14', '13']}",<built-in method values of dict object at 0x7f6f5a68fb00>
"{'atak': ['15', '10', '12', '4', '5', '6', '16', '1', '0', '9', '7', '17', '11', '2', '19', '8', '3', '18', '14', '13']}",<built-in method values of dict object at 0x7f6f5a68fb00>
"{'atak': ['15', '10', '12', '4', '5', '6', '16', '1', '0', '9', '7', '17', '11', '2', '19', '8', '3', '18', '14', '13']}",<built-in method values of dict object at 0x7f6f5a68fb00>
"{'atak': ['15', '10', '12', '4', '5', '6', '16', '1', '0', '9', '7', '17', '11', '2', '19', '8', '3', '18', '14', '13']}",<built-in method values of dict object at 0x7f6f5a68fb00>
"{'atak': ['1', '12', '15', '9', '2', '5', '13', '14', '4', '18', '19', '16', '3', '0', '17', '6', '10', '7', '11', '8']}",<built-in method values of dict object at 0x7f6f5a66e240>
"{'atak': ['1', '12', '15', '9', '2', '5', '13', '14', '4', '18', '19', '16', '3', '0', '17', '6', '10', '7', '11', '8']}",<built-in method values of dict object at 0x7f6f5a66e240>
"{'atak': ['1', '12', '15', '9', '2', '5', '13', '14', '4', '18', '19', '16', '3', '0', '17', '6', '10', '7', '11', '8']}",<built-in method values of dict object at 0x7f6f5a66e240>
"{'atak': ['1', '12', '15', '9', '2', '5', '13', '14', '4', '18', '19', '16', '3', '0', '17', '6', '10', '7', '11', '8']}",<built-in method values of dict object at 0x7f6f5a66e240>
"{'atak': ['1', '12', '15', '9', '2', '5', '13', '14', '4', '18', '19', '16', '3', '0', '17', '6', '10', '7', '11', '8']}",<built-in method values of dict object at 0x7f6f5a66e240>
"{'atak': ['1', '12', '15', '9', '2', '5', '13', '14', '4', '18', '19', '16', '3', '0', '17', '6', '10', '7', '11', '8']}",<built-in method values of dict object at 0x7f6f5a66e240>
"{'atak': ['1', '12', '15', '9', '2', '5', '13', '14', '4', '18', '19', '16', '3', '0', '17', '6', '10', '7', '11', '8']}",<built-in method values of dict object at 0x7f6f5a66e240>
"{'atak': ['1', '12', '15', '9', '2', '5', '13', '14', '4', '18', '19', '16', '3', '0', '17', '6', '10', '7', '11', '8']}",<built-in method values of dict object at 0x7f6f5a66e240>
"{'atak': ['1', '12', '15', '9', '2', '5', '13', '14', '4', '18', '19', '16', '3', '0', '17', '6', '10', '7', '11', '8']}",<built-in method values of dict object at 0x7f6f5a66e240>
"{'atak': ['1', '12', '15', '9', '2', '5', '13', '14', '4', '18', '19', '16', '3', '0', '17', '6', '10', '7', '11', '8']}",<built-in method values of dict object at 0x7f6f5a66e240>
"{'atak': ['1', '12', '15', '9', '2', '5', '13', '14', '4', '18', '19', '16', '3', '0', '17', '6', '10', '7', '11', '8']}",<built-in method values of dict object at 0x7f6f5a66e240>
"{'atak': ['1', '12', '15', '9', '2', '5', '13', '14', '4', '18', '19', '16', '3', '0', '17', '6', '10', '7', '11', '8']}",<built-in method values of dict object at 0x7f6f5a66e240>
"{'atak': ['1', '12', '15', '9', '2', '5', '13', '14', '4', '18', '19', '16', '3', '0', '17', '6', '10', '7', '11', '8']}",<built-in method values of dict object at 0x7f6f5a66e240>
"{'atak': ['1', '12', '15', '9', '2', '5', '13', '14', '4', '18', '19', '16', '3', '0', '17', '6', '10', '7', '11', '8']}",<built-in method values of dict object at 0x7f6f5a66e240>
"{'atak': ['1', '12', '15', '9', '2', '5', '13', '14', '4', '18', '19', '16', '3', '0', '17', '6', '10', '7', '11', '8']}",<built-in method values of dict object at 0x7f6f5a66e240>
"{'atak': ['1', '12', '15', '9', '2', '5', '13', '14', '4', '18', '19', '16', '3', '0', '17', '6', '10', '7', '11', '8']}",<built-in method values of dict object at 0x7f6f5a66e240>
"{'atak': ['1', '12', '15', '9', '2', '5', '13', '14', '4', '18', '19', '16', '3', '0', '17', '6', '10', '7', '11', '8']}",<built-in method values of dict object at 0x7f6f5a66e240>
"{'atak': ['1', '12', '15', '9', '2', '5', '13', '14', '4', '18', '19', '16', '3', '0', '17', '6', '10', '7', '11', '8']}",<built-in method values of dict object at 0x7f6f5a66e240>
"{'atak': ['1', '12', '15', '9', '2', '5', '13', '14', '4', '18', '19', '16', '3', '0', '17', '6', '10', '7', '11', '8']}",<built-in method values of dict object at 0x7f6f5a66e240>
"{'atak': ['1', '12', '15', '9', '2', '5', '13', '14', '4', '18', '19', '16', '3', '0', '17', '6', '10', '7', '11', '8']}",<built-in method values of dict object at 0x7f6f5a66e240>
"{'atak': ['9', '17', '1', '19', '18', '7', '12', '2', '13', '10', '8', '0', '4', '16', '15', '14', '6', '11', '3', '5']}",<built-in method values of dict object at 0x7f6f5a6eb0c0>
"{'atak': ['9', '17', '1', '19', '18', '7', '12', '2', '13', '10', '8', '0', '4', '16', '15', '14', '6', '11', '3', '5']}",<built-in method values of dict object at 0x7f6f5a6eb0c0>
"{'atak': ['9', '17', '1', '19', '18', '7', '12', '2', '13', '10', '8', '0', '4', '16', '15', '14', '6', '11', '3', '5']}",<built-in method values of dict object at 0x7f6f5a6eb0c0>
"{'atak': ['9', '17', '1', '19', '18', '7', '12', '2', '13', '10', '8', '0', '4', '16', '15', '14', '6', '11', '3', '5']}",<built-in method values of dict object at 0x7f6f5a6eb0c0>
"{'atak': ['9', '17', '1', '19', '18', '7', '12', '2', '13', '10', '8', '0', '4', '16', '15', '14', '6', '11', '3', '5']}",<built-in method values of dict object at 0x7f6f5a6eb0c0>
"{'atak': ['9', '17', '1', '19', '18', '7', '12', '2', '13', '10', '8', '0', '4', '16', '15', '14', '6', '11', '3', '5']}",<built-in method values of dict object at 0x7f6f5a6eb0c0>
"{'atak': ['9', '17', '1', '19', '18', '7', '12', '2', '13', '10', '8', '0', '4', '16', '15', '14', '6', '11', '3', '5']}",<built-in method values of dict object at 0x7f6f5a6eb0c0>
"{'atak': ['9', '17', '1', '19', '18', '7', '12', '2', '13', '10', '8', '0', '4', '16', '15', '14', '6', '11', '3', '5']}",<built-in method values of dict object at 0x7f6f5a6eb0c0>
"{'atak': ['9', '17', '1', '19', '18', '7', '12', '2', '13', '10', '8', '0', '4', '16', '15', '14', '6', '11', '3', '5']}",<built-in method values of dict object at 0x7f6f5a6eb0c0>
"{'atak': ['9', '17', '1', '19', '18', '7', '12', '2', '13', '10', '8', '0', '4', '16', '15', '14', '6', '11', '3', '5']}",<built-in method values of dict object at 0x7f6f5a6eb0c0>
"{'atak': ['9', '17', '1', '19', '18', '7', '12', '2', '13', '10', '8', '0', '4', '16', '15', '14', '6', '11', '3', '5']}",<built-in method values of dict object at 0x7f6f5a6eb0c0>
"{'atak': ['9', '17', '1', '19', '18', '7', '12', '2', '13', '10', '8', '0', '4', '16', '15', '14', '6', '11', '3', '5']}",<built-in method values of dict object at 0x7f6f5a6eb0c0>
"{'atak': ['9', '17', '1', '19', '18', '7', '12', '2', '13', '10', '8', '0', '4', '16', '15', '14', '6', '11', '3', '5']}",<built-in method values of dict object at 0x7f6f5a6eb0c0>
"{'atak': ['9', '17', '1', '19', '18', '7', '12', '2', '13', '10', '8', '0', '4', '16', '15', '14', '6', '11', '3', '5']}",<built-in method values of dict object at 0x7f6f5a6eb0c0>
"{'atak': ['9', '17', '1', '19', '18', '7', '12', '2', '13', '10', '8', '0', '4', '16', '15', '14', '6', '11', '3', '5']}",<built-in method values of dict object at 0x7f6f5a6eb0c0>
"{'atak': ['9', '17', '1', '19', '18', '7', '12', '2', '13', '10', '8', '0', '4', '16', '15', '14', '6', '11', '3', '5']}",<built-in method values of dict object at 0x7f6f5a6eb0c0>
"{'atak': ['9', '17', '1', '19', '18', '7', '12', '2', '13', '10', '8', '0', '4', '16', '15', '14', '6', '11', '3', '5']}",<built-in method values of dict object at 0x7f6f5a6eb0c0>
"{'atak': ['9', '17', '1', '19', '18', '7', '12', '2', '13', '10', '8', '0', '4', '16', '15', '14', '6', '11', '3', '5']}",<built-in method values of dict object at 0x7f6f5a6eb0c0>
"{'atak': ['9', '17', '1', '19', '18', '7', '12', '2', '13', '10', '8', '0', '4', '16', '15', '14', '6', '11', '3', '5']}",<built-in method values of dict object at 0x7f6f5a6eb0c0>
"{'atak': ['9', '17', '1', '19', '18', '7', '12', '2', '13', '10', '8', '0', '4', '16', '15', '14', '6', '11', '3', '5']}",<built-in method values of dict object at 0x7f6f5a6eb0c0>
"{'atak': ['5', '2', '14', '17', '12', '8', '0', '18', '10', '6', '9', '3', '7', '13', '19', '11', '16', '15', '1', '4']}",<built-in method values of dict object at 0x7f6f5a6affc0>
"{'atak': ['5', '2', '14', '17', '12', '8', '0', '18', '10', '6', '9', '3', '7', '13', '19', '11', '16', '15', '1', '4']}",<built-in method values of dict object at 0x7f6f5a6affc0>
"{'atak': ['5', '2', '14', '17', '12', '8', '0', '18', '10', '6', '9', '3', '7', '13', '19', '11', '16', '15', '1', '4']}",<built-in method values of dict object at 0x7f6f5a6affc0>
"{'atak': ['5', '2', '14', '17', '12', '8', '0', '18', '10', '6', '9', '3', '7', '13', '19', '11', '16', '15', '1', '4']}",<built-in method values of dict object at 0x7f6f5a6affc0>
"{'atak': ['5', '2', '14', '17', '12', '8', '0', '18', '10', '6', '9', '3', '7', '13', '19', '11', '16', '15', '1', '4']}",<built-in method values of dict object at 0x7f6f5a6affc0>
"{'atak': ['5', '2', '14', '17', '12', '8', '0', '18', '10', '6', '9', '3', '7', '13', '19', '11', '16', '15', '1', '4']}",<built-in method values of dict object at 0x7f6f5a6affc0>
"{'atak': ['5', '2', '14', '17', '12', '8', '0', '18', '10', '6', '9', '3', '7', '13', '19', '11', '16', '15', '1', '4']}",<built-in method values of dict object at 0x7f6f5a6affc0>
"{'atak': ['5', '2', '14', '17', '12', '8', '0', '18', '10', '6', '9', '3', '7', '13', '19', '11', '16', '15', '1', '4']}",<built-in method values of dict object at 0x7f6f5a6affc0>
"{'atak': ['5', '2', '14', '17', '12', '8', '0', '18', '10', '6', '9', '3', '7', '13', '19', '11', '16', '15', '1', '4']}",<built-in method values of dict object at 0x7f6f5a6affc0>
"{'atak': ['5', '2', '14', '17', '12', '8', '0', '18', '10', '6', '9', '3', '7', '13', '19', '11', '16', '15', '1', '4']}",<built-in method values of dict object at 0x7f6f5a6affc0>
"{'atak': ['5', '2', '14', '17', '12', '8', '0', '18', '10', '6', '9', '3', '7', '13', '19', '11', '16', '15', '1', '4']}",<built-in method values of dict object at 0x7f6f5a6affc0>
"{'atak': ['5', '2', '14', '17', '12', '8', '0', '18', '10', '6', '9', '3', '7', '13', '19', '11', '16', '15', '1', '4']}",<built-in method values of dict object at 0x7f6f5a6affc0>
"{'atak': ['5', '2', '14', '17', '12', '8', '0', '18', '10', '6', '9', '3', '7', '13', '19', '11', '16', '15', '1', '4']}",<built-in method values of dict object at 0x7f6f5a6affc0>
"{'atak': ['5', '2', '14', '17', '12', '8', '0', '18', '10', '6', '9', '3', '7', '13', '19', '11', '16', '15', '1', '4']}",<built-in method values of dict object at 0x7f6f5a6affc0>
"{'atak': ['5', '2', '14', '17', '12', '8', '0', '18', '10', '6', '9', '3', '7', '13', '19', '11', '16', '15', '1', '4']}",<built-in method values of dict object at 0x7f6f5a6affc0>
"{'atak': ['5', '2', '14', '17', '12', '8', '0', '18', '10', '6', '9', '3', '7', '13', '19', '11', '16', '15', '1', '4']}",<built-in method values of dict object at 0x7f6f5a6affc0>
"{'atak': ['5', '2', '14', '17', '12', '8', '0', '18', '10', '6', '9', '3', '7', '13', '19', '11', '16', '15', '1', '4']}",<built-in method values of dict object at 0x7f6f5a6affc0>
"{'atak': ['5', '2', '14', '17', '12', '8', '0', '18', '10', '6', '9', '3', '7', '13', '19', '11', '16', '15', '1', '4']}",<built-in method values of dict object at 0x7f6f5a6affc0>
"{'atak': ['5', '2', '14', '17', '12', '8', '0', '18', '10', '6', '9', '3', '7', '13', '19', '11', '16', '15', '1', '4']}",<built-in method values of dict object at 0x7f6f5a6affc0>
"{'atak': ['5', '2', '14', '17', '12', '8', '0', '18', '10', '6', '9', '3', '7', '13', '19', '11', '16', '15', '1', '4']}",<built-in method values of dict object at 0x7f6f5a6affc0>
"{'atak': ['16', '19', '2', '12', '1', '5', '13', '17', '18', '10', '9', '8', '7', '6', '4', '0', '15', '11', '3', '14']}",<built-in method values of dict object at 0x7f6f5a4fcf40>
"{'atak': ['16', '19', '2', '12', '1', '5', '13', '17', '18', '10', '9', '8', '7', '6', '4', '0', '15', '11', '3', '14']}",<built-in method values of dict object at 0x7f6f5a4fcf40>
"{'atak': ['16', '19', '2', '12', '1', '5', '13', '17', '18', '10', '9', '8', '7', '6', '4', '0', '15', '11', '3', '14']}",<built-in method values of dict object at 0x7f6f5a4fcf40>
"{'atak': ['16', '19', '2', '12', '1', '5', '13', '17', '18', '10', '9', '8', '7', '6', '4', '0', '15', '11', '3', '14']}",<built-in method values of dict object at 0x7f6f5a4fcf40>
"{'atak': ['16', '19', '2', '12', '1', '5', '13', '17', '18', '10', '9', '8', '7', '6', '4', '0', '15', '11', '3', '14']}",<built-in method values of dict object at 0x7f6f5a4fcf40>
"{'atak': ['16', '19', '2', '12', '1', '5', '13', '17', '18', '10', '9', '8', '7', '6', '4', '0', '15', '11', '3', '14']}",<built-in method values of dict object at 0x7f6f5a4fcf40>
"{'atak': ['16', '19', '2', '12', '1', '5', '13', '17', '18', '10', '9', '8', '7', '6', '4', '0', '15', '11', '3', '14']}",<built-in method values of dict object at 0x7f6f5a4fcf40>
"{'atak': ['16', '19', '2', '12', '1', '5', '13', '17', '18', '10', '9', '8', '7', '6', '4', '0', '15', '11', '3', '14']}",<built-in method values of dict object at 0x7f6f5a4fcf40>
"{'atak': ['16', '19', '2', '12', '1', '5', '13', '17', '18', '10', '9', '8', '7', '6', '4', '0', '15', '11', '3', '14']}",<built-in method values of dict object at 0x7f6f5a4fcf40>
"{'atak': ['16', '19', '2', '12', '1', '5', '13', '17', '18', '10', '9', '8', '7', '6', '4', '0', '15', '11', '3', '14']}",<built-in method values of dict object at 0x7f6f5a4fcf40>
"{'atak': ['16', '19', '2', '12', '1', '5', '13', '17', '18', '10', '9', '8', '7', '6', '4', '0', '15', '11', '3', '14']}",<built-in method values of dict object at 0x7f6f5a4fcf40>
"{'atak': ['16', '19', '2', '12', '1', '5', '13', '17', '18', '10', '9', '8', '7', '6', '4', '0', '15', '11', '3', '14']}",<built-in method values of dict object at 0x7f6f5a4fcf40>
"{'atak': ['16', '19', '2', '12', '1', '5', '13', '17', '18', '10', '9', '8', '7', '6', '4', '0', '15', '11', '3', '14']}",<built-in method values of dict object at 0x7f6f5a4fcf40>
"{'atak': ['16', '19', '2', '12', '1', '5', '13', '17', '18', '10', '9', '8', '7', '6', '4', '0', '15', '11', '3', '14']}",<built-in method values of dict object at 0x7f6f5a4fcf40>
"{'atak': ['16', '19', '2', '12', '1', '5', '13', '17', '18', '10', '9', '8', '7', '6', '4', '0', '15', '11', '3', '14']}",<built-in method values of dict object at 0x7f6f5a4fcf40>
"{'atak': ['16', '19', '2', '12', '1', '5', '13', '17', '18', '10', '9', '8', '7', '6', '4', '0', '15', '11', '3', '14']}",<built-in method values of dict object at 0x7f6f5a4fcf40>
"{'atak': ['16', '19', '2', '12', '1', '5', '13', '17', '18', '10', '9', '8', '7', '6', '4', '0', '15', '11', '3', '14']}",<built-in method values of dict object at 0x7f6f5a4fcf40>
"{'atak': ['16', '19', '2', '12', '1', '5', '13', '17', '18', '10', '9', '8', '7', '6', '4', '0', '15', '11', '3', '14']}",<built-in method values of dict object at 0x7f6f5a4fcf40>
"{'atak': ['16', '19', '2', '12', '1', '5', '13', '17', '18', '10', '9', '8', '7', '6', '4', '0', '15', '11', '3', '14']}",<built-in method values of dict object at 0x7f6f5a4fcf40>
"{'atak': ['16', '19', '2', '12', '1', '5', '13', '17', '18', '10', '9', '8', '7', '6', '4', '0', '15', '11', '3', '14']}",<built-in method values of dict object at 0x7f6f5a4fcf40>
"{'atak': ['8', '7', '18', '3', '5', '14', '0', '16', '10', '2', '13', '9', '15', '17', '19', '6', '11', '4', '1', '12']}",<built-in method values of dict object at 0x7f6f5a651540>
"{'atak': ['8', '7', '18', '3', '5', '14', '0', '16', '10', '2', '13', '9', '15', '17', '19', '6', '11', '4', '1', '12']}",<built-in method values of dict object at 0x7f6f5a651540>
"{'atak': ['8', '7', '18', '3', '5', '14', '0', '16', '10', '2', '13', '9', '15', '17', '19', '6', '11', '4', '1', '12']}",<built-in method values of dict object at 0x7f6f5a651540>
"{'atak': ['8', '7', '18', '3', '5', '14', '0', '16', '10', '2', '13', '9', '15', '17', '19', '6', '11', '4', '1', '12']}",<built-in method values of dict object at 0x7f6f5a651540>
"{'atak': ['8', '7', '18', '3', '5', '14', '0', '16', '10', '2', '13', '9', '15', '17', '19', '6', '11', '4', '1', '12']}",<built-in method values of dict object at 0x7f6f5a651540>
"{'atak': ['8', '7', '18', '3', '5', '14', '0', '16', '10', '2', '13', '9', '15', '17', '19', '6', '11', '4', '1', '12']}",<built-in method values of dict object at 0x7f6f5a651540>
"{'atak': ['8', '7', '18', '3', '5', '14', '0', '16', '10', '2', '13', '9', '15', '17', '19', '6', '11', '4', '1', '12']}",<built-in method values of dict object at 0x7f6f5a651540>
"{'atak': ['8', '7', '18', '3', '5', '14', '0', '16', '10', '2', '13', '9', '15', '17', '19', '6', '11', '4', '1', '12']}",<built-in method values of dict object at 0x7f6f5a651540>
"{'atak': ['8', '7', '18', '3', '5', '14', '0', '16', '10', '2', '13', '9', '15', '17', '19', '6', '11', '4', '1', '12']}",<built-in method values of dict object at 0x7f6f5a651540>
"{'atak': ['8', '7', '18', '3', '5', '14', '0', '16', '10', '2', '13', '9', '15', '17', '19', '6', '11', '4', '1', '12']}",<built-in method values of dict object at 0x7f6f5a651540>
"{'atak': ['8', '7', '18', '3', '5', '14', '0', '16', '10', '2', '13', '9', '15', '17', '19', '6', '11', '4', '1', '12']}",<built-in method values of dict object at 0x7f6f5a651540>
"{'atak': ['8', '7', '18', '3', '5', '14', '0', '16', '10', '2', '13', '9', '15', '17', '19', '6', '11', '4', '1', '12']}",<built-in method values of dict object at 0x7f6f5a651540>
"{'atak': ['8', '7', '18', '3', '5', '14', '0', '16', '10', '2', '13', '9', '15', '17', '19', '6', '11', '4', '1', '12']}",<built-in method values of dict object at 0x7f6f5a651540>
"{'atak': ['8', '7', '18', '3', '5', '14', '0', '16', '10', '2', '13', '9', '15', '17', '19', '6', '11', '4', '1', '12']}",<built-in method values of dict object at 0x7f6f5a651540>
"{'atak': ['8', '7', '18', '3', '5', '14', '0', '16', '10', '2', '13', '9', '15', '17', '19', '6', '11', '4', '1', '12']}",<built-in method values of dict object at 0x7f6f5a651540>
"{'atak': ['8', '7', '18', '3', '5', '14', '0', '16', '10', '2', '13', '9', '15', '17', '19', '6', '11', '4', '1', '12']}",<built-in method values of dict object at 0x7f6f5a651540>
"{'atak': ['8', '7', '18', '3', '5', '14', '0', '16', '10', '2', '13', '9', '15', '17', '19', '6', '11', '4', '1', '12']}",<built-in method values of dict object at 0x7f6f5a651540>
"{'atak': ['8', '7', '18', '3', '5', '14', '0', '16', '10', '2', '13', '9', '15', '17', '19', '6', '11', '4', '1', '12']}",<built-in method values of dict object at 0x7f6f5a651540>
"{'atak': ['8', '7', '18', '3', '5', '14', '0', '16', '10', '2', '13', '9', '15', '17', '19', '6', '11', '4', '1', '12']}",<built-in method values of dict object at 0x7f6f5a651540>
"{'atak': ['8', '7', '18', '3', '5', '14', '0', '16', '10', '2', '13', '9', '15', '17', '19', '6', '11', '4', '1', '12']}",<built-in method values of dict object at 0x7f6f5a651540>
"{'atak': ['15', '13', '2', '5', '7', '16', '4', '12', '3', '9', '1', '0', '6', '14', '8', '17', '10', '19', '11', '18']}",<built-in method values of dict object at 0x7f6f5a6bb600>
"{'atak': ['15', '13', '2', '5', '7', '16', '4', '12', '3', '9', '1', '0', '6', '14', '8', '17', '10', '19', '11', '18']}",<built-in method values of dict object at 0x7f6f5a6bb600>
"{'atak': ['15', '13', '2', '5', '7', '16', '4', '12', '3', '9', '1', '0', '6', '14', '8', '17', '10', '19', '11', '18']}",<built-in method values of dict object at 0x7f6f5a6bb600>
"{'atak': ['15', '13', '2', '5', '7', '16', '4', '12', '3', '9', '1', '0', '6', '14', '8', '17', '10', '19', '11', '18']}",<built-in method values of dict object at 0x7f6f5a6bb600>
"{'atak': ['15', '13', '2', '5', '7', '16', '4', '12', '3', '9', '1', '0', '6', '14', '8', '17', '10', '19', '11', '18']}",<built-in method values of dict object at 0x7f6f5a6bb600>
"{'atak': ['15', '13', '2', '5', '7', '16', '4', '12', '3', '9', '1', '0', '6', '14', '8', '17', '10', '19', '11', '18']}",<built-in method values of dict object at 0x7f6f5a6bb600>
"{'atak': ['15', '13', '2', '5', '7', '16', '4', '12', '3', '9', '1', '0', '6', '14', '8', '17', '10', '19', '11', '18']}",<built-in method values of dict object at 0x7f6f5a6bb600>
"{'atak': ['15', '13', '2', '5', '7', '16', '4', '12', '3', '9', '1', '0', '6', '14', '8', '17', '10', '19', '11', '18']}",<built-in method values of dict object at 0x7f6f5a6bb600>
"{'atak': ['15', '13', '2', '5', '7', '16', '4', '12', '3', '9', '1', '0', '6', '14', '8', '17', '10', '19', '11', '18']}",<built-in method values of dict object at 0x7f6f5a6bb600>
"{'atak': ['15', '13', '2', '5', '7', '16', '4', '12', '3', '9', '1', '0', '6', '14', '8', '17', '10', '19', '11', '18']}",<built-in method values of dict object at 0x7f6f5a6bb600>
"{'atak': ['15', '13', '2', '5', '7', '16', '4', '12', '3', '9', '1', '0', '6', '14', '8', '17', '10', '19', '11', '18']}",<built-in method values of dict object at 0x7f6f5a6bb600>
"{'atak': ['15', '13', '2', '5', '7', '16', '4', '12', '3', '9', '1', '0', '6', '14', '8', '17', '10', '19', '11', '18']}",<built-in method values of dict object at 0x7f6f5a6bb600>
"{'atak': ['15', '13', '2', '5', '7', '16', '4', '12', '3', '9', '1', '0', '6', '14', '8', '17', '10', '19', '11', '18']}",<built-in method values of dict object at 0x7f6f5a6bb600>
"{'atak': ['15', '13', '2', '5', '7', '16', '4', '12', '3', '9', '1', '0', '6', '14', '8', '17', '10', '19', '11', '18']}",<built-in method values of dict object at 0x7f6f5a6bb600>
"{'atak': ['15', '13', '2', '5', '7', '16', '4', '12', '3', '9', '1', '0', '6', '14', '8', '17', '10', '19', '11', '18']}",<built-in method values of dict object at 0x7f6f5a6bb600>
"{'atak': ['15', '13', '2', '5', '7', '16', '4', '12', '3', '9', '1', '0', '6', '14', '8', '17', '10', '19', '11', '18']}",<built-in method values of dict object at 0x7f6f5a6bb600>
"{'atak': ['15', '13', '2', '5', '7', '16', '4', '12', '3', '9', '1', '0', '6', '14', '8', '17', '10', '19', '11', '18']}",<built-in method values of dict object at 0x7f6f5a6bb600>
"{'atak': ['15', '13', '2', '5', '7', '16', '4', '12', '3', '9', '1', '0', '6', '14', '8', '17', '10', '19', '11', '18']}",<built-in method values of dict object at 0x7f6f5a6bb600>
"{'atak': ['15', '13', '2', '5', '7', '16', '4', '12', '3', '9', '1', '0', '6', '14', '8', '17', '10', '19', '11', '18']}",<built-in method values of dict object at 0x7f6f5a6bb600>
"{'atak': ['15', '13', '2', '5', '7', '16', '4', '12', '3', '9', '1', '0', '6', '14', '8', '17', '10', '19', '11', '18']}",<built-in method values of dict object at 0x7f6f5a6bb600>
"{'atak': ['11', '5', '2', '18', '0', '1', '10', '16', '9', '14', '19', '13', '17', '7', '8', '6', '4', '3', '12', '15']}",<built-in method values of dict object at 0x7f6f5a6ea400>
"{'atak': ['11', '5', '2', '18', '0', '1', '10', '16', '9', '14', '19', '13', '17', '7', '8', '6', '4', '3', '12', '15']}",<built-in method values of dict object at 0x7f6f5a6ea400>
"{'atak': ['11', '5', '2', '18', '0', '1', '10', '16', '9', '14', '19', '13', '17', '7', '8', '6', '4', '3', '12', '15']}",<built-in method values of dict object at 0x7f6f5a6ea400>
"{'atak': ['11', '5', '2', '18', '0', '1', '10', '16', '9', '14', '19', '13', '17', '7', '8', '6', '4', '3', '12', '15']}",<built-in method values of dict object at 0x7f6f5a6ea400>
"{'atak': ['11', '5', '2', '18', '0', '1', '10', '16', '9', '14', '19', '13', '17', '7', '8', '6', '4', '3', '12', '15']}",<built-in method values of dict object at 0x7f6f5a6ea400>
"{'atak': ['11', '5', '2', '18', '0', '1', '10', '16', '9', '14', '19', '13', '17', '7', '8', '6', '4', '3', '12', '15']}",<built-in method values of dict object at 0x7f6f5a6ea400>
"{'atak': ['11', '5', '2', '18', '0', '1', '10', '16', '9', '14', '19', '13', '17', '7', '8', '6', '4', '3', '12', '15']}",<built-in method values of dict object at 0x7f6f5a6ea400>
"{'atak': ['11', '5', '2', '18', '0', '1', '10', '16', '9', '14', '19', '13', '17', '7', '8', '6', '4', '3', '12', '15']}",<built-in method values of dict object at 0x7f6f5a6ea400>
"{'atak': ['11', '5', '2', '18', '0', '1', '10', '16', '9', '14', '19', '13', '17', '7', '8', '6', '4', '3', '12', '15']}",<built-in method values of dict object at 0x7f6f5a6ea400>
"{'atak': ['11', '5', '2', '18', '0', '1', '10', '16', '9', '14', '19', '13', '17', '7', '8', '6', '4', '3', '12', '15']}",<built-in method values of dict object at 0x7f6f5a6ea400>
"{'atak': ['11', '5', '2', '18', '0', '1', '10', '16', '9', '14', '19', '13', '17', '7', '8', '6', '4', '3', '12', '15']}",<built-in method values of dict object at 0x7f6f5a6ea400>
"{'atak': ['11', '5', '2', '18', '0', '1', '10', '16', '9', '14', '19', '13', '17', '7', '8', '6', '4', '3', '12', '15']}",<built-in method values of dict object at 0x7f6f5a6ea400>
"{'atak': ['11', '5', '2', '18', '0', '1', '10', '16', '9', '14', '19', '13', '17', '7', '8', '6', '4', '3', '12', '15']}",<built-in method values of dict object at 0x7f6f5a6ea400>
"{'atak': ['11', '5', '2', '18', '0', '1', '10', '16', '9', '14', '19', '13', '17', '7', '8', '6', '4', '3', '12', '15']}",<built-in method values of dict object at 0x7f6f5a6ea400>
"{'atak': ['11', '5', '2', '18', '0', '1', '10', '16', '9', '14', '19', '13', '17', '7', '8', '6', '4', '3', '12', '15']}",<built-in method values of dict object at 0x7f6f5a6ea400>
"{'atak': ['11', '5', '2', '18', '0', '1', '10', '16', '9', '14', '19', '13', '17', '7', '8', '6', '4', '3', '12', '15']}",<built-in method values of dict object at 0x7f6f5a6ea400>
"{'atak': ['11', '5', '2', '18', '0', '1', '10', '16', '9', '14', '19', '13', '17', '7', '8', '6', '4', '3', '12', '15']}",<built-in method values of dict object at 0x7f6f5a6ea400>
"{'atak': ['11', '5', '2', '18', '0', '1', '10', '16', '9', '14', '19', '13', '17', '7', '8', '6', '4', '3', '12', '15']}",<built-in method values of dict object at 0x7f6f5a6ea400>
"{'atak': ['11', '5', '2', '18', '0', '1', '10', '16', '9', '14', '19', '13', '17', '7', '8', '6', '4', '3', '12', '15']}",<built-in method values of dict object at 0x7f6f5a6ea400>
"{'atak': ['11', '5', '2', '18', '0', '1', '10', '16', '9', '14', '19', '13', '17', '7', '8', '6', '4', '3', '12', '15']}",<built-in method values of dict object at 0x7f6f5a6ea400>
"{'atak': ['19', '9', '17', '7', '4', '13', '6', '2', '5', '12', '15', '8', '10', '11', '1', '14', '0', '3', '18', '16']}",<built-in method values of dict object at 0x7f6f5a66fe80>
"{'atak': ['19', '9', '17', '7', '4', '13', '6', '2', '5', '12', '15', '8', '10', '11', '1', '14', '0', '3', '18', '16']}",<built-in method values of dict object at 0x7f6f5a66fe80>
"{'atak': ['19', '9', '17', '7', '4', '13', '6', '2', '5', '12', '15', '8', '10', '11', '1', '14', '0', '3', '18', '16']}",<built-in method values of dict object at 0x7f6f5a66fe80>
"{'atak': ['19', '9', '17', '7', '4', '13', '6', '2', '5', '12', '15', '8', '10', '11', '1', '14', '0', '3', '18', '16']}",<built-in method values of dict object at 0x7f6f5a66fe80>
"{'atak': ['19', '9', '17', '7', '4', '13', '6', '2', '5', '12', '15', '8', '10', '11', '1', '14', '0', '3', '18', '16']}",<built-in method values of dict object at 0x7f6f5a66fe80>
"{'atak': ['19', '9', '17', '7', '4', '13', '6', '2', '5', '12', '15', '8', '10', '11', '1', '14', '0', '3', '18', '16']}",<built-in method values of dict object at 0x7f6f5a66fe80>
"{'atak': ['19', '9', '17', '7', '4', '13', '6', '2', '5', '12', '15', '8', '10', '11', '1', '14', '0', '3', '18', '16']}",<built-in method values of dict object at 0x7f6f5a66fe80>
"{'atak': ['19', '9', '17', '7', '4', '13', '6', '2', '5', '12', '15', '8', '10', '11', '1', '14', '0', '3', '18', '16']}",<built-in method values of dict object at 0x7f6f5a66fe80>
"{'atak': ['19', '9', '17', '7', '4', '13', '6', '2', '5', '12', '15', '8', '10', '11', '1', '14', '0', '3', '18', '16']}",<built-in method values of dict object at 0x7f6f5a66fe80>
"{'atak': ['19', '9', '17', '7', '4', '13', '6', '2', '5', '12', '15', '8', '10', '11', '1', '14', '0', '3', '18', '16']}",<built-in method values of dict object at 0x7f6f5a66fe80>
"{'atak': ['19', '9', '17', '7', '4', '13', '6', '2', '5', '12', '15', '8', '10', '11', '1', '14', '0', '3', '18', '16']}",<built-in method values of dict object at 0x7f6f5a66fe80>
"{'atak': ['19', '9', '17', '7', '4', '13', '6', '2', '5', '12', '15', '8', '10', '11', '1', '14', '0', '3', '18', '16']}",<built-in method values of dict object at 0x7f6f5a66fe80>
"{'atak': ['19', '9', '17', '7', '4', '13', '6', '2', '5', '12', '15', '8', '10', '11', '1', '14', '0', '3', '18', '16']}",<built-in method values of dict object at 0x7f6f5a66fe80>
"{'atak': ['19', '9', '17', '7', '4', '13', '6', '2', '5', '12', '15', '8', '10', '11', '1', '14', '0', '3', '18', '16']}",<built-in method values of dict object at 0x7f6f5a66fe80>
"{'atak': ['19', '9', '17', '7', '4', '13', '6', '2', '5', '12', '15', '8', '10', '11', '1', '14', '0', '3', '18', '16']}",<built-in method values of dict object at 0x7f6f5a66fe80>
"{'atak': ['19', '9', '17', '7', '4', '13', '6', '2', '5', '12', '15', '8', '10', '11', '1', '14', '0', '3', '18', '16']}",<built-in method values of dict object at 0x7f6f5a66fe80>
"{'atak': ['19', '9', '17', '7', '4', '13', '6', '2', '5', '12', '15', '8', '10', '11', '1', '14', '0', '3', '18', '16']}",<built-in method values of dict object at 0x7f6f5a66fe80>
"{'atak': ['19', '9', '17', '7', '4', '13', '6', '2', '5', '12', '15', '8', '10', '11', '1', '14', '0', '3', '18', '16']}",<built-in method values of dict object at 0x7f6f5a66fe80>
"{'atak': ['19', '9', '17', '7', '4', '13', '6', '2', '5', '12', '15', '8', '10', '11', '1', '14', '0', '3', '18', '16']}",<built-in method values of dict object at 0x7f6f5a66fe80>
"{'atak': ['19', '9', '17', '7', '4', '13', '6', '2', '5', '12', '15', '8', '10', '11', '1', '14', '0', '3', '18', '16']}",<built-in method values of dict object at 0x7f6f5a66fe80>
"{'atak': ['3', '4', '15', '2', '5', '11', '18', '14', '17', '13', '7', '8', '12', '6', '10', '9', '16', '0', '19', '1']}",<built-in method values of dict object at 0x7f6f5a6ba200>
"{'atak': ['3', '4', '15', '2', '5', '11', '18', '14', '17', '13', '7', '8', '12', '6', '10', '9', '16', '0', '19', '1']}",<built-in method values of dict object at 0x7f6f5a6ba200>
"{'atak': ['3', '4', '15', '2', '5', '11', '18', '14', '17', '13', '7', '8', '12', '6', '10', '9', '16', '0', '19', '1']}",<built-in method values of dict object at 0x7f6f5a6ba200>
"{'atak': ['3', '4', '15', '2', '5', '11', '18', '14', '17', '13', '7', '8', '12', '6', '10', '9', '16', '0', '19', '1']}",<built-in method values of dict object at 0x7f6f5a6ba200>
"{'atak': ['3', '4', '15', '2', '5', '11', '18', '14', '17', '13', '7', '8', '12', '6', '10', '9', '16', '0', '19', '1']}",<built-in method values of dict object at 0x7f6f5a6ba200>
"{'atak': ['3', '4', '15', '2', '5', '11', '18', '14', '17', '13', '7', '8', '12', '6', '10', '9', '16', '0', '19', '1']}",<built-in method values of dict object at 0x7f6f5a6ba200>
"{'atak': ['3', '4', '15', '2', '5', '11', '18', '14', '17', '13', '7', '8', '12', '6', '10', '9', '16', '0', '19', '1']}",<built-in method values of dict object at 0x7f6f5a6ba200>
"{'atak': ['3', '4', '15', '2', '5', '11', '18', '14', '17', '13', '7', '8', '12', '6', '10', '9', '16', '0', '19', '1']}",<built-in method values of dict object at 0x7f6f5a6ba200>
"{'atak': ['3', '4', '15', '2', '5', '11', '18', '14', '17', '13', '7', '8', '12', '6', '10', '9', '16', '0', '19', '1']}",<built-in method values of dict object at 0x7f6f5a6ba200>
"{'atak': ['3', '4', '15', '2', '5', '11', '18', '14', '17', '13', '7', '8', '12', '6', '10', '9', '16', '0', '19', '1']}",<built-in method values of dict object at 0x7f6f5a6ba200>
"{'atak': ['3', '4', '15', '2', '5', '11', '18', '14', '17', '13', '7', '8', '12', '6', '10', '9', '16', '0', '19', '1']}",<built-in method values of dict object at 0x7f6f5a6ba200>
"{'atak': ['3', '4', '15', '2', '5', '11', '18', '14', '17', '13', '7', '8', '12', '6', '10', '9', '16', '0', '19', '1']}",<built-in method values of dict object at 0x7f6f5a6ba200>
"{'atak': ['3', '4', '15', '2', '5', '11', '18', '14', '17', '13', '7', '8', '12', '6', '10', '9', '16', '0', '19', '1']}",<built-in method values of dict object at 0x7f6f5a6ba200>
"{'atak': ['3', '4', '15', '2', '5', '11', '18', '14', '17', '13', '7', '8', '12', '6', '10', '9', '16', '0', '19', '1']}",<built-in method values of dict object at 0x7f6f5a6ba200>
"{'atak': ['3', '4', '15', '2', '5', '11', '18', '14', '17', '13', '7', '8', '12', '6', '10', '9', '16', '0', '19', '1']}",<built-in method values of dict object at 0x7f6f5a6ba200>
"{'atak': ['3', '4', '15', '2', '5', '11', '18', '14', '17', '13', '7', '8', '12', '6', '10', '9', '16', '0', '19', '1']}",<built-in method values of dict object at 0x7f6f5a6ba200>
"{'atak': ['3', '4', '15', '2', '5', '11', '18', '14', '17', '13', '7', '8', '12', '6', '10', '9', '16', '0', '19', '1']}",<built-in method values of dict object at 0x7f6f5a6ba200>
"{'atak': ['3', '4', '15', '2', '5', '11', '18', '14', '17', '13', '7', '8', '12', '6', '10', '9', '16', '0', '19', '1']}",<built-in method values of dict object at 0x7f6f5a6ba200>
"{'atak': ['3', '4', '15', '2', '5', '11', '18', '14', '17', '13', '7', '8', '12', '6', '10', '9', '16', '0', '19', '1']}",<built-in method values of dict object at 0x7f6f5a6ba200>
"{'atak': ['3', '4', '15', '2', '5', '11', '18', '14', '17', '13', '7', '8', '12', '6', '10', '9', '16', '0', '19', '1']}",<built-in method values of dict object at 0x7f6f5a6ba200>
"{'atak': ['9', '7', '10', '16', '12', '13', '0', '3', '6', '8', '19', '4', '2', '14', '1', '18', '11', '5', '17', '15']}",<built-in method values of dict object at 0x7f6f5a6b5000>
"{'atak': ['9', '7', '10', '16', '12', '13', '0', '3', '6', '8', '19', '4', '2', '14', '1', '18', '11', '5', '17', '15']}",<built-in method values of dict object at 0x7f6f5a6b5000>
"{'atak': ['9', '7', '10', '16', '12', '13', '0', '3', '6', '8', '19', '4', '2', '14', '1', '18', '11', '5', '17', '15']}",<built-in method values of dict object at 0x7f6f5a6b5000>
"{'atak': ['9', '7', '10', '16', '12', '13', '0', '3', '6', '8', '19', '4', '2', '14', '1', '18', '11', '5', '17', '15']}",<built-in method values of dict object at 0x7f6f5a6b5000>
"{'atak': ['9', '7', '10', '16', '12', '13', '0', '3', '6', '8', '19', '4', '2', '14', '1', '18', '11', '5', '17', '15']}",<built-in method values of dict object at 0x7f6f5a6b5000>
"{'atak': ['9', '7', '10', '16', '12', '13', '0', '3', '6', '8', '19', '4', '2', '14', '1', '18', '11', '5', '17', '15']}",<built-in method values of dict object at 0x7f6f5a6b5000>
"{'atak': ['9', '7', '10', '16', '12', '13', '0', '3', '6', '8', '19', '4', '2', '14', '1', '18', '11', '5', '17', '15']}",<built-in method values of dict object at 0x7f6f5a6b5000>
"{'atak': ['9', '7', '10', '16', '12', '13', '0', '3', '6', '8', '19', '4', '2', '14', '1', '18', '11', '5', '17', '15']}",<built-in method values of dict object at 0x7f6f5a6b5000>
"{'atak': ['9', '7', '10', '16', '12', '13', '0', '3', '6', '8', '19', '4', '2', '14', '1', '18', '11', '5', '17', '15']}",<built-in method values of dict object at 0x7f6f5a6b5000>
"{'atak': ['9', '7', '10', '16', '12', '13', '0', '3', '6', '8', '19', '4', '2', '14', '1', '18', '11', '5', '17', '15']}",<built-in method values of dict object at 0x7f6f5a6b5000>
"{'atak': ['9', '7', '10', '16', '12', '13', '0', '3', '6', '8', '19', '4', '2', '14', '1', '18', '11', '5', '17', '15']}",<built-in method values of dict object at 0x7f6f5a6b5000>
"{'atak': ['9', '7', '10', '16', '12', '13', '0', '3', '6', '8', '19', '4', '2', '14', '1', '18', '11', '5', '17', '15']}",<built-in method values of dict object at 0x7f6f5a6b5000>
"{'atak': ['9', '7', '10', '16', '12', '13', '0', '3', '6', '8', '19', '4', '2', '14', '1', '18', '11', '5', '17', '15']}",<built-in method values of dict object at 0x7f6f5a6b5000>
"{'atak': ['9', '7', '10', '16', '12', '13', '0', '3', '6', '8', '19', '4', '2', '14', '1', '18', '11', '5', '17', '15']}",<built-in method values of dict object at 0x7f6f5a6b5000>
"{'atak': ['9', '7', '10', '16', '12', '13', '0', '3', '6', '8', '19', '4', '2', '14', '1', '18', '11', '5', '17', '15']}",<built-in method values of dict object at 0x7f6f5a6b5000>
"{'atak': ['9', '7', '10', '16', '12', '13', '0', '3', '6', '8', '19', '4', '2', '14', '1', '18', '11', '5', '17', '15']}",<built-in method values of dict object at 0x7f6f5a6b5000>
"{'atak': ['9', '7', '10', '16', '12', '13', '0', '3', '6', '8', '19', '4', '2', '14', '1', '18', '11', '5', '17', '15']}",<built-in method values of dict object at 0x7f6f5a6b5000>
"{'atak': ['9', '7', '10', '16', '12', '13', '0', '3', '6', '8', '19', '4', '2', '14', '1', '18', '11', '5', '17', '15']}",<built-in method values of dict object at 0x7f6f5a6b5000>
"{'atak': ['9', '7', '10', '16', '12', '13', '0', '3', '6', '8', '19', '4', '2', '14', '1', '18', '11', '5', '17', '15']}",<built-in method values of dict object at 0x7f6f5a6b5000>
"{'atak': ['9', '7', '10', '16', '12', '13', '0', '3', '6', '8', '19', '4', '2', '14', '1', '18', '11', '5', '17', '15']}",<built-in method values of dict object at 0x7f6f5a6b5000>
"{'atak': ['4', '7', '1', '14', '0', '2', '10', '8', '12', '15', '13', '16', '11', '9', '19', '18', '17', '6', '3', '5']}",<built-in method values of dict object at 0x7f6f5a6e8100>
"{'atak': ['4', '7', '1', '14', '0', '2', '10', '8', '12', '15', '13', '16', '11', '9', '19', '18', '17', '6', '3', '5']}",<built-in method values of dict object at 0x7f6f5a6e8100>
"{'atak': ['4', '7', '1', '14', '0', '2', '10', '8', '12', '15', '13', '16', '11', '9', '19', '18', '17', '6', '3', '5']}",<built-in method values of dict object at 0x7f6f5a6e8100>
"{'atak': ['4', '7', '1', '14', '0', '2', '10', '8', '12', '15', '13', '16', '11', '9', '19', '18', '17', '6', '3', '5']}",<built-in method values of dict object at 0x7f6f5a6e8100>
"{'atak': ['4', '7', '1', '14', '0', '2', '10', '8', '12', '15', '13', '16', '11', '9', '19', '18', '17', '6', '3', '5']}",<built-in method values of dict object at 0x7f6f5a6e8100>
"{'atak': ['4', '7', '1', '14', '0', '2', '10', '8', '12', '15', '13', '16', '11', '9', '19', '18', '17', '6', '3', '5']}",<built-in method values of dict object at 0x7f6f5a6e8100>
"{'atak': ['4', '7', '1', '14', '0', '2', '10', '8', '12', '15', '13', '16', '11', '9', '19', '18', '17', '6', '3', '5']}",<built-in method values of dict object at 0x7f6f5a6e8100>
"{'atak': ['4', '7', '1', '14', '0', '2', '10', '8', '12', '15', '13', '16', '11', '9', '19', '18', '17', '6', '3', '5']}",<built-in method values of dict object at 0x7f6f5a6e8100>
"{'atak': ['4', '7', '1', '14', '0', '2', '10', '8', '12', '15', '13', '16', '11', '9', '19', '18', '17', '6', '3', '5']}",<built-in method values of dict object at 0x7f6f5a6e8100>
"{'atak': ['4', '7', '1', '14', '0', '2', '10', '8', '12', '15', '13', '16', '11', '9', '19', '18', '17', '6', '3', '5']}",<built-in method values of dict object at 0x7f6f5a6e8100>
"{'atak': ['4', '7', '1', '14', '0', '2', '10', '8', '12', '15', '13', '16', '11', '9', '19', '18', '17', '6', '3', '5']}",<built-in method values of dict object at 0x7f6f5a6e8100>
"{'atak': ['4', '7', '1', '14', '0', '2', '10', '8', '12', '15', '13', '16', '11', '9', '19', '18', '17', '6', '3', '5']}",<built-in method values of dict object at 0x7f6f5a6e8100>
"{'atak': ['4', '7', '1', '14', '0', '2', '10', '8', '12', '15', '13', '16', '11', '9', '19', '18', '17', '6', '3', '5']}",<built-in method values of dict object at 0x7f6f5a6e8100>
"{'atak': ['4', '7', '1', '14', '0', '2', '10', '8', '12', '15', '13', '16', '11', '9', '19', '18', '17', '6', '3', '5']}",<built-in method values of dict object at 0x7f6f5a6e8100>
"{'atak': ['4', '7', '1', '14', '0', '2', '10', '8', '12', '15', '13', '16', '11', '9', '19', '18', '17', '6', '3', '5']}",<built-in method values of dict object at 0x7f6f5a6e8100>
"{'atak': ['4', '7', '1', '14', '0', '2', '10', '8', '12', '15', '13', '16', '11', '9', '19', '18', '17', '6', '3', '5']}",<built-in method values of dict object at 0x7f6f5a6e8100>
"{'atak': ['4', '7', '1', '14', '0', '2', '10', '8', '12', '15', '13', '16', '11', '9', '19', '18', '17', '6', '3', '5']}",<built-in method values of dict object at 0x7f6f5a6e8100>
"{'atak': ['4', '7', '1', '14', '0', '2', '10', '8', '12', '15', '13', '16', '11', '9', '19', '18', '17', '6', '3', '5']}",<built-in method values of dict object at 0x7f6f5a6e8100>
"{'atak': ['4', '7', '1', '14', '0', '2', '10', '8', '12', '15', '13', '16', '11', '9', '19', '18', '17', '6', '3', '5']}",<built-in method values of dict object at 0x7f6f5a6e8100>
"{'atak': ['4', '7', '1', '14', '0', '2', '10', '8', '12', '15', '13', '16', '11', '9', '19', '18', '17', '6', '3', '5']}",<built-in method values of dict object at 0x7f6f5a6e8100>
"{'atak': ['17', '10', '1', '4', '12', '2', '9', '11', '3', '18', '19', '6', '16', '0', '15', '13', '14', '7', '5', '8']}",<built-in method values of dict object at 0x7f6f5a6a3880>
"{'atak': ['17', '10', '1', '4', '12', '2', '9', '11', '3', '18', '19', '6', '16', '0', '15', '13', '14', '7', '5', '8']}",<built-in method values of dict object at 0x7f6f5a6a3880>
"{'atak': ['17', '10', '1', '4', '12', '2', '9', '11', '3', '18', '19', '6', '16', '0', '15', '13', '14', '7', '5', '8']}",<built-in method values of dict object at 0x7f6f5a6a3880>
"{'atak': ['17', '10', '1', '4', '12', '2', '9', '11', '3', '18', '19', '6', '16', '0', '15', '13', '14', '7', '5', '8']}",<built-in method values of dict object at 0x7f6f5a6a3880>
"{'atak': ['17', '10', '1', '4', '12', '2', '9', '11', '3', '18', '19', '6', '16', '0', '15', '13', '14', '7', '5', '8']}",<built-in method values of dict object at 0x7f6f5a6a3880>
"{'atak': ['17', '10', '1', '4', '12', '2', '9', '11', '3', '18', '19', '6', '16', '0', '15', '13', '14', '7', '5', '8']}",<built-in method values of dict object at 0x7f6f5a6a3880>
"{'atak': ['17', '10', '1', '4', '12', '2', '9', '11', '3', '18', '19', '6', '16', '0', '15', '13', '14', '7', '5', '8']}",<built-in method values of dict object at 0x7f6f5a6a3880>
"{'atak': ['17', '10', '1', '4', '12', '2', '9', '11', '3', '18', '19', '6', '16', '0', '15', '13', '14', '7', '5', '8']}",<built-in method values of dict object at 0x7f6f5a6a3880>
"{'atak': ['17', '10', '1', '4', '12', '2', '9', '11', '3', '18', '19', '6', '16', '0', '15', '13', '14', '7', '5', '8']}",<built-in method values of dict object at 0x7f6f5a6a3880>
"{'atak': ['17', '10', '1', '4', '12', '2', '9', '11', '3', '18', '19', '6', '16', '0', '15', '13', '14', '7', '5', '8']}",<built-in method values of dict object at 0x7f6f5a6a3880>
"{'atak': ['17', '10', '1', '4', '12', '2', '9', '11', '3', '18', '19', '6', '16', '0', '15', '13', '14', '7', '5', '8']}",<built-in method values of dict object at 0x7f6f5a6a3880>
"{'atak': ['17', '10', '1', '4', '12', '2', '9', '11', '3', '18', '19', '6', '16', '0', '15', '13', '14', '7', '5', '8']}",<built-in method values of dict object at 0x7f6f5a6a3880>
"{'atak': ['17', '10', '1', '4', '12', '2', '9', '11', '3', '18', '19', '6', '16', '0', '15', '13', '14', '7', '5', '8']}",<built-in method values of dict object at 0x7f6f5a6a3880>
"{'atak': ['17', '10', '1', '4', '12', '2', '9', '11', '3', '18', '19', '6', '16', '0', '15', '13', '14', '7', '5', '8']}",<built-in method values of dict object at 0x7f6f5a6a3880>
"{'atak': ['17', '10', '1', '4', '12', '2', '9', '11', '3', '18', '19', '6', '16', '0', '15', '13', '14', '7', '5', '8']}",<built-in method values of dict object at 0x7f6f5a6a3880>
"{'atak': ['17', '10', '1', '4', '12', '2', '9', '11', '3', '18', '19', '6', '16', '0', '15', '13', '14', '7', '5', '8']}",<built-in method values of dict object at 0x7f6f5a6a3880>
"{'atak': ['17', '10', '1', '4', '12', '2', '9', '11', '3', '18', '19', '6', '16', '0', '15', '13', '14', '7', '5', '8']}",<built-in method values of dict object at 0x7f6f5a6a3880>
"{'atak': ['17', '10', '1', '4', '12', '2', '9', '11', '3', '18', '19', '6', '16', '0', '15', '13', '14', '7', '5', '8']}",<built-in method values of dict object at 0x7f6f5a6a3880>
"{'atak': ['17', '10', '1', '4', '12', '2', '9', '11', '3', '18', '19', '6', '16', '0', '15', '13', '14', '7', '5', '8']}",<built-in method values of dict object at 0x7f6f5a6a3880>
"{'atak': ['17', '10', '1', '4', '12', '2', '9', '11', '3', '18', '19', '6', '16', '0', '15', '13', '14', '7', '5', '8']}",<built-in method values of dict object at 0x7f6f5a6a3880>
