{},<built-in method values of dict object at 0x7eff88c60600>
{},<built-in method values of dict object at 0x7eff88c60600>
{},<built-in method values of dict object at 0x7eff88c60600>
{},<built-in method values of dict object at 0x7eff88c60600>
{},<built-in method values of dict object at 0x7eff88c60600>
{},<built-in method values of dict object at 0x7eff88c60600>
{},<built-in method values of dict object at 0x7eff88c60600>
{},<built-in method values of dict object at 0x7eff88c60600>
{},<built-in method values of dict object at 0x7eff88c60600>
{},<built-in method values of dict object at 0x7eff88c60600>
{},<built-in method values of dict object at 0x7eff88c60600>
{},<built-in method values of dict object at 0x7eff88c60600>
{},<built-in method values of dict object at 0x7eff88c60600>
{},<built-in method values of dict object at 0x7eff88c60600>
{},<built-in method values of dict object at 0x7eff88c60600>
{},<built-in method values of dict object at 0x7eff88c60600>
{},<built-in method values of dict object at 0x7eff88c60600>
{},<built-in method values of dict object at 0x7eff88c60600>
{},<built-in method values of dict object at 0x7eff88c60600>
{},<built-in method values of dict object at 0x7eff88c60600>
"{'n_atak': ['1', '5', '16', '14', '6', '11', '4', '19', '8', '3', '17', '12', '10', '2', '18', '15', '0', '9', '7', '13']}",<built-in method values of dict object at 0x7eff88c61780>
"{'n_atak': ['1', '5', '16', '14', '6', '11', '4', '19', '8', '3', '17', '12', '10', '2', '18', '15', '0', '9', '7', '13']}",<built-in method values of dict object at 0x7eff88c61780>
"{'n_atak': ['1', '5', '16', '14', '6', '11', '4', '19', '8', '3', '17', '12', '10', '2', '18', '15', '0', '9', '7', '13']}",<built-in method values of dict object at 0x7eff88c61780>
"{'n_atak': ['1', '5', '16', '14', '6', '11', '4', '19', '8', '3', '17', '12', '10', '2', '18', '15', '0', '9', '7', '13']}",<built-in method values of dict object at 0x7eff88c61780>
"{'n_atak': ['1', '5', '16', '14', '6', '11', '4', '19', '8', '3', '17', '12', '10', '2', '18', '15', '0', '9', '7', '13']}",<built-in method values of dict object at 0x7eff88c61780>
"{'n_atak': ['1', '5', '16', '14', '6', '11', '4', '19', '8', '3', '17', '12', '10', '2', '18', '15', '0', '9', '7', '13']}",<built-in method values of dict object at 0x7eff88c61780>
"{'n_atak': ['1', '5', '16', '14', '6', '11', '4', '19', '8', '3', '17', '12', '10', '2', '18', '15', '0', '9', '7', '13']}",<built-in method values of dict object at 0x7eff88c61780>
"{'n_atak': ['1', '5', '16', '14', '6', '11', '4', '19', '8', '3', '17', '12', '10', '2', '18', '15', '0', '9', '7', '13']}",<built-in method values of dict object at 0x7eff88c61780>
"{'n_atak': ['1', '5', '16', '14', '6', '11', '4', '19', '8', '3', '17', '12', '10', '2', '18', '15', '0', '9', '7', '13']}",<built-in method values of dict object at 0x7eff88c61780>
"{'n_atak': ['1', '5', '16', '14', '6', '11', '4', '19', '8', '3', '17', '12', '10', '2', '18', '15', '0', '9', '7', '13']}",<built-in method values of dict object at 0x7eff88c61780>
"{'n_atak': ['1', '5', '16', '14', '6', '11', '4', '19', '8', '3', '17', '12', '10', '2', '18', '15', '0', '9', '7', '13']}",<built-in method values of dict object at 0x7eff88c61780>
"{'n_atak': ['1', '5', '16', '14', '6', '11', '4', '19', '8', '3', '17', '12', '10', '2', '18', '15', '0', '9', '7', '13']}",<built-in method values of dict object at 0x7eff88c61780>
"{'n_atak': ['1', '5', '16', '14', '6', '11', '4', '19', '8', '3', '17', '12', '10', '2', '18', '15', '0', '9', '7', '13']}",<built-in method values of dict object at 0x7eff88c61780>
"{'n_atak': ['1', '5', '16', '14', '6', '11', '4', '19', '8', '3', '17', '12', '10', '2', '18', '15', '0', '9', '7', '13']}",<built-in method values of dict object at 0x7eff88c61780>
"{'n_atak': ['1', '5', '16', '14', '6', '11', '4', '19', '8', '3', '17', '12', '10', '2', '18', '15', '0', '9', '7', '13']}",<built-in method values of dict object at 0x7eff88c61780>
"{'n_atak': ['1', '5', '16', '14', '6', '11', '4', '19', '8', '3', '17', '12', '10', '2', '18', '15', '0', '9', '7', '13']}",<built-in method values of dict object at 0x7eff88c61780>
"{'n_atak': ['1', '5', '16', '14', '6', '11', '4', '19', '8', '3', '17', '12', '10', '2', '18', '15', '0', '9', '7', '13']}",<built-in method values of dict object at 0x7eff88c61780>
"{'n_atak': ['1', '5', '16', '14', '6', '11', '4', '19', '8', '3', '17', '12', '10', '2', '18', '15', '0', '9', '7', '13']}",<built-in method values of dict object at 0x7eff88c61780>
"{'n_atak': ['1', '5', '16', '14', '6', '11', '4', '19', '8', '3', '17', '12', '10', '2', '18', '15', '0', '9', '7', '13']}",<built-in method values of dict object at 0x7eff88c61780>
"{'n_atak': ['1', '5', '16', '14', '6', '11', '4', '19', '8', '3', '17', '12', '10', '2', '18', '15', '0', '9', '7', '13']}",<built-in method values of dict object at 0x7eff88c61780>
"{'n_atak': ['15', '14', '11', '6', '5', '0', '2', '10', '17', '4', '8', '13', '18', '1', '19', '16', '7', '9', '12', '3']}",<built-in method values of dict object at 0x7eff88c944c0>
"{'n_atak': ['15', '14', '11', '6', '5', '0', '2', '10', '17', '4', '8', '13', '18', '1', '19', '16', '7', '9', '12', '3']}",<built-in method values of dict object at 0x7eff88c944c0>
"{'n_atak': ['15', '14', '11', '6', '5', '0', '2', '10', '17', '4', '8', '13', '18', '1', '19', '16', '7', '9', '12', '3']}",<built-in method values of dict object at 0x7eff88c944c0>
"{'n_atak': ['15', '14', '11', '6', '5', '0', '2', '10', '17', '4', '8', '13', '18', '1', '19', '16', '7', '9', '12', '3']}",<built-in method values of dict object at 0x7eff88c944c0>
"{'n_atak': ['15', '14', '11', '6', '5', '0', '2', '10', '17', '4', '8', '13', '18', '1', '19', '16', '7', '9', '12', '3']}",<built-in method values of dict object at 0x7eff88c944c0>
"{'n_atak': ['15', '14', '11', '6', '5', '0', '2', '10', '17', '4', '8', '13', '18', '1', '19', '16', '7', '9', '12', '3']}",<built-in method values of dict object at 0x7eff88c944c0>
"{'n_atak': ['15', '14', '11', '6', '5', '0', '2', '10', '17', '4', '8', '13', '18', '1', '19', '16', '7', '9', '12', '3']}",<built-in method values of dict object at 0x7eff88c944c0>
"{'n_atak': ['15', '14', '11', '6', '5', '0', '2', '10', '17', '4', '8', '13', '18', '1', '19', '16', '7', '9', '12', '3']}",<built-in method values of dict object at 0x7eff88c944c0>
"{'n_atak': ['15', '14', '11', '6', '5', '0', '2', '10', '17', '4', '8', '13', '18', '1', '19', '16', '7', '9', '12', '3']}",<built-in method values of dict object at 0x7eff88c944c0>
"{'n_atak': ['15', '14', '11', '6', '5', '0', '2', '10', '17', '4', '8', '13', '18', '1', '19', '16', '7', '9', '12', '3']}",<built-in method values of dict object at 0x7eff88c944c0>
"{'n_atak': ['15', '14', '11', '6', '5', '0', '2', '10', '17', '4', '8', '13', '18', '1', '19', '16', '7', '9', '12', '3']}",<built-in method values of dict object at 0x7eff88c944c0>
"{'n_atak': ['15', '14', '11', '6', '5', '0', '2', '10', '17', '4', '8', '13', '18', '1', '19', '16', '7', '9', '12', '3']}",<built-in method values of dict object at 0x7eff88c944c0>
"{'n_atak': ['15', '14', '11', '6', '5', '0', '2', '10', '17', '4', '8', '13', '18', '1', '19', '16', '7', '9', '12', '3']}",<built-in method values of dict object at 0x7eff88c944c0>
"{'n_atak': ['15', '14', '11', '6', '5', '0', '2', '10', '17', '4', '8', '13', '18', '1', '19', '16', '7', '9', '12', '3']}",<built-in method values of dict object at 0x7eff88c944c0>
"{'n_atak': ['15', '14', '11', '6', '5', '0', '2', '10', '17', '4', '8', '13', '18', '1', '19', '16', '7', '9', '12', '3']}",<built-in method values of dict object at 0x7eff88c944c0>
"{'n_atak': ['15', '14', '11', '6', '5', '0', '2', '10', '17', '4', '8', '13', '18', '1', '19', '16', '7', '9', '12', '3']}",<built-in method values of dict object at 0x7eff88c944c0>
"{'n_atak': ['15', '14', '11', '6', '5', '0', '2', '10', '17', '4', '8', '13', '18', '1', '19', '16', '7', '9', '12', '3']}",<built-in method values of dict object at 0x7eff88c944c0>
"{'n_atak': ['15', '14', '11', '6', '5', '0', '2', '10', '17', '4', '8', '13', '18', '1', '19', '16', '7', '9', '12', '3']}",<built-in method values of dict object at 0x7eff88c944c0>
"{'n_atak': ['15', '14', '11', '6', '5', '0', '2', '10', '17', '4', '8', '13', '18', '1', '19', '16', '7', '9', '12', '3']}",<built-in method values of dict object at 0x7eff88c944c0>
"{'n_atak': ['15', '14', '11', '6', '5', '0', '2', '10', '17', '4', '8', '13', '18', '1', '19', '16', '7', '9', '12', '3']}",<built-in method values of dict object at 0x7eff88c944c0>
"{'n_atak': ['7', '6', '14', '1', '18', '13', '2', '15', '19', '8', '9', '11', '5', '16', '4', '3', '12', '17', '10', '0']}",<built-in method values of dict object at 0x7efea61fa200>
"{'n_atak': ['7', '6', '14', '1', '18', '13', '2', '15', '19', '8', '9', '11', '5', '16', '4', '3', '12', '17', '10', '0']}",<built-in method values of dict object at 0x7efea61fa200>
"{'n_atak': ['7', '6', '14', '1', '18', '13', '2', '15', '19', '8', '9', '11', '5', '16', '4', '3', '12', '17', '10', '0']}",<built-in method values of dict object at 0x7efea61fa200>
"{'n_atak': ['7', '6', '14', '1', '18', '13', '2', '15', '19', '8', '9', '11', '5', '16', '4', '3', '12', '17', '10', '0']}",<built-in method values of dict object at 0x7efea61fa200>
"{'n_atak': ['7', '6', '14', '1', '18', '13', '2', '15', '19', '8', '9', '11', '5', '16', '4', '3', '12', '17', '10', '0']}",<built-in method values of dict object at 0x7efea61fa200>
"{'n_atak': ['7', '6', '14', '1', '18', '13', '2', '15', '19', '8', '9', '11', '5', '16', '4', '3', '12', '17', '10', '0']}",<built-in method values of dict object at 0x7efea61fa200>
"{'n_atak': ['7', '6', '14', '1', '18', '13', '2', '15', '19', '8', '9', '11', '5', '16', '4', '3', '12', '17', '10', '0']}",<built-in method values of dict object at 0x7efea61fa200>
"{'n_atak': ['7', '6', '14', '1', '18', '13', '2', '15', '19', '8', '9', '11', '5', '16', '4', '3', '12', '17', '10', '0']}",<built-in method values of dict object at 0x7efea61fa200>
"{'n_atak': ['7', '6', '14', '1', '18', '13', '2', '15', '19', '8', '9', '11', '5', '16', '4', '3', '12', '17', '10', '0']}",<built-in method values of dict object at 0x7efea61fa200>
"{'n_atak': ['7', '6', '14', '1', '18', '13', '2', '15', '19', '8', '9', '11', '5', '16', '4', '3', '12', '17', '10', '0']}",<built-in method values of dict object at 0x7efea61fa200>
"{'n_atak': ['7', '6', '14', '1', '18', '13', '2', '15', '19', '8', '9', '11', '5', '16', '4', '3', '12', '17', '10', '0']}",<built-in method values of dict object at 0x7efea61fa200>
"{'n_atak': ['7', '6', '14', '1', '18', '13', '2', '15', '19', '8', '9', '11', '5', '16', '4', '3', '12', '17', '10', '0']}",<built-in method values of dict object at 0x7efea61fa200>
"{'n_atak': ['7', '6', '14', '1', '18', '13', '2', '15', '19', '8', '9', '11', '5', '16', '4', '3', '12', '17', '10', '0']}",<built-in method values of dict object at 0x7efea61fa200>
"{'n_atak': ['7', '6', '14', '1', '18', '13', '2', '15', '19', '8', '9', '11', '5', '16', '4', '3', '12', '17', '10', '0']}",<built-in method values of dict object at 0x7efea61fa200>
"{'n_atak': ['7', '6', '14', '1', '18', '13', '2', '15', '19', '8', '9', '11', '5', '16', '4', '3', '12', '17', '10', '0']}",<built-in method values of dict object at 0x7efea61fa200>
"{'n_atak': ['7', '6', '14', '1', '18', '13', '2', '15', '19', '8', '9', '11', '5', '16', '4', '3', '12', '17', '10', '0']}",<built-in method values of dict object at 0x7efea61fa200>
"{'n_atak': ['7', '6', '14', '1', '18', '13', '2', '15', '19', '8', '9', '11', '5', '16', '4', '3', '12', '17', '10', '0']}",<built-in method values of dict object at 0x7efea61fa200>
"{'n_atak': ['7', '6', '14', '1', '18', '13', '2', '15', '19', '8', '9', '11', '5', '16', '4', '3', '12', '17', '10', '0']}",<built-in method values of dict object at 0x7efea61fa200>
"{'n_atak': ['7', '6', '14', '1', '18', '13', '2', '15', '19', '8', '9', '11', '5', '16', '4', '3', '12', '17', '10', '0']}",<built-in method values of dict object at 0x7efea61fa200>
"{'n_atak': ['7', '6', '14', '1', '18', '13', '2', '15', '19', '8', '9', '11', '5', '16', '4', '3', '12', '17', '10', '0']}",<built-in method values of dict object at 0x7efea61fa200>
"{'n_atak': ['17', '10', '4', '3', '1', '6', '7', '11', '18', '5', '2', '9', '13', '16', '14', '15', '12', '19', '8', '0']}",<built-in method values of dict object at 0x7eff88ce2e80>
"{'n_atak': ['17', '10', '4', '3', '1', '6', '7', '11', '18', '5', '2', '9', '13', '16', '14', '15', '12', '19', '8', '0']}",<built-in method values of dict object at 0x7eff88ce2e80>
"{'n_atak': ['17', '10', '4', '3', '1', '6', '7', '11', '18', '5', '2', '9', '13', '16', '14', '15', '12', '19', '8', '0']}",<built-in method values of dict object at 0x7eff88ce2e80>
"{'n_atak': ['17', '10', '4', '3', '1', '6', '7', '11', '18', '5', '2', '9', '13', '16', '14', '15', '12', '19', '8', '0']}",<built-in method values of dict object at 0x7eff88ce2e80>
"{'n_atak': ['17', '10', '4', '3', '1', '6', '7', '11', '18', '5', '2', '9', '13', '16', '14', '15', '12', '19', '8', '0']}",<built-in method values of dict object at 0x7eff88ce2e80>
"{'n_atak': ['17', '10', '4', '3', '1', '6', '7', '11', '18', '5', '2', '9', '13', '16', '14', '15', '12', '19', '8', '0']}",<built-in method values of dict object at 0x7eff88ce2e80>
"{'n_atak': ['17', '10', '4', '3', '1', '6', '7', '11', '18', '5', '2', '9', '13', '16', '14', '15', '12', '19', '8', '0']}",<built-in method values of dict object at 0x7eff88ce2e80>
"{'n_atak': ['17', '10', '4', '3', '1', '6', '7', '11', '18', '5', '2', '9', '13', '16', '14', '15', '12', '19', '8', '0']}",<built-in method values of dict object at 0x7eff88ce2e80>
"{'n_atak': ['17', '10', '4', '3', '1', '6', '7', '11', '18', '5', '2', '9', '13', '16', '14', '15', '12', '19', '8', '0']}",<built-in method values of dict object at 0x7eff88ce2e80>
"{'n_atak': ['17', '10', '4', '3', '1', '6', '7', '11', '18', '5', '2', '9', '13', '16', '14', '15', '12', '19', '8', '0']}",<built-in method values of dict object at 0x7eff88ce2e80>
"{'n_atak': ['17', '10', '4', '3', '1', '6', '7', '11', '18', '5', '2', '9', '13', '16', '14', '15', '12', '19', '8', '0']}",<built-in method values of dict object at 0x7eff88ce2e80>
"{'n_atak': ['17', '10', '4', '3', '1', '6', '7', '11', '18', '5', '2', '9', '13', '16', '14', '15', '12', '19', '8', '0']}",<built-in method values of dict object at 0x7eff88ce2e80>
"{'n_atak': ['17', '10', '4', '3', '1', '6', '7', '11', '18', '5', '2', '9', '13', '16', '14', '15', '12', '19', '8', '0']}",<built-in method values of dict object at 0x7eff88ce2e80>
"{'n_atak': ['17', '10', '4', '3', '1', '6', '7', '11', '18', '5', '2', '9', '13', '16', '14', '15', '12', '19', '8', '0']}",<built-in method values of dict object at 0x7eff88ce2e80>
"{'n_atak': ['17', '10', '4', '3', '1', '6', '7', '11', '18', '5', '2', '9', '13', '16', '14', '15', '12', '19', '8', '0']}",<built-in method values of dict object at 0x7eff88ce2e80>
"{'n_atak': ['17', '10', '4', '3', '1', '6', '7', '11', '18', '5', '2', '9', '13', '16', '14', '15', '12', '19', '8', '0']}",<built-in method values of dict object at 0x7eff88ce2e80>
"{'n_atak': ['17', '10', '4', '3', '1', '6', '7', '11', '18', '5', '2', '9', '13', '16', '14', '15', '12', '19', '8', '0']}",<built-in method values of dict object at 0x7eff88ce2e80>
"{'n_atak': ['17', '10', '4', '3', '1', '6', '7', '11', '18', '5', '2', '9', '13', '16', '14', '15', '12', '19', '8', '0']}",<built-in method values of dict object at 0x7eff88ce2e80>
"{'n_atak': ['17', '10', '4', '3', '1', '6', '7', '11', '18', '5', '2', '9', '13', '16', '14', '15', '12', '19', '8', '0']}",<built-in method values of dict object at 0x7eff88ce2e80>
"{'n_atak': ['17', '10', '4', '3', '1', '6', '7', '11', '18', '5', '2', '9', '13', '16', '14', '15', '12', '19', '8', '0']}",<built-in method values of dict object at 0x7eff88ce2e80>
"{'n_atak': ['5', '9', '15', '7', '13', '3', '1', '4', '18', '19', '11', '17', '12', '10', '8', '2', '16', '0', '6', '14']}",<built-in method values of dict object at 0x7eff88c33780>
"{'n_atak': ['5', '9', '15', '7', '13', '3', '1', '4', '18', '19', '11', '17', '12', '10', '8', '2', '16', '0', '6', '14']}",<built-in method values of dict object at 0x7eff88c33780>
"{'n_atak': ['5', '9', '15', '7', '13', '3', '1', '4', '18', '19', '11', '17', '12', '10', '8', '2', '16', '0', '6', '14']}",<built-in method values of dict object at 0x7eff88c33780>
"{'n_atak': ['5', '9', '15', '7', '13', '3', '1', '4', '18', '19', '11', '17', '12', '10', '8', '2', '16', '0', '6', '14']}",<built-in method values of dict object at 0x7eff88c33780>
"{'n_atak': ['5', '9', '15', '7', '13', '3', '1', '4', '18', '19', '11', '17', '12', '10', '8', '2', '16', '0', '6', '14']}",<built-in method values of dict object at 0x7eff88c33780>
"{'n_atak': ['5', '9', '15', '7', '13', '3', '1', '4', '18', '19', '11', '17', '12', '10', '8', '2', '16', '0', '6', '14']}",<built-in method values of dict object at 0x7eff88c33780>
"{'n_atak': ['5', '9', '15', '7', '13', '3', '1', '4', '18', '19', '11', '17', '12', '10', '8', '2', '16', '0', '6', '14']}",<built-in method values of dict object at 0x7eff88c33780>
"{'n_atak': ['5', '9', '15', '7', '13', '3', '1', '4', '18', '19', '11', '17', '12', '10', '8', '2', '16', '0', '6', '14']}",<built-in method values of dict object at 0x7eff88c33780>
"{'n_atak': ['5', '9', '15', '7', '13', '3', '1', '4', '18', '19', '11', '17', '12', '10', '8', '2', '16', '0', '6', '14']}",<built-in method values of dict object at 0x7eff88c33780>
"{'n_atak': ['5', '9', '15', '7', '13', '3', '1', '4', '18', '19', '11', '17', '12', '10', '8', '2', '16', '0', '6', '14']}",<built-in method values of dict object at 0x7eff88c33780>
"{'n_atak': ['5', '9', '15', '7', '13', '3', '1', '4', '18', '19', '11', '17', '12', '10', '8', '2', '16', '0', '6', '14']}",<built-in method values of dict object at 0x7eff88c33780>
"{'n_atak': ['5', '9', '15', '7', '13', '3', '1', '4', '18', '19', '11', '17', '12', '10', '8', '2', '16', '0', '6', '14']}",<built-in method values of dict object at 0x7eff88c33780>
"{'n_atak': ['5', '9', '15', '7', '13', '3', '1', '4', '18', '19', '11', '17', '12', '10', '8', '2', '16', '0', '6', '14']}",<built-in method values of dict object at 0x7eff88c33780>
"{'n_atak': ['5', '9', '15', '7', '13', '3', '1', '4', '18', '19', '11', '17', '12', '10', '8', '2', '16', '0', '6', '14']}",<built-in method values of dict object at 0x7eff88c33780>
"{'n_atak': ['5', '9', '15', '7', '13', '3', '1', '4', '18', '19', '11', '17', '12', '10', '8', '2', '16', '0', '6', '14']}",<built-in method values of dict object at 0x7eff88c33780>
"{'n_atak': ['5', '9', '15', '7', '13', '3', '1', '4', '18', '19', '11', '17', '12', '10', '8', '2', '16', '0', '6', '14']}",<built-in method values of dict object at 0x7eff88c33780>
"{'n_atak': ['5', '9', '15', '7', '13', '3', '1', '4', '18', '19', '11', '17', '12', '10', '8', '2', '16', '0', '6', '14']}",<built-in method values of dict object at 0x7eff88c33780>
"{'n_atak': ['5', '9', '15', '7', '13', '3', '1', '4', '18', '19', '11', '17', '12', '10', '8', '2', '16', '0', '6', '14']}",<built-in method values of dict object at 0x7eff88c33780>
"{'n_atak': ['5', '9', '15', '7', '13', '3', '1', '4', '18', '19', '11', '17', '12', '10', '8', '2', '16', '0', '6', '14']}",<built-in method values of dict object at 0x7eff88c33780>
"{'n_atak': ['5', '9', '15', '7', '13', '3', '1', '4', '18', '19', '11', '17', '12', '10', '8', '2', '16', '0', '6', '14']}",<built-in method values of dict object at 0x7eff88c33780>
"{'n_atak': ['3', '5', '16', '1', '9', '12', '18', '14', '17', '19', '2', '13', '0', '15', '11', '6', '10', '7', '8', '4']}",<built-in method values of dict object at 0x7eff88cad600>
"{'n_atak': ['3', '5', '16', '1', '9', '12', '18', '14', '17', '19', '2', '13', '0', '15', '11', '6', '10', '7', '8', '4']}",<built-in method values of dict object at 0x7eff88cad600>
"{'n_atak': ['3', '5', '16', '1', '9', '12', '18', '14', '17', '19', '2', '13', '0', '15', '11', '6', '10', '7', '8', '4']}",<built-in method values of dict object at 0x7eff88cad600>
"{'n_atak': ['3', '5', '16', '1', '9', '12', '18', '14', '17', '19', '2', '13', '0', '15', '11', '6', '10', '7', '8', '4']}",<built-in method values of dict object at 0x7eff88cad600>
"{'n_atak': ['3', '5', '16', '1', '9', '12', '18', '14', '17', '19', '2', '13', '0', '15', '11', '6', '10', '7', '8', '4']}",<built-in method values of dict object at 0x7eff88cad600>
"{'n_atak': ['3', '5', '16', '1', '9', '12', '18', '14', '17', '19', '2', '13', '0', '15', '11', '6', '10', '7', '8', '4']}",<built-in method values of dict object at 0x7eff88cad600>
"{'n_atak': ['3', '5', '16', '1', '9', '12', '18', '14', '17', '19', '2', '13', '0', '15', '11', '6', '10', '7', '8', '4']}",<built-in method values of dict object at 0x7eff88cad600>
"{'n_atak': ['3', '5', '16', '1', '9', '12', '18', '14', '17', '19', '2', '13', '0', '15', '11', '6', '10', '7', '8', '4']}",<built-in method values of dict object at 0x7eff88cad600>
"{'n_atak': ['3', '5', '16', '1', '9', '12', '18', '14', '17', '19', '2', '13', '0', '15', '11', '6', '10', '7', '8', '4']}",<built-in method values of dict object at 0x7eff88cad600>
"{'n_atak': ['3', '5', '16', '1', '9', '12', '18', '14', '17', '19', '2', '13', '0', '15', '11', '6', '10', '7', '8', '4']}",<built-in method values of dict object at 0x7eff88cad600>
"{'n_atak': ['3', '5', '16', '1', '9', '12', '18', '14', '17', '19', '2', '13', '0', '15', '11', '6', '10', '7', '8', '4']}",<built-in method values of dict object at 0x7eff88cad600>
"{'n_atak': ['3', '5', '16', '1', '9', '12', '18', '14', '17', '19', '2', '13', '0', '15', '11', '6', '10', '7', '8', '4']}",<built-in method values of dict object at 0x7eff88cad600>
"{'n_atak': ['3', '5', '16', '1', '9', '12', '18', '14', '17', '19', '2', '13', '0', '15', '11', '6', '10', '7', '8', '4']}",<built-in method values of dict object at 0x7eff88cad600>
"{'n_atak': ['3', '5', '16', '1', '9', '12', '18', '14', '17', '19', '2', '13', '0', '15', '11', '6', '10', '7', '8', '4']}",<built-in method values of dict object at 0x7eff88cad600>
"{'n_atak': ['3', '5', '16', '1', '9', '12', '18', '14', '17', '19', '2', '13', '0', '15', '11', '6', '10', '7', '8', '4']}",<built-in method values of dict object at 0x7eff88cad600>
"{'n_atak': ['3', '5', '16', '1', '9', '12', '18', '14', '17', '19', '2', '13', '0', '15', '11', '6', '10', '7', '8', '4']}",<built-in method values of dict object at 0x7eff88cad600>
"{'n_atak': ['3', '5', '16', '1', '9', '12', '18', '14', '17', '19', '2', '13', '0', '15', '11', '6', '10', '7', '8', '4']}",<built-in method values of dict object at 0x7eff88cad600>
"{'n_atak': ['3', '5', '16', '1', '9', '12', '18', '14', '17', '19', '2', '13', '0', '15', '11', '6', '10', '7', '8', '4']}",<built-in method values of dict object at 0x7eff88cad600>
"{'n_atak': ['3', '5', '16', '1', '9', '12', '18', '14', '17', '19', '2', '13', '0', '15', '11', '6', '10', '7', '8', '4']}",<built-in method values of dict object at 0x7eff88cad600>
"{'n_atak': ['3', '5', '16', '1', '9', '12', '18', '14', '17', '19', '2', '13', '0', '15', '11', '6', '10', '7', '8', '4']}",<built-in method values of dict object at 0x7eff88cad600>
"{'n_atak': ['9', '18', '2', '11', '5', '16', '1', '8', '14', '0', '3', '17', '10', '15', '6', '7', '12', '19', '13', '4']}",<built-in method values of dict object at 0x7eff88ca8f80>
"{'n_atak': ['9', '18', '2', '11', '5', '16', '1', '8', '14', '0', '3', '17', '10', '15', '6', '7', '12', '19', '13', '4']}",<built-in method values of dict object at 0x7eff88ca8f80>
"{'n_atak': ['9', '18', '2', '11', '5', '16', '1', '8', '14', '0', '3', '17', '10', '15', '6', '7', '12', '19', '13', '4']}",<built-in method values of dict object at 0x7eff88ca8f80>
"{'n_atak': ['9', '18', '2', '11', '5', '16', '1', '8', '14', '0', '3', '17', '10', '15', '6', '7', '12', '19', '13', '4']}",<built-in method values of dict object at 0x7eff88ca8f80>
"{'n_atak': ['9', '18', '2', '11', '5', '16', '1', '8', '14', '0', '3', '17', '10', '15', '6', '7', '12', '19', '13', '4']}",<built-in method values of dict object at 0x7eff88ca8f80>
"{'n_atak': ['9', '18', '2', '11', '5', '16', '1', '8', '14', '0', '3', '17', '10', '15', '6', '7', '12', '19', '13', '4']}",<built-in method values of dict object at 0x7eff88ca8f80>
"{'n_atak': ['9', '18', '2', '11', '5', '16', '1', '8', '14', '0', '3', '17', '10', '15', '6', '7', '12', '19', '13', '4']}",<built-in method values of dict object at 0x7eff88ca8f80>
"{'n_atak': ['9', '18', '2', '11', '5', '16', '1', '8', '14', '0', '3', '17', '10', '15', '6', '7', '12', '19', '13', '4']}",<built-in method values of dict object at 0x7eff88ca8f80>
"{'n_atak': ['9', '18', '2', '11', '5', '16', '1', '8', '14', '0', '3', '17', '10', '15', '6', '7', '12', '19', '13', '4']}",<built-in method values of dict object at 0x7eff88ca8f80>
"{'n_atak': ['9', '18', '2', '11', '5', '16', '1', '8', '14', '0', '3', '17', '10', '15', '6', '7', '12', '19', '13', '4']}",<built-in method values of dict object at 0x7eff88ca8f80>
"{'n_atak': ['9', '18', '2', '11', '5', '16', '1', '8', '14', '0', '3', '17', '10', '15', '6', '7', '12', '19', '13', '4']}",<built-in method values of dict object at 0x7eff88ca8f80>
"{'n_atak': ['9', '18', '2', '11', '5', '16', '1', '8', '14', '0', '3', '17', '10', '15', '6', '7', '12', '19', '13', '4']}",<built-in method values of dict object at 0x7eff88ca8f80>
"{'n_atak': ['9', '18', '2', '11', '5', '16', '1', '8', '14', '0', '3', '17', '10', '15', '6', '7', '12', '19', '13', '4']}",<built-in method values of dict object at 0x7eff88ca8f80>
"{'n_atak': ['9', '18', '2', '11', '5', '16', '1', '8', '14', '0', '3', '17', '10', '15', '6', '7', '12', '19', '13', '4']}",<built-in method values of dict object at 0x7eff88ca8f80>
"{'n_atak': ['9', '18', '2', '11', '5', '16', '1', '8', '14', '0', '3', '17', '10', '15', '6', '7', '12', '19', '13', '4']}",<built-in method values of dict object at 0x7eff88ca8f80>
"{'n_atak': ['9', '18', '2', '11', '5', '16', '1', '8', '14', '0', '3', '17', '10', '15', '6', '7', '12', '19', '13', '4']}",<built-in method values of dict object at 0x7eff88ca8f80>
"{'n_atak': ['9', '18', '2', '11', '5', '16', '1', '8', '14', '0', '3', '17', '10', '15', '6', '7', '12', '19', '13', '4']}",<built-in method values of dict object at 0x7eff88ca8f80>
"{'n_atak': ['9', '18', '2', '11', '5', '16', '1', '8', '14', '0', '3', '17', '10', '15', '6', '7', '12', '19', '13', '4']}",<built-in method values of dict object at 0x7eff88ca8f80>
"{'n_atak': ['9', '18', '2', '11', '5', '16', '1', '8', '14', '0', '3', '17', '10', '15', '6', '7', '12', '19', '13', '4']}",<built-in method values of dict object at 0x7eff88ca8f80>
"{'n_atak': ['9', '18', '2', '11', '5', '16', '1', '8', '14', '0', '3', '17', '10', '15', '6', '7', '12', '19', '13', '4']}",<built-in method values of dict object at 0x7eff88ca8f80>
"{'n_atak': ['12', '6', '7', '15', '16', '2', '3', '14', '18', '4', '13', '0', '17', '8', '11', '19', '1', '10', '9', '5']}",<built-in method values of dict object at 0x7eff88caaa00>
"{'n_atak': ['12', '6', '7', '15', '16', '2', '3', '14', '18', '4', '13', '0', '17', '8', '11', '19', '1', '10', '9', '5']}",<built-in method values of dict object at 0x7eff88caaa00>
"{'n_atak': ['12', '6', '7', '15', '16', '2', '3', '14', '18', '4', '13', '0', '17', '8', '11', '19', '1', '10', '9', '5']}",<built-in method values of dict object at 0x7eff88caaa00>
"{'n_atak': ['12', '6', '7', '15', '16', '2', '3', '14', '18', '4', '13', '0', '17', '8', '11', '19', '1', '10', '9', '5']}",<built-in method values of dict object at 0x7eff88caaa00>
"{'n_atak': ['12', '6', '7', '15', '16', '2', '3', '14', '18', '4', '13', '0', '17', '8', '11', '19', '1', '10', '9', '5']}",<built-in method values of dict object at 0x7eff88caaa00>
"{'n_atak': ['12', '6', '7', '15', '16', '2', '3', '14', '18', '4', '13', '0', '17', '8', '11', '19', '1', '10', '9', '5']}",<built-in method values of dict object at 0x7eff88caaa00>
"{'n_atak': ['12', '6', '7', '15', '16', '2', '3', '14', '18', '4', '13', '0', '17', '8', '11', '19', '1', '10', '9', '5']}",<built-in method values of dict object at 0x7eff88caaa00>
"{'n_atak': ['12', '6', '7', '15', '16', '2', '3', '14', '18', '4', '13', '0', '17', '8', '11', '19', '1', '10', '9', '5']}",<built-in method values of dict object at 0x7eff88caaa00>
"{'n_atak': ['12', '6', '7', '15', '16', '2', '3', '14', '18', '4', '13', '0', '17', '8', '11', '19', '1', '10', '9', '5']}",<built-in method values of dict object at 0x7eff88caaa00>
"{'n_atak': ['12', '6', '7', '15', '16', '2', '3', '14', '18', '4', '13', '0', '17', '8', '11', '19', '1', '10', '9', '5']}",<built-in method values of dict object at 0x7eff88caaa00>
"{'n_atak': ['12', '6', '7', '15', '16', '2', '3', '14', '18', '4', '13', '0', '17', '8', '11', '19', '1', '10', '9', '5']}",<built-in method values of dict object at 0x7eff88caaa00>
"{'n_atak': ['12', '6', '7', '15', '16', '2', '3', '14', '18', '4', '13', '0', '17', '8', '11', '19', '1', '10', '9', '5']}",<built-in method values of dict object at 0x7eff88caaa00>
"{'n_atak': ['12', '6', '7', '15', '16', '2', '3', '14', '18', '4', '13', '0', '17', '8', '11', '19', '1', '10', '9', '5']}",<built-in method values of dict object at 0x7eff88caaa00>
"{'n_atak': ['12', '6', '7', '15', '16', '2', '3', '14', '18', '4', '13', '0', '17', '8', '11', '19', '1', '10', '9', '5']}",<built-in method values of dict object at 0x7eff88caaa00>
"{'n_atak': ['12', '6', '7', '15', '16', '2', '3', '14', '18', '4', '13', '0', '17', '8', '11', '19', '1', '10', '9', '5']}",<built-in method values of dict object at 0x7eff88caaa00>
"{'n_atak': ['12', '6', '7', '15', '16', '2', '3', '14', '18', '4', '13', '0', '17', '8', '11', '19', '1', '10', '9', '5']}",<built-in method values of dict object at 0x7eff88caaa00>
"{'n_atak': ['12', '6', '7', '15', '16', '2', '3', '14', '18', '4', '13', '0', '17', '8', '11', '19', '1', '10', '9', '5']}",<built-in method values of dict object at 0x7eff88caaa00>
"{'n_atak': ['12', '6', '7', '15', '16', '2', '3', '14', '18', '4', '13', '0', '17', '8', '11', '19', '1', '10', '9', '5']}",<built-in method values of dict object at 0x7eff88caaa00>
"{'n_atak': ['12', '6', '7', '15', '16', '2', '3', '14', '18', '4', '13', '0', '17', '8', '11', '19', '1', '10', '9', '5']}",<built-in method values of dict object at 0x7eff88caaa00>
"{'n_atak': ['12', '6', '7', '15', '16', '2', '3', '14', '18', '4', '13', '0', '17', '8', '11', '19', '1', '10', '9', '5']}",<built-in method values of dict object at 0x7eff88caaa00>
"{'n_atak': ['10', '15', '6', '17', '0', '19', '9', '8', '16', '18', '13', '1', '11', '7', '3', '5', '12', '14', '4', '2']}",<built-in method values of dict object at 0x7eff88ca9dc0>
"{'n_atak': ['10', '15', '6', '17', '0', '19', '9', '8', '16', '18', '13', '1', '11', '7', '3', '5', '12', '14', '4', '2']}",<built-in method values of dict object at 0x7eff88ca9dc0>
"{'n_atak': ['10', '15', '6', '17', '0', '19', '9', '8', '16', '18', '13', '1', '11', '7', '3', '5', '12', '14', '4', '2']}",<built-in method values of dict object at 0x7eff88ca9dc0>
"{'n_atak': ['10', '15', '6', '17', '0', '19', '9', '8', '16', '18', '13', '1', '11', '7', '3', '5', '12', '14', '4', '2']}",<built-in method values of dict object at 0x7eff88ca9dc0>
"{'n_atak': ['10', '15', '6', '17', '0', '19', '9', '8', '16', '18', '13', '1', '11', '7', '3', '5', '12', '14', '4', '2']}",<built-in method values of dict object at 0x7eff88ca9dc0>
"{'n_atak': ['10', '15', '6', '17', '0', '19', '9', '8', '16', '18', '13', '1', '11', '7', '3', '5', '12', '14', '4', '2']}",<built-in method values of dict object at 0x7eff88ca9dc0>
"{'n_atak': ['10', '15', '6', '17', '0', '19', '9', '8', '16', '18', '13', '1', '11', '7', '3', '5', '12', '14', '4', '2']}",<built-in method values of dict object at 0x7eff88ca9dc0>
"{'n_atak': ['10', '15', '6', '17', '0', '19', '9', '8', '16', '18', '13', '1', '11', '7', '3', '5', '12', '14', '4', '2']}",<built-in method values of dict object at 0x7eff88ca9dc0>
"{'n_atak': ['10', '15', '6', '17', '0', '19', '9', '8', '16', '18', '13', '1', '11', '7', '3', '5', '12', '14', '4', '2']}",<built-in method values of dict object at 0x7eff88ca9dc0>
"{'n_atak': ['10', '15', '6', '17', '0', '19', '9', '8', '16', '18', '13', '1', '11', '7', '3', '5', '12', '14', '4', '2']}",<built-in method values of dict object at 0x7eff88ca9dc0>
"{'n_atak': ['10', '15', '6', '17', '0', '19', '9', '8', '16', '18', '13', '1', '11', '7', '3', '5', '12', '14', '4', '2']}",<built-in method values of dict object at 0x7eff88ca9dc0>
"{'n_atak': ['10', '15', '6', '17', '0', '19', '9', '8', '16', '18', '13', '1', '11', '7', '3', '5', '12', '14', '4', '2']}",<built-in method values of dict object at 0x7eff88ca9dc0>
"{'n_atak': ['10', '15', '6', '17', '0', '19', '9', '8', '16', '18', '13', '1', '11', '7', '3', '5', '12', '14', '4', '2']}",<built-in method values of dict object at 0x7eff88ca9dc0>
"{'n_atak': ['10', '15', '6', '17', '0', '19', '9', '8', '16', '18', '13', '1', '11', '7', '3', '5', '12', '14', '4', '2']}",<built-in method values of dict object at 0x7eff88ca9dc0>
"{'n_atak': ['10', '15', '6', '17', '0', '19', '9', '8', '16', '18', '13', '1', '11', '7', '3', '5', '12', '14', '4', '2']}",<built-in method values of dict object at 0x7eff88ca9dc0>
"{'n_atak': ['10', '15', '6', '17', '0', '19', '9', '8', '16', '18', '13', '1', '11', '7', '3', '5', '12', '14', '4', '2']}",<built-in method values of dict object at 0x7eff88ca9dc0>
"{'n_atak': ['10', '15', '6', '17', '0', '19', '9', '8', '16', '18', '13', '1', '11', '7', '3', '5', '12', '14', '4', '2']}",<built-in method values of dict object at 0x7eff88ca9dc0>
"{'n_atak': ['10', '15', '6', '17', '0', '19', '9', '8', '16', '18', '13', '1', '11', '7', '3', '5', '12', '14', '4', '2']}",<built-in method values of dict object at 0x7eff88ca9dc0>
"{'n_atak': ['10', '15', '6', '17', '0', '19', '9', '8', '16', '18', '13', '1', '11', '7', '3', '5', '12', '14', '4', '2']}",<built-in method values of dict object at 0x7eff88ca9dc0>
"{'n_atak': ['10', '15', '6', '17', '0', '19', '9', '8', '16', '18', '13', '1', '11', '7', '3', '5', '12', '14', '4', '2']}",<built-in method values of dict object at 0x7eff88ca9dc0>
"{'n_atak': ['14', '0', '12', '1', '15', '9', '5', '4', '17', '19', '10', '8', '18', '7', '16', '6', '11', '2', '13', '3']}",<built-in method values of dict object at 0x7eff88af8e40>
"{'n_atak': ['14', '0', '12', '1', '15', '9', '5', '4', '17', '19', '10', '8', '18', '7', '16', '6', '11', '2', '13', '3']}",<built-in method values of dict object at 0x7eff88af8e40>
"{'n_atak': ['14', '0', '12', '1', '15', '9', '5', '4', '17', '19', '10', '8', '18', '7', '16', '6', '11', '2', '13', '3']}",<built-in method values of dict object at 0x7eff88af8e40>
"{'n_atak': ['14', '0', '12', '1', '15', '9', '5', '4', '17', '19', '10', '8', '18', '7', '16', '6', '11', '2', '13', '3']}",<built-in method values of dict object at 0x7eff88af8e40>
"{'n_atak': ['14', '0', '12', '1', '15', '9', '5', '4', '17', '19', '10', '8', '18', '7', '16', '6', '11', '2', '13', '3']}",<built-in method values of dict object at 0x7eff88af8e40>
"{'n_atak': ['14', '0', '12', '1', '15', '9', '5', '4', '17', '19', '10', '8', '18', '7', '16', '6', '11', '2', '13', '3']}",<built-in method values of dict object at 0x7eff88af8e40>
"{'n_atak': ['14', '0', '12', '1', '15', '9', '5', '4', '17', '19', '10', '8', '18', '7', '16', '6', '11', '2', '13', '3']}",<built-in method values of dict object at 0x7eff88af8e40>
"{'n_atak': ['14', '0', '12', '1', '15', '9', '5', '4', '17', '19', '10', '8', '18', '7', '16', '6', '11', '2', '13', '3']}",<built-in method values of dict object at 0x7eff88af8e40>
"{'n_atak': ['14', '0', '12', '1', '15', '9', '5', '4', '17', '19', '10', '8', '18', '7', '16', '6', '11', '2', '13', '3']}",<built-in method values of dict object at 0x7eff88af8e40>
"{'n_atak': ['14', '0', '12', '1', '15', '9', '5', '4', '17', '19', '10', '8', '18', '7', '16', '6', '11', '2', '13', '3']}",<built-in method values of dict object at 0x7eff88af8e40>
"{'n_atak': ['14', '0', '12', '1', '15', '9', '5', '4', '17', '19', '10', '8', '18', '7', '16', '6', '11', '2', '13', '3']}",<built-in method values of dict object at 0x7eff88af8e40>
"{'n_atak': ['14', '0', '12', '1', '15', '9', '5', '4', '17', '19', '10', '8', '18', '7', '16', '6', '11', '2', '13', '3']}",<built-in method values of dict object at 0x7eff88af8e40>
"{'n_atak': ['14', '0', '12', '1', '15', '9', '5', '4', '17', '19', '10', '8', '18', '7', '16', '6', '11', '2', '13', '3']}",<built-in method values of dict object at 0x7eff88af8e40>
"{'n_atak': ['14', '0', '12', '1', '15', '9', '5', '4', '17', '19', '10', '8', '18', '7', '16', '6', '11', '2', '13', '3']}",<built-in method values of dict object at 0x7eff88af8e40>
"{'n_atak': ['14', '0', '12', '1', '15', '9', '5', '4', '17', '19', '10', '8', '18', '7', '16', '6', '11', '2', '13', '3']}",<built-in method values of dict object at 0x7eff88af8e40>
"{'n_atak': ['14', '0', '12', '1', '15', '9', '5', '4', '17', '19', '10', '8', '18', '7', '16', '6', '11', '2', '13', '3']}",<built-in method values of dict object at 0x7eff88af8e40>
"{'n_atak': ['14', '0', '12', '1', '15', '9', '5', '4', '17', '19', '10', '8', '18', '7', '16', '6', '11', '2', '13', '3']}",<built-in method values of dict object at 0x7eff88af8e40>
"{'n_atak': ['14', '0', '12', '1', '15', '9', '5', '4', '17', '19', '10', '8', '18', '7', '16', '6', '11', '2', '13', '3']}",<built-in method values of dict object at 0x7eff88af8e40>
"{'n_atak': ['14', '0', '12', '1', '15', '9', '5', '4', '17', '19', '10', '8', '18', '7', '16', '6', '11', '2', '13', '3']}",<built-in method values of dict object at 0x7eff88af8e40>
"{'n_atak': ['14', '0', '12', '1', '15', '9', '5', '4', '17', '19', '10', '8', '18', '7', '16', '6', '11', '2', '13', '3']}",<built-in method values of dict object at 0x7eff88af8e40>
"{'n_atak': ['13', '19', '0', '18', '17', '5', '12', '15', '9', '8', '14', '1', '11', '6', '2', '16', '4', '3', '10', '7']}",<built-in method values of dict object at 0x7eff88cbccc0>
"{'n_atak': ['13', '19', '0', '18', '17', '5', '12', '15', '9', '8', '14', '1', '11', '6', '2', '16', '4', '3', '10', '7']}",<built-in method values of dict object at 0x7eff88cbccc0>
"{'n_atak': ['13', '19', '0', '18', '17', '5', '12', '15', '9', '8', '14', '1', '11', '6', '2', '16', '4', '3', '10', '7']}",<built-in method values of dict object at 0x7eff88cbccc0>
"{'n_atak': ['13', '19', '0', '18', '17', '5', '12', '15', '9', '8', '14', '1', '11', '6', '2', '16', '4', '3', '10', '7']}",<built-in method values of dict object at 0x7eff88cbccc0>
"{'n_atak': ['13', '19', '0', '18', '17', '5', '12', '15', '9', '8', '14', '1', '11', '6', '2', '16', '4', '3', '10', '7']}",<built-in method values of dict object at 0x7eff88cbccc0>
"{'n_atak': ['13', '19', '0', '18', '17', '5', '12', '15', '9', '8', '14', '1', '11', '6', '2', '16', '4', '3', '10', '7']}",<built-in method values of dict object at 0x7eff88cbccc0>
"{'n_atak': ['13', '19', '0', '18', '17', '5', '12', '15', '9', '8', '14', '1', '11', '6', '2', '16', '4', '3', '10', '7']}",<built-in method values of dict object at 0x7eff88cbccc0>
"{'n_atak': ['13', '19', '0', '18', '17', '5', '12', '15', '9', '8', '14', '1', '11', '6', '2', '16', '4', '3', '10', '7']}",<built-in method values of dict object at 0x7eff88cbccc0>
"{'n_atak': ['13', '19', '0', '18', '17', '5', '12', '15', '9', '8', '14', '1', '11', '6', '2', '16', '4', '3', '10', '7']}",<built-in method values of dict object at 0x7eff88cbccc0>
"{'n_atak': ['13', '19', '0', '18', '17', '5', '12', '15', '9', '8', '14', '1', '11', '6', '2', '16', '4', '3', '10', '7']}",<built-in method values of dict object at 0x7eff88cbccc0>
"{'n_atak': ['13', '19', '0', '18', '17', '5', '12', '15', '9', '8', '14', '1', '11', '6', '2', '16', '4', '3', '10', '7']}",<built-in method values of dict object at 0x7eff88cbccc0>
"{'n_atak': ['13', '19', '0', '18', '17', '5', '12', '15', '9', '8', '14', '1', '11', '6', '2', '16', '4', '3', '10', '7']}",<built-in method values of dict object at 0x7eff88cbccc0>
"{'n_atak': ['13', '19', '0', '18', '17', '5', '12', '15', '9', '8', '14', '1', '11', '6', '2', '16', '4', '3', '10', '7']}",<built-in method values of dict object at 0x7eff88cbccc0>
"{'n_atak': ['13', '19', '0', '18', '17', '5', '12', '15', '9', '8', '14', '1', '11', '6', '2', '16', '4', '3', '10', '7']}",<built-in method values of dict object at 0x7eff88cbccc0>
"{'n_atak': ['13', '19', '0', '18', '17', '5', '12', '15', '9', '8', '14', '1', '11', '6', '2', '16', '4', '3', '10', '7']}",<built-in method values of dict object at 0x7eff88cbccc0>
"{'n_atak': ['13', '19', '0', '18', '17', '5', '12', '15', '9', '8', '14', '1', '11', '6', '2', '16', '4', '3', '10', '7']}",<built-in method values of dict object at 0x7eff88cbccc0>
"{'n_atak': ['13', '19', '0', '18', '17', '5', '12', '15', '9', '8', '14', '1', '11', '6', '2', '16', '4', '3', '10', '7']}",<built-in method values of dict object at 0x7eff88cbccc0>
"{'n_atak': ['13', '19', '0', '18', '17', '5', '12', '15', '9', '8', '14', '1', '11', '6', '2', '16', '4', '3', '10', '7']}",<built-in method values of dict object at 0x7eff88cbccc0>
"{'n_atak': ['13', '19', '0', '18', '17', '5', '12', '15', '9', '8', '14', '1', '11', '6', '2', '16', '4', '3', '10', '7']}",<built-in method values of dict object at 0x7eff88cbccc0>
"{'n_atak': ['13', '19', '0', '18', '17', '5', '12', '15', '9', '8', '14', '1', '11', '6', '2', '16', '4', '3', '10', '7']}",<built-in method values of dict object at 0x7eff88cbccc0>
"{'n_atak': ['18', '2', '3', '17', '6', '1', '5', '13', '8', '4', '10', '12', '7', '19', '11', '16', '0', '15', '9', '14']}",<built-in method values of dict object at 0x7eff88c44d00>
"{'n_atak': ['18', '2', '3', '17', '6', '1', '5', '13', '8', '4', '10', '12', '7', '19', '11', '16', '0', '15', '9', '14']}",<built-in method values of dict object at 0x7eff88c44d00>
"{'n_atak': ['18', '2', '3', '17', '6', '1', '5', '13', '8', '4', '10', '12', '7', '19', '11', '16', '0', '15', '9', '14']}",<built-in method values of dict object at 0x7eff88c44d00>
"{'n_atak': ['18', '2', '3', '17', '6', '1', '5', '13', '8', '4', '10', '12', '7', '19', '11', '16', '0', '15', '9', '14']}",<built-in method values of dict object at 0x7eff88c44d00>
"{'n_atak': ['18', '2', '3', '17', '6', '1', '5', '13', '8', '4', '10', '12', '7', '19', '11', '16', '0', '15', '9', '14']}",<built-in method values of dict object at 0x7eff88c44d00>
"{'n_atak': ['18', '2', '3', '17', '6', '1', '5', '13', '8', '4', '10', '12', '7', '19', '11', '16', '0', '15', '9', '14']}",<built-in method values of dict object at 0x7eff88c44d00>
"{'n_atak': ['18', '2', '3', '17', '6', '1', '5', '13', '8', '4', '10', '12', '7', '19', '11', '16', '0', '15', '9', '14']}",<built-in method values of dict object at 0x7eff88c44d00>
"{'n_atak': ['18', '2', '3', '17', '6', '1', '5', '13', '8', '4', '10', '12', '7', '19', '11', '16', '0', '15', '9', '14']}",<built-in method values of dict object at 0x7eff88c44d00>
"{'n_atak': ['18', '2', '3', '17', '6', '1', '5', '13', '8', '4', '10', '12', '7', '19', '11', '16', '0', '15', '9', '14']}",<built-in method values of dict object at 0x7eff88c44d00>
"{'n_atak': ['18', '2', '3', '17', '6', '1', '5', '13', '8', '4', '10', '12', '7', '19', '11', '16', '0', '15', '9', '14']}",<built-in method values of dict object at 0x7eff88c44d00>
"{'n_atak': ['18', '2', '3', '17', '6', '1', '5', '13', '8', '4', '10', '12', '7', '19', '11', '16', '0', '15', '9', '14']}",<built-in method values of dict object at 0x7eff88c44d00>
"{'n_atak': ['18', '2', '3', '17', '6', '1', '5', '13', '8', '4', '10', '12', '7', '19', '11', '16', '0', '15', '9', '14']}",<built-in method values of dict object at 0x7eff88c44d00>
"{'n_atak': ['18', '2', '3', '17', '6', '1', '5', '13', '8', '4', '10', '12', '7', '19', '11', '16', '0', '15', '9', '14']}",<built-in method values of dict object at 0x7eff88c44d00>
"{'n_atak': ['18', '2', '3', '17', '6', '1', '5', '13', '8', '4', '10', '12', '7', '19', '11', '16', '0', '15', '9', '14']}",<built-in method values of dict object at 0x7eff88c44d00>
"{'n_atak': ['18', '2', '3', '17', '6', '1', '5', '13', '8', '4', '10', '12', '7', '19', '11', '16', '0', '15', '9', '14']}",<built-in method values of dict object at 0x7eff88c44d00>
"{'n_atak': ['18', '2', '3', '17', '6', '1', '5', '13', '8', '4', '10', '12', '7', '19', '11', '16', '0', '15', '9', '14']}",<built-in method values of dict object at 0x7eff88c44d00>
"{'n_atak': ['18', '2', '3', '17', '6', '1', '5', '13', '8', '4', '10', '12', '7', '19', '11', '16', '0', '15', '9', '14']}",<built-in method values of dict object at 0x7eff88c44d00>
"{'n_atak': ['18', '2', '3', '17', '6', '1', '5', '13', '8', '4', '10', '12', '7', '19', '11', '16', '0', '15', '9', '14']}",<built-in method values of dict object at 0x7eff88c44d00>
"{'n_atak': ['18', '2', '3', '17', '6', '1', '5', '13', '8', '4', '10', '12', '7', '19', '11', '16', '0', '15', '9', '14']}",<built-in method values of dict object at 0x7eff88c44d00>
"{'n_atak': ['18', '2', '3', '17', '6', '1', '5', '13', '8', '4', '10', '12', '7', '19', '11', '16', '0', '15', '9', '14']}",<built-in method values of dict object at 0x7eff88c44d00>
"{'n_atak': ['18', '3', '9', '14', '12', '6', '19', '8', '16', '10', '1', '4', '5', '15', '17', '7', '2', '11', '13', '0']}",<built-in method values of dict object at 0x7eff88b0be40>
"{'n_atak': ['18', '3', '9', '14', '12', '6', '19', '8', '16', '10', '1', '4', '5', '15', '17', '7', '2', '11', '13', '0']}",<built-in method values of dict object at 0x7eff88b0be40>
"{'n_atak': ['18', '3', '9', '14', '12', '6', '19', '8', '16', '10', '1', '4', '5', '15', '17', '7', '2', '11', '13', '0']}",<built-in method values of dict object at 0x7eff88b0be40>
"{'n_atak': ['18', '3', '9', '14', '12', '6', '19', '8', '16', '10', '1', '4', '5', '15', '17', '7', '2', '11', '13', '0']}",<built-in method values of dict object at 0x7eff88b0be40>
"{'n_atak': ['18', '3', '9', '14', '12', '6', '19', '8', '16', '10', '1', '4', '5', '15', '17', '7', '2', '11', '13', '0']}",<built-in method values of dict object at 0x7eff88b0be40>
"{'n_atak': ['18', '3', '9', '14', '12', '6', '19', '8', '16', '10', '1', '4', '5', '15', '17', '7', '2', '11', '13', '0']}",<built-in method values of dict object at 0x7eff88b0be40>
"{'n_atak': ['18', '3', '9', '14', '12', '6', '19', '8', '16', '10', '1', '4', '5', '15', '17', '7', '2', '11', '13', '0']}",<built-in method values of dict object at 0x7eff88b0be40>
"{'n_atak': ['18', '3', '9', '14', '12', '6', '19', '8', '16', '10', '1', '4', '5', '15', '17', '7', '2', '11', '13', '0']}",<built-in method values of dict object at 0x7eff88b0be40>
"{'n_atak': ['18', '3', '9', '14', '12', '6', '19', '8', '16', '10', '1', '4', '5', '15', '17', '7', '2', '11', '13', '0']}",<built-in method values of dict object at 0x7eff88b0be40>
"{'n_atak': ['18', '3', '9', '14', '12', '6', '19', '8', '16', '10', '1', '4', '5', '15', '17', '7', '2', '11', '13', '0']}",<built-in method values of dict object at 0x7eff88b0be40>
"{'n_atak': ['18', '3', '9', '14', '12', '6', '19', '8', '16', '10', '1', '4', '5', '15', '17', '7', '2', '11', '13', '0']}",<built-in method values of dict object at 0x7eff88b0be40>
"{'n_atak': ['18', '3', '9', '14', '12', '6', '19', '8', '16', '10', '1', '4', '5', '15', '17', '7', '2', '11', '13', '0']}",<built-in method values of dict object at 0x7eff88b0be40>
"{'n_atak': ['18', '3', '9', '14', '12', '6', '19', '8', '16', '10', '1', '4', '5', '15', '17', '7', '2', '11', '13', '0']}",<built-in method values of dict object at 0x7eff88b0be40>
"{'n_atak': ['18', '3', '9', '14', '12', '6', '19', '8', '16', '10', '1', '4', '5', '15', '17', '7', '2', '11', '13', '0']}",<built-in method values of dict object at 0x7eff88b0be40>
"{'n_atak': ['18', '3', '9', '14', '12', '6', '19', '8', '16', '10', '1', '4', '5', '15', '17', '7', '2', '11', '13', '0']}",<built-in method values of dict object at 0x7eff88b0be40>
"{'n_atak': ['18', '3', '9', '14', '12', '6', '19', '8', '16', '10', '1', '4', '5', '15', '17', '7', '2', '11', '13', '0']}",<built-in method values of dict object at 0x7eff88b0be40>
"{'n_atak': ['18', '3', '9', '14', '12', '6', '19', '8', '16', '10', '1', '4', '5', '15', '17', '7', '2', '11', '13', '0']}",<built-in method values of dict object at 0x7eff88b0be40>
"{'n_atak': ['18', '3', '9', '14', '12', '6', '19', '8', '16', '10', '1', '4', '5', '15', '17', '7', '2', '11', '13', '0']}",<built-in method values of dict object at 0x7eff88b0be40>
"{'n_atak': ['18', '3', '9', '14', '12', '6', '19', '8', '16', '10', '1', '4', '5', '15', '17', '7', '2', '11', '13', '0']}",<built-in method values of dict object at 0x7eff88b0be40>
"{'n_atak': ['18', '3', '9', '14', '12', '6', '19', '8', '16', '10', '1', '4', '5', '15', '17', '7', '2', '11', '13', '0']}",<built-in method values of dict object at 0x7eff88b0be40>
"{'n_atak': ['17', '16', '11', '18', '8', '13', '5', '1', '0', '14', '3', '10', '6', '9', '2', '7', '12', '15', '19', '4']}",<built-in method values of dict object at 0x7eff88cadcc0>
"{'n_atak': ['17', '16', '11', '18', '8', '13', '5', '1', '0', '14', '3', '10', '6', '9', '2', '7', '12', '15', '19', '4']}",<built-in method values of dict object at 0x7eff88cadcc0>
"{'n_atak': ['17', '16', '11', '18', '8', '13', '5', '1', '0', '14', '3', '10', '6', '9', '2', '7', '12', '15', '19', '4']}",<built-in method values of dict object at 0x7eff88cadcc0>
"{'n_atak': ['17', '16', '11', '18', '8', '13', '5', '1', '0', '14', '3', '10', '6', '9', '2', '7', '12', '15', '19', '4']}",<built-in method values of dict object at 0x7eff88cadcc0>
"{'n_atak': ['17', '16', '11', '18', '8', '13', '5', '1', '0', '14', '3', '10', '6', '9', '2', '7', '12', '15', '19', '4']}",<built-in method values of dict object at 0x7eff88cadcc0>
"{'n_atak': ['17', '16', '11', '18', '8', '13', '5', '1', '0', '14', '3', '10', '6', '9', '2', '7', '12', '15', '19', '4']}",<built-in method values of dict object at 0x7eff88cadcc0>
"{'n_atak': ['17', '16', '11', '18', '8', '13', '5', '1', '0', '14', '3', '10', '6', '9', '2', '7', '12', '15', '19', '4']}",<built-in method values of dict object at 0x7eff88cadcc0>
"{'n_atak': ['17', '16', '11', '18', '8', '13', '5', '1', '0', '14', '3', '10', '6', '9', '2', '7', '12', '15', '19', '4']}",<built-in method values of dict object at 0x7eff88cadcc0>
"{'n_atak': ['17', '16', '11', '18', '8', '13', '5', '1', '0', '14', '3', '10', '6', '9', '2', '7', '12', '15', '19', '4']}",<built-in method values of dict object at 0x7eff88cadcc0>
"{'n_atak': ['17', '16', '11', '18', '8', '13', '5', '1', '0', '14', '3', '10', '6', '9', '2', '7', '12', '15', '19', '4']}",<built-in method values of dict object at 0x7eff88cadcc0>
"{'n_atak': ['17', '16', '11', '18', '8', '13', '5', '1', '0', '14', '3', '10', '6', '9', '2', '7', '12', '15', '19', '4']}",<built-in method values of dict object at 0x7eff88cadcc0>
"{'n_atak': ['17', '16', '11', '18', '8', '13', '5', '1', '0', '14', '3', '10', '6', '9', '2', '7', '12', '15', '19', '4']}",<built-in method values of dict object at 0x7eff88cadcc0>
"{'n_atak': ['17', '16', '11', '18', '8', '13', '5', '1', '0', '14', '3', '10', '6', '9', '2', '7', '12', '15', '19', '4']}",<built-in method values of dict object at 0x7eff88cadcc0>
"{'n_atak': ['17', '16', '11', '18', '8', '13', '5', '1', '0', '14', '3', '10', '6', '9', '2', '7', '12', '15', '19', '4']}",<built-in method values of dict object at 0x7eff88cadcc0>
"{'n_atak': ['17', '16', '11', '18', '8', '13', '5', '1', '0', '14', '3', '10', '6', '9', '2', '7', '12', '15', '19', '4']}",<built-in method values of dict object at 0x7eff88cadcc0>
"{'n_atak': ['17', '16', '11', '18', '8', '13', '5', '1', '0', '14', '3', '10', '6', '9', '2', '7', '12', '15', '19', '4']}",<built-in method values of dict object at 0x7eff88cadcc0>
"{'n_atak': ['17', '16', '11', '18', '8', '13', '5', '1', '0', '14', '3', '10', '6', '9', '2', '7', '12', '15', '19', '4']}",<built-in method values of dict object at 0x7eff88cadcc0>
"{'n_atak': ['17', '16', '11', '18', '8', '13', '5', '1', '0', '14', '3', '10', '6', '9', '2', '7', '12', '15', '19', '4']}",<built-in method values of dict object at 0x7eff88cadcc0>
"{'n_atak': ['17', '16', '11', '18', '8', '13', '5', '1', '0', '14', '3', '10', '6', '9', '2', '7', '12', '15', '19', '4']}",<built-in method values of dict object at 0x7eff88cadcc0>
"{'n_atak': ['17', '16', '11', '18', '8', '13', '5', '1', '0', '14', '3', '10', '6', '9', '2', '7', '12', '15', '19', '4']}",<built-in method values of dict object at 0x7eff88cadcc0>
"{'n_atak': ['13', '7', '12', '0', '17', '5', '6', '18', '19', '3', '9', '11', '1', '16', '4', '8', '10', '15', '2', '14']}",<built-in method values of dict object at 0x7eff88cbc700>
"{'n_atak': ['13', '7', '12', '0', '17', '5', '6', '18', '19', '3', '9', '11', '1', '16', '4', '8', '10', '15', '2', '14']}",<built-in method values of dict object at 0x7eff88cbc700>
"{'n_atak': ['13', '7', '12', '0', '17', '5', '6', '18', '19', '3', '9', '11', '1', '16', '4', '8', '10', '15', '2', '14']}",<built-in method values of dict object at 0x7eff88cbc700>
"{'n_atak': ['13', '7', '12', '0', '17', '5', '6', '18', '19', '3', '9', '11', '1', '16', '4', '8', '10', '15', '2', '14']}",<built-in method values of dict object at 0x7eff88cbc700>
"{'n_atak': ['13', '7', '12', '0', '17', '5', '6', '18', '19', '3', '9', '11', '1', '16', '4', '8', '10', '15', '2', '14']}",<built-in method values of dict object at 0x7eff88cbc700>
"{'n_atak': ['13', '7', '12', '0', '17', '5', '6', '18', '19', '3', '9', '11', '1', '16', '4', '8', '10', '15', '2', '14']}",<built-in method values of dict object at 0x7eff88cbc700>
"{'n_atak': ['13', '7', '12', '0', '17', '5', '6', '18', '19', '3', '9', '11', '1', '16', '4', '8', '10', '15', '2', '14']}",<built-in method values of dict object at 0x7eff88cbc700>
"{'n_atak': ['13', '7', '12', '0', '17', '5', '6', '18', '19', '3', '9', '11', '1', '16', '4', '8', '10', '15', '2', '14']}",<built-in method values of dict object at 0x7eff88cbc700>
"{'n_atak': ['13', '7', '12', '0', '17', '5', '6', '18', '19', '3', '9', '11', '1', '16', '4', '8', '10', '15', '2', '14']}",<built-in method values of dict object at 0x7eff88cbc700>
"{'n_atak': ['13', '7', '12', '0', '17', '5', '6', '18', '19', '3', '9', '11', '1', '16', '4', '8', '10', '15', '2', '14']}",<built-in method values of dict object at 0x7eff88cbc700>
"{'n_atak': ['13', '7', '12', '0', '17', '5', '6', '18', '19', '3', '9', '11', '1', '16', '4', '8', '10', '15', '2', '14']}",<built-in method values of dict object at 0x7eff88cbc700>
"{'n_atak': ['13', '7', '12', '0', '17', '5', '6', '18', '19', '3', '9', '11', '1', '16', '4', '8', '10', '15', '2', '14']}",<built-in method values of dict object at 0x7eff88cbc700>
"{'n_atak': ['13', '7', '12', '0', '17', '5', '6', '18', '19', '3', '9', '11', '1', '16', '4', '8', '10', '15', '2', '14']}",<built-in method values of dict object at 0x7eff88cbc700>
"{'n_atak': ['13', '7', '12', '0', '17', '5', '6', '18', '19', '3', '9', '11', '1', '16', '4', '8', '10', '15', '2', '14']}",<built-in method values of dict object at 0x7eff88cbc700>
"{'n_atak': ['13', '7', '12', '0', '17', '5', '6', '18', '19', '3', '9', '11', '1', '16', '4', '8', '10', '15', '2', '14']}",<built-in method values of dict object at 0x7eff88cbc700>
"{'n_atak': ['13', '7', '12', '0', '17', '5', '6', '18', '19', '3', '9', '11', '1', '16', '4', '8', '10', '15', '2', '14']}",<built-in method values of dict object at 0x7eff88cbc700>
"{'n_atak': ['13', '7', '12', '0', '17', '5', '6', '18', '19', '3', '9', '11', '1', '16', '4', '8', '10', '15', '2', '14']}",<built-in method values of dict object at 0x7eff88cbc700>
"{'n_atak': ['13', '7', '12', '0', '17', '5', '6', '18', '19', '3', '9', '11', '1', '16', '4', '8', '10', '15', '2', '14']}",<built-in method values of dict object at 0x7eff88cbc700>
"{'n_atak': ['13', '7', '12', '0', '17', '5', '6', '18', '19', '3', '9', '11', '1', '16', '4', '8', '10', '15', '2', '14']}",<built-in method values of dict object at 0x7eff88cbc700>
"{'n_atak': ['13', '7', '12', '0', '17', '5', '6', '18', '19', '3', '9', '11', '1', '16', '4', '8', '10', '15', '2', '14']}",<built-in method values of dict object at 0x7eff88cbc700>
"{'n_atak': ['12', '1', '16', '9', '2', '19', '15', '6', '7', '4', '0', '18', '5', '13', '11', '3', '8', '14', '10', '17']}",<built-in method values of dict object at 0x7eff88af96c0>
"{'n_atak': ['12', '1', '16', '9', '2', '19', '15', '6', '7', '4', '0', '18', '5', '13', '11', '3', '8', '14', '10', '17']}",<built-in method values of dict object at 0x7eff88af96c0>
"{'n_atak': ['12', '1', '16', '9', '2', '19', '15', '6', '7', '4', '0', '18', '5', '13', '11', '3', '8', '14', '10', '17']}",<built-in method values of dict object at 0x7eff88af96c0>
"{'n_atak': ['12', '1', '16', '9', '2', '19', '15', '6', '7', '4', '0', '18', '5', '13', '11', '3', '8', '14', '10', '17']}",<built-in method values of dict object at 0x7eff88af96c0>
"{'n_atak': ['12', '1', '16', '9', '2', '19', '15', '6', '7', '4', '0', '18', '5', '13', '11', '3', '8', '14', '10', '17']}",<built-in method values of dict object at 0x7eff88af96c0>
"{'n_atak': ['12', '1', '16', '9', '2', '19', '15', '6', '7', '4', '0', '18', '5', '13', '11', '3', '8', '14', '10', '17']}",<built-in method values of dict object at 0x7eff88af96c0>
"{'n_atak': ['12', '1', '16', '9', '2', '19', '15', '6', '7', '4', '0', '18', '5', '13', '11', '3', '8', '14', '10', '17']}",<built-in method values of dict object at 0x7eff88af96c0>
"{'n_atak': ['12', '1', '16', '9', '2', '19', '15', '6', '7', '4', '0', '18', '5', '13', '11', '3', '8', '14', '10', '17']}",<built-in method values of dict object at 0x7eff88af96c0>
"{'n_atak': ['12', '1', '16', '9', '2', '19', '15', '6', '7', '4', '0', '18', '5', '13', '11', '3', '8', '14', '10', '17']}",<built-in method values of dict object at 0x7eff88af96c0>
"{'n_atak': ['12', '1', '16', '9', '2', '19', '15', '6', '7', '4', '0', '18', '5', '13', '11', '3', '8', '14', '10', '17']}",<built-in method values of dict object at 0x7eff88af96c0>
"{'n_atak': ['12', '1', '16', '9', '2', '19', '15', '6', '7', '4', '0', '18', '5', '13', '11', '3', '8', '14', '10', '17']}",<built-in method values of dict object at 0x7eff88af96c0>
"{'n_atak': ['12', '1', '16', '9', '2', '19', '15', '6', '7', '4', '0', '18', '5', '13', '11', '3', '8', '14', '10', '17']}",<built-in method values of dict object at 0x7eff88af96c0>
"{'n_atak': ['12', '1', '16', '9', '2', '19', '15', '6', '7', '4', '0', '18', '5', '13', '11', '3', '8', '14', '10', '17']}",<built-in method values of dict object at 0x7eff88af96c0>
"{'n_atak': ['12', '1', '16', '9', '2', '19', '15', '6', '7', '4', '0', '18', '5', '13', '11', '3', '8', '14', '10', '17']}",<built-in method values of dict object at 0x7eff88af96c0>
"{'n_atak': ['12', '1', '16', '9', '2', '19', '15', '6', '7', '4', '0', '18', '5', '13', '11', '3', '8', '14', '10', '17']}",<built-in method values of dict object at 0x7eff88af96c0>
"{'n_atak': ['12', '1', '16', '9', '2', '19', '15', '6', '7', '4', '0', '18', '5', '13', '11', '3', '8', '14', '10', '17']}",<built-in method values of dict object at 0x7eff88af96c0>
"{'n_atak': ['12', '1', '16', '9', '2', '19', '15', '6', '7', '4', '0', '18', '5', '13', '11', '3', '8', '14', '10', '17']}",<built-in method values of dict object at 0x7eff88af96c0>
"{'n_atak': ['12', '1', '16', '9', '2', '19', '15', '6', '7', '4', '0', '18', '5', '13', '11', '3', '8', '14', '10', '17']}",<built-in method values of dict object at 0x7eff88af96c0>
"{'n_atak': ['12', '1', '16', '9', '2', '19', '15', '6', '7', '4', '0', '18', '5', '13', '11', '3', '8', '14', '10', '17']}",<built-in method values of dict object at 0x7eff88af96c0>
"{'n_atak': ['12', '1', '16', '9', '2', '19', '15', '6', '7', '4', '0', '18', '5', '13', '11', '3', '8', '14', '10', '17']}",<built-in method values of dict object at 0x7eff88af96c0>
"{'n_atak': ['8', '13', '17', '9', '7', '19', '15', '1', '16', '6', '4', '10', '14', '0', '2', '3', '12', '18', '5', '11']}",<built-in method values of dict object at 0x7eff88cbdf40>
"{'n_atak': ['8', '13', '17', '9', '7', '19', '15', '1', '16', '6', '4', '10', '14', '0', '2', '3', '12', '18', '5', '11']}",<built-in method values of dict object at 0x7eff88cbdf40>
"{'n_atak': ['8', '13', '17', '9', '7', '19', '15', '1', '16', '6', '4', '10', '14', '0', '2', '3', '12', '18', '5', '11']}",<built-in method values of dict object at 0x7eff88cbdf40>
"{'n_atak': ['8', '13', '17', '9', '7', '19', '15', '1', '16', '6', '4', '10', '14', '0', '2', '3', '12', '18', '5', '11']}",<built-in method values of dict object at 0x7eff88cbdf40>
"{'n_atak': ['8', '13', '17', '9', '7', '19', '15', '1', '16', '6', '4', '10', '14', '0', '2', '3', '12', '18', '5', '11']}",<built-in method values of dict object at 0x7eff88cbdf40>
"{'n_atak': ['8', '13', '17', '9', '7', '19', '15', '1', '16', '6', '4', '10', '14', '0', '2', '3', '12', '18', '5', '11']}",<built-in method values of dict object at 0x7eff88cbdf40>
"{'n_atak': ['8', '13', '17', '9', '7', '19', '15', '1', '16', '6', '4', '10', '14', '0', '2', '3', '12', '18', '5', '11']}",<built-in method values of dict object at 0x7eff88cbdf40>
"{'n_atak': ['8', '13', '17', '9', '7', '19', '15', '1', '16', '6', '4', '10', '14', '0', '2', '3', '12', '18', '5', '11']}",<built-in method values of dict object at 0x7eff88cbdf40>
"{'n_atak': ['8', '13', '17', '9', '7', '19', '15', '1', '16', '6', '4', '10', '14', '0', '2', '3', '12', '18', '5', '11']}",<built-in method values of dict object at 0x7eff88cbdf40>
"{'n_atak': ['8', '13', '17', '9', '7', '19', '15', '1', '16', '6', '4', '10', '14', '0', '2', '3', '12', '18', '5', '11']}",<built-in method values of dict object at 0x7eff88cbdf40>
"{'n_atak': ['8', '13', '17', '9', '7', '19', '15', '1', '16', '6', '4', '10', '14', '0', '2', '3', '12', '18', '5', '11']}",<built-in method values of dict object at 0x7eff88cbdf40>
"{'n_atak': ['8', '13', '17', '9', '7', '19', '15', '1', '16', '6', '4', '10', '14', '0', '2', '3', '12', '18', '5', '11']}",<built-in method values of dict object at 0x7eff88cbdf40>
"{'n_atak': ['8', '13', '17', '9', '7', '19', '15', '1', '16', '6', '4', '10', '14', '0', '2', '3', '12', '18', '5', '11']}",<built-in method values of dict object at 0x7eff88cbdf40>
"{'n_atak': ['8', '13', '17', '9', '7', '19', '15', '1', '16', '6', '4', '10', '14', '0', '2', '3', '12', '18', '5', '11']}",<built-in method values of dict object at 0x7eff88cbdf40>
"{'n_atak': ['8', '13', '17', '9', '7', '19', '15', '1', '16', '6', '4', '10', '14', '0', '2', '3', '12', '18', '5', '11']}",<built-in method values of dict object at 0x7eff88cbdf40>
"{'n_atak': ['8', '13', '17', '9', '7', '19', '15', '1', '16', '6', '4', '10', '14', '0', '2', '3', '12', '18', '5', '11']}",<built-in method values of dict object at 0x7eff88cbdf40>
"{'n_atak': ['8', '13', '17', '9', '7', '19', '15', '1', '16', '6', '4', '10', '14', '0', '2', '3', '12', '18', '5', '11']}",<built-in method values of dict object at 0x7eff88cbdf40>
"{'n_atak': ['8', '13', '17', '9', '7', '19', '15', '1', '16', '6', '4', '10', '14', '0', '2', '3', '12', '18', '5', '11']}",<built-in method values of dict object at 0x7eff88cbdf40>
"{'n_atak': ['8', '13', '17', '9', '7', '19', '15', '1', '16', '6', '4', '10', '14', '0', '2', '3', '12', '18', '5', '11']}",<built-in method values of dict object at 0x7eff88cbdf40>
"{'n_atak': ['8', '13', '17', '9', '7', '19', '15', '1', '16', '6', '4', '10', '14', '0', '2', '3', '12', '18', '5', '11']}",<built-in method values of dict object at 0x7eff88cbdf40>
"{'n_atak': ['17', '12', '2', '4', '10', '0', '1', '19', '11', '3', '13', '7', '15', '8', '9', '14', '5', '16', '6', '18']}",<built-in method values of dict object at 0x7eff88b0ba40>
"{'n_atak': ['17', '12', '2', '4', '10', '0', '1', '19', '11', '3', '13', '7', '15', '8', '9', '14', '5', '16', '6', '18']}",<built-in method values of dict object at 0x7eff88b0ba40>
"{'n_atak': ['17', '12', '2', '4', '10', '0', '1', '19', '11', '3', '13', '7', '15', '8', '9', '14', '5', '16', '6', '18']}",<built-in method values of dict object at 0x7eff88b0ba40>
"{'n_atak': ['17', '12', '2', '4', '10', '0', '1', '19', '11', '3', '13', '7', '15', '8', '9', '14', '5', '16', '6', '18']}",<built-in method values of dict object at 0x7eff88b0ba40>
"{'n_atak': ['17', '12', '2', '4', '10', '0', '1', '19', '11', '3', '13', '7', '15', '8', '9', '14', '5', '16', '6', '18']}",<built-in method values of dict object at 0x7eff88b0ba40>
"{'n_atak': ['17', '12', '2', '4', '10', '0', '1', '19', '11', '3', '13', '7', '15', '8', '9', '14', '5', '16', '6', '18']}",<built-in method values of dict object at 0x7eff88b0ba40>
"{'n_atak': ['17', '12', '2', '4', '10', '0', '1', '19', '11', '3', '13', '7', '15', '8', '9', '14', '5', '16', '6', '18']}",<built-in method values of dict object at 0x7eff88b0ba40>
"{'n_atak': ['17', '12', '2', '4', '10', '0', '1', '19', '11', '3', '13', '7', '15', '8', '9', '14', '5', '16', '6', '18']}",<built-in method values of dict object at 0x7eff88b0ba40>
"{'n_atak': ['17', '12', '2', '4', '10', '0', '1', '19', '11', '3', '13', '7', '15', '8', '9', '14', '5', '16', '6', '18']}",<built-in method values of dict object at 0x7eff88b0ba40>
"{'n_atak': ['17', '12', '2', '4', '10', '0', '1', '19', '11', '3', '13', '7', '15', '8', '9', '14', '5', '16', '6', '18']}",<built-in method values of dict object at 0x7eff88b0ba40>
"{'n_atak': ['17', '12', '2', '4', '10', '0', '1', '19', '11', '3', '13', '7', '15', '8', '9', '14', '5', '16', '6', '18']}",<built-in method values of dict object at 0x7eff88b0ba40>
"{'n_atak': ['17', '12', '2', '4', '10', '0', '1', '19', '11', '3', '13', '7', '15', '8', '9', '14', '5', '16', '6', '18']}",<built-in method values of dict object at 0x7eff88b0ba40>
"{'n_atak': ['17', '12', '2', '4', '10', '0', '1', '19', '11', '3', '13', '7', '15', '8', '9', '14', '5', '16', '6', '18']}",<built-in method values of dict object at 0x7eff88b0ba40>
"{'n_atak': ['17', '12', '2', '4', '10', '0', '1', '19', '11', '3', '13', '7', '15', '8', '9', '14', '5', '16', '6', '18']}",<built-in method values of dict object at 0x7eff88b0ba40>
"{'n_atak': ['17', '12', '2', '4', '10', '0', '1', '19', '11', '3', '13', '7', '15', '8', '9', '14', '5', '16', '6', '18']}",<built-in method values of dict object at 0x7eff88b0ba40>
"{'n_atak': ['17', '12', '2', '4', '10', '0', '1', '19', '11', '3', '13', '7', '15', '8', '9', '14', '5', '16', '6', '18']}",<built-in method values of dict object at 0x7eff88b0ba40>
"{'n_atak': ['17', '12', '2', '4', '10', '0', '1', '19', '11', '3', '13', '7', '15', '8', '9', '14', '5', '16', '6', '18']}",<built-in method values of dict object at 0x7eff88b0ba40>
"{'n_atak': ['17', '12', '2', '4', '10', '0', '1', '19', '11', '3', '13', '7', '15', '8', '9', '14', '5', '16', '6', '18']}",<built-in method values of dict object at 0x7eff88b0ba40>
"{'n_atak': ['17', '12', '2', '4', '10', '0', '1', '19', '11', '3', '13', '7', '15', '8', '9', '14', '5', '16', '6', '18']}",<built-in method values of dict object at 0x7eff88b0ba40>
"{'n_atak': ['17', '12', '2', '4', '10', '0', '1', '19', '11', '3', '13', '7', '15', '8', '9', '14', '5', '16', '6', '18']}",<built-in method values of dict object at 0x7eff88b0ba40>
"{'n_atak': ['4', '5', '3', '13', '8', '7', '17', '9', '18', '16', '15', '10', '14', '19', '1', '12', '6', '2', '0', '11']}",<built-in method values of dict object at 0x7eff88b30a40>
"{'n_atak': ['4', '5', '3', '13', '8', '7', '17', '9', '18', '16', '15', '10', '14', '19', '1', '12', '6', '2', '0', '11']}",<built-in method values of dict object at 0x7eff88b30a40>
"{'n_atak': ['4', '5', '3', '13', '8', '7', '17', '9', '18', '16', '15', '10', '14', '19', '1', '12', '6', '2', '0', '11']}",<built-in method values of dict object at 0x7eff88b30a40>
"{'n_atak': ['4', '5', '3', '13', '8', '7', '17', '9', '18', '16', '15', '10', '14', '19', '1', '12', '6', '2', '0', '11']}",<built-in method values of dict object at 0x7eff88b30a40>
"{'n_atak': ['4', '5', '3', '13', '8', '7', '17', '9', '18', '16', '15', '10', '14', '19', '1', '12', '6', '2', '0', '11']}",<built-in method values of dict object at 0x7eff88b30a40>
"{'n_atak': ['4', '5', '3', '13', '8', '7', '17', '9', '18', '16', '15', '10', '14', '19', '1', '12', '6', '2', '0', '11']}",<built-in method values of dict object at 0x7eff88b30a40>
"{'n_atak': ['4', '5', '3', '13', '8', '7', '17', '9', '18', '16', '15', '10', '14', '19', '1', '12', '6', '2', '0', '11']}",<built-in method values of dict object at 0x7eff88b30a40>
"{'n_atak': ['4', '5', '3', '13', '8', '7', '17', '9', '18', '16', '15', '10', '14', '19', '1', '12', '6', '2', '0', '11']}",<built-in method values of dict object at 0x7eff88b30a40>
"{'n_atak': ['4', '5', '3', '13', '8', '7', '17', '9', '18', '16', '15', '10', '14', '19', '1', '12', '6', '2', '0', '11']}",<built-in method values of dict object at 0x7eff88b30a40>
"{'n_atak': ['4', '5', '3', '13', '8', '7', '17', '9', '18', '16', '15', '10', '14', '19', '1', '12', '6', '2', '0', '11']}",<built-in method values of dict object at 0x7eff88b30a40>
"{'n_atak': ['4', '5', '3', '13', '8', '7', '17', '9', '18', '16', '15', '10', '14', '19', '1', '12', '6', '2', '0', '11']}",<built-in method values of dict object at 0x7eff88b30a40>
"{'n_atak': ['4', '5', '3', '13', '8', '7', '17', '9', '18', '16', '15', '10', '14', '19', '1', '12', '6', '2', '0', '11']}",<built-in method values of dict object at 0x7eff88b30a40>
"{'n_atak': ['4', '5', '3', '13', '8', '7', '17', '9', '18', '16', '15', '10', '14', '19', '1', '12', '6', '2', '0', '11']}",<built-in method values of dict object at 0x7eff88b30a40>
"{'n_atak': ['4', '5', '3', '13', '8', '7', '17', '9', '18', '16', '15', '10', '14', '19', '1', '12', '6', '2', '0', '11']}",<built-in method values of dict object at 0x7eff88b30a40>
"{'n_atak': ['4', '5', '3', '13', '8', '7', '17', '9', '18', '16', '15', '10', '14', '19', '1', '12', '6', '2', '0', '11']}",<built-in method values of dict object at 0x7eff88b30a40>
"{'n_atak': ['4', '5', '3', '13', '8', '7', '17', '9', '18', '16', '15', '10', '14', '19', '1', '12', '6', '2', '0', '11']}",<built-in method values of dict object at 0x7eff88b30a40>
"{'n_atak': ['4', '5', '3', '13', '8', '7', '17', '9', '18', '16', '15', '10', '14', '19', '1', '12', '6', '2', '0', '11']}",<built-in method values of dict object at 0x7eff88b30a40>
"{'n_atak': ['4', '5', '3', '13', '8', '7', '17', '9', '18', '16', '15', '10', '14', '19', '1', '12', '6', '2', '0', '11']}",<built-in method values of dict object at 0x7eff88b30a40>
"{'n_atak': ['4', '5', '3', '13', '8', '7', '17', '9', '18', '16', '15', '10', '14', '19', '1', '12', '6', '2', '0', '11']}",<built-in method values of dict object at 0x7eff88b30a40>
"{'n_atak': ['4', '5', '3', '13', '8', '7', '17', '9', '18', '16', '15', '10', '14', '19', '1', '12', '6', '2', '0', '11']}",<built-in method values of dict object at 0x7eff88b30a40>
