{},<built-in method values of dict object at 0x7fa28024cb40>
{},<built-in method values of dict object at 0x7fa28024cb40>
{},<built-in method values of dict object at 0x7fa28024cb40>
{},<built-in method values of dict object at 0x7fa28024cb40>
{},<built-in method values of dict object at 0x7fa28024cb40>
{},<built-in method values of dict object at 0x7fa28024cb40>
{},<built-in method values of dict object at 0x7fa28024cb40>
{},<built-in method values of dict object at 0x7fa28024cb40>
{},<built-in method values of dict object at 0x7fa28024cb40>
{},<built-in method values of dict object at 0x7fa28024cb40>
{},<built-in method values of dict object at 0x7fa28024cb40>
{},<built-in method values of dict object at 0x7fa28024cb40>
{},<built-in method values of dict object at 0x7fa28024cb40>
{},<built-in method values of dict object at 0x7fa28024cb40>
{},<built-in method values of dict object at 0x7fa28024cb40>
{},<built-in method values of dict object at 0x7fa28024cb40>
{},<built-in method values of dict object at 0x7fa28024cb40>
{},<built-in method values of dict object at 0x7fa28024cb40>
{},<built-in method values of dict object at 0x7fa28024cb40>
{},<built-in method values of dict object at 0x7fa28024cb40>
"{'atak': ['10', '16', '17', '9', '0', '18', '13', '19', '7', '1', '12', '15', '11', '4', '14', '2', '8', '5', '6', '3']}",<built-in method values of dict object at 0x7fa1865e7ac0>
"{'atak': ['10', '16', '17', '9', '0', '18', '13', '19', '7', '1', '12', '15', '11', '4', '14', '2', '8', '5', '6', '3']}",<built-in method values of dict object at 0x7fa1865e7ac0>
"{'atak': ['10', '16', '17', '9', '0', '18', '13', '19', '7', '1', '12', '15', '11', '4', '14', '2', '8', '5', '6', '3']}",<built-in method values of dict object at 0x7fa1865e7ac0>
"{'atak': ['10', '16', '17', '9', '0', '18', '13', '19', '7', '1', '12', '15', '11', '4', '14', '2', '8', '5', '6', '3']}",<built-in method values of dict object at 0x7fa1865e7ac0>
"{'atak': ['10', '16', '17', '9', '0', '18', '13', '19', '7', '1', '12', '15', '11', '4', '14', '2', '8', '5', '6', '3']}",<built-in method values of dict object at 0x7fa1865e7ac0>
"{'atak': ['10', '16', '17', '9', '0', '18', '13', '19', '7', '1', '12', '15', '11', '4', '14', '2', '8', '5', '6', '3']}",<built-in method values of dict object at 0x7fa1865e7ac0>
"{'atak': ['10', '16', '17', '9', '0', '18', '13', '19', '7', '1', '12', '15', '11', '4', '14', '2', '8', '5', '6', '3']}",<built-in method values of dict object at 0x7fa1865e7ac0>
"{'atak': ['10', '16', '17', '9', '0', '18', '13', '19', '7', '1', '12', '15', '11', '4', '14', '2', '8', '5', '6', '3']}",<built-in method values of dict object at 0x7fa1865e7ac0>
"{'atak': ['10', '16', '17', '9', '0', '18', '13', '19', '7', '1', '12', '15', '11', '4', '14', '2', '8', '5', '6', '3']}",<built-in method values of dict object at 0x7fa1865e7ac0>
"{'atak': ['10', '16', '17', '9', '0', '18', '13', '19', '7', '1', '12', '15', '11', '4', '14', '2', '8', '5', '6', '3']}",<built-in method values of dict object at 0x7fa1865e7ac0>
"{'atak': ['10', '16', '17', '9', '0', '18', '13', '19', '7', '1', '12', '15', '11', '4', '14', '2', '8', '5', '6', '3']}",<built-in method values of dict object at 0x7fa1865e7ac0>
"{'atak': ['10', '16', '17', '9', '0', '18', '13', '19', '7', '1', '12', '15', '11', '4', '14', '2', '8', '5', '6', '3']}",<built-in method values of dict object at 0x7fa1865e7ac0>
"{'atak': ['10', '16', '17', '9', '0', '18', '13', '19', '7', '1', '12', '15', '11', '4', '14', '2', '8', '5', '6', '3']}",<built-in method values of dict object at 0x7fa1865e7ac0>
"{'atak': ['10', '16', '17', '9', '0', '18', '13', '19', '7', '1', '12', '15', '11', '4', '14', '2', '8', '5', '6', '3']}",<built-in method values of dict object at 0x7fa1865e7ac0>
"{'atak': ['10', '16', '17', '9', '0', '18', '13', '19', '7', '1', '12', '15', '11', '4', '14', '2', '8', '5', '6', '3']}",<built-in method values of dict object at 0x7fa1865e7ac0>
"{'atak': ['10', '16', '17', '9', '0', '18', '13', '19', '7', '1', '12', '15', '11', '4', '14', '2', '8', '5', '6', '3']}",<built-in method values of dict object at 0x7fa1865e7ac0>
"{'atak': ['10', '16', '17', '9', '0', '18', '13', '19', '7', '1', '12', '15', '11', '4', '14', '2', '8', '5', '6', '3']}",<built-in method values of dict object at 0x7fa1865e7ac0>
"{'atak': ['10', '16', '17', '9', '0', '18', '13', '19', '7', '1', '12', '15', '11', '4', '14', '2', '8', '5', '6', '3']}",<built-in method values of dict object at 0x7fa1865e7ac0>
"{'atak': ['10', '16', '17', '9', '0', '18', '13', '19', '7', '1', '12', '15', '11', '4', '14', '2', '8', '5', '6', '3']}",<built-in method values of dict object at 0x7fa1865e7ac0>
"{'atak': ['10', '16', '17', '9', '0', '18', '13', '19', '7', '1', '12', '15', '11', '4', '14', '2', '8', '5', '6', '3']}",<built-in method values of dict object at 0x7fa1865e7ac0>
"{'atak': ['12', '11', '0', '14', '2', '5', '16', '6', '4', '8', '10', '18', '9', '13', '7', '17', '1', '3', '15', '19']}",<built-in method values of dict object at 0x7fa2802b4a80>
"{'atak': ['12', '11', '0', '14', '2', '5', '16', '6', '4', '8', '10', '18', '9', '13', '7', '17', '1', '3', '15', '19']}",<built-in method values of dict object at 0x7fa2802b4a80>
"{'atak': ['12', '11', '0', '14', '2', '5', '16', '6', '4', '8', '10', '18', '9', '13', '7', '17', '1', '3', '15', '19']}",<built-in method values of dict object at 0x7fa2802b4a80>
"{'atak': ['12', '11', '0', '14', '2', '5', '16', '6', '4', '8', '10', '18', '9', '13', '7', '17', '1', '3', '15', '19']}",<built-in method values of dict object at 0x7fa2802b4a80>
"{'atak': ['12', '11', '0', '14', '2', '5', '16', '6', '4', '8', '10', '18', '9', '13', '7', '17', '1', '3', '15', '19']}",<built-in method values of dict object at 0x7fa2802b4a80>
"{'atak': ['12', '11', '0', '14', '2', '5', '16', '6', '4', '8', '10', '18', '9', '13', '7', '17', '1', '3', '15', '19']}",<built-in method values of dict object at 0x7fa2802b4a80>
"{'atak': ['12', '11', '0', '14', '2', '5', '16', '6', '4', '8', '10', '18', '9', '13', '7', '17', '1', '3', '15', '19']}",<built-in method values of dict object at 0x7fa2802b4a80>
"{'atak': ['12', '11', '0', '14', '2', '5', '16', '6', '4', '8', '10', '18', '9', '13', '7', '17', '1', '3', '15', '19']}",<built-in method values of dict object at 0x7fa2802b4a80>
"{'atak': ['12', '11', '0', '14', '2', '5', '16', '6', '4', '8', '10', '18', '9', '13', '7', '17', '1', '3', '15', '19']}",<built-in method values of dict object at 0x7fa2802b4a80>
"{'atak': ['12', '11', '0', '14', '2', '5', '16', '6', '4', '8', '10', '18', '9', '13', '7', '17', '1', '3', '15', '19']}",<built-in method values of dict object at 0x7fa2802b4a80>
"{'atak': ['12', '11', '0', '14', '2', '5', '16', '6', '4', '8', '10', '18', '9', '13', '7', '17', '1', '3', '15', '19']}",<built-in method values of dict object at 0x7fa2802b4a80>
"{'atak': ['12', '11', '0', '14', '2', '5', '16', '6', '4', '8', '10', '18', '9', '13', '7', '17', '1', '3', '15', '19']}",<built-in method values of dict object at 0x7fa2802b4a80>
"{'atak': ['12', '11', '0', '14', '2', '5', '16', '6', '4', '8', '10', '18', '9', '13', '7', '17', '1', '3', '15', '19']}",<built-in method values of dict object at 0x7fa2802b4a80>
"{'atak': ['12', '11', '0', '14', '2', '5', '16', '6', '4', '8', '10', '18', '9', '13', '7', '17', '1', '3', '15', '19']}",<built-in method values of dict object at 0x7fa2802b4a80>
"{'atak': ['12', '11', '0', '14', '2', '5', '16', '6', '4', '8', '10', '18', '9', '13', '7', '17', '1', '3', '15', '19']}",<built-in method values of dict object at 0x7fa2802b4a80>
"{'atak': ['12', '11', '0', '14', '2', '5', '16', '6', '4', '8', '10', '18', '9', '13', '7', '17', '1', '3', '15', '19']}",<built-in method values of dict object at 0x7fa2802b4a80>
"{'atak': ['12', '11', '0', '14', '2', '5', '16', '6', '4', '8', '10', '18', '9', '13', '7', '17', '1', '3', '15', '19']}",<built-in method values of dict object at 0x7fa2802b4a80>
"{'atak': ['12', '11', '0', '14', '2', '5', '16', '6', '4', '8', '10', '18', '9', '13', '7', '17', '1', '3', '15', '19']}",<built-in method values of dict object at 0x7fa2802b4a80>
"{'atak': ['12', '11', '0', '14', '2', '5', '16', '6', '4', '8', '10', '18', '9', '13', '7', '17', '1', '3', '15', '19']}",<built-in method values of dict object at 0x7fa2802b4a80>
"{'atak': ['12', '11', '0', '14', '2', '5', '16', '6', '4', '8', '10', '18', '9', '13', '7', '17', '1', '3', '15', '19']}",<built-in method values of dict object at 0x7fa2802b4a80>
"{'atak': ['4', '12', '14', '0', '17', '18', '6', '1', '3', '5', '2', '7', '8', '11', '10', '19', '13', '15', '16', '9']}",<built-in method values of dict object at 0x7fa28023b940>
"{'atak': ['4', '12', '14', '0', '17', '18', '6', '1', '3', '5', '2', '7', '8', '11', '10', '19', '13', '15', '16', '9']}",<built-in method values of dict object at 0x7fa28023b940>
"{'atak': ['4', '12', '14', '0', '17', '18', '6', '1', '3', '5', '2', '7', '8', '11', '10', '19', '13', '15', '16', '9']}",<built-in method values of dict object at 0x7fa28023b940>
"{'atak': ['4', '12', '14', '0', '17', '18', '6', '1', '3', '5', '2', '7', '8', '11', '10', '19', '13', '15', '16', '9']}",<built-in method values of dict object at 0x7fa28023b940>
"{'atak': ['4', '12', '14', '0', '17', '18', '6', '1', '3', '5', '2', '7', '8', '11', '10', '19', '13', '15', '16', '9']}",<built-in method values of dict object at 0x7fa28023b940>
"{'atak': ['4', '12', '14', '0', '17', '18', '6', '1', '3', '5', '2', '7', '8', '11', '10', '19', '13', '15', '16', '9']}",<built-in method values of dict object at 0x7fa28023b940>
"{'atak': ['4', '12', '14', '0', '17', '18', '6', '1', '3', '5', '2', '7', '8', '11', '10', '19', '13', '15', '16', '9']}",<built-in method values of dict object at 0x7fa28023b940>
"{'atak': ['4', '12', '14', '0', '17', '18', '6', '1', '3', '5', '2', '7', '8', '11', '10', '19', '13', '15', '16', '9']}",<built-in method values of dict object at 0x7fa28023b940>
"{'atak': ['4', '12', '14', '0', '17', '18', '6', '1', '3', '5', '2', '7', '8', '11', '10', '19', '13', '15', '16', '9']}",<built-in method values of dict object at 0x7fa28023b940>
"{'atak': ['4', '12', '14', '0', '17', '18', '6', '1', '3', '5', '2', '7', '8', '11', '10', '19', '13', '15', '16', '9']}",<built-in method values of dict object at 0x7fa28023b940>
"{'atak': ['4', '12', '14', '0', '17', '18', '6', '1', '3', '5', '2', '7', '8', '11', '10', '19', '13', '15', '16', '9']}",<built-in method values of dict object at 0x7fa28023b940>
"{'atak': ['4', '12', '14', '0', '17', '18', '6', '1', '3', '5', '2', '7', '8', '11', '10', '19', '13', '15', '16', '9']}",<built-in method values of dict object at 0x7fa28023b940>
"{'atak': ['4', '12', '14', '0', '17', '18', '6', '1', '3', '5', '2', '7', '8', '11', '10', '19', '13', '15', '16', '9']}",<built-in method values of dict object at 0x7fa28023b940>
"{'atak': ['4', '12', '14', '0', '17', '18', '6', '1', '3', '5', '2', '7', '8', '11', '10', '19', '13', '15', '16', '9']}",<built-in method values of dict object at 0x7fa28023b940>
"{'atak': ['4', '12', '14', '0', '17', '18', '6', '1', '3', '5', '2', '7', '8', '11', '10', '19', '13', '15', '16', '9']}",<built-in method values of dict object at 0x7fa28023b940>
"{'atak': ['4', '12', '14', '0', '17', '18', '6', '1', '3', '5', '2', '7', '8', '11', '10', '19', '13', '15', '16', '9']}",<built-in method values of dict object at 0x7fa28023b940>
"{'atak': ['4', '12', '14', '0', '17', '18', '6', '1', '3', '5', '2', '7', '8', '11', '10', '19', '13', '15', '16', '9']}",<built-in method values of dict object at 0x7fa28023b940>
"{'atak': ['4', '12', '14', '0', '17', '18', '6', '1', '3', '5', '2', '7', '8', '11', '10', '19', '13', '15', '16', '9']}",<built-in method values of dict object at 0x7fa28023b940>
"{'atak': ['4', '12', '14', '0', '17', '18', '6', '1', '3', '5', '2', '7', '8', '11', '10', '19', '13', '15', '16', '9']}",<built-in method values of dict object at 0x7fa28023b940>
"{'atak': ['4', '12', '14', '0', '17', '18', '6', '1', '3', '5', '2', '7', '8', '11', '10', '19', '13', '15', '16', '9']}",<built-in method values of dict object at 0x7fa28023b940>
"{'atak': ['18', '3', '9', '5', '15', '2', '11', '19', '4', '17', '10', '6', '12', '1', '7', '13', '0', '14', '16', '8']}",<built-in method values of dict object at 0x7fa2802ad9c0>
"{'atak': ['18', '3', '9', '5', '15', '2', '11', '19', '4', '17', '10', '6', '12', '1', '7', '13', '0', '14', '16', '8']}",<built-in method values of dict object at 0x7fa2802ad9c0>
"{'atak': ['18', '3', '9', '5', '15', '2', '11', '19', '4', '17', '10', '6', '12', '1', '7', '13', '0', '14', '16', '8']}",<built-in method values of dict object at 0x7fa2802ad9c0>
"{'atak': ['18', '3', '9', '5', '15', '2', '11', '19', '4', '17', '10', '6', '12', '1', '7', '13', '0', '14', '16', '8']}",<built-in method values of dict object at 0x7fa2802ad9c0>
"{'atak': ['18', '3', '9', '5', '15', '2', '11', '19', '4', '17', '10', '6', '12', '1', '7', '13', '0', '14', '16', '8']}",<built-in method values of dict object at 0x7fa2802ad9c0>
"{'atak': ['18', '3', '9', '5', '15', '2', '11', '19', '4', '17', '10', '6', '12', '1', '7', '13', '0', '14', '16', '8']}",<built-in method values of dict object at 0x7fa2802ad9c0>
"{'atak': ['18', '3', '9', '5', '15', '2', '11', '19', '4', '17', '10', '6', '12', '1', '7', '13', '0', '14', '16', '8']}",<built-in method values of dict object at 0x7fa2802ad9c0>
"{'atak': ['18', '3', '9', '5', '15', '2', '11', '19', '4', '17', '10', '6', '12', '1', '7', '13', '0', '14', '16', '8']}",<built-in method values of dict object at 0x7fa2802ad9c0>
"{'atak': ['18', '3', '9', '5', '15', '2', '11', '19', '4', '17', '10', '6', '12', '1', '7', '13', '0', '14', '16', '8']}",<built-in method values of dict object at 0x7fa2802ad9c0>
"{'atak': ['18', '3', '9', '5', '15', '2', '11', '19', '4', '17', '10', '6', '12', '1', '7', '13', '0', '14', '16', '8']}",<built-in method values of dict object at 0x7fa2802ad9c0>
"{'atak': ['18', '3', '9', '5', '15', '2', '11', '19', '4', '17', '10', '6', '12', '1', '7', '13', '0', '14', '16', '8']}",<built-in method values of dict object at 0x7fa2802ad9c0>
"{'atak': ['18', '3', '9', '5', '15', '2', '11', '19', '4', '17', '10', '6', '12', '1', '7', '13', '0', '14', '16', '8']}",<built-in method values of dict object at 0x7fa2802ad9c0>
"{'atak': ['18', '3', '9', '5', '15', '2', '11', '19', '4', '17', '10', '6', '12', '1', '7', '13', '0', '14', '16', '8']}",<built-in method values of dict object at 0x7fa2802ad9c0>
"{'atak': ['18', '3', '9', '5', '15', '2', '11', '19', '4', '17', '10', '6', '12', '1', '7', '13', '0', '14', '16', '8']}",<built-in method values of dict object at 0x7fa2802ad9c0>
"{'atak': ['18', '3', '9', '5', '15', '2', '11', '19', '4', '17', '10', '6', '12', '1', '7', '13', '0', '14', '16', '8']}",<built-in method values of dict object at 0x7fa2802ad9c0>
"{'atak': ['18', '3', '9', '5', '15', '2', '11', '19', '4', '17', '10', '6', '12', '1', '7', '13', '0', '14', '16', '8']}",<built-in method values of dict object at 0x7fa2802ad9c0>
"{'atak': ['18', '3', '9', '5', '15', '2', '11', '19', '4', '17', '10', '6', '12', '1', '7', '13', '0', '14', '16', '8']}",<built-in method values of dict object at 0x7fa2802ad9c0>
"{'atak': ['18', '3', '9', '5', '15', '2', '11', '19', '4', '17', '10', '6', '12', '1', '7', '13', '0', '14', '16', '8']}",<built-in method values of dict object at 0x7fa2802ad9c0>
"{'atak': ['18', '3', '9', '5', '15', '2', '11', '19', '4', '17', '10', '6', '12', '1', '7', '13', '0', '14', '16', '8']}",<built-in method values of dict object at 0x7fa2802ad9c0>
"{'atak': ['18', '3', '9', '5', '15', '2', '11', '19', '4', '17', '10', '6', '12', '1', '7', '13', '0', '14', '16', '8']}",<built-in method values of dict object at 0x7fa2802ad9c0>
"{'atak': ['10', '19', '15', '13', '5', '9', '1', '4', '16', '0', '17', '6', '18', '12', '3', '11', '8', '7', '2', '14']}",<built-in method values of dict object at 0x7fa2802e6f40>
"{'atak': ['10', '19', '15', '13', '5', '9', '1', '4', '16', '0', '17', '6', '18', '12', '3', '11', '8', '7', '2', '14']}",<built-in method values of dict object at 0x7fa2802e6f40>
"{'atak': ['10', '19', '15', '13', '5', '9', '1', '4', '16', '0', '17', '6', '18', '12', '3', '11', '8', '7', '2', '14']}",<built-in method values of dict object at 0x7fa2802e6f40>
"{'atak': ['10', '19', '15', '13', '5', '9', '1', '4', '16', '0', '17', '6', '18', '12', '3', '11', '8', '7', '2', '14']}",<built-in method values of dict object at 0x7fa2802e6f40>
"{'atak': ['10', '19', '15', '13', '5', '9', '1', '4', '16', '0', '17', '6', '18', '12', '3', '11', '8', '7', '2', '14']}",<built-in method values of dict object at 0x7fa2802e6f40>
"{'atak': ['10', '19', '15', '13', '5', '9', '1', '4', '16', '0', '17', '6', '18', '12', '3', '11', '8', '7', '2', '14']}",<built-in method values of dict object at 0x7fa2802e6f40>
"{'atak': ['10', '19', '15', '13', '5', '9', '1', '4', '16', '0', '17', '6', '18', '12', '3', '11', '8', '7', '2', '14']}",<built-in method values of dict object at 0x7fa2802e6f40>
"{'atak': ['10', '19', '15', '13', '5', '9', '1', '4', '16', '0', '17', '6', '18', '12', '3', '11', '8', '7', '2', '14']}",<built-in method values of dict object at 0x7fa2802e6f40>
"{'atak': ['10', '19', '15', '13', '5', '9', '1', '4', '16', '0', '17', '6', '18', '12', '3', '11', '8', '7', '2', '14']}",<built-in method values of dict object at 0x7fa2802e6f40>
"{'atak': ['10', '19', '15', '13', '5', '9', '1', '4', '16', '0', '17', '6', '18', '12', '3', '11', '8', '7', '2', '14']}",<built-in method values of dict object at 0x7fa2802e6f40>
"{'atak': ['10', '19', '15', '13', '5', '9', '1', '4', '16', '0', '17', '6', '18', '12', '3', '11', '8', '7', '2', '14']}",<built-in method values of dict object at 0x7fa2802e6f40>
"{'atak': ['10', '19', '15', '13', '5', '9', '1', '4', '16', '0', '17', '6', '18', '12', '3', '11', '8', '7', '2', '14']}",<built-in method values of dict object at 0x7fa2802e6f40>
"{'atak': ['10', '19', '15', '13', '5', '9', '1', '4', '16', '0', '17', '6', '18', '12', '3', '11', '8', '7', '2', '14']}",<built-in method values of dict object at 0x7fa2802e6f40>
"{'atak': ['10', '19', '15', '13', '5', '9', '1', '4', '16', '0', '17', '6', '18', '12', '3', '11', '8', '7', '2', '14']}",<built-in method values of dict object at 0x7fa2802e6f40>
"{'atak': ['10', '19', '15', '13', '5', '9', '1', '4', '16', '0', '17', '6', '18', '12', '3', '11', '8', '7', '2', '14']}",<built-in method values of dict object at 0x7fa2802e6f40>
"{'atak': ['10', '19', '15', '13', '5', '9', '1', '4', '16', '0', '17', '6', '18', '12', '3', '11', '8', '7', '2', '14']}",<built-in method values of dict object at 0x7fa2802e6f40>
"{'atak': ['10', '19', '15', '13', '5', '9', '1', '4', '16', '0', '17', '6', '18', '12', '3', '11', '8', '7', '2', '14']}",<built-in method values of dict object at 0x7fa2802e6f40>
"{'atak': ['10', '19', '15', '13', '5', '9', '1', '4', '16', '0', '17', '6', '18', '12', '3', '11', '8', '7', '2', '14']}",<built-in method values of dict object at 0x7fa2802e6f40>
"{'atak': ['10', '19', '15', '13', '5', '9', '1', '4', '16', '0', '17', '6', '18', '12', '3', '11', '8', '7', '2', '14']}",<built-in method values of dict object at 0x7fa2802e6f40>
"{'atak': ['10', '19', '15', '13', '5', '9', '1', '4', '16', '0', '17', '6', '18', '12', '3', '11', '8', '7', '2', '14']}",<built-in method values of dict object at 0x7fa2802e6f40>
"{'atak': ['3', '17', '0', '9', '6', '19', '7', '2', '15', '8', '18', '11', '13', '10', '14', '16', '1', '5', '4', '12']}",<built-in method values of dict object at 0x7fa280270480>
"{'atak': ['3', '17', '0', '9', '6', '19', '7', '2', '15', '8', '18', '11', '13', '10', '14', '16', '1', '5', '4', '12']}",<built-in method values of dict object at 0x7fa280270480>
"{'atak': ['3', '17', '0', '9', '6', '19', '7', '2', '15', '8', '18', '11', '13', '10', '14', '16', '1', '5', '4', '12']}",<built-in method values of dict object at 0x7fa280270480>
"{'atak': ['3', '17', '0', '9', '6', '19', '7', '2', '15', '8', '18', '11', '13', '10', '14', '16', '1', '5', '4', '12']}",<built-in method values of dict object at 0x7fa280270480>
"{'atak': ['3', '17', '0', '9', '6', '19', '7', '2', '15', '8', '18', '11', '13', '10', '14', '16', '1', '5', '4', '12']}",<built-in method values of dict object at 0x7fa280270480>
"{'atak': ['3', '17', '0', '9', '6', '19', '7', '2', '15', '8', '18', '11', '13', '10', '14', '16', '1', '5', '4', '12']}",<built-in method values of dict object at 0x7fa280270480>
"{'atak': ['3', '17', '0', '9', '6', '19', '7', '2', '15', '8', '18', '11', '13', '10', '14', '16', '1', '5', '4', '12']}",<built-in method values of dict object at 0x7fa280270480>
"{'atak': ['3', '17', '0', '9', '6', '19', '7', '2', '15', '8', '18', '11', '13', '10', '14', '16', '1', '5', '4', '12']}",<built-in method values of dict object at 0x7fa280270480>
"{'atak': ['3', '17', '0', '9', '6', '19', '7', '2', '15', '8', '18', '11', '13', '10', '14', '16', '1', '5', '4', '12']}",<built-in method values of dict object at 0x7fa280270480>
"{'atak': ['3', '17', '0', '9', '6', '19', '7', '2', '15', '8', '18', '11', '13', '10', '14', '16', '1', '5', '4', '12']}",<built-in method values of dict object at 0x7fa280270480>
"{'atak': ['3', '17', '0', '9', '6', '19', '7', '2', '15', '8', '18', '11', '13', '10', '14', '16', '1', '5', '4', '12']}",<built-in method values of dict object at 0x7fa280270480>
"{'atak': ['3', '17', '0', '9', '6', '19', '7', '2', '15', '8', '18', '11', '13', '10', '14', '16', '1', '5', '4', '12']}",<built-in method values of dict object at 0x7fa280270480>
"{'atak': ['3', '17', '0', '9', '6', '19', '7', '2', '15', '8', '18', '11', '13', '10', '14', '16', '1', '5', '4', '12']}",<built-in method values of dict object at 0x7fa280270480>
"{'atak': ['3', '17', '0', '9', '6', '19', '7', '2', '15', '8', '18', '11', '13', '10', '14', '16', '1', '5', '4', '12']}",<built-in method values of dict object at 0x7fa280270480>
"{'atak': ['3', '17', '0', '9', '6', '19', '7', '2', '15', '8', '18', '11', '13', '10', '14', '16', '1', '5', '4', '12']}",<built-in method values of dict object at 0x7fa280270480>
"{'atak': ['3', '17', '0', '9', '6', '19', '7', '2', '15', '8', '18', '11', '13', '10', '14', '16', '1', '5', '4', '12']}",<built-in method values of dict object at 0x7fa280270480>
"{'atak': ['3', '17', '0', '9', '6', '19', '7', '2', '15', '8', '18', '11', '13', '10', '14', '16', '1', '5', '4', '12']}",<built-in method values of dict object at 0x7fa280270480>
"{'atak': ['3', '17', '0', '9', '6', '19', '7', '2', '15', '8', '18', '11', '13', '10', '14', '16', '1', '5', '4', '12']}",<built-in method values of dict object at 0x7fa280270480>
"{'atak': ['3', '17', '0', '9', '6', '19', '7', '2', '15', '8', '18', '11', '13', '10', '14', '16', '1', '5', '4', '12']}",<built-in method values of dict object at 0x7fa280270480>
"{'atak': ['3', '17', '0', '9', '6', '19', '7', '2', '15', '8', '18', '11', '13', '10', '14', '16', '1', '5', '4', '12']}",<built-in method values of dict object at 0x7fa280270480>
"{'atak': ['5', '11', '9', '12', '4', '3', '15', '8', '1', '18', '13', '14', '6', '2', '19', '0', '10', '17', '7', '16']}",<built-in method values of dict object at 0x7fa28023bc00>
"{'atak': ['5', '11', '9', '12', '4', '3', '15', '8', '1', '18', '13', '14', '6', '2', '19', '0', '10', '17', '7', '16']}",<built-in method values of dict object at 0x7fa28023bc00>
"{'atak': ['5', '11', '9', '12', '4', '3', '15', '8', '1', '18', '13', '14', '6', '2', '19', '0', '10', '17', '7', '16']}",<built-in method values of dict object at 0x7fa28023bc00>
"{'atak': ['5', '11', '9', '12', '4', '3', '15', '8', '1', '18', '13', '14', '6', '2', '19', '0', '10', '17', '7', '16']}",<built-in method values of dict object at 0x7fa28023bc00>
"{'atak': ['5', '11', '9', '12', '4', '3', '15', '8', '1', '18', '13', '14', '6', '2', '19', '0', '10', '17', '7', '16']}",<built-in method values of dict object at 0x7fa28023bc00>
"{'atak': ['5', '11', '9', '12', '4', '3', '15', '8', '1', '18', '13', '14', '6', '2', '19', '0', '10', '17', '7', '16']}",<built-in method values of dict object at 0x7fa28023bc00>
"{'atak': ['5', '11', '9', '12', '4', '3', '15', '8', '1', '18', '13', '14', '6', '2', '19', '0', '10', '17', '7', '16']}",<built-in method values of dict object at 0x7fa28023bc00>
"{'atak': ['5', '11', '9', '12', '4', '3', '15', '8', '1', '18', '13', '14', '6', '2', '19', '0', '10', '17', '7', '16']}",<built-in method values of dict object at 0x7fa28023bc00>
"{'atak': ['5', '11', '9', '12', '4', '3', '15', '8', '1', '18', '13', '14', '6', '2', '19', '0', '10', '17', '7', '16']}",<built-in method values of dict object at 0x7fa28023bc00>
"{'atak': ['5', '11', '9', '12', '4', '3', '15', '8', '1', '18', '13', '14', '6', '2', '19', '0', '10', '17', '7', '16']}",<built-in method values of dict object at 0x7fa28023bc00>
"{'atak': ['5', '11', '9', '12', '4', '3', '15', '8', '1', '18', '13', '14', '6', '2', '19', '0', '10', '17', '7', '16']}",<built-in method values of dict object at 0x7fa28023bc00>
"{'atak': ['5', '11', '9', '12', '4', '3', '15', '8', '1', '18', '13', '14', '6', '2', '19', '0', '10', '17', '7', '16']}",<built-in method values of dict object at 0x7fa28023bc00>
"{'atak': ['5', '11', '9', '12', '4', '3', '15', '8', '1', '18', '13', '14', '6', '2', '19', '0', '10', '17', '7', '16']}",<built-in method values of dict object at 0x7fa28023bc00>
"{'atak': ['5', '11', '9', '12', '4', '3', '15', '8', '1', '18', '13', '14', '6', '2', '19', '0', '10', '17', '7', '16']}",<built-in method values of dict object at 0x7fa28023bc00>
"{'atak': ['5', '11', '9', '12', '4', '3', '15', '8', '1', '18', '13', '14', '6', '2', '19', '0', '10', '17', '7', '16']}",<built-in method values of dict object at 0x7fa28023bc00>
"{'atak': ['5', '11', '9', '12', '4', '3', '15', '8', '1', '18', '13', '14', '6', '2', '19', '0', '10', '17', '7', '16']}",<built-in method values of dict object at 0x7fa28023bc00>
"{'atak': ['5', '11', '9', '12', '4', '3', '15', '8', '1', '18', '13', '14', '6', '2', '19', '0', '10', '17', '7', '16']}",<built-in method values of dict object at 0x7fa28023bc00>
"{'atak': ['5', '11', '9', '12', '4', '3', '15', '8', '1', '18', '13', '14', '6', '2', '19', '0', '10', '17', '7', '16']}",<built-in method values of dict object at 0x7fa28023bc00>
"{'atak': ['5', '11', '9', '12', '4', '3', '15', '8', '1', '18', '13', '14', '6', '2', '19', '0', '10', '17', '7', '16']}",<built-in method values of dict object at 0x7fa28023bc00>
"{'atak': ['5', '11', '9', '12', '4', '3', '15', '8', '1', '18', '13', '14', '6', '2', '19', '0', '10', '17', '7', '16']}",<built-in method values of dict object at 0x7fa28023bc00>
"{'atak': ['10', '18', '13', '14', '11', '7', '6', '19', '17', '9', '2', '15', '8', '0', '1', '12', '16', '3', '4', '5']}",<built-in method values of dict object at 0x7fa28029b080>
"{'atak': ['10', '18', '13', '14', '11', '7', '6', '19', '17', '9', '2', '15', '8', '0', '1', '12', '16', '3', '4', '5']}",<built-in method values of dict object at 0x7fa28029b080>
"{'atak': ['10', '18', '13', '14', '11', '7', '6', '19', '17', '9', '2', '15', '8', '0', '1', '12', '16', '3', '4', '5']}",<built-in method values of dict object at 0x7fa28029b080>
"{'atak': ['10', '18', '13', '14', '11', '7', '6', '19', '17', '9', '2', '15', '8', '0', '1', '12', '16', '3', '4', '5']}",<built-in method values of dict object at 0x7fa28029b080>
"{'atak': ['10', '18', '13', '14', '11', '7', '6', '19', '17', '9', '2', '15', '8', '0', '1', '12', '16', '3', '4', '5']}",<built-in method values of dict object at 0x7fa28029b080>
"{'atak': ['10', '18', '13', '14', '11', '7', '6', '19', '17', '9', '2', '15', '8', '0', '1', '12', '16', '3', '4', '5']}",<built-in method values of dict object at 0x7fa28029b080>
"{'atak': ['10', '18', '13', '14', '11', '7', '6', '19', '17', '9', '2', '15', '8', '0', '1', '12', '16', '3', '4', '5']}",<built-in method values of dict object at 0x7fa28029b080>
"{'atak': ['10', '18', '13', '14', '11', '7', '6', '19', '17', '9', '2', '15', '8', '0', '1', '12', '16', '3', '4', '5']}",<built-in method values of dict object at 0x7fa28029b080>
"{'atak': ['10', '18', '13', '14', '11', '7', '6', '19', '17', '9', '2', '15', '8', '0', '1', '12', '16', '3', '4', '5']}",<built-in method values of dict object at 0x7fa28029b080>
"{'atak': ['10', '18', '13', '14', '11', '7', '6', '19', '17', '9', '2', '15', '8', '0', '1', '12', '16', '3', '4', '5']}",<built-in method values of dict object at 0x7fa28029b080>
"{'atak': ['10', '18', '13', '14', '11', '7', '6', '19', '17', '9', '2', '15', '8', '0', '1', '12', '16', '3', '4', '5']}",<built-in method values of dict object at 0x7fa28029b080>
"{'atak': ['10', '18', '13', '14', '11', '7', '6', '19', '17', '9', '2', '15', '8', '0', '1', '12', '16', '3', '4', '5']}",<built-in method values of dict object at 0x7fa28029b080>
"{'atak': ['10', '18', '13', '14', '11', '7', '6', '19', '17', '9', '2', '15', '8', '0', '1', '12', '16', '3', '4', '5']}",<built-in method values of dict object at 0x7fa28029b080>
"{'atak': ['10', '18', '13', '14', '11', '7', '6', '19', '17', '9', '2', '15', '8', '0', '1', '12', '16', '3', '4', '5']}",<built-in method values of dict object at 0x7fa28029b080>
"{'atak': ['10', '18', '13', '14', '11', '7', '6', '19', '17', '9', '2', '15', '8', '0', '1', '12', '16', '3', '4', '5']}",<built-in method values of dict object at 0x7fa28029b080>
"{'atak': ['10', '18', '13', '14', '11', '7', '6', '19', '17', '9', '2', '15', '8', '0', '1', '12', '16', '3', '4', '5']}",<built-in method values of dict object at 0x7fa28029b080>
"{'atak': ['10', '18', '13', '14', '11', '7', '6', '19', '17', '9', '2', '15', '8', '0', '1', '12', '16', '3', '4', '5']}",<built-in method values of dict object at 0x7fa28029b080>
"{'atak': ['10', '18', '13', '14', '11', '7', '6', '19', '17', '9', '2', '15', '8', '0', '1', '12', '16', '3', '4', '5']}",<built-in method values of dict object at 0x7fa28029b080>
"{'atak': ['10', '18', '13', '14', '11', '7', '6', '19', '17', '9', '2', '15', '8', '0', '1', '12', '16', '3', '4', '5']}",<built-in method values of dict object at 0x7fa28029b080>
"{'atak': ['10', '18', '13', '14', '11', '7', '6', '19', '17', '9', '2', '15', '8', '0', '1', '12', '16', '3', '4', '5']}",<built-in method values of dict object at 0x7fa28029b080>
"{'atak': ['4', '6', '15', '14', '2', '7', '0', '11', '3', '13', '12', '19', '17', '9', '16', '1', '18', '5', '10', '8']}",<built-in method values of dict object at 0x7fa2802e5400>
"{'atak': ['4', '6', '15', '14', '2', '7', '0', '11', '3', '13', '12', '19', '17', '9', '16', '1', '18', '5', '10', '8']}",<built-in method values of dict object at 0x7fa2802e5400>
"{'atak': ['4', '6', '15', '14', '2', '7', '0', '11', '3', '13', '12', '19', '17', '9', '16', '1', '18', '5', '10', '8']}",<built-in method values of dict object at 0x7fa2802e5400>
"{'atak': ['4', '6', '15', '14', '2', '7', '0', '11', '3', '13', '12', '19', '17', '9', '16', '1', '18', '5', '10', '8']}",<built-in method values of dict object at 0x7fa2802e5400>
"{'atak': ['4', '6', '15', '14', '2', '7', '0', '11', '3', '13', '12', '19', '17', '9', '16', '1', '18', '5', '10', '8']}",<built-in method values of dict object at 0x7fa2802e5400>
"{'atak': ['4', '6', '15', '14', '2', '7', '0', '11', '3', '13', '12', '19', '17', '9', '16', '1', '18', '5', '10', '8']}",<built-in method values of dict object at 0x7fa2802e5400>
"{'atak': ['4', '6', '15', '14', '2', '7', '0', '11', '3', '13', '12', '19', '17', '9', '16', '1', '18', '5', '10', '8']}",<built-in method values of dict object at 0x7fa2802e5400>
"{'atak': ['4', '6', '15', '14', '2', '7', '0', '11', '3', '13', '12', '19', '17', '9', '16', '1', '18', '5', '10', '8']}",<built-in method values of dict object at 0x7fa2802e5400>
"{'atak': ['4', '6', '15', '14', '2', '7', '0', '11', '3', '13', '12', '19', '17', '9', '16', '1', '18', '5', '10', '8']}",<built-in method values of dict object at 0x7fa2802e5400>
"{'atak': ['4', '6', '15', '14', '2', '7', '0', '11', '3', '13', '12', '19', '17', '9', '16', '1', '18', '5', '10', '8']}",<built-in method values of dict object at 0x7fa2802e5400>
"{'atak': ['4', '6', '15', '14', '2', '7', '0', '11', '3', '13', '12', '19', '17', '9', '16', '1', '18', '5', '10', '8']}",<built-in method values of dict object at 0x7fa2802e5400>
"{'atak': ['4', '6', '15', '14', '2', '7', '0', '11', '3', '13', '12', '19', '17', '9', '16', '1', '18', '5', '10', '8']}",<built-in method values of dict object at 0x7fa2802e5400>
"{'atak': ['4', '6', '15', '14', '2', '7', '0', '11', '3', '13', '12', '19', '17', '9', '16', '1', '18', '5', '10', '8']}",<built-in method values of dict object at 0x7fa2802e5400>
"{'atak': ['4', '6', '15', '14', '2', '7', '0', '11', '3', '13', '12', '19', '17', '9', '16', '1', '18', '5', '10', '8']}",<built-in method values of dict object at 0x7fa2802e5400>
"{'atak': ['4', '6', '15', '14', '2', '7', '0', '11', '3', '13', '12', '19', '17', '9', '16', '1', '18', '5', '10', '8']}",<built-in method values of dict object at 0x7fa2802e5400>
"{'atak': ['4', '6', '15', '14', '2', '7', '0', '11', '3', '13', '12', '19', '17', '9', '16', '1', '18', '5', '10', '8']}",<built-in method values of dict object at 0x7fa2802e5400>
"{'atak': ['4', '6', '15', '14', '2', '7', '0', '11', '3', '13', '12', '19', '17', '9', '16', '1', '18', '5', '10', '8']}",<built-in method values of dict object at 0x7fa2802e5400>
"{'atak': ['4', '6', '15', '14', '2', '7', '0', '11', '3', '13', '12', '19', '17', '9', '16', '1', '18', '5', '10', '8']}",<built-in method values of dict object at 0x7fa2802e5400>
"{'atak': ['4', '6', '15', '14', '2', '7', '0', '11', '3', '13', '12', '19', '17', '9', '16', '1', '18', '5', '10', '8']}",<built-in method values of dict object at 0x7fa2802e5400>
"{'atak': ['4', '6', '15', '14', '2', '7', '0', '11', '3', '13', '12', '19', '17', '9', '16', '1', '18', '5', '10', '8']}",<built-in method values of dict object at 0x7fa2802e5400>
"{'atak': ['7', '14', '18', '4', '6', '19', '15', '11', '2', '16', '5', '3', '0', '9', '1', '12', '13', '17', '8', '10']}",<built-in method values of dict object at 0x7fa28024ee80>
"{'atak': ['7', '14', '18', '4', '6', '19', '15', '11', '2', '16', '5', '3', '0', '9', '1', '12', '13', '17', '8', '10']}",<built-in method values of dict object at 0x7fa28024ee80>
"{'atak': ['7', '14', '18', '4', '6', '19', '15', '11', '2', '16', '5', '3', '0', '9', '1', '12', '13', '17', '8', '10']}",<built-in method values of dict object at 0x7fa28024ee80>
"{'atak': ['7', '14', '18', '4', '6', '19', '15', '11', '2', '16', '5', '3', '0', '9', '1', '12', '13', '17', '8', '10']}",<built-in method values of dict object at 0x7fa28024ee80>
"{'atak': ['7', '14', '18', '4', '6', '19', '15', '11', '2', '16', '5', '3', '0', '9', '1', '12', '13', '17', '8', '10']}",<built-in method values of dict object at 0x7fa28024ee80>
"{'atak': ['7', '14', '18', '4', '6', '19', '15', '11', '2', '16', '5', '3', '0', '9', '1', '12', '13', '17', '8', '10']}",<built-in method values of dict object at 0x7fa28024ee80>
"{'atak': ['7', '14', '18', '4', '6', '19', '15', '11', '2', '16', '5', '3', '0', '9', '1', '12', '13', '17', '8', '10']}",<built-in method values of dict object at 0x7fa28024ee80>
"{'atak': ['7', '14', '18', '4', '6', '19', '15', '11', '2', '16', '5', '3', '0', '9', '1', '12', '13', '17', '8', '10']}",<built-in method values of dict object at 0x7fa28024ee80>
"{'atak': ['7', '14', '18', '4', '6', '19', '15', '11', '2', '16', '5', '3', '0', '9', '1', '12', '13', '17', '8', '10']}",<built-in method values of dict object at 0x7fa28024ee80>
"{'atak': ['7', '14', '18', '4', '6', '19', '15', '11', '2', '16', '5', '3', '0', '9', '1', '12', '13', '17', '8', '10']}",<built-in method values of dict object at 0x7fa28024ee80>
"{'atak': ['7', '14', '18', '4', '6', '19', '15', '11', '2', '16', '5', '3', '0', '9', '1', '12', '13', '17', '8', '10']}",<built-in method values of dict object at 0x7fa28024ee80>
"{'atak': ['7', '14', '18', '4', '6', '19', '15', '11', '2', '16', '5', '3', '0', '9', '1', '12', '13', '17', '8', '10']}",<built-in method values of dict object at 0x7fa28024ee80>
"{'atak': ['7', '14', '18', '4', '6', '19', '15', '11', '2', '16', '5', '3', '0', '9', '1', '12', '13', '17', '8', '10']}",<built-in method values of dict object at 0x7fa28024ee80>
"{'atak': ['7', '14', '18', '4', '6', '19', '15', '11', '2', '16', '5', '3', '0', '9', '1', '12', '13', '17', '8', '10']}",<built-in method values of dict object at 0x7fa28024ee80>
"{'atak': ['7', '14', '18', '4', '6', '19', '15', '11', '2', '16', '5', '3', '0', '9', '1', '12', '13', '17', '8', '10']}",<built-in method values of dict object at 0x7fa28024ee80>
"{'atak': ['7', '14', '18', '4', '6', '19', '15', '11', '2', '16', '5', '3', '0', '9', '1', '12', '13', '17', '8', '10']}",<built-in method values of dict object at 0x7fa28024ee80>
"{'atak': ['7', '14', '18', '4', '6', '19', '15', '11', '2', '16', '5', '3', '0', '9', '1', '12', '13', '17', '8', '10']}",<built-in method values of dict object at 0x7fa28024ee80>
"{'atak': ['7', '14', '18', '4', '6', '19', '15', '11', '2', '16', '5', '3', '0', '9', '1', '12', '13', '17', '8', '10']}",<built-in method values of dict object at 0x7fa28024ee80>
"{'atak': ['7', '14', '18', '4', '6', '19', '15', '11', '2', '16', '5', '3', '0', '9', '1', '12', '13', '17', '8', '10']}",<built-in method values of dict object at 0x7fa28024ee80>
"{'atak': ['7', '14', '18', '4', '6', '19', '15', '11', '2', '16', '5', '3', '0', '9', '1', '12', '13', '17', '8', '10']}",<built-in method values of dict object at 0x7fa28024ee80>
"{'atak': ['2', '8', '16', '3', '15', '5', '1', '4', '7', '14', '12', '6', '11', '9', '19', '10', '17', '13', '0', '18']}",<built-in method values of dict object at 0x7fa280270740>
"{'atak': ['2', '8', '16', '3', '15', '5', '1', '4', '7', '14', '12', '6', '11', '9', '19', '10', '17', '13', '0', '18']}",<built-in method values of dict object at 0x7fa280270740>
"{'atak': ['2', '8', '16', '3', '15', '5', '1', '4', '7', '14', '12', '6', '11', '9', '19', '10', '17', '13', '0', '18']}",<built-in method values of dict object at 0x7fa280270740>
"{'atak': ['2', '8', '16', '3', '15', '5', '1', '4', '7', '14', '12', '6', '11', '9', '19', '10', '17', '13', '0', '18']}",<built-in method values of dict object at 0x7fa280270740>
"{'atak': ['2', '8', '16', '3', '15', '5', '1', '4', '7', '14', '12', '6', '11', '9', '19', '10', '17', '13', '0', '18']}",<built-in method values of dict object at 0x7fa280270740>
"{'atak': ['2', '8', '16', '3', '15', '5', '1', '4', '7', '14', '12', '6', '11', '9', '19', '10', '17', '13', '0', '18']}",<built-in method values of dict object at 0x7fa280270740>
"{'atak': ['2', '8', '16', '3', '15', '5', '1', '4', '7', '14', '12', '6', '11', '9', '19', '10', '17', '13', '0', '18']}",<built-in method values of dict object at 0x7fa280270740>
"{'atak': ['2', '8', '16', '3', '15', '5', '1', '4', '7', '14', '12', '6', '11', '9', '19', '10', '17', '13', '0', '18']}",<built-in method values of dict object at 0x7fa280270740>
"{'atak': ['2', '8', '16', '3', '15', '5', '1', '4', '7', '14', '12', '6', '11', '9', '19', '10', '17', '13', '0', '18']}",<built-in method values of dict object at 0x7fa280270740>
"{'atak': ['2', '8', '16', '3', '15', '5', '1', '4', '7', '14', '12', '6', '11', '9', '19', '10', '17', '13', '0', '18']}",<built-in method values of dict object at 0x7fa280270740>
"{'atak': ['2', '8', '16', '3', '15', '5', '1', '4', '7', '14', '12', '6', '11', '9', '19', '10', '17', '13', '0', '18']}",<built-in method values of dict object at 0x7fa280270740>
"{'atak': ['2', '8', '16', '3', '15', '5', '1', '4', '7', '14', '12', '6', '11', '9', '19', '10', '17', '13', '0', '18']}",<built-in method values of dict object at 0x7fa280270740>
"{'atak': ['2', '8', '16', '3', '15', '5', '1', '4', '7', '14', '12', '6', '11', '9', '19', '10', '17', '13', '0', '18']}",<built-in method values of dict object at 0x7fa280270740>
"{'atak': ['2', '8', '16', '3', '15', '5', '1', '4', '7', '14', '12', '6', '11', '9', '19', '10', '17', '13', '0', '18']}",<built-in method values of dict object at 0x7fa280270740>
"{'atak': ['2', '8', '16', '3', '15', '5', '1', '4', '7', '14', '12', '6', '11', '9', '19', '10', '17', '13', '0', '18']}",<built-in method values of dict object at 0x7fa280270740>
"{'atak': ['2', '8', '16', '3', '15', '5', '1', '4', '7', '14', '12', '6', '11', '9', '19', '10', '17', '13', '0', '18']}",<built-in method values of dict object at 0x7fa280270740>
"{'atak': ['2', '8', '16', '3', '15', '5', '1', '4', '7', '14', '12', '6', '11', '9', '19', '10', '17', '13', '0', '18']}",<built-in method values of dict object at 0x7fa280270740>
"{'atak': ['2', '8', '16', '3', '15', '5', '1', '4', '7', '14', '12', '6', '11', '9', '19', '10', '17', '13', '0', '18']}",<built-in method values of dict object at 0x7fa280270740>
"{'atak': ['2', '8', '16', '3', '15', '5', '1', '4', '7', '14', '12', '6', '11', '9', '19', '10', '17', '13', '0', '18']}",<built-in method values of dict object at 0x7fa280270740>
"{'atak': ['2', '8', '16', '3', '15', '5', '1', '4', '7', '14', '12', '6', '11', '9', '19', '10', '17', '13', '0', '18']}",<built-in method values of dict object at 0x7fa280270740>
"{'atak': ['2', '19', '15', '12', '3', '13', '9', '5', '16', '10', '14', '17', '4', '8', '1', '0', '7', '11', '18', '6']}",<built-in method values of dict object at 0x7fa28028f980>
"{'atak': ['2', '19', '15', '12', '3', '13', '9', '5', '16', '10', '14', '17', '4', '8', '1', '0', '7', '11', '18', '6']}",<built-in method values of dict object at 0x7fa28028f980>
"{'atak': ['2', '19', '15', '12', '3', '13', '9', '5', '16', '10', '14', '17', '4', '8', '1', '0', '7', '11', '18', '6']}",<built-in method values of dict object at 0x7fa28028f980>
"{'atak': ['2', '19', '15', '12', '3', '13', '9', '5', '16', '10', '14', '17', '4', '8', '1', '0', '7', '11', '18', '6']}",<built-in method values of dict object at 0x7fa28028f980>
"{'atak': ['2', '19', '15', '12', '3', '13', '9', '5', '16', '10', '14', '17', '4', '8', '1', '0', '7', '11', '18', '6']}",<built-in method values of dict object at 0x7fa28028f980>
"{'atak': ['2', '19', '15', '12', '3', '13', '9', '5', '16', '10', '14', '17', '4', '8', '1', '0', '7', '11', '18', '6']}",<built-in method values of dict object at 0x7fa28028f980>
"{'atak': ['2', '19', '15', '12', '3', '13', '9', '5', '16', '10', '14', '17', '4', '8', '1', '0', '7', '11', '18', '6']}",<built-in method values of dict object at 0x7fa28028f980>
"{'atak': ['2', '19', '15', '12', '3', '13', '9', '5', '16', '10', '14', '17', '4', '8', '1', '0', '7', '11', '18', '6']}",<built-in method values of dict object at 0x7fa28028f980>
"{'atak': ['2', '19', '15', '12', '3', '13', '9', '5', '16', '10', '14', '17', '4', '8', '1', '0', '7', '11', '18', '6']}",<built-in method values of dict object at 0x7fa28028f980>
"{'atak': ['2', '19', '15', '12', '3', '13', '9', '5', '16', '10', '14', '17', '4', '8', '1', '0', '7', '11', '18', '6']}",<built-in method values of dict object at 0x7fa28028f980>
"{'atak': ['2', '19', '15', '12', '3', '13', '9', '5', '16', '10', '14', '17', '4', '8', '1', '0', '7', '11', '18', '6']}",<built-in method values of dict object at 0x7fa28028f980>
"{'atak': ['2', '19', '15', '12', '3', '13', '9', '5', '16', '10', '14', '17', '4', '8', '1', '0', '7', '11', '18', '6']}",<built-in method values of dict object at 0x7fa28028f980>
"{'atak': ['2', '19', '15', '12', '3', '13', '9', '5', '16', '10', '14', '17', '4', '8', '1', '0', '7', '11', '18', '6']}",<built-in method values of dict object at 0x7fa28028f980>
"{'atak': ['2', '19', '15', '12', '3', '13', '9', '5', '16', '10', '14', '17', '4', '8', '1', '0', '7', '11', '18', '6']}",<built-in method values of dict object at 0x7fa28028f980>
"{'atak': ['2', '19', '15', '12', '3', '13', '9', '5', '16', '10', '14', '17', '4', '8', '1', '0', '7', '11', '18', '6']}",<built-in method values of dict object at 0x7fa28028f980>
"{'atak': ['2', '19', '15', '12', '3', '13', '9', '5', '16', '10', '14', '17', '4', '8', '1', '0', '7', '11', '18', '6']}",<built-in method values of dict object at 0x7fa28028f980>
"{'atak': ['2', '19', '15', '12', '3', '13', '9', '5', '16', '10', '14', '17', '4', '8', '1', '0', '7', '11', '18', '6']}",<built-in method values of dict object at 0x7fa28028f980>
"{'atak': ['2', '19', '15', '12', '3', '13', '9', '5', '16', '10', '14', '17', '4', '8', '1', '0', '7', '11', '18', '6']}",<built-in method values of dict object at 0x7fa28028f980>
"{'atak': ['2', '19', '15', '12', '3', '13', '9', '5', '16', '10', '14', '17', '4', '8', '1', '0', '7', '11', '18', '6']}",<built-in method values of dict object at 0x7fa28028f980>
"{'atak': ['2', '19', '15', '12', '3', '13', '9', '5', '16', '10', '14', '17', '4', '8', '1', '0', '7', '11', '18', '6']}",<built-in method values of dict object at 0x7fa28028f980>
"{'atak': ['13', '19', '8', '6', '16', '1', '15', '7', '11', '18', '5', '17', '0', '14', '4', '12', '2', '3', '10', '9']}",<built-in method values of dict object at 0x7fa2802ac780>
"{'atak': ['13', '19', '8', '6', '16', '1', '15', '7', '11', '18', '5', '17', '0', '14', '4', '12', '2', '3', '10', '9']}",<built-in method values of dict object at 0x7fa2802ac780>
"{'atak': ['13', '19', '8', '6', '16', '1', '15', '7', '11', '18', '5', '17', '0', '14', '4', '12', '2', '3', '10', '9']}",<built-in method values of dict object at 0x7fa2802ac780>
"{'atak': ['13', '19', '8', '6', '16', '1', '15', '7', '11', '18', '5', '17', '0', '14', '4', '12', '2', '3', '10', '9']}",<built-in method values of dict object at 0x7fa2802ac780>
"{'atak': ['13', '19', '8', '6', '16', '1', '15', '7', '11', '18', '5', '17', '0', '14', '4', '12', '2', '3', '10', '9']}",<built-in method values of dict object at 0x7fa2802ac780>
"{'atak': ['13', '19', '8', '6', '16', '1', '15', '7', '11', '18', '5', '17', '0', '14', '4', '12', '2', '3', '10', '9']}",<built-in method values of dict object at 0x7fa2802ac780>
"{'atak': ['13', '19', '8', '6', '16', '1', '15', '7', '11', '18', '5', '17', '0', '14', '4', '12', '2', '3', '10', '9']}",<built-in method values of dict object at 0x7fa2802ac780>
"{'atak': ['13', '19', '8', '6', '16', '1', '15', '7', '11', '18', '5', '17', '0', '14', '4', '12', '2', '3', '10', '9']}",<built-in method values of dict object at 0x7fa2802ac780>
"{'atak': ['13', '19', '8', '6', '16', '1', '15', '7', '11', '18', '5', '17', '0', '14', '4', '12', '2', '3', '10', '9']}",<built-in method values of dict object at 0x7fa2802ac780>
"{'atak': ['13', '19', '8', '6', '16', '1', '15', '7', '11', '18', '5', '17', '0', '14', '4', '12', '2', '3', '10', '9']}",<built-in method values of dict object at 0x7fa2802ac780>
"{'atak': ['13', '19', '8', '6', '16', '1', '15', '7', '11', '18', '5', '17', '0', '14', '4', '12', '2', '3', '10', '9']}",<built-in method values of dict object at 0x7fa2802ac780>
"{'atak': ['13', '19', '8', '6', '16', '1', '15', '7', '11', '18', '5', '17', '0', '14', '4', '12', '2', '3', '10', '9']}",<built-in method values of dict object at 0x7fa2802ac780>
"{'atak': ['13', '19', '8', '6', '16', '1', '15', '7', '11', '18', '5', '17', '0', '14', '4', '12', '2', '3', '10', '9']}",<built-in method values of dict object at 0x7fa2802ac780>
"{'atak': ['13', '19', '8', '6', '16', '1', '15', '7', '11', '18', '5', '17', '0', '14', '4', '12', '2', '3', '10', '9']}",<built-in method values of dict object at 0x7fa2802ac780>
"{'atak': ['13', '19', '8', '6', '16', '1', '15', '7', '11', '18', '5', '17', '0', '14', '4', '12', '2', '3', '10', '9']}",<built-in method values of dict object at 0x7fa2802ac780>
"{'atak': ['13', '19', '8', '6', '16', '1', '15', '7', '11', '18', '5', '17', '0', '14', '4', '12', '2', '3', '10', '9']}",<built-in method values of dict object at 0x7fa2802ac780>
"{'atak': ['13', '19', '8', '6', '16', '1', '15', '7', '11', '18', '5', '17', '0', '14', '4', '12', '2', '3', '10', '9']}",<built-in method values of dict object at 0x7fa2802ac780>
"{'atak': ['13', '19', '8', '6', '16', '1', '15', '7', '11', '18', '5', '17', '0', '14', '4', '12', '2', '3', '10', '9']}",<built-in method values of dict object at 0x7fa2802ac780>
"{'atak': ['13', '19', '8', '6', '16', '1', '15', '7', '11', '18', '5', '17', '0', '14', '4', '12', '2', '3', '10', '9']}",<built-in method values of dict object at 0x7fa2802ac780>
"{'atak': ['13', '19', '8', '6', '16', '1', '15', '7', '11', '18', '5', '17', '0', '14', '4', '12', '2', '3', '10', '9']}",<built-in method values of dict object at 0x7fa2802ac780>
"{'atak': ['17', '6', '2', '4', '5', '0', '16', '14', '8', '1', '18', '15', '3', '12', '7', '10', '11', '19', '13', '9']}",<built-in method values of dict object at 0x7fa2800fe800>
"{'atak': ['17', '6', '2', '4', '5', '0', '16', '14', '8', '1', '18', '15', '3', '12', '7', '10', '11', '19', '13', '9']}",<built-in method values of dict object at 0x7fa2800fe800>
"{'atak': ['17', '6', '2', '4', '5', '0', '16', '14', '8', '1', '18', '15', '3', '12', '7', '10', '11', '19', '13', '9']}",<built-in method values of dict object at 0x7fa2800fe800>
"{'atak': ['17', '6', '2', '4', '5', '0', '16', '14', '8', '1', '18', '15', '3', '12', '7', '10', '11', '19', '13', '9']}",<built-in method values of dict object at 0x7fa2800fe800>
"{'atak': ['17', '6', '2', '4', '5', '0', '16', '14', '8', '1', '18', '15', '3', '12', '7', '10', '11', '19', '13', '9']}",<built-in method values of dict object at 0x7fa2800fe800>
"{'atak': ['17', '6', '2', '4', '5', '0', '16', '14', '8', '1', '18', '15', '3', '12', '7', '10', '11', '19', '13', '9']}",<built-in method values of dict object at 0x7fa2800fe800>
"{'atak': ['17', '6', '2', '4', '5', '0', '16', '14', '8', '1', '18', '15', '3', '12', '7', '10', '11', '19', '13', '9']}",<built-in method values of dict object at 0x7fa2800fe800>
"{'atak': ['17', '6', '2', '4', '5', '0', '16', '14', '8', '1', '18', '15', '3', '12', '7', '10', '11', '19', '13', '9']}",<built-in method values of dict object at 0x7fa2800fe800>
"{'atak': ['17', '6', '2', '4', '5', '0', '16', '14', '8', '1', '18', '15', '3', '12', '7', '10', '11', '19', '13', '9']}",<built-in method values of dict object at 0x7fa2800fe800>
"{'atak': ['17', '6', '2', '4', '5', '0', '16', '14', '8', '1', '18', '15', '3', '12', '7', '10', '11', '19', '13', '9']}",<built-in method values of dict object at 0x7fa2800fe800>
"{'atak': ['17', '6', '2', '4', '5', '0', '16', '14', '8', '1', '18', '15', '3', '12', '7', '10', '11', '19', '13', '9']}",<built-in method values of dict object at 0x7fa2800fe800>
"{'atak': ['17', '6', '2', '4', '5', '0', '16', '14', '8', '1', '18', '15', '3', '12', '7', '10', '11', '19', '13', '9']}",<built-in method values of dict object at 0x7fa2800fe800>
"{'atak': ['17', '6', '2', '4', '5', '0', '16', '14', '8', '1', '18', '15', '3', '12', '7', '10', '11', '19', '13', '9']}",<built-in method values of dict object at 0x7fa2800fe800>
"{'atak': ['17', '6', '2', '4', '5', '0', '16', '14', '8', '1', '18', '15', '3', '12', '7', '10', '11', '19', '13', '9']}",<built-in method values of dict object at 0x7fa2800fe800>
"{'atak': ['17', '6', '2', '4', '5', '0', '16', '14', '8', '1', '18', '15', '3', '12', '7', '10', '11', '19', '13', '9']}",<built-in method values of dict object at 0x7fa2800fe800>
"{'atak': ['17', '6', '2', '4', '5', '0', '16', '14', '8', '1', '18', '15', '3', '12', '7', '10', '11', '19', '13', '9']}",<built-in method values of dict object at 0x7fa2800fe800>
"{'atak': ['17', '6', '2', '4', '5', '0', '16', '14', '8', '1', '18', '15', '3', '12', '7', '10', '11', '19', '13', '9']}",<built-in method values of dict object at 0x7fa2800fe800>
"{'atak': ['17', '6', '2', '4', '5', '0', '16', '14', '8', '1', '18', '15', '3', '12', '7', '10', '11', '19', '13', '9']}",<built-in method values of dict object at 0x7fa2800fe800>
"{'atak': ['17', '6', '2', '4', '5', '0', '16', '14', '8', '1', '18', '15', '3', '12', '7', '10', '11', '19', '13', '9']}",<built-in method values of dict object at 0x7fa2800fe800>
"{'atak': ['17', '6', '2', '4', '5', '0', '16', '14', '8', '1', '18', '15', '3', '12', '7', '10', '11', '19', '13', '9']}",<built-in method values of dict object at 0x7fa2800fe800>
"{'atak': ['4', '16', '18', '9', '12', '8', '11', '19', '3', '14', '15', '0', '10', '7', '2', '13', '5', '1', '17', '6']}",<built-in method values of dict object at 0x7fa2800fd5c0>
"{'atak': ['4', '16', '18', '9', '12', '8', '11', '19', '3', '14', '15', '0', '10', '7', '2', '13', '5', '1', '17', '6']}",<built-in method values of dict object at 0x7fa2800fd5c0>
"{'atak': ['4', '16', '18', '9', '12', '8', '11', '19', '3', '14', '15', '0', '10', '7', '2', '13', '5', '1', '17', '6']}",<built-in method values of dict object at 0x7fa2800fd5c0>
"{'atak': ['4', '16', '18', '9', '12', '8', '11', '19', '3', '14', '15', '0', '10', '7', '2', '13', '5', '1', '17', '6']}",<built-in method values of dict object at 0x7fa2800fd5c0>
"{'atak': ['4', '16', '18', '9', '12', '8', '11', '19', '3', '14', '15', '0', '10', '7', '2', '13', '5', '1', '17', '6']}",<built-in method values of dict object at 0x7fa2800fd5c0>
"{'atak': ['4', '16', '18', '9', '12', '8', '11', '19', '3', '14', '15', '0', '10', '7', '2', '13', '5', '1', '17', '6']}",<built-in method values of dict object at 0x7fa2800fd5c0>
"{'atak': ['4', '16', '18', '9', '12', '8', '11', '19', '3', '14', '15', '0', '10', '7', '2', '13', '5', '1', '17', '6']}",<built-in method values of dict object at 0x7fa2800fd5c0>
"{'atak': ['4', '16', '18', '9', '12', '8', '11', '19', '3', '14', '15', '0', '10', '7', '2', '13', '5', '1', '17', '6']}",<built-in method values of dict object at 0x7fa2800fd5c0>
"{'atak': ['4', '16', '18', '9', '12', '8', '11', '19', '3', '14', '15', '0', '10', '7', '2', '13', '5', '1', '17', '6']}",<built-in method values of dict object at 0x7fa2800fd5c0>
"{'atak': ['4', '16', '18', '9', '12', '8', '11', '19', '3', '14', '15', '0', '10', '7', '2', '13', '5', '1', '17', '6']}",<built-in method values of dict object at 0x7fa2800fd5c0>
"{'atak': ['4', '16', '18', '9', '12', '8', '11', '19', '3', '14', '15', '0', '10', '7', '2', '13', '5', '1', '17', '6']}",<built-in method values of dict object at 0x7fa2800fd5c0>
"{'atak': ['4', '16', '18', '9', '12', '8', '11', '19', '3', '14', '15', '0', '10', '7', '2', '13', '5', '1', '17', '6']}",<built-in method values of dict object at 0x7fa2800fd5c0>
"{'atak': ['4', '16', '18', '9', '12', '8', '11', '19', '3', '14', '15', '0', '10', '7', '2', '13', '5', '1', '17', '6']}",<built-in method values of dict object at 0x7fa2800fd5c0>
"{'atak': ['4', '16', '18', '9', '12', '8', '11', '19', '3', '14', '15', '0', '10', '7', '2', '13', '5', '1', '17', '6']}",<built-in method values of dict object at 0x7fa2800fd5c0>
"{'atak': ['4', '16', '18', '9', '12', '8', '11', '19', '3', '14', '15', '0', '10', '7', '2', '13', '5', '1', '17', '6']}",<built-in method values of dict object at 0x7fa2800fd5c0>
"{'atak': ['4', '16', '18', '9', '12', '8', '11', '19', '3', '14', '15', '0', '10', '7', '2', '13', '5', '1', '17', '6']}",<built-in method values of dict object at 0x7fa2800fd5c0>
"{'atak': ['4', '16', '18', '9', '12', '8', '11', '19', '3', '14', '15', '0', '10', '7', '2', '13', '5', '1', '17', '6']}",<built-in method values of dict object at 0x7fa2800fd5c0>
"{'atak': ['4', '16', '18', '9', '12', '8', '11', '19', '3', '14', '15', '0', '10', '7', '2', '13', '5', '1', '17', '6']}",<built-in method values of dict object at 0x7fa2800fd5c0>
"{'atak': ['4', '16', '18', '9', '12', '8', '11', '19', '3', '14', '15', '0', '10', '7', '2', '13', '5', '1', '17', '6']}",<built-in method values of dict object at 0x7fa2800fd5c0>
"{'atak': ['4', '16', '18', '9', '12', '8', '11', '19', '3', '14', '15', '0', '10', '7', '2', '13', '5', '1', '17', '6']}",<built-in method values of dict object at 0x7fa2800fd5c0>
"{'atak': ['18', '14', '4', '16', '0', '1', '19', '6', '11', '13', '7', '5', '8', '15', '17', '9', '12', '10', '2', '3']}",<built-in method values of dict object at 0x7fa2800fdd80>
"{'atak': ['18', '14', '4', '16', '0', '1', '19', '6', '11', '13', '7', '5', '8', '15', '17', '9', '12', '10', '2', '3']}",<built-in method values of dict object at 0x7fa2800fdd80>
"{'atak': ['18', '14', '4', '16', '0', '1', '19', '6', '11', '13', '7', '5', '8', '15', '17', '9', '12', '10', '2', '3']}",<built-in method values of dict object at 0x7fa2800fdd80>
"{'atak': ['18', '14', '4', '16', '0', '1', '19', '6', '11', '13', '7', '5', '8', '15', '17', '9', '12', '10', '2', '3']}",<built-in method values of dict object at 0x7fa2800fdd80>
"{'atak': ['18', '14', '4', '16', '0', '1', '19', '6', '11', '13', '7', '5', '8', '15', '17', '9', '12', '10', '2', '3']}",<built-in method values of dict object at 0x7fa2800fdd80>
"{'atak': ['18', '14', '4', '16', '0', '1', '19', '6', '11', '13', '7', '5', '8', '15', '17', '9', '12', '10', '2', '3']}",<built-in method values of dict object at 0x7fa2800fdd80>
"{'atak': ['18', '14', '4', '16', '0', '1', '19', '6', '11', '13', '7', '5', '8', '15', '17', '9', '12', '10', '2', '3']}",<built-in method values of dict object at 0x7fa2800fdd80>
"{'atak': ['18', '14', '4', '16', '0', '1', '19', '6', '11', '13', '7', '5', '8', '15', '17', '9', '12', '10', '2', '3']}",<built-in method values of dict object at 0x7fa2800fdd80>
"{'atak': ['18', '14', '4', '16', '0', '1', '19', '6', '11', '13', '7', '5', '8', '15', '17', '9', '12', '10', '2', '3']}",<built-in method values of dict object at 0x7fa2800fdd80>
"{'atak': ['18', '14', '4', '16', '0', '1', '19', '6', '11', '13', '7', '5', '8', '15', '17', '9', '12', '10', '2', '3']}",<built-in method values of dict object at 0x7fa2800fdd80>
"{'atak': ['18', '14', '4', '16', '0', '1', '19', '6', '11', '13', '7', '5', '8', '15', '17', '9', '12', '10', '2', '3']}",<built-in method values of dict object at 0x7fa2800fdd80>
"{'atak': ['18', '14', '4', '16', '0', '1', '19', '6', '11', '13', '7', '5', '8', '15', '17', '9', '12', '10', '2', '3']}",<built-in method values of dict object at 0x7fa2800fdd80>
"{'atak': ['18', '14', '4', '16', '0', '1', '19', '6', '11', '13', '7', '5', '8', '15', '17', '9', '12', '10', '2', '3']}",<built-in method values of dict object at 0x7fa2800fdd80>
"{'atak': ['18', '14', '4', '16', '0', '1', '19', '6', '11', '13', '7', '5', '8', '15', '17', '9', '12', '10', '2', '3']}",<built-in method values of dict object at 0x7fa2800fdd80>
"{'atak': ['18', '14', '4', '16', '0', '1', '19', '6', '11', '13', '7', '5', '8', '15', '17', '9', '12', '10', '2', '3']}",<built-in method values of dict object at 0x7fa2800fdd80>
"{'atak': ['18', '14', '4', '16', '0', '1', '19', '6', '11', '13', '7', '5', '8', '15', '17', '9', '12', '10', '2', '3']}",<built-in method values of dict object at 0x7fa2800fdd80>
"{'atak': ['18', '14', '4', '16', '0', '1', '19', '6', '11', '13', '7', '5', '8', '15', '17', '9', '12', '10', '2', '3']}",<built-in method values of dict object at 0x7fa2800fdd80>
"{'atak': ['18', '14', '4', '16', '0', '1', '19', '6', '11', '13', '7', '5', '8', '15', '17', '9', '12', '10', '2', '3']}",<built-in method values of dict object at 0x7fa2800fdd80>
"{'atak': ['18', '14', '4', '16', '0', '1', '19', '6', '11', '13', '7', '5', '8', '15', '17', '9', '12', '10', '2', '3']}",<built-in method values of dict object at 0x7fa2800fdd80>
"{'atak': ['18', '14', '4', '16', '0', '1', '19', '6', '11', '13', '7', '5', '8', '15', '17', '9', '12', '10', '2', '3']}",<built-in method values of dict object at 0x7fa2800fdd80>
"{'atak': ['9', '19', '6', '12', '7', '17', '13', '2', '10', '5', '16', '0', '18', '15', '1', '3', '8', '14', '11', '4']}",<built-in method values of dict object at 0x7fa2802e5400>
"{'atak': ['9', '19', '6', '12', '7', '17', '13', '2', '10', '5', '16', '0', '18', '15', '1', '3', '8', '14', '11', '4']}",<built-in method values of dict object at 0x7fa2802e5400>
"{'atak': ['9', '19', '6', '12', '7', '17', '13', '2', '10', '5', '16', '0', '18', '15', '1', '3', '8', '14', '11', '4']}",<built-in method values of dict object at 0x7fa2802e5400>
"{'atak': ['9', '19', '6', '12', '7', '17', '13', '2', '10', '5', '16', '0', '18', '15', '1', '3', '8', '14', '11', '4']}",<built-in method values of dict object at 0x7fa2802e5400>
"{'atak': ['9', '19', '6', '12', '7', '17', '13', '2', '10', '5', '16', '0', '18', '15', '1', '3', '8', '14', '11', '4']}",<built-in method values of dict object at 0x7fa2802e5400>
"{'atak': ['9', '19', '6', '12', '7', '17', '13', '2', '10', '5', '16', '0', '18', '15', '1', '3', '8', '14', '11', '4']}",<built-in method values of dict object at 0x7fa2802e5400>
"{'atak': ['9', '19', '6', '12', '7', '17', '13', '2', '10', '5', '16', '0', '18', '15', '1', '3', '8', '14', '11', '4']}",<built-in method values of dict object at 0x7fa2802e5400>
"{'atak': ['9', '19', '6', '12', '7', '17', '13', '2', '10', '5', '16', '0', '18', '15', '1', '3', '8', '14', '11', '4']}",<built-in method values of dict object at 0x7fa2802e5400>
"{'atak': ['9', '19', '6', '12', '7', '17', '13', '2', '10', '5', '16', '0', '18', '15', '1', '3', '8', '14', '11', '4']}",<built-in method values of dict object at 0x7fa2802e5400>
"{'atak': ['9', '19', '6', '12', '7', '17', '13', '2', '10', '5', '16', '0', '18', '15', '1', '3', '8', '14', '11', '4']}",<built-in method values of dict object at 0x7fa2802e5400>
"{'atak': ['9', '19', '6', '12', '7', '17', '13', '2', '10', '5', '16', '0', '18', '15', '1', '3', '8', '14', '11', '4']}",<built-in method values of dict object at 0x7fa2802e5400>
"{'atak': ['9', '19', '6', '12', '7', '17', '13', '2', '10', '5', '16', '0', '18', '15', '1', '3', '8', '14', '11', '4']}",<built-in method values of dict object at 0x7fa2802e5400>
"{'atak': ['9', '19', '6', '12', '7', '17', '13', '2', '10', '5', '16', '0', '18', '15', '1', '3', '8', '14', '11', '4']}",<built-in method values of dict object at 0x7fa2802e5400>
"{'atak': ['9', '19', '6', '12', '7', '17', '13', '2', '10', '5', '16', '0', '18', '15', '1', '3', '8', '14', '11', '4']}",<built-in method values of dict object at 0x7fa2802e5400>
"{'atak': ['9', '19', '6', '12', '7', '17', '13', '2', '10', '5', '16', '0', '18', '15', '1', '3', '8', '14', '11', '4']}",<built-in method values of dict object at 0x7fa2802e5400>
"{'atak': ['9', '19', '6', '12', '7', '17', '13', '2', '10', '5', '16', '0', '18', '15', '1', '3', '8', '14', '11', '4']}",<built-in method values of dict object at 0x7fa2802e5400>
"{'atak': ['9', '19', '6', '12', '7', '17', '13', '2', '10', '5', '16', '0', '18', '15', '1', '3', '8', '14', '11', '4']}",<built-in method values of dict object at 0x7fa2802e5400>
"{'atak': ['9', '19', '6', '12', '7', '17', '13', '2', '10', '5', '16', '0', '18', '15', '1', '3', '8', '14', '11', '4']}",<built-in method values of dict object at 0x7fa2802e5400>
"{'atak': ['9', '19', '6', '12', '7', '17', '13', '2', '10', '5', '16', '0', '18', '15', '1', '3', '8', '14', '11', '4']}",<built-in method values of dict object at 0x7fa2802e5400>
"{'atak': ['9', '19', '6', '12', '7', '17', '13', '2', '10', '5', '16', '0', '18', '15', '1', '3', '8', '14', '11', '4']}",<built-in method values of dict object at 0x7fa2802e5400>
"{'atak': ['6', '0', '1', '10', '3', '9', '4', '17', '8', '13', '7', '16', '11', '15', '19', '12', '14', '5', '2', '18']}",<built-in method values of dict object at 0x7fa280273c40>
"{'atak': ['6', '0', '1', '10', '3', '9', '4', '17', '8', '13', '7', '16', '11', '15', '19', '12', '14', '5', '2', '18']}",<built-in method values of dict object at 0x7fa280273c40>
"{'atak': ['6', '0', '1', '10', '3', '9', '4', '17', '8', '13', '7', '16', '11', '15', '19', '12', '14', '5', '2', '18']}",<built-in method values of dict object at 0x7fa280273c40>
"{'atak': ['6', '0', '1', '10', '3', '9', '4', '17', '8', '13', '7', '16', '11', '15', '19', '12', '14', '5', '2', '18']}",<built-in method values of dict object at 0x7fa280273c40>
"{'atak': ['6', '0', '1', '10', '3', '9', '4', '17', '8', '13', '7', '16', '11', '15', '19', '12', '14', '5', '2', '18']}",<built-in method values of dict object at 0x7fa280273c40>
"{'atak': ['6', '0', '1', '10', '3', '9', '4', '17', '8', '13', '7', '16', '11', '15', '19', '12', '14', '5', '2', '18']}",<built-in method values of dict object at 0x7fa280273c40>
"{'atak': ['6', '0', '1', '10', '3', '9', '4', '17', '8', '13', '7', '16', '11', '15', '19', '12', '14', '5', '2', '18']}",<built-in method values of dict object at 0x7fa280273c40>
"{'atak': ['6', '0', '1', '10', '3', '9', '4', '17', '8', '13', '7', '16', '11', '15', '19', '12', '14', '5', '2', '18']}",<built-in method values of dict object at 0x7fa280273c40>
"{'atak': ['6', '0', '1', '10', '3', '9', '4', '17', '8', '13', '7', '16', '11', '15', '19', '12', '14', '5', '2', '18']}",<built-in method values of dict object at 0x7fa280273c40>
"{'atak': ['6', '0', '1', '10', '3', '9', '4', '17', '8', '13', '7', '16', '11', '15', '19', '12', '14', '5', '2', '18']}",<built-in method values of dict object at 0x7fa280273c40>
"{'atak': ['6', '0', '1', '10', '3', '9', '4', '17', '8', '13', '7', '16', '11', '15', '19', '12', '14', '5', '2', '18']}",<built-in method values of dict object at 0x7fa280273c40>
"{'atak': ['6', '0', '1', '10', '3', '9', '4', '17', '8', '13', '7', '16', '11', '15', '19', '12', '14', '5', '2', '18']}",<built-in method values of dict object at 0x7fa280273c40>
"{'atak': ['6', '0', '1', '10', '3', '9', '4', '17', '8', '13', '7', '16', '11', '15', '19', '12', '14', '5', '2', '18']}",<built-in method values of dict object at 0x7fa280273c40>
"{'atak': ['6', '0', '1', '10', '3', '9', '4', '17', '8', '13', '7', '16', '11', '15', '19', '12', '14', '5', '2', '18']}",<built-in method values of dict object at 0x7fa280273c40>
"{'atak': ['6', '0', '1', '10', '3', '9', '4', '17', '8', '13', '7', '16', '11', '15', '19', '12', '14', '5', '2', '18']}",<built-in method values of dict object at 0x7fa280273c40>
"{'atak': ['6', '0', '1', '10', '3', '9', '4', '17', '8', '13', '7', '16', '11', '15', '19', '12', '14', '5', '2', '18']}",<built-in method values of dict object at 0x7fa280273c40>
"{'atak': ['6', '0', '1', '10', '3', '9', '4', '17', '8', '13', '7', '16', '11', '15', '19', '12', '14', '5', '2', '18']}",<built-in method values of dict object at 0x7fa280273c40>
"{'atak': ['6', '0', '1', '10', '3', '9', '4', '17', '8', '13', '7', '16', '11', '15', '19', '12', '14', '5', '2', '18']}",<built-in method values of dict object at 0x7fa280273c40>
"{'atak': ['6', '0', '1', '10', '3', '9', '4', '17', '8', '13', '7', '16', '11', '15', '19', '12', '14', '5', '2', '18']}",<built-in method values of dict object at 0x7fa280273c40>
"{'atak': ['6', '0', '1', '10', '3', '9', '4', '17', '8', '13', '7', '16', '11', '15', '19', '12', '14', '5', '2', '18']}",<built-in method values of dict object at 0x7fa280273c40>
"{'atak': ['3', '17', '2', '14', '10', '4', '11', '7', '19', '0', '18', '9', '1', '5', '16', '15', '8', '13', '12', '6']}",<built-in method values of dict object at 0x7fa28024d1c0>
"{'atak': ['3', '17', '2', '14', '10', '4', '11', '7', '19', '0', '18', '9', '1', '5', '16', '15', '8', '13', '12', '6']}",<built-in method values of dict object at 0x7fa28024d1c0>
"{'atak': ['3', '17', '2', '14', '10', '4', '11', '7', '19', '0', '18', '9', '1', '5', '16', '15', '8', '13', '12', '6']}",<built-in method values of dict object at 0x7fa28024d1c0>
"{'atak': ['3', '17', '2', '14', '10', '4', '11', '7', '19', '0', '18', '9', '1', '5', '16', '15', '8', '13', '12', '6']}",<built-in method values of dict object at 0x7fa28024d1c0>
"{'atak': ['3', '17', '2', '14', '10', '4', '11', '7', '19', '0', '18', '9', '1', '5', '16', '15', '8', '13', '12', '6']}",<built-in method values of dict object at 0x7fa28024d1c0>
"{'atak': ['3', '17', '2', '14', '10', '4', '11', '7', '19', '0', '18', '9', '1', '5', '16', '15', '8', '13', '12', '6']}",<built-in method values of dict object at 0x7fa28024d1c0>
"{'atak': ['3', '17', '2', '14', '10', '4', '11', '7', '19', '0', '18', '9', '1', '5', '16', '15', '8', '13', '12', '6']}",<built-in method values of dict object at 0x7fa28024d1c0>
"{'atak': ['3', '17', '2', '14', '10', '4', '11', '7', '19', '0', '18', '9', '1', '5', '16', '15', '8', '13', '12', '6']}",<built-in method values of dict object at 0x7fa28024d1c0>
"{'atak': ['3', '17', '2', '14', '10', '4', '11', '7', '19', '0', '18', '9', '1', '5', '16', '15', '8', '13', '12', '6']}",<built-in method values of dict object at 0x7fa28024d1c0>
"{'atak': ['3', '17', '2', '14', '10', '4', '11', '7', '19', '0', '18', '9', '1', '5', '16', '15', '8', '13', '12', '6']}",<built-in method values of dict object at 0x7fa28024d1c0>
"{'atak': ['3', '17', '2', '14', '10', '4', '11', '7', '19', '0', '18', '9', '1', '5', '16', '15', '8', '13', '12', '6']}",<built-in method values of dict object at 0x7fa28024d1c0>
"{'atak': ['3', '17', '2', '14', '10', '4', '11', '7', '19', '0', '18', '9', '1', '5', '16', '15', '8', '13', '12', '6']}",<built-in method values of dict object at 0x7fa28024d1c0>
"{'atak': ['3', '17', '2', '14', '10', '4', '11', '7', '19', '0', '18', '9', '1', '5', '16', '15', '8', '13', '12', '6']}",<built-in method values of dict object at 0x7fa28024d1c0>
"{'atak': ['3', '17', '2', '14', '10', '4', '11', '7', '19', '0', '18', '9', '1', '5', '16', '15', '8', '13', '12', '6']}",<built-in method values of dict object at 0x7fa28024d1c0>
"{'atak': ['3', '17', '2', '14', '10', '4', '11', '7', '19', '0', '18', '9', '1', '5', '16', '15', '8', '13', '12', '6']}",<built-in method values of dict object at 0x7fa28024d1c0>
"{'atak': ['3', '17', '2', '14', '10', '4', '11', '7', '19', '0', '18', '9', '1', '5', '16', '15', '8', '13', '12', '6']}",<built-in method values of dict object at 0x7fa28024d1c0>
"{'atak': ['3', '17', '2', '14', '10', '4', '11', '7', '19', '0', '18', '9', '1', '5', '16', '15', '8', '13', '12', '6']}",<built-in method values of dict object at 0x7fa28024d1c0>
"{'atak': ['3', '17', '2', '14', '10', '4', '11', '7', '19', '0', '18', '9', '1', '5', '16', '15', '8', '13', '12', '6']}",<built-in method values of dict object at 0x7fa28024d1c0>
"{'atak': ['3', '17', '2', '14', '10', '4', '11', '7', '19', '0', '18', '9', '1', '5', '16', '15', '8', '13', '12', '6']}",<built-in method values of dict object at 0x7fa28024d1c0>
"{'atak': ['3', '17', '2', '14', '10', '4', '11', '7', '19', '0', '18', '9', '1', '5', '16', '15', '8', '13', '12', '6']}",<built-in method values of dict object at 0x7fa28024d1c0>
