{},<built-in method values of dict object at 0x7f5e50c3e100>
{},<built-in method values of dict object at 0x7f5e50c3e100>
{},<built-in method values of dict object at 0x7f5e50c3e100>
{},<built-in method values of dict object at 0x7f5e50c3e100>
{},<built-in method values of dict object at 0x7f5e50c3e100>
{},<built-in method values of dict object at 0x7f5e50c3e100>
{},<built-in method values of dict object at 0x7f5e50c3e100>
{},<built-in method values of dict object at 0x7f5e50c3e100>
{},<built-in method values of dict object at 0x7f5e50c3e100>
{},<built-in method values of dict object at 0x7f5e50c3e100>
{},<built-in method values of dict object at 0x7f5e50c3e100>
{},<built-in method values of dict object at 0x7f5e50c3e100>
{},<built-in method values of dict object at 0x7f5e50c3e100>
{},<built-in method values of dict object at 0x7f5e50c3e100>
{},<built-in method values of dict object at 0x7f5e50c3e100>
{},<built-in method values of dict object at 0x7f5e50c3e100>
{},<built-in method values of dict object at 0x7f5e50c3e100>
{},<built-in method values of dict object at 0x7f5e50c3e100>
{},<built-in method values of dict object at 0x7f5e50c3e100>
{},<built-in method values of dict object at 0x7f5e50c3e100>
"{'atak': ['1', '16', '0', '8', '18', '11', '5', '13', '6', '19', '2', '9', '3', '7', '14', '12', '4', '17', '15', '10']}",<built-in method values of dict object at 0x7f5e50c88040>
"{'atak': ['1', '16', '0', '8', '18', '11', '5', '13', '6', '19', '2', '9', '3', '7', '14', '12', '4', '17', '15', '10']}",<built-in method values of dict object at 0x7f5e50c88040>
"{'atak': ['1', '16', '0', '8', '18', '11', '5', '13', '6', '19', '2', '9', '3', '7', '14', '12', '4', '17', '15', '10']}",<built-in method values of dict object at 0x7f5e50c88040>
"{'atak': ['1', '16', '0', '8', '18', '11', '5', '13', '6', '19', '2', '9', '3', '7', '14', '12', '4', '17', '15', '10']}",<built-in method values of dict object at 0x7f5e50c88040>
"{'atak': ['1', '16', '0', '8', '18', '11', '5', '13', '6', '19', '2', '9', '3', '7', '14', '12', '4', '17', '15', '10']}",<built-in method values of dict object at 0x7f5e50c88040>
"{'atak': ['1', '16', '0', '8', '18', '11', '5', '13', '6', '19', '2', '9', '3', '7', '14', '12', '4', '17', '15', '10']}",<built-in method values of dict object at 0x7f5e50c88040>
"{'atak': ['1', '16', '0', '8', '18', '11', '5', '13', '6', '19', '2', '9', '3', '7', '14', '12', '4', '17', '15', '10']}",<built-in method values of dict object at 0x7f5e50c88040>
"{'atak': ['1', '16', '0', '8', '18', '11', '5', '13', '6', '19', '2', '9', '3', '7', '14', '12', '4', '17', '15', '10']}",<built-in method values of dict object at 0x7f5e50c88040>
"{'atak': ['1', '16', '0', '8', '18', '11', '5', '13', '6', '19', '2', '9', '3', '7', '14', '12', '4', '17', '15', '10']}",<built-in method values of dict object at 0x7f5e50c88040>
"{'atak': ['1', '16', '0', '8', '18', '11', '5', '13', '6', '19', '2', '9', '3', '7', '14', '12', '4', '17', '15', '10']}",<built-in method values of dict object at 0x7f5e50c88040>
"{'atak': ['1', '16', '0', '8', '18', '11', '5', '13', '6', '19', '2', '9', '3', '7', '14', '12', '4', '17', '15', '10']}",<built-in method values of dict object at 0x7f5e50c88040>
"{'atak': ['1', '16', '0', '8', '18', '11', '5', '13', '6', '19', '2', '9', '3', '7', '14', '12', '4', '17', '15', '10']}",<built-in method values of dict object at 0x7f5e50c88040>
"{'atak': ['1', '16', '0', '8', '18', '11', '5', '13', '6', '19', '2', '9', '3', '7', '14', '12', '4', '17', '15', '10']}",<built-in method values of dict object at 0x7f5e50c88040>
"{'atak': ['1', '16', '0', '8', '18', '11', '5', '13', '6', '19', '2', '9', '3', '7', '14', '12', '4', '17', '15', '10']}",<built-in method values of dict object at 0x7f5e50c88040>
"{'atak': ['1', '16', '0', '8', '18', '11', '5', '13', '6', '19', '2', '9', '3', '7', '14', '12', '4', '17', '15', '10']}",<built-in method values of dict object at 0x7f5e50c88040>
"{'atak': ['1', '16', '0', '8', '18', '11', '5', '13', '6', '19', '2', '9', '3', '7', '14', '12', '4', '17', '15', '10']}",<built-in method values of dict object at 0x7f5e50c88040>
"{'atak': ['1', '16', '0', '8', '18', '11', '5', '13', '6', '19', '2', '9', '3', '7', '14', '12', '4', '17', '15', '10']}",<built-in method values of dict object at 0x7f5e50c88040>
"{'atak': ['1', '16', '0', '8', '18', '11', '5', '13', '6', '19', '2', '9', '3', '7', '14', '12', '4', '17', '15', '10']}",<built-in method values of dict object at 0x7f5e50c88040>
"{'atak': ['1', '16', '0', '8', '18', '11', '5', '13', '6', '19', '2', '9', '3', '7', '14', '12', '4', '17', '15', '10']}",<built-in method values of dict object at 0x7f5e50c88040>
"{'atak': ['1', '16', '0', '8', '18', '11', '5', '13', '6', '19', '2', '9', '3', '7', '14', '12', '4', '17', '15', '10']}",<built-in method values of dict object at 0x7f5e50c88040>
"{'atak': ['17', '10', '1', '15', '8', '19', '11', '4', '6', '14', '5', '12', '13', '2', '16', '9', '3', '7', '0', '18']}",<built-in method values of dict object at 0x7f5e50caca00>
"{'atak': ['17', '10', '1', '15', '8', '19', '11', '4', '6', '14', '5', '12', '13', '2', '16', '9', '3', '7', '0', '18']}",<built-in method values of dict object at 0x7f5e50caca00>
"{'atak': ['17', '10', '1', '15', '8', '19', '11', '4', '6', '14', '5', '12', '13', '2', '16', '9', '3', '7', '0', '18']}",<built-in method values of dict object at 0x7f5e50caca00>
"{'atak': ['17', '10', '1', '15', '8', '19', '11', '4', '6', '14', '5', '12', '13', '2', '16', '9', '3', '7', '0', '18']}",<built-in method values of dict object at 0x7f5e50caca00>
"{'atak': ['17', '10', '1', '15', '8', '19', '11', '4', '6', '14', '5', '12', '13', '2', '16', '9', '3', '7', '0', '18']}",<built-in method values of dict object at 0x7f5e50caca00>
"{'atak': ['17', '10', '1', '15', '8', '19', '11', '4', '6', '14', '5', '12', '13', '2', '16', '9', '3', '7', '0', '18']}",<built-in method values of dict object at 0x7f5e50caca00>
"{'atak': ['17', '10', '1', '15', '8', '19', '11', '4', '6', '14', '5', '12', '13', '2', '16', '9', '3', '7', '0', '18']}",<built-in method values of dict object at 0x7f5e50caca00>
"{'atak': ['17', '10', '1', '15', '8', '19', '11', '4', '6', '14', '5', '12', '13', '2', '16', '9', '3', '7', '0', '18']}",<built-in method values of dict object at 0x7f5e50caca00>
"{'atak': ['17', '10', '1', '15', '8', '19', '11', '4', '6', '14', '5', '12', '13', '2', '16', '9', '3', '7', '0', '18']}",<built-in method values of dict object at 0x7f5e50caca00>
"{'atak': ['17', '10', '1', '15', '8', '19', '11', '4', '6', '14', '5', '12', '13', '2', '16', '9', '3', '7', '0', '18']}",<built-in method values of dict object at 0x7f5e50caca00>
"{'atak': ['17', '10', '1', '15', '8', '19', '11', '4', '6', '14', '5', '12', '13', '2', '16', '9', '3', '7', '0', '18']}",<built-in method values of dict object at 0x7f5e50caca00>
"{'atak': ['17', '10', '1', '15', '8', '19', '11', '4', '6', '14', '5', '12', '13', '2', '16', '9', '3', '7', '0', '18']}",<built-in method values of dict object at 0x7f5e50caca00>
"{'atak': ['17', '10', '1', '15', '8', '19', '11', '4', '6', '14', '5', '12', '13', '2', '16', '9', '3', '7', '0', '18']}",<built-in method values of dict object at 0x7f5e50caca00>
"{'atak': ['17', '10', '1', '15', '8', '19', '11', '4', '6', '14', '5', '12', '13', '2', '16', '9', '3', '7', '0', '18']}",<built-in method values of dict object at 0x7f5e50caca00>
"{'atak': ['17', '10', '1', '15', '8', '19', '11', '4', '6', '14', '5', '12', '13', '2', '16', '9', '3', '7', '0', '18']}",<built-in method values of dict object at 0x7f5e50caca00>
"{'atak': ['17', '10', '1', '15', '8', '19', '11', '4', '6', '14', '5', '12', '13', '2', '16', '9', '3', '7', '0', '18']}",<built-in method values of dict object at 0x7f5e50caca00>
"{'atak': ['17', '10', '1', '15', '8', '19', '11', '4', '6', '14', '5', '12', '13', '2', '16', '9', '3', '7', '0', '18']}",<built-in method values of dict object at 0x7f5e50caca00>
"{'atak': ['17', '10', '1', '15', '8', '19', '11', '4', '6', '14', '5', '12', '13', '2', '16', '9', '3', '7', '0', '18']}",<built-in method values of dict object at 0x7f5e50caca00>
"{'atak': ['17', '10', '1', '15', '8', '19', '11', '4', '6', '14', '5', '12', '13', '2', '16', '9', '3', '7', '0', '18']}",<built-in method values of dict object at 0x7f5e50caca00>
"{'atak': ['17', '10', '1', '15', '8', '19', '11', '4', '6', '14', '5', '12', '13', '2', '16', '9', '3', '7', '0', '18']}",<built-in method values of dict object at 0x7f5e50caca00>
"{'atak': ['12', '13', '5', '17', '10', '1', '18', '8', '16', '14', '3', '4', '7', '19', '9', '0', '15', '2', '6', '11']}",<built-in method values of dict object at 0x7f5e50ca7440>
"{'atak': ['12', '13', '5', '17', '10', '1', '18', '8', '16', '14', '3', '4', '7', '19', '9', '0', '15', '2', '6', '11']}",<built-in method values of dict object at 0x7f5e50ca7440>
"{'atak': ['12', '13', '5', '17', '10', '1', '18', '8', '16', '14', '3', '4', '7', '19', '9', '0', '15', '2', '6', '11']}",<built-in method values of dict object at 0x7f5e50ca7440>
"{'atak': ['12', '13', '5', '17', '10', '1', '18', '8', '16', '14', '3', '4', '7', '19', '9', '0', '15', '2', '6', '11']}",<built-in method values of dict object at 0x7f5e50ca7440>
"{'atak': ['12', '13', '5', '17', '10', '1', '18', '8', '16', '14', '3', '4', '7', '19', '9', '0', '15', '2', '6', '11']}",<built-in method values of dict object at 0x7f5e50ca7440>
"{'atak': ['12', '13', '5', '17', '10', '1', '18', '8', '16', '14', '3', '4', '7', '19', '9', '0', '15', '2', '6', '11']}",<built-in method values of dict object at 0x7f5e50ca7440>
"{'atak': ['12', '13', '5', '17', '10', '1', '18', '8', '16', '14', '3', '4', '7', '19', '9', '0', '15', '2', '6', '11']}",<built-in method values of dict object at 0x7f5e50ca7440>
"{'atak': ['12', '13', '5', '17', '10', '1', '18', '8', '16', '14', '3', '4', '7', '19', '9', '0', '15', '2', '6', '11']}",<built-in method values of dict object at 0x7f5e50ca7440>
"{'atak': ['12', '13', '5', '17', '10', '1', '18', '8', '16', '14', '3', '4', '7', '19', '9', '0', '15', '2', '6', '11']}",<built-in method values of dict object at 0x7f5e50ca7440>
"{'atak': ['12', '13', '5', '17', '10', '1', '18', '8', '16', '14', '3', '4', '7', '19', '9', '0', '15', '2', '6', '11']}",<built-in method values of dict object at 0x7f5e50ca7440>
"{'atak': ['12', '13', '5', '17', '10', '1', '18', '8', '16', '14', '3', '4', '7', '19', '9', '0', '15', '2', '6', '11']}",<built-in method values of dict object at 0x7f5e50ca7440>
"{'atak': ['12', '13', '5', '17', '10', '1', '18', '8', '16', '14', '3', '4', '7', '19', '9', '0', '15', '2', '6', '11']}",<built-in method values of dict object at 0x7f5e50ca7440>
"{'atak': ['12', '13', '5', '17', '10', '1', '18', '8', '16', '14', '3', '4', '7', '19', '9', '0', '15', '2', '6', '11']}",<built-in method values of dict object at 0x7f5e50ca7440>
"{'atak': ['12', '13', '5', '17', '10', '1', '18', '8', '16', '14', '3', '4', '7', '19', '9', '0', '15', '2', '6', '11']}",<built-in method values of dict object at 0x7f5e50ca7440>
"{'atak': ['12', '13', '5', '17', '10', '1', '18', '8', '16', '14', '3', '4', '7', '19', '9', '0', '15', '2', '6', '11']}",<built-in method values of dict object at 0x7f5e50ca7440>
"{'atak': ['12', '13', '5', '17', '10', '1', '18', '8', '16', '14', '3', '4', '7', '19', '9', '0', '15', '2', '6', '11']}",<built-in method values of dict object at 0x7f5e50ca7440>
"{'atak': ['12', '13', '5', '17', '10', '1', '18', '8', '16', '14', '3', '4', '7', '19', '9', '0', '15', '2', '6', '11']}",<built-in method values of dict object at 0x7f5e50ca7440>
"{'atak': ['12', '13', '5', '17', '10', '1', '18', '8', '16', '14', '3', '4', '7', '19', '9', '0', '15', '2', '6', '11']}",<built-in method values of dict object at 0x7f5e50ca7440>
"{'atak': ['12', '13', '5', '17', '10', '1', '18', '8', '16', '14', '3', '4', '7', '19', '9', '0', '15', '2', '6', '11']}",<built-in method values of dict object at 0x7f5e50ca7440>
"{'atak': ['12', '13', '5', '17', '10', '1', '18', '8', '16', '14', '3', '4', '7', '19', '9', '0', '15', '2', '6', '11']}",<built-in method values of dict object at 0x7f5e50ca7440>
"{'atak': ['18', '11', '15', '19', '2', '17', '12', '6', '16', '0', '14', '10', '1', '4', '3', '8', '5', '13', '9', '7']}",<built-in method values of dict object at 0x7f5e50ce1f80>
"{'atak': ['18', '11', '15', '19', '2', '17', '12', '6', '16', '0', '14', '10', '1', '4', '3', '8', '5', '13', '9', '7']}",<built-in method values of dict object at 0x7f5e50ce1f80>
"{'atak': ['18', '11', '15', '19', '2', '17', '12', '6', '16', '0', '14', '10', '1', '4', '3', '8', '5', '13', '9', '7']}",<built-in method values of dict object at 0x7f5e50ce1f80>
"{'atak': ['18', '11', '15', '19', '2', '17', '12', '6', '16', '0', '14', '10', '1', '4', '3', '8', '5', '13', '9', '7']}",<built-in method values of dict object at 0x7f5e50ce1f80>
"{'atak': ['18', '11', '15', '19', '2', '17', '12', '6', '16', '0', '14', '10', '1', '4', '3', '8', '5', '13', '9', '7']}",<built-in method values of dict object at 0x7f5e50ce1f80>
"{'atak': ['18', '11', '15', '19', '2', '17', '12', '6', '16', '0', '14', '10', '1', '4', '3', '8', '5', '13', '9', '7']}",<built-in method values of dict object at 0x7f5e50ce1f80>
"{'atak': ['18', '11', '15', '19', '2', '17', '12', '6', '16', '0', '14', '10', '1', '4', '3', '8', '5', '13', '9', '7']}",<built-in method values of dict object at 0x7f5e50ce1f80>
"{'atak': ['18', '11', '15', '19', '2', '17', '12', '6', '16', '0', '14', '10', '1', '4', '3', '8', '5', '13', '9', '7']}",<built-in method values of dict object at 0x7f5e50ce1f80>
"{'atak': ['18', '11', '15', '19', '2', '17', '12', '6', '16', '0', '14', '10', '1', '4', '3', '8', '5', '13', '9', '7']}",<built-in method values of dict object at 0x7f5e50ce1f80>
"{'atak': ['18', '11', '15', '19', '2', '17', '12', '6', '16', '0', '14', '10', '1', '4', '3', '8', '5', '13', '9', '7']}",<built-in method values of dict object at 0x7f5e50ce1f80>
"{'atak': ['18', '11', '15', '19', '2', '17', '12', '6', '16', '0', '14', '10', '1', '4', '3', '8', '5', '13', '9', '7']}",<built-in method values of dict object at 0x7f5e50ce1f80>
"{'atak': ['18', '11', '15', '19', '2', '17', '12', '6', '16', '0', '14', '10', '1', '4', '3', '8', '5', '13', '9', '7']}",<built-in method values of dict object at 0x7f5e50ce1f80>
"{'atak': ['18', '11', '15', '19', '2', '17', '12', '6', '16', '0', '14', '10', '1', '4', '3', '8', '5', '13', '9', '7']}",<built-in method values of dict object at 0x7f5e50ce1f80>
"{'atak': ['18', '11', '15', '19', '2', '17', '12', '6', '16', '0', '14', '10', '1', '4', '3', '8', '5', '13', '9', '7']}",<built-in method values of dict object at 0x7f5e50ce1f80>
"{'atak': ['18', '11', '15', '19', '2', '17', '12', '6', '16', '0', '14', '10', '1', '4', '3', '8', '5', '13', '9', '7']}",<built-in method values of dict object at 0x7f5e50ce1f80>
"{'atak': ['18', '11', '15', '19', '2', '17', '12', '6', '16', '0', '14', '10', '1', '4', '3', '8', '5', '13', '9', '7']}",<built-in method values of dict object at 0x7f5e50ce1f80>
"{'atak': ['18', '11', '15', '19', '2', '17', '12', '6', '16', '0', '14', '10', '1', '4', '3', '8', '5', '13', '9', '7']}",<built-in method values of dict object at 0x7f5e50ce1f80>
"{'atak': ['18', '11', '15', '19', '2', '17', '12', '6', '16', '0', '14', '10', '1', '4', '3', '8', '5', '13', '9', '7']}",<built-in method values of dict object at 0x7f5e50ce1f80>
"{'atak': ['18', '11', '15', '19', '2', '17', '12', '6', '16', '0', '14', '10', '1', '4', '3', '8', '5', '13', '9', '7']}",<built-in method values of dict object at 0x7f5e50ce1f80>
"{'atak': ['18', '11', '15', '19', '2', '17', '12', '6', '16', '0', '14', '10', '1', '4', '3', '8', '5', '13', '9', '7']}",<built-in method values of dict object at 0x7f5e50ce1f80>
"{'atak': ['3', '2', '0', '8', '15', '9', '5', '18', '1', '19', '13', '10', '11', '17', '12', '4', '14', '7', '6', '16']}",<built-in method values of dict object at 0x7f5e50cbc340>
"{'atak': ['3', '2', '0', '8', '15', '9', '5', '18', '1', '19', '13', '10', '11', '17', '12', '4', '14', '7', '6', '16']}",<built-in method values of dict object at 0x7f5e50cbc340>
"{'atak': ['3', '2', '0', '8', '15', '9', '5', '18', '1', '19', '13', '10', '11', '17', '12', '4', '14', '7', '6', '16']}",<built-in method values of dict object at 0x7f5e50cbc340>
"{'atak': ['3', '2', '0', '8', '15', '9', '5', '18', '1', '19', '13', '10', '11', '17', '12', '4', '14', '7', '6', '16']}",<built-in method values of dict object at 0x7f5e50cbc340>
"{'atak': ['3', '2', '0', '8', '15', '9', '5', '18', '1', '19', '13', '10', '11', '17', '12', '4', '14', '7', '6', '16']}",<built-in method values of dict object at 0x7f5e50cbc340>
"{'atak': ['3', '2', '0', '8', '15', '9', '5', '18', '1', '19', '13', '10', '11', '17', '12', '4', '14', '7', '6', '16']}",<built-in method values of dict object at 0x7f5e50cbc340>
"{'atak': ['3', '2', '0', '8', '15', '9', '5', '18', '1', '19', '13', '10', '11', '17', '12', '4', '14', '7', '6', '16']}",<built-in method values of dict object at 0x7f5e50cbc340>
"{'atak': ['3', '2', '0', '8', '15', '9', '5', '18', '1', '19', '13', '10', '11', '17', '12', '4', '14', '7', '6', '16']}",<built-in method values of dict object at 0x7f5e50cbc340>
"{'atak': ['3', '2', '0', '8', '15', '9', '5', '18', '1', '19', '13', '10', '11', '17', '12', '4', '14', '7', '6', '16']}",<built-in method values of dict object at 0x7f5e50cbc340>
"{'atak': ['3', '2', '0', '8', '15', '9', '5', '18', '1', '19', '13', '10', '11', '17', '12', '4', '14', '7', '6', '16']}",<built-in method values of dict object at 0x7f5e50cbc340>
"{'atak': ['3', '2', '0', '8', '15', '9', '5', '18', '1', '19', '13', '10', '11', '17', '12', '4', '14', '7', '6', '16']}",<built-in method values of dict object at 0x7f5e50cbc340>
"{'atak': ['3', '2', '0', '8', '15', '9', '5', '18', '1', '19', '13', '10', '11', '17', '12', '4', '14', '7', '6', '16']}",<built-in method values of dict object at 0x7f5e50cbc340>
"{'atak': ['3', '2', '0', '8', '15', '9', '5', '18', '1', '19', '13', '10', '11', '17', '12', '4', '14', '7', '6', '16']}",<built-in method values of dict object at 0x7f5e50cbc340>
"{'atak': ['3', '2', '0', '8', '15', '9', '5', '18', '1', '19', '13', '10', '11', '17', '12', '4', '14', '7', '6', '16']}",<built-in method values of dict object at 0x7f5e50cbc340>
"{'atak': ['3', '2', '0', '8', '15', '9', '5', '18', '1', '19', '13', '10', '11', '17', '12', '4', '14', '7', '6', '16']}",<built-in method values of dict object at 0x7f5e50cbc340>
"{'atak': ['3', '2', '0', '8', '15', '9', '5', '18', '1', '19', '13', '10', '11', '17', '12', '4', '14', '7', '6', '16']}",<built-in method values of dict object at 0x7f5e50cbc340>
"{'atak': ['3', '2', '0', '8', '15', '9', '5', '18', '1', '19', '13', '10', '11', '17', '12', '4', '14', '7', '6', '16']}",<built-in method values of dict object at 0x7f5e50cbc340>
"{'atak': ['3', '2', '0', '8', '15', '9', '5', '18', '1', '19', '13', '10', '11', '17', '12', '4', '14', '7', '6', '16']}",<built-in method values of dict object at 0x7f5e50cbc340>
"{'atak': ['3', '2', '0', '8', '15', '9', '5', '18', '1', '19', '13', '10', '11', '17', '12', '4', '14', '7', '6', '16']}",<built-in method values of dict object at 0x7f5e50cbc340>
"{'atak': ['3', '2', '0', '8', '15', '9', '5', '18', '1', '19', '13', '10', '11', '17', '12', '4', '14', '7', '6', '16']}",<built-in method values of dict object at 0x7f5e50cbc340>
"{'atak': ['14', '10', '1', '15', '4', '12', '9', '5', '7', '11', '18', '19', '13', '3', '6', '8', '16', '0', '2', '17']}",<built-in method values of dict object at 0x7f5e50ca5540>
"{'atak': ['14', '10', '1', '15', '4', '12', '9', '5', '7', '11', '18', '19', '13', '3', '6', '8', '16', '0', '2', '17']}",<built-in method values of dict object at 0x7f5e50ca5540>
"{'atak': ['14', '10', '1', '15', '4', '12', '9', '5', '7', '11', '18', '19', '13', '3', '6', '8', '16', '0', '2', '17']}",<built-in method values of dict object at 0x7f5e50ca5540>
"{'atak': ['14', '10', '1', '15', '4', '12', '9', '5', '7', '11', '18', '19', '13', '3', '6', '8', '16', '0', '2', '17']}",<built-in method values of dict object at 0x7f5e50ca5540>
"{'atak': ['14', '10', '1', '15', '4', '12', '9', '5', '7', '11', '18', '19', '13', '3', '6', '8', '16', '0', '2', '17']}",<built-in method values of dict object at 0x7f5e50ca5540>
"{'atak': ['14', '10', '1', '15', '4', '12', '9', '5', '7', '11', '18', '19', '13', '3', '6', '8', '16', '0', '2', '17']}",<built-in method values of dict object at 0x7f5e50ca5540>
"{'atak': ['14', '10', '1', '15', '4', '12', '9', '5', '7', '11', '18', '19', '13', '3', '6', '8', '16', '0', '2', '17']}",<built-in method values of dict object at 0x7f5e50ca5540>
"{'atak': ['14', '10', '1', '15', '4', '12', '9', '5', '7', '11', '18', '19', '13', '3', '6', '8', '16', '0', '2', '17']}",<built-in method values of dict object at 0x7f5e50ca5540>
"{'atak': ['14', '10', '1', '15', '4', '12', '9', '5', '7', '11', '18', '19', '13', '3', '6', '8', '16', '0', '2', '17']}",<built-in method values of dict object at 0x7f5e50ca5540>
"{'atak': ['14', '10', '1', '15', '4', '12', '9', '5', '7', '11', '18', '19', '13', '3', '6', '8', '16', '0', '2', '17']}",<built-in method values of dict object at 0x7f5e50ca5540>
"{'atak': ['14', '10', '1', '15', '4', '12', '9', '5', '7', '11', '18', '19', '13', '3', '6', '8', '16', '0', '2', '17']}",<built-in method values of dict object at 0x7f5e50ca5540>
"{'atak': ['14', '10', '1', '15', '4', '12', '9', '5', '7', '11', '18', '19', '13', '3', '6', '8', '16', '0', '2', '17']}",<built-in method values of dict object at 0x7f5e50ca5540>
"{'atak': ['14', '10', '1', '15', '4', '12', '9', '5', '7', '11', '18', '19', '13', '3', '6', '8', '16', '0', '2', '17']}",<built-in method values of dict object at 0x7f5e50ca5540>
"{'atak': ['14', '10', '1', '15', '4', '12', '9', '5', '7', '11', '18', '19', '13', '3', '6', '8', '16', '0', '2', '17']}",<built-in method values of dict object at 0x7f5e50ca5540>
"{'atak': ['14', '10', '1', '15', '4', '12', '9', '5', '7', '11', '18', '19', '13', '3', '6', '8', '16', '0', '2', '17']}",<built-in method values of dict object at 0x7f5e50ca5540>
"{'atak': ['14', '10', '1', '15', '4', '12', '9', '5', '7', '11', '18', '19', '13', '3', '6', '8', '16', '0', '2', '17']}",<built-in method values of dict object at 0x7f5e50ca5540>
"{'atak': ['14', '10', '1', '15', '4', '12', '9', '5', '7', '11', '18', '19', '13', '3', '6', '8', '16', '0', '2', '17']}",<built-in method values of dict object at 0x7f5e50ca5540>
"{'atak': ['14', '10', '1', '15', '4', '12', '9', '5', '7', '11', '18', '19', '13', '3', '6', '8', '16', '0', '2', '17']}",<built-in method values of dict object at 0x7f5e50ca5540>
"{'atak': ['14', '10', '1', '15', '4', '12', '9', '5', '7', '11', '18', '19', '13', '3', '6', '8', '16', '0', '2', '17']}",<built-in method values of dict object at 0x7f5e50ca5540>
"{'atak': ['14', '10', '1', '15', '4', '12', '9', '5', '7', '11', '18', '19', '13', '3', '6', '8', '16', '0', '2', '17']}",<built-in method values of dict object at 0x7f5e50ca5540>
"{'atak': ['11', '5', '17', '15', '13', '12', '16', '3', '7', '0', '19', '14', '8', '6', '4', '10', '9', '2', '18', '1']}",<built-in method values of dict object at 0x7f5e50cbcec0>
"{'atak': ['11', '5', '17', '15', '13', '12', '16', '3', '7', '0', '19', '14', '8', '6', '4', '10', '9', '2', '18', '1']}",<built-in method values of dict object at 0x7f5e50cbcec0>
"{'atak': ['11', '5', '17', '15', '13', '12', '16', '3', '7', '0', '19', '14', '8', '6', '4', '10', '9', '2', '18', '1']}",<built-in method values of dict object at 0x7f5e50cbcec0>
"{'atak': ['11', '5', '17', '15', '13', '12', '16', '3', '7', '0', '19', '14', '8', '6', '4', '10', '9', '2', '18', '1']}",<built-in method values of dict object at 0x7f5e50cbcec0>
"{'atak': ['11', '5', '17', '15', '13', '12', '16', '3', '7', '0', '19', '14', '8', '6', '4', '10', '9', '2', '18', '1']}",<built-in method values of dict object at 0x7f5e50cbcec0>
"{'atak': ['11', '5', '17', '15', '13', '12', '16', '3', '7', '0', '19', '14', '8', '6', '4', '10', '9', '2', '18', '1']}",<built-in method values of dict object at 0x7f5e50cbcec0>
"{'atak': ['11', '5', '17', '15', '13', '12', '16', '3', '7', '0', '19', '14', '8', '6', '4', '10', '9', '2', '18', '1']}",<built-in method values of dict object at 0x7f5e50cbcec0>
"{'atak': ['11', '5', '17', '15', '13', '12', '16', '3', '7', '0', '19', '14', '8', '6', '4', '10', '9', '2', '18', '1']}",<built-in method values of dict object at 0x7f5e50cbcec0>
"{'atak': ['11', '5', '17', '15', '13', '12', '16', '3', '7', '0', '19', '14', '8', '6', '4', '10', '9', '2', '18', '1']}",<built-in method values of dict object at 0x7f5e50cbcec0>
"{'atak': ['11', '5', '17', '15', '13', '12', '16', '3', '7', '0', '19', '14', '8', '6', '4', '10', '9', '2', '18', '1']}",<built-in method values of dict object at 0x7f5e50cbcec0>
"{'atak': ['11', '5', '17', '15', '13', '12', '16', '3', '7', '0', '19', '14', '8', '6', '4', '10', '9', '2', '18', '1']}",<built-in method values of dict object at 0x7f5e50cbcec0>
"{'atak': ['11', '5', '17', '15', '13', '12', '16', '3', '7', '0', '19', '14', '8', '6', '4', '10', '9', '2', '18', '1']}",<built-in method values of dict object at 0x7f5e50cbcec0>
"{'atak': ['11', '5', '17', '15', '13', '12', '16', '3', '7', '0', '19', '14', '8', '6', '4', '10', '9', '2', '18', '1']}",<built-in method values of dict object at 0x7f5e50cbcec0>
"{'atak': ['11', '5', '17', '15', '13', '12', '16', '3', '7', '0', '19', '14', '8', '6', '4', '10', '9', '2', '18', '1']}",<built-in method values of dict object at 0x7f5e50cbcec0>
"{'atak': ['11', '5', '17', '15', '13', '12', '16', '3', '7', '0', '19', '14', '8', '6', '4', '10', '9', '2', '18', '1']}",<built-in method values of dict object at 0x7f5e50cbcec0>
"{'atak': ['11', '5', '17', '15', '13', '12', '16', '3', '7', '0', '19', '14', '8', '6', '4', '10', '9', '2', '18', '1']}",<built-in method values of dict object at 0x7f5e50cbcec0>
"{'atak': ['11', '5', '17', '15', '13', '12', '16', '3', '7', '0', '19', '14', '8', '6', '4', '10', '9', '2', '18', '1']}",<built-in method values of dict object at 0x7f5e50cbcec0>
"{'atak': ['11', '5', '17', '15', '13', '12', '16', '3', '7', '0', '19', '14', '8', '6', '4', '10', '9', '2', '18', '1']}",<built-in method values of dict object at 0x7f5e50cbcec0>
"{'atak': ['11', '5', '17', '15', '13', '12', '16', '3', '7', '0', '19', '14', '8', '6', '4', '10', '9', '2', '18', '1']}",<built-in method values of dict object at 0x7f5e50cbcec0>
"{'atak': ['11', '5', '17', '15', '13', '12', '16', '3', '7', '0', '19', '14', '8', '6', '4', '10', '9', '2', '18', '1']}",<built-in method values of dict object at 0x7f5e50cbcec0>
"{'atak': ['11', '10', '9', '4', '17', '6', '12', '3', '1', '18', '19', '8', '5', '15', '2', '16', '0', '13', '14', '7']}",<built-in method values of dict object at 0x7f5e50cbcb00>
"{'atak': ['11', '10', '9', '4', '17', '6', '12', '3', '1', '18', '19', '8', '5', '15', '2', '16', '0', '13', '14', '7']}",<built-in method values of dict object at 0x7f5e50cbcb00>
"{'atak': ['11', '10', '9', '4', '17', '6', '12', '3', '1', '18', '19', '8', '5', '15', '2', '16', '0', '13', '14', '7']}",<built-in method values of dict object at 0x7f5e50cbcb00>
"{'atak': ['11', '10', '9', '4', '17', '6', '12', '3', '1', '18', '19', '8', '5', '15', '2', '16', '0', '13', '14', '7']}",<built-in method values of dict object at 0x7f5e50cbcb00>
"{'atak': ['11', '10', '9', '4', '17', '6', '12', '3', '1', '18', '19', '8', '5', '15', '2', '16', '0', '13', '14', '7']}",<built-in method values of dict object at 0x7f5e50cbcb00>
"{'atak': ['11', '10', '9', '4', '17', '6', '12', '3', '1', '18', '19', '8', '5', '15', '2', '16', '0', '13', '14', '7']}",<built-in method values of dict object at 0x7f5e50cbcb00>
"{'atak': ['11', '10', '9', '4', '17', '6', '12', '3', '1', '18', '19', '8', '5', '15', '2', '16', '0', '13', '14', '7']}",<built-in method values of dict object at 0x7f5e50cbcb00>
"{'atak': ['11', '10', '9', '4', '17', '6', '12', '3', '1', '18', '19', '8', '5', '15', '2', '16', '0', '13', '14', '7']}",<built-in method values of dict object at 0x7f5e50cbcb00>
"{'atak': ['11', '10', '9', '4', '17', '6', '12', '3', '1', '18', '19', '8', '5', '15', '2', '16', '0', '13', '14', '7']}",<built-in method values of dict object at 0x7f5e50cbcb00>
"{'atak': ['11', '10', '9', '4', '17', '6', '12', '3', '1', '18', '19', '8', '5', '15', '2', '16', '0', '13', '14', '7']}",<built-in method values of dict object at 0x7f5e50cbcb00>
"{'atak': ['11', '10', '9', '4', '17', '6', '12', '3', '1', '18', '19', '8', '5', '15', '2', '16', '0', '13', '14', '7']}",<built-in method values of dict object at 0x7f5e50cbcb00>
"{'atak': ['11', '10', '9', '4', '17', '6', '12', '3', '1', '18', '19', '8', '5', '15', '2', '16', '0', '13', '14', '7']}",<built-in method values of dict object at 0x7f5e50cbcb00>
"{'atak': ['11', '10', '9', '4', '17', '6', '12', '3', '1', '18', '19', '8', '5', '15', '2', '16', '0', '13', '14', '7']}",<built-in method values of dict object at 0x7f5e50cbcb00>
"{'atak': ['11', '10', '9', '4', '17', '6', '12', '3', '1', '18', '19', '8', '5', '15', '2', '16', '0', '13', '14', '7']}",<built-in method values of dict object at 0x7f5e50cbcb00>
"{'atak': ['11', '10', '9', '4', '17', '6', '12', '3', '1', '18', '19', '8', '5', '15', '2', '16', '0', '13', '14', '7']}",<built-in method values of dict object at 0x7f5e50cbcb00>
"{'atak': ['11', '10', '9', '4', '17', '6', '12', '3', '1', '18', '19', '8', '5', '15', '2', '16', '0', '13', '14', '7']}",<built-in method values of dict object at 0x7f5e50cbcb00>
"{'atak': ['11', '10', '9', '4', '17', '6', '12', '3', '1', '18', '19', '8', '5', '15', '2', '16', '0', '13', '14', '7']}",<built-in method values of dict object at 0x7f5e50cbcb00>
"{'atak': ['11', '10', '9', '4', '17', '6', '12', '3', '1', '18', '19', '8', '5', '15', '2', '16', '0', '13', '14', '7']}",<built-in method values of dict object at 0x7f5e50cbcb00>
"{'atak': ['11', '10', '9', '4', '17', '6', '12', '3', '1', '18', '19', '8', '5', '15', '2', '16', '0', '13', '14', '7']}",<built-in method values of dict object at 0x7f5e50cbcb00>
"{'atak': ['11', '10', '9', '4', '17', '6', '12', '3', '1', '18', '19', '8', '5', '15', '2', '16', '0', '13', '14', '7']}",<built-in method values of dict object at 0x7f5e50cbcb00>
"{'atak': ['4', '9', '2', '0', '10', '15', '12', '1', '14', '8', '3', '11', '13', '19', '17', '7', '18', '16', '6', '5']}",<built-in method values of dict object at 0x7f5e50ce2d40>
"{'atak': ['4', '9', '2', '0', '10', '15', '12', '1', '14', '8', '3', '11', '13', '19', '17', '7', '18', '16', '6', '5']}",<built-in method values of dict object at 0x7f5e50ce2d40>
"{'atak': ['4', '9', '2', '0', '10', '15', '12', '1', '14', '8', '3', '11', '13', '19', '17', '7', '18', '16', '6', '5']}",<built-in method values of dict object at 0x7f5e50ce2d40>
"{'atak': ['4', '9', '2', '0', '10', '15', '12', '1', '14', '8', '3', '11', '13', '19', '17', '7', '18', '16', '6', '5']}",<built-in method values of dict object at 0x7f5e50ce2d40>
"{'atak': ['4', '9', '2', '0', '10', '15', '12', '1', '14', '8', '3', '11', '13', '19', '17', '7', '18', '16', '6', '5']}",<built-in method values of dict object at 0x7f5e50ce2d40>
"{'atak': ['4', '9', '2', '0', '10', '15', '12', '1', '14', '8', '3', '11', '13', '19', '17', '7', '18', '16', '6', '5']}",<built-in method values of dict object at 0x7f5e50ce2d40>
"{'atak': ['4', '9', '2', '0', '10', '15', '12', '1', '14', '8', '3', '11', '13', '19', '17', '7', '18', '16', '6', '5']}",<built-in method values of dict object at 0x7f5e50ce2d40>
"{'atak': ['4', '9', '2', '0', '10', '15', '12', '1', '14', '8', '3', '11', '13', '19', '17', '7', '18', '16', '6', '5']}",<built-in method values of dict object at 0x7f5e50ce2d40>
"{'atak': ['4', '9', '2', '0', '10', '15', '12', '1', '14', '8', '3', '11', '13', '19', '17', '7', '18', '16', '6', '5']}",<built-in method values of dict object at 0x7f5e50ce2d40>
"{'atak': ['4', '9', '2', '0', '10', '15', '12', '1', '14', '8', '3', '11', '13', '19', '17', '7', '18', '16', '6', '5']}",<built-in method values of dict object at 0x7f5e50ce2d40>
"{'atak': ['4', '9', '2', '0', '10', '15', '12', '1', '14', '8', '3', '11', '13', '19', '17', '7', '18', '16', '6', '5']}",<built-in method values of dict object at 0x7f5e50ce2d40>
"{'atak': ['4', '9', '2', '0', '10', '15', '12', '1', '14', '8', '3', '11', '13', '19', '17', '7', '18', '16', '6', '5']}",<built-in method values of dict object at 0x7f5e50ce2d40>
"{'atak': ['4', '9', '2', '0', '10', '15', '12', '1', '14', '8', '3', '11', '13', '19', '17', '7', '18', '16', '6', '5']}",<built-in method values of dict object at 0x7f5e50ce2d40>
"{'atak': ['4', '9', '2', '0', '10', '15', '12', '1', '14', '8', '3', '11', '13', '19', '17', '7', '18', '16', '6', '5']}",<built-in method values of dict object at 0x7f5e50ce2d40>
"{'atak': ['4', '9', '2', '0', '10', '15', '12', '1', '14', '8', '3', '11', '13', '19', '17', '7', '18', '16', '6', '5']}",<built-in method values of dict object at 0x7f5e50ce2d40>
"{'atak': ['4', '9', '2', '0', '10', '15', '12', '1', '14', '8', '3', '11', '13', '19', '17', '7', '18', '16', '6', '5']}",<built-in method values of dict object at 0x7f5e50ce2d40>
"{'atak': ['4', '9', '2', '0', '10', '15', '12', '1', '14', '8', '3', '11', '13', '19', '17', '7', '18', '16', '6', '5']}",<built-in method values of dict object at 0x7f5e50ce2d40>
"{'atak': ['4', '9', '2', '0', '10', '15', '12', '1', '14', '8', '3', '11', '13', '19', '17', '7', '18', '16', '6', '5']}",<built-in method values of dict object at 0x7f5e50ce2d40>
"{'atak': ['4', '9', '2', '0', '10', '15', '12', '1', '14', '8', '3', '11', '13', '19', '17', '7', '18', '16', '6', '5']}",<built-in method values of dict object at 0x7f5e50ce2d40>
"{'atak': ['4', '9', '2', '0', '10', '15', '12', '1', '14', '8', '3', '11', '13', '19', '17', '7', '18', '16', '6', '5']}",<built-in method values of dict object at 0x7f5e50ce2d40>
"{'atak': ['5', '11', '4', '16', '15', '2', '19', '12', '9', '18', '13', '8', '10', '17', '1', '6', '14', '0', '7', '3']}",<built-in method values of dict object at 0x7f5e50ca4f80>
"{'atak': ['5', '11', '4', '16', '15', '2', '19', '12', '9', '18', '13', '8', '10', '17', '1', '6', '14', '0', '7', '3']}",<built-in method values of dict object at 0x7f5e50ca4f80>
"{'atak': ['5', '11', '4', '16', '15', '2', '19', '12', '9', '18', '13', '8', '10', '17', '1', '6', '14', '0', '7', '3']}",<built-in method values of dict object at 0x7f5e50ca4f80>
"{'atak': ['5', '11', '4', '16', '15', '2', '19', '12', '9', '18', '13', '8', '10', '17', '1', '6', '14', '0', '7', '3']}",<built-in method values of dict object at 0x7f5e50ca4f80>
"{'atak': ['5', '11', '4', '16', '15', '2', '19', '12', '9', '18', '13', '8', '10', '17', '1', '6', '14', '0', '7', '3']}",<built-in method values of dict object at 0x7f5e50ca4f80>
"{'atak': ['5', '11', '4', '16', '15', '2', '19', '12', '9', '18', '13', '8', '10', '17', '1', '6', '14', '0', '7', '3']}",<built-in method values of dict object at 0x7f5e50ca4f80>
"{'atak': ['5', '11', '4', '16', '15', '2', '19', '12', '9', '18', '13', '8', '10', '17', '1', '6', '14', '0', '7', '3']}",<built-in method values of dict object at 0x7f5e50ca4f80>
"{'atak': ['5', '11', '4', '16', '15', '2', '19', '12', '9', '18', '13', '8', '10', '17', '1', '6', '14', '0', '7', '3']}",<built-in method values of dict object at 0x7f5e50ca4f80>
"{'atak': ['5', '11', '4', '16', '15', '2', '19', '12', '9', '18', '13', '8', '10', '17', '1', '6', '14', '0', '7', '3']}",<built-in method values of dict object at 0x7f5e50ca4f80>
"{'atak': ['5', '11', '4', '16', '15', '2', '19', '12', '9', '18', '13', '8', '10', '17', '1', '6', '14', '0', '7', '3']}",<built-in method values of dict object at 0x7f5e50ca4f80>
"{'atak': ['5', '11', '4', '16', '15', '2', '19', '12', '9', '18', '13', '8', '10', '17', '1', '6', '14', '0', '7', '3']}",<built-in method values of dict object at 0x7f5e50ca4f80>
"{'atak': ['5', '11', '4', '16', '15', '2', '19', '12', '9', '18', '13', '8', '10', '17', '1', '6', '14', '0', '7', '3']}",<built-in method values of dict object at 0x7f5e50ca4f80>
"{'atak': ['5', '11', '4', '16', '15', '2', '19', '12', '9', '18', '13', '8', '10', '17', '1', '6', '14', '0', '7', '3']}",<built-in method values of dict object at 0x7f5e50ca4f80>
"{'atak': ['5', '11', '4', '16', '15', '2', '19', '12', '9', '18', '13', '8', '10', '17', '1', '6', '14', '0', '7', '3']}",<built-in method values of dict object at 0x7f5e50ca4f80>
"{'atak': ['5', '11', '4', '16', '15', '2', '19', '12', '9', '18', '13', '8', '10', '17', '1', '6', '14', '0', '7', '3']}",<built-in method values of dict object at 0x7f5e50ca4f80>
"{'atak': ['5', '11', '4', '16', '15', '2', '19', '12', '9', '18', '13', '8', '10', '17', '1', '6', '14', '0', '7', '3']}",<built-in method values of dict object at 0x7f5e50ca4f80>
"{'atak': ['5', '11', '4', '16', '15', '2', '19', '12', '9', '18', '13', '8', '10', '17', '1', '6', '14', '0', '7', '3']}",<built-in method values of dict object at 0x7f5e50ca4f80>
"{'atak': ['5', '11', '4', '16', '15', '2', '19', '12', '9', '18', '13', '8', '10', '17', '1', '6', '14', '0', '7', '3']}",<built-in method values of dict object at 0x7f5e50ca4f80>
"{'atak': ['5', '11', '4', '16', '15', '2', '19', '12', '9', '18', '13', '8', '10', '17', '1', '6', '14', '0', '7', '3']}",<built-in method values of dict object at 0x7f5e50ca4f80>
"{'atak': ['5', '11', '4', '16', '15', '2', '19', '12', '9', '18', '13', '8', '10', '17', '1', '6', '14', '0', '7', '3']}",<built-in method values of dict object at 0x7f5e50ca4f80>
"{'atak': ['4', '11', '9', '18', '2', '10', '6', '15', '3', '7', '16', '17', '19', '8', '14', '12', '13', '5', '0', '1']}",<built-in method values of dict object at 0x7f5e50ceaa40>
"{'atak': ['4', '11', '9', '18', '2', '10', '6', '15', '3', '7', '16', '17', '19', '8', '14', '12', '13', '5', '0', '1']}",<built-in method values of dict object at 0x7f5e50ceaa40>
"{'atak': ['4', '11', '9', '18', '2', '10', '6', '15', '3', '7', '16', '17', '19', '8', '14', '12', '13', '5', '0', '1']}",<built-in method values of dict object at 0x7f5e50ceaa40>
"{'atak': ['4', '11', '9', '18', '2', '10', '6', '15', '3', '7', '16', '17', '19', '8', '14', '12', '13', '5', '0', '1']}",<built-in method values of dict object at 0x7f5e50ceaa40>
"{'atak': ['4', '11', '9', '18', '2', '10', '6', '15', '3', '7', '16', '17', '19', '8', '14', '12', '13', '5', '0', '1']}",<built-in method values of dict object at 0x7f5e50ceaa40>
"{'atak': ['4', '11', '9', '18', '2', '10', '6', '15', '3', '7', '16', '17', '19', '8', '14', '12', '13', '5', '0', '1']}",<built-in method values of dict object at 0x7f5e50ceaa40>
"{'atak': ['4', '11', '9', '18', '2', '10', '6', '15', '3', '7', '16', '17', '19', '8', '14', '12', '13', '5', '0', '1']}",<built-in method values of dict object at 0x7f5e50ceaa40>
"{'atak': ['4', '11', '9', '18', '2', '10', '6', '15', '3', '7', '16', '17', '19', '8', '14', '12', '13', '5', '0', '1']}",<built-in method values of dict object at 0x7f5e50ceaa40>
"{'atak': ['4', '11', '9', '18', '2', '10', '6', '15', '3', '7', '16', '17', '19', '8', '14', '12', '13', '5', '0', '1']}",<built-in method values of dict object at 0x7f5e50ceaa40>
"{'atak': ['4', '11', '9', '18', '2', '10', '6', '15', '3', '7', '16', '17', '19', '8', '14', '12', '13', '5', '0', '1']}",<built-in method values of dict object at 0x7f5e50ceaa40>
"{'atak': ['4', '11', '9', '18', '2', '10', '6', '15', '3', '7', '16', '17', '19', '8', '14', '12', '13', '5', '0', '1']}",<built-in method values of dict object at 0x7f5e50ceaa40>
"{'atak': ['4', '11', '9', '18', '2', '10', '6', '15', '3', '7', '16', '17', '19', '8', '14', '12', '13', '5', '0', '1']}",<built-in method values of dict object at 0x7f5e50ceaa40>
"{'atak': ['4', '11', '9', '18', '2', '10', '6', '15', '3', '7', '16', '17', '19', '8', '14', '12', '13', '5', '0', '1']}",<built-in method values of dict object at 0x7f5e50ceaa40>
"{'atak': ['4', '11', '9', '18', '2', '10', '6', '15', '3', '7', '16', '17', '19', '8', '14', '12', '13', '5', '0', '1']}",<built-in method values of dict object at 0x7f5e50ceaa40>
"{'atak': ['4', '11', '9', '18', '2', '10', '6', '15', '3', '7', '16', '17', '19', '8', '14', '12', '13', '5', '0', '1']}",<built-in method values of dict object at 0x7f5e50ceaa40>
"{'atak': ['4', '11', '9', '18', '2', '10', '6', '15', '3', '7', '16', '17', '19', '8', '14', '12', '13', '5', '0', '1']}",<built-in method values of dict object at 0x7f5e50ceaa40>
"{'atak': ['4', '11', '9', '18', '2', '10', '6', '15', '3', '7', '16', '17', '19', '8', '14', '12', '13', '5', '0', '1']}",<built-in method values of dict object at 0x7f5e50ceaa40>
"{'atak': ['4', '11', '9', '18', '2', '10', '6', '15', '3', '7', '16', '17', '19', '8', '14', '12', '13', '5', '0', '1']}",<built-in method values of dict object at 0x7f5e50ceaa40>
"{'atak': ['4', '11', '9', '18', '2', '10', '6', '15', '3', '7', '16', '17', '19', '8', '14', '12', '13', '5', '0', '1']}",<built-in method values of dict object at 0x7f5e50ceaa40>
"{'atak': ['4', '11', '9', '18', '2', '10', '6', '15', '3', '7', '16', '17', '19', '8', '14', '12', '13', '5', '0', '1']}",<built-in method values of dict object at 0x7f5e50ceaa40>
"{'atak': ['12', '5', '4', '7', '11', '8', '3', '0', '14', '10', '13', '19', '2', '17', '1', '18', '9', '16', '6', '15']}",<built-in method values of dict object at 0x7f5d7031ee00>
"{'atak': ['12', '5', '4', '7', '11', '8', '3', '0', '14', '10', '13', '19', '2', '17', '1', '18', '9', '16', '6', '15']}",<built-in method values of dict object at 0x7f5d7031ee00>
"{'atak': ['12', '5', '4', '7', '11', '8', '3', '0', '14', '10', '13', '19', '2', '17', '1', '18', '9', '16', '6', '15']}",<built-in method values of dict object at 0x7f5d7031ee00>
"{'atak': ['12', '5', '4', '7', '11', '8', '3', '0', '14', '10', '13', '19', '2', '17', '1', '18', '9', '16', '6', '15']}",<built-in method values of dict object at 0x7f5d7031ee00>
"{'atak': ['12', '5', '4', '7', '11', '8', '3', '0', '14', '10', '13', '19', '2', '17', '1', '18', '9', '16', '6', '15']}",<built-in method values of dict object at 0x7f5d7031ee00>
"{'atak': ['12', '5', '4', '7', '11', '8', '3', '0', '14', '10', '13', '19', '2', '17', '1', '18', '9', '16', '6', '15']}",<built-in method values of dict object at 0x7f5d7031ee00>
"{'atak': ['12', '5', '4', '7', '11', '8', '3', '0', '14', '10', '13', '19', '2', '17', '1', '18', '9', '16', '6', '15']}",<built-in method values of dict object at 0x7f5d7031ee00>
"{'atak': ['12', '5', '4', '7', '11', '8', '3', '0', '14', '10', '13', '19', '2', '17', '1', '18', '9', '16', '6', '15']}",<built-in method values of dict object at 0x7f5d7031ee00>
"{'atak': ['12', '5', '4', '7', '11', '8', '3', '0', '14', '10', '13', '19', '2', '17', '1', '18', '9', '16', '6', '15']}",<built-in method values of dict object at 0x7f5d7031ee00>
"{'atak': ['12', '5', '4', '7', '11', '8', '3', '0', '14', '10', '13', '19', '2', '17', '1', '18', '9', '16', '6', '15']}",<built-in method values of dict object at 0x7f5d7031ee00>
"{'atak': ['12', '5', '4', '7', '11', '8', '3', '0', '14', '10', '13', '19', '2', '17', '1', '18', '9', '16', '6', '15']}",<built-in method values of dict object at 0x7f5d7031ee00>
"{'atak': ['12', '5', '4', '7', '11', '8', '3', '0', '14', '10', '13', '19', '2', '17', '1', '18', '9', '16', '6', '15']}",<built-in method values of dict object at 0x7f5d7031ee00>
"{'atak': ['12', '5', '4', '7', '11', '8', '3', '0', '14', '10', '13', '19', '2', '17', '1', '18', '9', '16', '6', '15']}",<built-in method values of dict object at 0x7f5d7031ee00>
"{'atak': ['12', '5', '4', '7', '11', '8', '3', '0', '14', '10', '13', '19', '2', '17', '1', '18', '9', '16', '6', '15']}",<built-in method values of dict object at 0x7f5d7031ee00>
"{'atak': ['12', '5', '4', '7', '11', '8', '3', '0', '14', '10', '13', '19', '2', '17', '1', '18', '9', '16', '6', '15']}",<built-in method values of dict object at 0x7f5d7031ee00>
"{'atak': ['12', '5', '4', '7', '11', '8', '3', '0', '14', '10', '13', '19', '2', '17', '1', '18', '9', '16', '6', '15']}",<built-in method values of dict object at 0x7f5d7031ee00>
"{'atak': ['12', '5', '4', '7', '11', '8', '3', '0', '14', '10', '13', '19', '2', '17', '1', '18', '9', '16', '6', '15']}",<built-in method values of dict object at 0x7f5d7031ee00>
"{'atak': ['12', '5', '4', '7', '11', '8', '3', '0', '14', '10', '13', '19', '2', '17', '1', '18', '9', '16', '6', '15']}",<built-in method values of dict object at 0x7f5d7031ee00>
"{'atak': ['12', '5', '4', '7', '11', '8', '3', '0', '14', '10', '13', '19', '2', '17', '1', '18', '9', '16', '6', '15']}",<built-in method values of dict object at 0x7f5d7031ee00>
"{'atak': ['12', '5', '4', '7', '11', '8', '3', '0', '14', '10', '13', '19', '2', '17', '1', '18', '9', '16', '6', '15']}",<built-in method values of dict object at 0x7f5d7031ee00>
"{'atak': ['4', '15', '1', '19', '3', '18', '0', '13', '7', '12', '16', '5', '6', '2', '9', '11', '10', '8', '14', '17']}",<built-in method values of dict object at 0x7f5e50ca7540>
"{'atak': ['4', '15', '1', '19', '3', '18', '0', '13', '7', '12', '16', '5', '6', '2', '9', '11', '10', '8', '14', '17']}",<built-in method values of dict object at 0x7f5e50ca7540>
"{'atak': ['4', '15', '1', '19', '3', '18', '0', '13', '7', '12', '16', '5', '6', '2', '9', '11', '10', '8', '14', '17']}",<built-in method values of dict object at 0x7f5e50ca7540>
"{'atak': ['4', '15', '1', '19', '3', '18', '0', '13', '7', '12', '16', '5', '6', '2', '9', '11', '10', '8', '14', '17']}",<built-in method values of dict object at 0x7f5e50ca7540>
"{'atak': ['4', '15', '1', '19', '3', '18', '0', '13', '7', '12', '16', '5', '6', '2', '9', '11', '10', '8', '14', '17']}",<built-in method values of dict object at 0x7f5e50ca7540>
"{'atak': ['4', '15', '1', '19', '3', '18', '0', '13', '7', '12', '16', '5', '6', '2', '9', '11', '10', '8', '14', '17']}",<built-in method values of dict object at 0x7f5e50ca7540>
"{'atak': ['4', '15', '1', '19', '3', '18', '0', '13', '7', '12', '16', '5', '6', '2', '9', '11', '10', '8', '14', '17']}",<built-in method values of dict object at 0x7f5e50ca7540>
"{'atak': ['4', '15', '1', '19', '3', '18', '0', '13', '7', '12', '16', '5', '6', '2', '9', '11', '10', '8', '14', '17']}",<built-in method values of dict object at 0x7f5e50ca7540>
"{'atak': ['4', '15', '1', '19', '3', '18', '0', '13', '7', '12', '16', '5', '6', '2', '9', '11', '10', '8', '14', '17']}",<built-in method values of dict object at 0x7f5e50ca7540>
"{'atak': ['4', '15', '1', '19', '3', '18', '0', '13', '7', '12', '16', '5', '6', '2', '9', '11', '10', '8', '14', '17']}",<built-in method values of dict object at 0x7f5e50ca7540>
"{'atak': ['4', '15', '1', '19', '3', '18', '0', '13', '7', '12', '16', '5', '6', '2', '9', '11', '10', '8', '14', '17']}",<built-in method values of dict object at 0x7f5e50ca7540>
"{'atak': ['4', '15', '1', '19', '3', '18', '0', '13', '7', '12', '16', '5', '6', '2', '9', '11', '10', '8', '14', '17']}",<built-in method values of dict object at 0x7f5e50ca7540>
"{'atak': ['4', '15', '1', '19', '3', '18', '0', '13', '7', '12', '16', '5', '6', '2', '9', '11', '10', '8', '14', '17']}",<built-in method values of dict object at 0x7f5e50ca7540>
"{'atak': ['4', '15', '1', '19', '3', '18', '0', '13', '7', '12', '16', '5', '6', '2', '9', '11', '10', '8', '14', '17']}",<built-in method values of dict object at 0x7f5e50ca7540>
"{'atak': ['4', '15', '1', '19', '3', '18', '0', '13', '7', '12', '16', '5', '6', '2', '9', '11', '10', '8', '14', '17']}",<built-in method values of dict object at 0x7f5e50ca7540>
"{'atak': ['4', '15', '1', '19', '3', '18', '0', '13', '7', '12', '16', '5', '6', '2', '9', '11', '10', '8', '14', '17']}",<built-in method values of dict object at 0x7f5e50ca7540>
"{'atak': ['4', '15', '1', '19', '3', '18', '0', '13', '7', '12', '16', '5', '6', '2', '9', '11', '10', '8', '14', '17']}",<built-in method values of dict object at 0x7f5e50ca7540>
"{'atak': ['4', '15', '1', '19', '3', '18', '0', '13', '7', '12', '16', '5', '6', '2', '9', '11', '10', '8', '14', '17']}",<built-in method values of dict object at 0x7f5e50ca7540>
"{'atak': ['4', '15', '1', '19', '3', '18', '0', '13', '7', '12', '16', '5', '6', '2', '9', '11', '10', '8', '14', '17']}",<built-in method values of dict object at 0x7f5e50ca7540>
"{'atak': ['4', '15', '1', '19', '3', '18', '0', '13', '7', '12', '16', '5', '6', '2', '9', '11', '10', '8', '14', '17']}",<built-in method values of dict object at 0x7f5e50ca7540>
"{'atak': ['2', '1', '12', '4', '16', '17', '8', '14', '15', '19', '7', '5', '11', '18', '0', '6', '9', '13', '3', '10']}",<built-in method values of dict object at 0x7f5e50afb780>
"{'atak': ['2', '1', '12', '4', '16', '17', '8', '14', '15', '19', '7', '5', '11', '18', '0', '6', '9', '13', '3', '10']}",<built-in method values of dict object at 0x7f5e50afb780>
"{'atak': ['2', '1', '12', '4', '16', '17', '8', '14', '15', '19', '7', '5', '11', '18', '0', '6', '9', '13', '3', '10']}",<built-in method values of dict object at 0x7f5e50afb780>
"{'atak': ['2', '1', '12', '4', '16', '17', '8', '14', '15', '19', '7', '5', '11', '18', '0', '6', '9', '13', '3', '10']}",<built-in method values of dict object at 0x7f5e50afb780>
"{'atak': ['2', '1', '12', '4', '16', '17', '8', '14', '15', '19', '7', '5', '11', '18', '0', '6', '9', '13', '3', '10']}",<built-in method values of dict object at 0x7f5e50afb780>
"{'atak': ['2', '1', '12', '4', '16', '17', '8', '14', '15', '19', '7', '5', '11', '18', '0', '6', '9', '13', '3', '10']}",<built-in method values of dict object at 0x7f5e50afb780>
"{'atak': ['2', '1', '12', '4', '16', '17', '8', '14', '15', '19', '7', '5', '11', '18', '0', '6', '9', '13', '3', '10']}",<built-in method values of dict object at 0x7f5e50afb780>
"{'atak': ['2', '1', '12', '4', '16', '17', '8', '14', '15', '19', '7', '5', '11', '18', '0', '6', '9', '13', '3', '10']}",<built-in method values of dict object at 0x7f5e50afb780>
"{'atak': ['2', '1', '12', '4', '16', '17', '8', '14', '15', '19', '7', '5', '11', '18', '0', '6', '9', '13', '3', '10']}",<built-in method values of dict object at 0x7f5e50afb780>
"{'atak': ['2', '1', '12', '4', '16', '17', '8', '14', '15', '19', '7', '5', '11', '18', '0', '6', '9', '13', '3', '10']}",<built-in method values of dict object at 0x7f5e50afb780>
"{'atak': ['2', '1', '12', '4', '16', '17', '8', '14', '15', '19', '7', '5', '11', '18', '0', '6', '9', '13', '3', '10']}",<built-in method values of dict object at 0x7f5e50afb780>
"{'atak': ['2', '1', '12', '4', '16', '17', '8', '14', '15', '19', '7', '5', '11', '18', '0', '6', '9', '13', '3', '10']}",<built-in method values of dict object at 0x7f5e50afb780>
"{'atak': ['2', '1', '12', '4', '16', '17', '8', '14', '15', '19', '7', '5', '11', '18', '0', '6', '9', '13', '3', '10']}",<built-in method values of dict object at 0x7f5e50afb780>
"{'atak': ['2', '1', '12', '4', '16', '17', '8', '14', '15', '19', '7', '5', '11', '18', '0', '6', '9', '13', '3', '10']}",<built-in method values of dict object at 0x7f5e50afb780>
"{'atak': ['2', '1', '12', '4', '16', '17', '8', '14', '15', '19', '7', '5', '11', '18', '0', '6', '9', '13', '3', '10']}",<built-in method values of dict object at 0x7f5e50afb780>
"{'atak': ['2', '1', '12', '4', '16', '17', '8', '14', '15', '19', '7', '5', '11', '18', '0', '6', '9', '13', '3', '10']}",<built-in method values of dict object at 0x7f5e50afb780>
"{'atak': ['2', '1', '12', '4', '16', '17', '8', '14', '15', '19', '7', '5', '11', '18', '0', '6', '9', '13', '3', '10']}",<built-in method values of dict object at 0x7f5e50afb780>
"{'atak': ['2', '1', '12', '4', '16', '17', '8', '14', '15', '19', '7', '5', '11', '18', '0', '6', '9', '13', '3', '10']}",<built-in method values of dict object at 0x7f5e50afb780>
"{'atak': ['2', '1', '12', '4', '16', '17', '8', '14', '15', '19', '7', '5', '11', '18', '0', '6', '9', '13', '3', '10']}",<built-in method values of dict object at 0x7f5e50afb780>
"{'atak': ['2', '1', '12', '4', '16', '17', '8', '14', '15', '19', '7', '5', '11', '18', '0', '6', '9', '13', '3', '10']}",<built-in method values of dict object at 0x7f5e50afb780>
"{'atak': ['13', '19', '1', '4', '10', '8', '15', '2', '5', '3', '7', '12', '11', '14', '17', '6', '18', '9', '0', '16']}",<built-in method values of dict object at 0x7f5e50caaf80>
"{'atak': ['13', '19', '1', '4', '10', '8', '15', '2', '5', '3', '7', '12', '11', '14', '17', '6', '18', '9', '0', '16']}",<built-in method values of dict object at 0x7f5e50caaf80>
"{'atak': ['13', '19', '1', '4', '10', '8', '15', '2', '5', '3', '7', '12', '11', '14', '17', '6', '18', '9', '0', '16']}",<built-in method values of dict object at 0x7f5e50caaf80>
"{'atak': ['13', '19', '1', '4', '10', '8', '15', '2', '5', '3', '7', '12', '11', '14', '17', '6', '18', '9', '0', '16']}",<built-in method values of dict object at 0x7f5e50caaf80>
"{'atak': ['13', '19', '1', '4', '10', '8', '15', '2', '5', '3', '7', '12', '11', '14', '17', '6', '18', '9', '0', '16']}",<built-in method values of dict object at 0x7f5e50caaf80>
"{'atak': ['13', '19', '1', '4', '10', '8', '15', '2', '5', '3', '7', '12', '11', '14', '17', '6', '18', '9', '0', '16']}",<built-in method values of dict object at 0x7f5e50caaf80>
"{'atak': ['13', '19', '1', '4', '10', '8', '15', '2', '5', '3', '7', '12', '11', '14', '17', '6', '18', '9', '0', '16']}",<built-in method values of dict object at 0x7f5e50caaf80>
"{'atak': ['13', '19', '1', '4', '10', '8', '15', '2', '5', '3', '7', '12', '11', '14', '17', '6', '18', '9', '0', '16']}",<built-in method values of dict object at 0x7f5e50caaf80>
"{'atak': ['13', '19', '1', '4', '10', '8', '15', '2', '5', '3', '7', '12', '11', '14', '17', '6', '18', '9', '0', '16']}",<built-in method values of dict object at 0x7f5e50caaf80>
"{'atak': ['13', '19', '1', '4', '10', '8', '15', '2', '5', '3', '7', '12', '11', '14', '17', '6', '18', '9', '0', '16']}",<built-in method values of dict object at 0x7f5e50caaf80>
"{'atak': ['13', '19', '1', '4', '10', '8', '15', '2', '5', '3', '7', '12', '11', '14', '17', '6', '18', '9', '0', '16']}",<built-in method values of dict object at 0x7f5e50caaf80>
"{'atak': ['13', '19', '1', '4', '10', '8', '15', '2', '5', '3', '7', '12', '11', '14', '17', '6', '18', '9', '0', '16']}",<built-in method values of dict object at 0x7f5e50caaf80>
"{'atak': ['13', '19', '1', '4', '10', '8', '15', '2', '5', '3', '7', '12', '11', '14', '17', '6', '18', '9', '0', '16']}",<built-in method values of dict object at 0x7f5e50caaf80>
"{'atak': ['13', '19', '1', '4', '10', '8', '15', '2', '5', '3', '7', '12', '11', '14', '17', '6', '18', '9', '0', '16']}",<built-in method values of dict object at 0x7f5e50caaf80>
"{'atak': ['13', '19', '1', '4', '10', '8', '15', '2', '5', '3', '7', '12', '11', '14', '17', '6', '18', '9', '0', '16']}",<built-in method values of dict object at 0x7f5e50caaf80>
"{'atak': ['13', '19', '1', '4', '10', '8', '15', '2', '5', '3', '7', '12', '11', '14', '17', '6', '18', '9', '0', '16']}",<built-in method values of dict object at 0x7f5e50caaf80>
"{'atak': ['13', '19', '1', '4', '10', '8', '15', '2', '5', '3', '7', '12', '11', '14', '17', '6', '18', '9', '0', '16']}",<built-in method values of dict object at 0x7f5e50caaf80>
"{'atak': ['13', '19', '1', '4', '10', '8', '15', '2', '5', '3', '7', '12', '11', '14', '17', '6', '18', '9', '0', '16']}",<built-in method values of dict object at 0x7f5e50caaf80>
"{'atak': ['13', '19', '1', '4', '10', '8', '15', '2', '5', '3', '7', '12', '11', '14', '17', '6', '18', '9', '0', '16']}",<built-in method values of dict object at 0x7f5e50caaf80>
"{'atak': ['13', '19', '1', '4', '10', '8', '15', '2', '5', '3', '7', '12', '11', '14', '17', '6', '18', '9', '0', '16']}",<built-in method values of dict object at 0x7f5e50caaf80>
"{'atak': ['11', '1', '19', '2', '18', '15', '3', '8', '16', '10', '14', '6', '7', '13', '5', '9', '4', '12', '0', '17']}",<built-in method values of dict object at 0x7f5e50af2680>
"{'atak': ['11', '1', '19', '2', '18', '15', '3', '8', '16', '10', '14', '6', '7', '13', '5', '9', '4', '12', '0', '17']}",<built-in method values of dict object at 0x7f5e50af2680>
"{'atak': ['11', '1', '19', '2', '18', '15', '3', '8', '16', '10', '14', '6', '7', '13', '5', '9', '4', '12', '0', '17']}",<built-in method values of dict object at 0x7f5e50af2680>
"{'atak': ['11', '1', '19', '2', '18', '15', '3', '8', '16', '10', '14', '6', '7', '13', '5', '9', '4', '12', '0', '17']}",<built-in method values of dict object at 0x7f5e50af2680>
"{'atak': ['11', '1', '19', '2', '18', '15', '3', '8', '16', '10', '14', '6', '7', '13', '5', '9', '4', '12', '0', '17']}",<built-in method values of dict object at 0x7f5e50af2680>
"{'atak': ['11', '1', '19', '2', '18', '15', '3', '8', '16', '10', '14', '6', '7', '13', '5', '9', '4', '12', '0', '17']}",<built-in method values of dict object at 0x7f5e50af2680>
"{'atak': ['11', '1', '19', '2', '18', '15', '3', '8', '16', '10', '14', '6', '7', '13', '5', '9', '4', '12', '0', '17']}",<built-in method values of dict object at 0x7f5e50af2680>
"{'atak': ['11', '1', '19', '2', '18', '15', '3', '8', '16', '10', '14', '6', '7', '13', '5', '9', '4', '12', '0', '17']}",<built-in method values of dict object at 0x7f5e50af2680>
"{'atak': ['11', '1', '19', '2', '18', '15', '3', '8', '16', '10', '14', '6', '7', '13', '5', '9', '4', '12', '0', '17']}",<built-in method values of dict object at 0x7f5e50af2680>
"{'atak': ['11', '1', '19', '2', '18', '15', '3', '8', '16', '10', '14', '6', '7', '13', '5', '9', '4', '12', '0', '17']}",<built-in method values of dict object at 0x7f5e50af2680>
"{'atak': ['11', '1', '19', '2', '18', '15', '3', '8', '16', '10', '14', '6', '7', '13', '5', '9', '4', '12', '0', '17']}",<built-in method values of dict object at 0x7f5e50af2680>
"{'atak': ['11', '1', '19', '2', '18', '15', '3', '8', '16', '10', '14', '6', '7', '13', '5', '9', '4', '12', '0', '17']}",<built-in method values of dict object at 0x7f5e50af2680>
"{'atak': ['11', '1', '19', '2', '18', '15', '3', '8', '16', '10', '14', '6', '7', '13', '5', '9', '4', '12', '0', '17']}",<built-in method values of dict object at 0x7f5e50af2680>
"{'atak': ['11', '1', '19', '2', '18', '15', '3', '8', '16', '10', '14', '6', '7', '13', '5', '9', '4', '12', '0', '17']}",<built-in method values of dict object at 0x7f5e50af2680>
"{'atak': ['11', '1', '19', '2', '18', '15', '3', '8', '16', '10', '14', '6', '7', '13', '5', '9', '4', '12', '0', '17']}",<built-in method values of dict object at 0x7f5e50af2680>
"{'atak': ['11', '1', '19', '2', '18', '15', '3', '8', '16', '10', '14', '6', '7', '13', '5', '9', '4', '12', '0', '17']}",<built-in method values of dict object at 0x7f5e50af2680>
"{'atak': ['11', '1', '19', '2', '18', '15', '3', '8', '16', '10', '14', '6', '7', '13', '5', '9', '4', '12', '0', '17']}",<built-in method values of dict object at 0x7f5e50af2680>
"{'atak': ['11', '1', '19', '2', '18', '15', '3', '8', '16', '10', '14', '6', '7', '13', '5', '9', '4', '12', '0', '17']}",<built-in method values of dict object at 0x7f5e50af2680>
"{'atak': ['11', '1', '19', '2', '18', '15', '3', '8', '16', '10', '14', '6', '7', '13', '5', '9', '4', '12', '0', '17']}",<built-in method values of dict object at 0x7f5e50af2680>
"{'atak': ['11', '1', '19', '2', '18', '15', '3', '8', '16', '10', '14', '6', '7', '13', '5', '9', '4', '12', '0', '17']}",<built-in method values of dict object at 0x7f5e50af2680>
"{'atak': ['13', '18', '0', '6', '17', '4', '1', '14', '12', '2', '19', '10', '8', '7', '9', '15', '5', '16', '3', '11']}",<built-in method values of dict object at 0x7f5e50caa380>
"{'atak': ['13', '18', '0', '6', '17', '4', '1', '14', '12', '2', '19', '10', '8', '7', '9', '15', '5', '16', '3', '11']}",<built-in method values of dict object at 0x7f5e50caa380>
"{'atak': ['13', '18', '0', '6', '17', '4', '1', '14', '12', '2', '19', '10', '8', '7', '9', '15', '5', '16', '3', '11']}",<built-in method values of dict object at 0x7f5e50caa380>
"{'atak': ['13', '18', '0', '6', '17', '4', '1', '14', '12', '2', '19', '10', '8', '7', '9', '15', '5', '16', '3', '11']}",<built-in method values of dict object at 0x7f5e50caa380>
"{'atak': ['13', '18', '0', '6', '17', '4', '1', '14', '12', '2', '19', '10', '8', '7', '9', '15', '5', '16', '3', '11']}",<built-in method values of dict object at 0x7f5e50caa380>
"{'atak': ['13', '18', '0', '6', '17', '4', '1', '14', '12', '2', '19', '10', '8', '7', '9', '15', '5', '16', '3', '11']}",<built-in method values of dict object at 0x7f5e50caa380>
"{'atak': ['13', '18', '0', '6', '17', '4', '1', '14', '12', '2', '19', '10', '8', '7', '9', '15', '5', '16', '3', '11']}",<built-in method values of dict object at 0x7f5e50caa380>
"{'atak': ['13', '18', '0', '6', '17', '4', '1', '14', '12', '2', '19', '10', '8', '7', '9', '15', '5', '16', '3', '11']}",<built-in method values of dict object at 0x7f5e50caa380>
"{'atak': ['13', '18', '0', '6', '17', '4', '1', '14', '12', '2', '19', '10', '8', '7', '9', '15', '5', '16', '3', '11']}",<built-in method values of dict object at 0x7f5e50caa380>
"{'atak': ['13', '18', '0', '6', '17', '4', '1', '14', '12', '2', '19', '10', '8', '7', '9', '15', '5', '16', '3', '11']}",<built-in method values of dict object at 0x7f5e50caa380>
"{'atak': ['13', '18', '0', '6', '17', '4', '1', '14', '12', '2', '19', '10', '8', '7', '9', '15', '5', '16', '3', '11']}",<built-in method values of dict object at 0x7f5e50caa380>
"{'atak': ['13', '18', '0', '6', '17', '4', '1', '14', '12', '2', '19', '10', '8', '7', '9', '15', '5', '16', '3', '11']}",<built-in method values of dict object at 0x7f5e50caa380>
"{'atak': ['13', '18', '0', '6', '17', '4', '1', '14', '12', '2', '19', '10', '8', '7', '9', '15', '5', '16', '3', '11']}",<built-in method values of dict object at 0x7f5e50caa380>
"{'atak': ['13', '18', '0', '6', '17', '4', '1', '14', '12', '2', '19', '10', '8', '7', '9', '15', '5', '16', '3', '11']}",<built-in method values of dict object at 0x7f5e50caa380>
"{'atak': ['13', '18', '0', '6', '17', '4', '1', '14', '12', '2', '19', '10', '8', '7', '9', '15', '5', '16', '3', '11']}",<built-in method values of dict object at 0x7f5e50caa380>
"{'atak': ['13', '18', '0', '6', '17', '4', '1', '14', '12', '2', '19', '10', '8', '7', '9', '15', '5', '16', '3', '11']}",<built-in method values of dict object at 0x7f5e50caa380>
"{'atak': ['13', '18', '0', '6', '17', '4', '1', '14', '12', '2', '19', '10', '8', '7', '9', '15', '5', '16', '3', '11']}",<built-in method values of dict object at 0x7f5e50caa380>
"{'atak': ['13', '18', '0', '6', '17', '4', '1', '14', '12', '2', '19', '10', '8', '7', '9', '15', '5', '16', '3', '11']}",<built-in method values of dict object at 0x7f5e50caa380>
"{'atak': ['13', '18', '0', '6', '17', '4', '1', '14', '12', '2', '19', '10', '8', '7', '9', '15', '5', '16', '3', '11']}",<built-in method values of dict object at 0x7f5e50caa380>
"{'atak': ['13', '18', '0', '6', '17', '4', '1', '14', '12', '2', '19', '10', '8', '7', '9', '15', '5', '16', '3', '11']}",<built-in method values of dict object at 0x7f5e50caa380>
"{'atak': ['14', '0', '18', '13', '1', '11', '7', '3', '12', '2', '10', '17', '8', '19', '6', '5', '16', '15', '9', '4']}",<built-in method values of dict object at 0x7f5e50ca9c80>
"{'atak': ['14', '0', '18', '13', '1', '11', '7', '3', '12', '2', '10', '17', '8', '19', '6', '5', '16', '15', '9', '4']}",<built-in method values of dict object at 0x7f5e50ca9c80>
"{'atak': ['14', '0', '18', '13', '1', '11', '7', '3', '12', '2', '10', '17', '8', '19', '6', '5', '16', '15', '9', '4']}",<built-in method values of dict object at 0x7f5e50ca9c80>
"{'atak': ['14', '0', '18', '13', '1', '11', '7', '3', '12', '2', '10', '17', '8', '19', '6', '5', '16', '15', '9', '4']}",<built-in method values of dict object at 0x7f5e50ca9c80>
"{'atak': ['14', '0', '18', '13', '1', '11', '7', '3', '12', '2', '10', '17', '8', '19', '6', '5', '16', '15', '9', '4']}",<built-in method values of dict object at 0x7f5e50ca9c80>
"{'atak': ['14', '0', '18', '13', '1', '11', '7', '3', '12', '2', '10', '17', '8', '19', '6', '5', '16', '15', '9', '4']}",<built-in method values of dict object at 0x7f5e50ca9c80>
"{'atak': ['14', '0', '18', '13', '1', '11', '7', '3', '12', '2', '10', '17', '8', '19', '6', '5', '16', '15', '9', '4']}",<built-in method values of dict object at 0x7f5e50ca9c80>
"{'atak': ['14', '0', '18', '13', '1', '11', '7', '3', '12', '2', '10', '17', '8', '19', '6', '5', '16', '15', '9', '4']}",<built-in method values of dict object at 0x7f5e50ca9c80>
"{'atak': ['14', '0', '18', '13', '1', '11', '7', '3', '12', '2', '10', '17', '8', '19', '6', '5', '16', '15', '9', '4']}",<built-in method values of dict object at 0x7f5e50ca9c80>
"{'atak': ['14', '0', '18', '13', '1', '11', '7', '3', '12', '2', '10', '17', '8', '19', '6', '5', '16', '15', '9', '4']}",<built-in method values of dict object at 0x7f5e50ca9c80>
"{'atak': ['14', '0', '18', '13', '1', '11', '7', '3', '12', '2', '10', '17', '8', '19', '6', '5', '16', '15', '9', '4']}",<built-in method values of dict object at 0x7f5e50ca9c80>
"{'atak': ['14', '0', '18', '13', '1', '11', '7', '3', '12', '2', '10', '17', '8', '19', '6', '5', '16', '15', '9', '4']}",<built-in method values of dict object at 0x7f5e50ca9c80>
"{'atak': ['14', '0', '18', '13', '1', '11', '7', '3', '12', '2', '10', '17', '8', '19', '6', '5', '16', '15', '9', '4']}",<built-in method values of dict object at 0x7f5e50ca9c80>
"{'atak': ['14', '0', '18', '13', '1', '11', '7', '3', '12', '2', '10', '17', '8', '19', '6', '5', '16', '15', '9', '4']}",<built-in method values of dict object at 0x7f5e50ca9c80>
"{'atak': ['14', '0', '18', '13', '1', '11', '7', '3', '12', '2', '10', '17', '8', '19', '6', '5', '16', '15', '9', '4']}",<built-in method values of dict object at 0x7f5e50ca9c80>
"{'atak': ['14', '0', '18', '13', '1', '11', '7', '3', '12', '2', '10', '17', '8', '19', '6', '5', '16', '15', '9', '4']}",<built-in method values of dict object at 0x7f5e50ca9c80>
"{'atak': ['14', '0', '18', '13', '1', '11', '7', '3', '12', '2', '10', '17', '8', '19', '6', '5', '16', '15', '9', '4']}",<built-in method values of dict object at 0x7f5e50ca9c80>
"{'atak': ['14', '0', '18', '13', '1', '11', '7', '3', '12', '2', '10', '17', '8', '19', '6', '5', '16', '15', '9', '4']}",<built-in method values of dict object at 0x7f5e50ca9c80>
"{'atak': ['14', '0', '18', '13', '1', '11', '7', '3', '12', '2', '10', '17', '8', '19', '6', '5', '16', '15', '9', '4']}",<built-in method values of dict object at 0x7f5e50ca9c80>
"{'atak': ['14', '0', '18', '13', '1', '11', '7', '3', '12', '2', '10', '17', '8', '19', '6', '5', '16', '15', '9', '4']}",<built-in method values of dict object at 0x7f5e50ca9c80>
"{'atak': ['7', '4', '19', '10', '5', '0', '9', '3', '17', '6', '8', '14', '12', '16', '15', '2', '13', '18', '1', '11']}",<built-in method values of dict object at 0x7f5e50c60800>
"{'atak': ['7', '4', '19', '10', '5', '0', '9', '3', '17', '6', '8', '14', '12', '16', '15', '2', '13', '18', '1', '11']}",<built-in method values of dict object at 0x7f5e50c60800>
"{'atak': ['7', '4', '19', '10', '5', '0', '9', '3', '17', '6', '8', '14', '12', '16', '15', '2', '13', '18', '1', '11']}",<built-in method values of dict object at 0x7f5e50c60800>
"{'atak': ['7', '4', '19', '10', '5', '0', '9', '3', '17', '6', '8', '14', '12', '16', '15', '2', '13', '18', '1', '11']}",<built-in method values of dict object at 0x7f5e50c60800>
"{'atak': ['7', '4', '19', '10', '5', '0', '9', '3', '17', '6', '8', '14', '12', '16', '15', '2', '13', '18', '1', '11']}",<built-in method values of dict object at 0x7f5e50c60800>
"{'atak': ['7', '4', '19', '10', '5', '0', '9', '3', '17', '6', '8', '14', '12', '16', '15', '2', '13', '18', '1', '11']}",<built-in method values of dict object at 0x7f5e50c60800>
"{'atak': ['7', '4', '19', '10', '5', '0', '9', '3', '17', '6', '8', '14', '12', '16', '15', '2', '13', '18', '1', '11']}",<built-in method values of dict object at 0x7f5e50c60800>
"{'atak': ['7', '4', '19', '10', '5', '0', '9', '3', '17', '6', '8', '14', '12', '16', '15', '2', '13', '18', '1', '11']}",<built-in method values of dict object at 0x7f5e50c60800>
"{'atak': ['7', '4', '19', '10', '5', '0', '9', '3', '17', '6', '8', '14', '12', '16', '15', '2', '13', '18', '1', '11']}",<built-in method values of dict object at 0x7f5e50c60800>
"{'atak': ['7', '4', '19', '10', '5', '0', '9', '3', '17', '6', '8', '14', '12', '16', '15', '2', '13', '18', '1', '11']}",<built-in method values of dict object at 0x7f5e50c60800>
"{'atak': ['7', '4', '19', '10', '5', '0', '9', '3', '17', '6', '8', '14', '12', '16', '15', '2', '13', '18', '1', '11']}",<built-in method values of dict object at 0x7f5e50c60800>
"{'atak': ['7', '4', '19', '10', '5', '0', '9', '3', '17', '6', '8', '14', '12', '16', '15', '2', '13', '18', '1', '11']}",<built-in method values of dict object at 0x7f5e50c60800>
"{'atak': ['7', '4', '19', '10', '5', '0', '9', '3', '17', '6', '8', '14', '12', '16', '15', '2', '13', '18', '1', '11']}",<built-in method values of dict object at 0x7f5e50c60800>
"{'atak': ['7', '4', '19', '10', '5', '0', '9', '3', '17', '6', '8', '14', '12', '16', '15', '2', '13', '18', '1', '11']}",<built-in method values of dict object at 0x7f5e50c60800>
"{'atak': ['7', '4', '19', '10', '5', '0', '9', '3', '17', '6', '8', '14', '12', '16', '15', '2', '13', '18', '1', '11']}",<built-in method values of dict object at 0x7f5e50c60800>
"{'atak': ['7', '4', '19', '10', '5', '0', '9', '3', '17', '6', '8', '14', '12', '16', '15', '2', '13', '18', '1', '11']}",<built-in method values of dict object at 0x7f5e50c60800>
"{'atak': ['7', '4', '19', '10', '5', '0', '9', '3', '17', '6', '8', '14', '12', '16', '15', '2', '13', '18', '1', '11']}",<built-in method values of dict object at 0x7f5e50c60800>
"{'atak': ['7', '4', '19', '10', '5', '0', '9', '3', '17', '6', '8', '14', '12', '16', '15', '2', '13', '18', '1', '11']}",<built-in method values of dict object at 0x7f5e50c60800>
"{'atak': ['7', '4', '19', '10', '5', '0', '9', '3', '17', '6', '8', '14', '12', '16', '15', '2', '13', '18', '1', '11']}",<built-in method values of dict object at 0x7f5e50c60800>
"{'atak': ['7', '4', '19', '10', '5', '0', '9', '3', '17', '6', '8', '14', '12', '16', '15', '2', '13', '18', '1', '11']}",<built-in method values of dict object at 0x7f5e50c60800>
