2,0,1,[1]
2,1,1,[1]
2,5,1,[1]
2,17,1,[1]
2,24,1,[1]
2,4,1,[1]
2,22,1,[1]
2,13,1,[1]
2,20,1,[1]
2,21,1,[1]
2,14,1,[1]
2,23,1,[1]
2,8,1,[1]
2,11,1,[1]
2,7,1,[1]
2,3,1,[1]
2,16,1,[1]
2,6,1,[1]
2,10,1,[1]
2,19,1,[1]
2,12,1,[1]
2,2,1,[1]
2,18,1,[1]
2,9,1,[1]
2,15,1,[1]
"('atak', ['0', '1', '5', '17', '24', '4', '22', '13', '20', '21', '14', '23', '8', '11', '7', '3', '16', '6', '10', '19', '12', '2', '18', '9', '15'])"
2,0,1,[1]
2,1,1,[1]
2,5,1,[1]
2,17,1,[1]
2,24,1,[1]
2,4,1,[1]
2,22,1,[1]
2,13,1,[1]
2,20,1,[1]
2,21,1,[1]
2,14,1,[1]
2,23,1,[1]
2,8,1,[1]
2,11,1,[1]
2,7,1,[1]
2,3,1,[1]
2,16,1,[1]
2,6,1,[1]
2,10,1,[1]
2,19,1,[1]
2,12,1,[1]
2,2,1,[1]
2,18,1,[1]
2,9,1,[1]
2,15,1,[1]
"('atak', ['0', '1', '5', '17', '24', '4', '22', '13', '20', '21', '14', '23', '8', '11', '7', '3', '16', '6', '10', '19', '12', '2', '18', '9', '15'])"
3,10,1,[1]
3,6,1,[1]
3,21,1,[1]
3,16,1,[1]
3,3,1,[1]
3,13,1,[1]
3,14,1,[1]
3,23,1,[1]
3,8,1,[1]
3,2,1,[1]
3,12,1,[1]
3,7,1,[1]
3,15,1,[1]
3,11,1,[1]
3,5,1,[1]
3,4,1,[1]
3,22,1,[1]
3,20,1,[1]
3,0,1,[1]
3,9,1,[1]
3,18,1,[1]
3,24,1,[1]
3,19,1,[1]
3,17,1,[1]
3,1,1,[1]
"('atak', ['10', '6', '21', '16', '3', '13', '14', '23', '8', '2', '12', '7', '15', '11', '5', '4', '22', '20', '0', '9', '18', '24', '19', '17', '1'])"
2,0,1,[1]
2,1,1,[1]
2,5,1,[1]
2,17,1,[1]
2,24,1,[1]
2,4,1,[1]
2,22,1,[1]
2,13,1,[1]
2,20,1,[1]
2,21,1,[1]
2,14,1,[1]
2,23,1,[1]
2,8,1,[1]
2,11,1,[1]
2,7,1,[1]
2,3,1,[1]
2,16,1,[1]
2,6,1,[1]
2,10,1,[1]
2,19,1,[1]
2,12,1,[1]
2,2,1,[1]
2,18,1,[1]
2,9,1,[1]
2,15,1,[1]
"('atak', ['0', '1', '5', '17', '24', '4', '22', '13', '20', '21', '14', '23', '8', '11', '7', '3', '16', '6', '10', '19', '12', '2', '18', '9', '15'])"
3,10,1,[1]
3,6,1,[1]
3,21,1,[1]
3,16,1,[1]
3,3,1,[1]
3,13,1,[1]
3,14,1,[1]
3,23,1,[1]
3,8,1,[1]
3,2,1,[1]
3,12,1,[1]
3,7,1,[1]
3,15,1,[1]
3,11,1,[1]
3,5,1,[1]
3,4,1,[1]
3,22,1,[1]
3,20,1,[1]
3,0,1,[1]
3,9,1,[1]
3,18,1,[1]
3,24,1,[1]
3,19,1,[1]
3,17,1,[1]
3,1,1,[1]
"('atak', ['10', '6', '21', '16', '3', '13', '14', '23', '8', '2', '12', '7', '15', '11', '5', '4', '22', '20', '0', '9', '18', '24', '19', '17', '1'])"
4,6,1,[1]
4,5,1,[1]
4,7,1,[1]
4,11,1,[1]
4,14,1,[1]
4,8,1,[1]
4,2,1,[1]
4,15,1,[1]
4,4,1,[1]
4,23,1,[1]
4,20,1,[1]
4,3,1,[1]
4,9,1,[1]
4,1,1,[1]
4,21,1,[1]
4,18,1,[1]
4,13,1,[1]
4,19,1,[1]
4,16,1,[1]
4,22,1,[1]
4,10,1,[1]
4,24,1,[1]
4,0,1,[1]
4,12,1,[1]
4,17,1,[1]
"('atak', ['6', '5', '7', '11', '14', '8', '2', '15', '4', '23', '20', '3', '9', '1', '21', '18', '13', '19', '16', '22', '10', '24', '0', '12', '17'])"
2,0,1,[1]
2,1,1,[1]
2,5,1,[1]
2,17,1,[1]
2,24,1,[1]
2,4,1,[1]
2,22,1,[1]
2,13,1,[1]
2,20,1,[1]
2,21,1,[1]
2,14,1,[1]
2,23,1,[1]
2,8,1,[1]
2,11,1,[1]
2,7,1,[1]
2,3,1,[1]
2,16,1,[1]
2,6,1,[1]
2,10,1,[1]
2,19,1,[1]
2,12,1,[1]
2,2,1,[1]
2,18,1,[1]
2,9,1,[1]
2,15,1,[1]
"('atak', ['0', '1', '5', '17', '24', '4', '22', '13', '20', '21', '14', '23', '8', '11', '7', '3', '16', '6', '10', '19', '12', '2', '18', '9', '15'])"
3,10,1,[1]
3,6,1,[1]
3,21,1,[1]
3,16,1,[1]
3,3,1,[1]
3,13,1,[1]
3,14,1,[1]
3,23,1,[1]
3,8,1,[1]
3,2,1,[1]
3,12,1,[1]
3,7,1,[1]
3,15,1,[1]
3,11,1,[1]
3,5,1,[1]
3,4,1,[1]
3,22,1,[1]
3,20,1,[1]
3,0,1,[1]
3,9,1,[1]
3,18,1,[1]
3,24,1,[1]
3,19,1,[1]
3,17,1,[1]
3,1,1,[1]
"('atak', ['10', '6', '21', '16', '3', '13', '14', '23', '8', '2', '12', '7', '15', '11', '5', '4', '22', '20', '0', '9', '18', '24', '19', '17', '1'])"
4,6,1,[1]
4,5,1,[1]
4,7,1,[1]
4,11,1,[1]
4,14,1,[1]
4,8,1,[1]
4,2,1,[1]
4,15,1,[1]
4,4,1,[1]
4,23,1,[1]
4,20,1,[1]
4,3,1,[1]
4,9,1,[1]
4,1,1,[1]
4,21,1,[1]
4,18,1,[1]
4,13,1,[1]
4,19,1,[1]
4,16,1,[1]
4,22,1,[1]
4,10,1,[1]
4,24,1,[1]
4,0,1,[1]
4,12,1,[1]
4,17,1,[1]
"('atak', ['6', '5', '7', '11', '14', '8', '2', '15', '4', '23', '20', '3', '9', '1', '21', '18', '13', '19', '16', '22', '10', '24', '0', '12', '17'])"
5,14,1,[1]
5,15,1,[1]
5,17,1,[1]
5,7,1,[1]
5,0,1,[1]
5,5,1,[1]
5,12,1,[1]
5,18,1,[1]
5,2,1,[1]
5,23,1,[1]
5,3,1,[1]
5,16,1,[1]
5,24,1,[1]
5,9,1,[1]
5,4,1,[1]
5,13,1,[1]
5,1,1,[1]
5,8,1,[1]
5,19,1,[1]
5,11,1,[1]
5,21,1,[1]
5,10,1,[1]
5,20,1,[1]
5,6,1,[1]
5,22,1,[1]
"('atak', ['14', '15', '17', '7', '0', '5', '12', '18', '2', '23', '3', '16', '24', '9', '4', '13', '1', '8', '19', '11', '21', '10', '20', '6', '22'])"
2,0,1,[1]
2,1,1,[1]
2,5,1,[1]
2,17,1,[1]
2,24,1,[1]
2,4,1,[1]
2,22,1,[1]
2,13,1,[1]
2,20,1,[1]
2,21,1,[1]
2,14,1,[1]
2,23,1,[1]
2,8,1,[1]
2,11,1,[1]
2,7,1,[1]
2,3,1,[1]
2,16,1,[1]
2,6,1,[1]
2,10,1,[1]
2,19,1,[1]
2,12,1,[1]
2,2,1,[1]
2,18,1,[1]
2,9,1,[1]
2,15,1,[1]
"('atak', ['0', '1', '5', '17', '24', '4', '22', '13', '20', '21', '14', '23', '8', '11', '7', '3', '16', '6', '10', '19', '12', '2', '18', '9', '15'])"
3,10,1,[1]
3,6,1,[1]
3,21,1,[1]
3,16,1,[1]
3,3,1,[1]
3,13,1,[1]
3,14,1,[1]
3,23,1,[1]
3,8,1,[1]
3,2,1,[1]
3,12,1,[1]
3,7,1,[1]
3,15,1,[1]
3,11,1,[1]
3,5,1,[1]
3,4,1,[1]
3,22,1,[1]
3,20,1,[1]
3,0,1,[1]
3,9,1,[1]
3,18,1,[1]
3,24,1,[1]
3,19,1,[1]
3,17,1,[1]
3,1,1,[1]
"('atak', ['10', '6', '21', '16', '3', '13', '14', '23', '8', '2', '12', '7', '15', '11', '5', '4', '22', '20', '0', '9', '18', '24', '19', '17', '1'])"
4,6,1,[1]
4,5,1,[1]
4,7,1,[1]
4,11,1,[1]
4,14,1,[1]
4,8,1,[1]
4,2,1,[1]
4,15,1,[1]
4,4,1,[1]
4,23,1,[1]
4,20,1,[1]
4,3,1,[1]
4,9,1,[1]
4,1,1,[1]
4,21,1,[1]
4,18,1,[1]
4,13,1,[1]
4,19,1,[1]
4,16,1,[1]
4,22,1,[1]
4,10,1,[1]
4,24,1,[1]
4,0,1,[1]
4,12,1,[1]
4,17,1,[1]
"('atak', ['6', '5', '7', '11', '14', '8', '2', '15', '4', '23', '20', '3', '9', '1', '21', '18', '13', '19', '16', '22', '10', '24', '0', '12', '17'])"
5,14,1,[1]
5,15,1,[1]
5,17,1,[1]
5,7,1,[1]
5,0,1,[1]
5,5,1,[1]
5,12,1,[1]
5,18,1,[1]
5,2,1,[1]
5,23,1,[1]
5,3,1,[1]
5,16,1,[1]
5,24,1,[1]
5,9,1,[1]
5,4,1,[1]
5,13,1,[1]
5,1,1,[1]
5,8,1,[1]
5,19,1,[1]
5,11,1,[1]
5,21,1,[1]
5,10,1,[1]
5,20,1,[1]
5,6,1,[1]
5,22,1,[1]
"('atak', ['14', '15', '17', '7', '0', '5', '12', '18', '2', '23', '3', '16', '24', '9', '4', '13', '1', '8', '19', '11', '21', '10', '20', '6', '22'])"
6,24,1,[1]
6,12,1,[1]
6,9,1,[1]
6,2,1,[1]
6,18,1,[1]
6,17,1,[1]
6,8,1,[1]
6,5,1,[1]
6,1,1,[1]
6,4,1,[1]
6,22,1,[1]
6,7,1,[1]
6,3,1,[1]
6,23,1,[1]
6,14,1,[1]
6,6,1,[1]
6,21,1,[1]
6,16,1,[1]
6,10,1,[1]
6,19,1,[1]
6,0,1,[1]
6,11,1,[1]
6,20,1,[1]
6,13,1,[1]
6,15,1,[1]
"('atak', ['24', '12', '9', '2', '18', '17', '8', '5', '1', '4', '22', '7', '3', '23', '14', '6', '21', '16', '10', '19', '0', '11', '20', '13', '15'])"
2,0,1,[1]
2,1,1,[1]
2,5,1,[1]
2,17,1,[1]
2,24,1,[1]
2,4,1,[1]
2,22,1,[1]
2,13,1,[1]
2,20,1,[1]
2,21,1,[1]
2,14,1,[1]
2,23,1,[1]
2,8,1,[1]
2,11,1,[1]
2,7,1,[1]
2,3,1,[1]
2,16,1,[1]
2,6,1,[1]
2,10,1,[1]
2,19,1,[1]
2,12,1,[1]
2,2,1,[1]
2,18,1,[1]
2,9,1,[1]
2,15,1,[1]
"('atak', ['0', '1', '5', '17', '24', '4', '22', '13', '20', '21', '14', '23', '8', '11', '7', '3', '16', '6', '10', '19', '12', '2', '18', '9', '15'])"
3,10,1,[1]
3,6,1,[1]
3,21,1,[1]
3,16,1,[1]
3,3,1,[1]
3,13,1,[1]
3,14,1,[1]
3,23,1,[1]
3,8,1,[1]
3,2,1,[1]
3,12,1,[1]
3,7,1,[1]
3,15,1,[1]
3,11,1,[1]
3,5,1,[1]
3,4,1,[1]
3,22,1,[1]
3,20,1,[1]
3,0,1,[1]
3,9,1,[1]
3,18,1,[1]
3,24,1,[1]
3,19,1,[1]
3,17,1,[1]
3,1,1,[1]
"('atak', ['10', '6', '21', '16', '3', '13', '14', '23', '8', '2', '12', '7', '15', '11', '5', '4', '22', '20', '0', '9', '18', '24', '19', '17', '1'])"
4,6,1,[1]
4,5,1,[1]
4,7,1,[1]
4,11,1,[1]
4,14,1,[1]
4,8,1,[1]
4,2,1,[1]
4,15,1,[1]
4,4,1,[1]
4,23,1,[1]
4,20,1,[1]
4,3,1,[1]
4,9,1,[1]
4,1,1,[1]
4,21,1,[1]
4,18,1,[1]
4,13,1,[1]
4,19,1,[1]
4,16,1,[1]
4,22,1,[1]
4,10,1,[1]
4,24,1,[1]
4,0,1,[1]
4,12,1,[1]
4,17,1,[1]
"('atak', ['6', '5', '7', '11', '14', '8', '2', '15', '4', '23', '20', '3', '9', '1', '21', '18', '13', '19', '16', '22', '10', '24', '0', '12', '17'])"
5,14,1,[1]
5,15,1,[1]
5,17,1,[1]
5,7,1,[1]
5,0,1,[1]
5,5,1,[1]
5,12,1,[1]
5,18,1,[1]
5,2,1,[1]
5,23,1,[1]
5,3,1,[1]
5,16,1,[1]
5,24,1,[1]
5,9,1,[1]
5,4,1,[1]
5,13,1,[1]
5,1,1,[1]
5,8,1,[1]
5,19,1,[1]
5,11,1,[1]
5,21,1,[1]
5,10,1,[1]
5,20,1,[1]
5,6,1,[1]
5,22,1,[1]
"('atak', ['14', '15', '17', '7', '0', '5', '12', '18', '2', '23', '3', '16', '24', '9', '4', '13', '1', '8', '19', '11', '21', '10', '20', '6', '22'])"
6,24,1,[1]
6,12,1,[1]
6,9,1,[1]
6,2,1,[1]
6,18,1,[1]
6,17,1,[1]
6,8,1,[1]
6,5,1,[1]
6,1,1,[1]
6,4,1,[1]
6,22,1,[1]
6,7,1,[1]
6,3,1,[1]
6,23,1,[1]
6,14,1,[1]
6,6,1,[1]
6,21,1,[1]
6,16,1,[1]
6,10,1,[1]
6,19,1,[1]
6,0,1,[1]
6,11,1,[1]
6,20,1,[1]
6,13,1,[1]
6,15,1,[1]
"('atak', ['24', '12', '9', '2', '18', '17', '8', '5', '1', '4', '22', '7', '3', '23', '14', '6', '21', '16', '10', '19', '0', '11', '20', '13', '15'])"
7,4,1,[1]
7,3,1,[1]
7,7,1,[1]
7,8,1,[1]
7,18,1,[1]
7,9,1,[1]
7,20,1,[1]
7,6,1,[1]
7,22,1,[1]
7,13,1,[1]
7,19,1,[1]
7,16,1,[1]
7,12,1,[1]
7,0,1,[1]
7,10,1,[1]
7,23,1,[1]
7,14,1,[1]
7,1,1,[1]
7,5,1,[1]
7,11,1,[1]
7,21,1,[1]
7,2,1,[1]
7,17,1,[1]
7,15,1,[1]
7,24,1,[1]
"('atak', ['4', '3', '7', '8', '18', '9', '20', '6', '22', '13', '19', '16', '12', '0', '10', '23', '14', '1', '5', '11', '21', '2', '17', '15', '24'])"
2,0,1,[1]
2,1,1,[1]
2,5,1,[1]
2,17,1,[1]
2,24,1,[1]
2,4,1,[1]
2,22,1,[1]
2,13,1,[1]
2,20,1,[1]
2,21,1,[1]
2,14,1,[1]
2,23,1,[1]
2,8,1,[1]
2,11,1,[1]
2,7,1,[1]
2,3,1,[1]
2,16,1,[1]
2,6,1,[1]
2,10,1,[1]
2,19,1,[1]
2,12,1,[1]
2,2,1,[1]
2,18,1,[1]
2,9,1,[1]
2,15,1,[1]
"('atak', ['0', '1', '5', '17', '24', '4', '22', '13', '20', '21', '14', '23', '8', '11', '7', '3', '16', '6', '10', '19', '12', '2', '18', '9', '15'])"
3,10,1,[1]
3,6,1,[1]
3,21,1,[1]
3,16,1,[1]
3,3,1,[1]
3,13,1,[1]
3,14,1,[1]
3,23,1,[1]
3,8,1,[1]
3,2,1,[1]
3,12,1,[1]
3,7,1,[1]
3,15,1,[1]
3,11,1,[1]
3,5,1,[1]
3,4,1,[1]
3,22,1,[1]
3,20,1,[1]
3,0,1,[1]
3,9,1,[1]
3,18,1,[1]
3,24,1,[1]
3,19,1,[1]
3,17,1,[1]
3,1,1,[1]
"('atak', ['10', '6', '21', '16', '3', '13', '14', '23', '8', '2', '12', '7', '15', '11', '5', '4', '22', '20', '0', '9', '18', '24', '19', '17', '1'])"
4,6,1,[1]
4,5,1,[1]
4,7,1,[1]
4,11,1,[1]
4,14,1,[1]
4,8,1,[1]
4,2,1,[1]
4,15,1,[1]
4,4,1,[1]
4,23,1,[1]
4,20,1,[1]
4,3,1,[1]
4,9,1,[1]
4,1,1,[1]
4,21,1,[1]
4,18,1,[1]
4,13,1,[1]
4,19,1,[1]
4,16,1,[1]
4,22,1,[1]
4,10,1,[1]
4,24,1,[1]
4,0,1,[1]
4,12,1,[1]
4,17,1,[1]
"('atak', ['6', '5', '7', '11', '14', '8', '2', '15', '4', '23', '20', '3', '9', '1', '21', '18', '13', '19', '16', '22', '10', '24', '0', '12', '17'])"
5,14,1,[1]
5,15,1,[1]
5,17,1,[1]
5,7,1,[1]
5,0,1,[1]
5,5,1,[1]
5,12,1,[1]
5,18,1,[1]
5,2,1,[1]
5,23,1,[1]
5,3,1,[1]
5,16,1,[1]
5,24,1,[1]
5,9,1,[1]
5,4,1,[1]
5,13,1,[1]
5,1,1,[1]
5,8,1,[1]
5,19,1,[1]
5,11,1,[1]
5,21,1,[1]
5,10,1,[1]
5,20,1,[1]
5,6,1,[1]
5,22,1,[1]
"('atak', ['14', '15', '17', '7', '0', '5', '12', '18', '2', '23', '3', '16', '24', '9', '4', '13', '1', '8', '19', '11', '21', '10', '20', '6', '22'])"
6,24,1,[1]
6,12,1,[1]
6,9,1,[1]
6,2,1,[1]
6,18,1,[1]
6,17,1,[1]
6,8,1,[1]
6,5,1,[1]
6,1,1,[1]
6,4,1,[1]
6,22,1,[1]
6,7,1,[1]
6,3,1,[1]
6,23,1,[1]
6,14,1,[1]
6,6,1,[1]
6,21,1,[1]
6,16,1,[1]
6,10,1,[1]
6,19,1,[1]
6,0,1,[1]
6,11,1,[1]
6,20,1,[1]
6,13,1,[1]
6,15,1,[1]
"('atak', ['24', '12', '9', '2', '18', '17', '8', '5', '1', '4', '22', '7', '3', '23', '14', '6', '21', '16', '10', '19', '0', '11', '20', '13', '15'])"
7,4,1,[1]
7,3,1,[1]
7,7,1,[1]
7,8,1,[1]
7,18,1,[1]
7,9,1,[1]
7,20,1,[1]
7,6,1,[1]
7,22,1,[1]
7,13,1,[1]
7,19,1,[1]
7,16,1,[1]
7,12,1,[1]
7,0,1,[1]
7,10,1,[1]
7,23,1,[1]
7,14,1,[1]
7,1,1,[1]
7,5,1,[1]
7,11,1,[1]
7,21,1,[1]
7,2,1,[1]
7,17,1,[1]
7,15,1,[1]
7,24,1,[1]
"('atak', ['4', '3', '7', '8', '18', '9', '20', '6', '22', '13', '19', '16', '12', '0', '10', '23', '14', '1', '5', '11', '21', '2', '17', '15', '24'])"
8,1,1,[1]
8,16,1,[1]
8,21,1,[1]
8,7,1,[1]
8,22,1,[1]
8,4,1,[1]
8,3,1,[1]
8,8,1,[1]
8,5,1,[1]
8,24,1,[1]
8,13,1,[1]
8,19,1,[1]
8,15,1,[1]
8,9,1,[1]
8,20,1,[1]
8,0,1,[1]
8,23,1,[1]
8,10,1,[1]
8,2,1,[1]
8,11,1,[1]
8,18,1,[1]
8,12,1,[1]
8,14,1,[1]
8,17,1,[1]
8,6,1,[1]
"('atak', ['1', '16', '21', '7', '22', '4', '3', '8', '5', '24', '13', '19', '15', '9', '20', '0', '23', '10', '2', '11', '18', '12', '14', '17', '6'])"
2,0,1,[1]
2,1,1,[1]
2,5,1,[1]
2,17,1,[1]
2,24,1,[1]
2,4,1,[1]
2,22,1,[1]
2,13,1,[1]
2,20,1,[1]
2,21,1,[1]
2,14,1,[1]
2,23,1,[1]
2,8,1,[1]
2,11,1,[1]
2,7,1,[1]
2,3,1,[1]
2,16,1,[1]
2,6,1,[1]
2,10,1,[1]
2,19,1,[1]
2,12,1,[1]
2,2,1,[1]
2,18,1,[1]
2,9,1,[1]
2,15,1,[1]
"('atak', ['0', '1', '5', '17', '24', '4', '22', '13', '20', '21', '14', '23', '8', '11', '7', '3', '16', '6', '10', '19', '12', '2', '18', '9', '15'])"
3,10,1,[1]
3,6,1,[1]
3,21,1,[1]
3,16,1,[1]
3,3,1,[1]
3,13,1,[1]
3,14,1,[1]
3,23,1,[1]
3,8,1,[1]
3,2,1,[1]
3,12,1,[1]
3,7,1,[1]
3,15,1,[1]
3,11,1,[1]
3,5,1,[1]
3,4,1,[1]
3,22,1,[1]
3,20,1,[1]
3,0,1,[1]
3,9,1,[1]
3,18,1,[1]
3,24,1,[1]
3,19,1,[1]
3,17,1,[1]
3,1,1,[1]
"('atak', ['10', '6', '21', '16', '3', '13', '14', '23', '8', '2', '12', '7', '15', '11', '5', '4', '22', '20', '0', '9', '18', '24', '19', '17', '1'])"
4,6,1,[1]
4,5,1,[1]
4,7,1,[1]
4,11,1,[1]
4,14,1,[1]
4,8,1,[1]
4,2,1,[1]
4,15,1,[1]
4,4,1,[1]
4,23,1,[1]
4,20,1,[1]
4,3,1,[1]
4,9,1,[1]
4,1,1,[1]
4,21,1,[1]
4,18,1,[1]
4,13,1,[1]
4,19,1,[1]
4,16,1,[1]
4,22,1,[1]
4,10,1,[1]
4,24,1,[1]
4,0,1,[1]
4,12,1,[1]
4,17,1,[1]
"('atak', ['6', '5', '7', '11', '14', '8', '2', '15', '4', '23', '20', '3', '9', '1', '21', '18', '13', '19', '16', '22', '10', '24', '0', '12', '17'])"
5,14,1,[1]
5,15,1,[1]
5,17,1,[1]
5,7,1,[1]
5,0,1,[1]
5,5,1,[1]
5,12,1,[1]
5,18,1,[1]
5,2,1,[1]
5,23,1,[1]
5,3,1,[1]
5,16,1,[1]
5,24,1,[1]
5,9,1,[1]
5,4,1,[1]
5,13,1,[1]
5,1,1,[1]
5,8,1,[1]
5,19,1,[1]
5,11,1,[1]
5,21,1,[1]
5,10,1,[1]
5,20,1,[1]
5,6,1,[1]
5,22,1,[1]
"('atak', ['14', '15', '17', '7', '0', '5', '12', '18', '2', '23', '3', '16', '24', '9', '4', '13', '1', '8', '19', '11', '21', '10', '20', '6', '22'])"
6,24,1,[1]
6,12,1,[1]
6,9,1,[1]
6,2,1,[1]
6,18,1,[1]
6,17,1,[1]
6,8,1,[1]
6,5,1,[1]
6,1,1,[1]
6,4,1,[1]
6,22,1,[1]
6,7,1,[1]
6,3,1,[1]
6,23,1,[1]
6,14,1,[1]
6,6,1,[1]
6,21,1,[1]
6,16,1,[1]
6,10,1,[1]
6,19,1,[1]
6,0,1,[1]
6,11,1,[1]
6,20,1,[1]
6,13,1,[1]
6,15,1,[1]
"('atak', ['24', '12', '9', '2', '18', '17', '8', '5', '1', '4', '22', '7', '3', '23', '14', '6', '21', '16', '10', '19', '0', '11', '20', '13', '15'])"
7,4,1,[1]
7,3,1,[1]
7,7,1,[1]
7,8,1,[1]
7,18,1,[1]
7,9,1,[1]
7,20,1,[1]
7,6,1,[1]
7,22,1,[1]
7,13,1,[1]
7,19,1,[1]
7,16,1,[1]
7,12,1,[1]
7,0,1,[1]
7,10,1,[1]
7,23,1,[1]
7,14,1,[1]
7,1,1,[1]
7,5,1,[1]
7,11,1,[1]
7,21,1,[1]
7,2,1,[1]
7,17,1,[1]
7,15,1,[1]
7,24,1,[1]
"('atak', ['4', '3', '7', '8', '18', '9', '20', '6', '22', '13', '19', '16', '12', '0', '10', '23', '14', '1', '5', '11', '21', '2', '17', '15', '24'])"
8,1,1,[1]
8,16,1,[1]
8,21,1,[1]
8,7,1,[1]
8,22,1,[1]
8,4,1,[1]
8,3,1,[1]
8,8,1,[1]
8,5,1,[1]
8,24,1,[1]
8,13,1,[1]
8,19,1,[1]
8,15,1,[1]
8,9,1,[1]
8,20,1,[1]
8,0,1,[1]
8,23,1,[1]
8,10,1,[1]
8,2,1,[1]
8,11,1,[1]
8,18,1,[1]
8,12,1,[1]
8,14,1,[1]
8,17,1,[1]
8,6,1,[1]
"('atak', ['1', '16', '21', '7', '22', '4', '3', '8', '5', '24', '13', '19', '15', '9', '20', '0', '23', '10', '2', '11', '18', '12', '14', '17', '6'])"
9,8,1,[1]
9,20,1,[1]
9,13,1,[1]
9,22,1,[1]
9,18,1,[1]
9,11,1,[1]
9,6,1,[1]
9,9,1,[1]
9,15,1,[1]
9,2,1,[1]
9,12,1,[1]
9,17,1,[1]
9,0,1,[1]
9,4,1,[1]
9,10,1,[1]
9,16,1,[1]
9,21,1,[1]
9,24,1,[1]
9,7,1,[1]
9,19,1,[1]
9,14,1,[1]
9,23,1,[1]
9,3,1,[1]
9,5,1,[1]
9,1,1,[1]
"('atak', ['8', '20', '13', '22', '18', '11', '6', '9', '15', '2', '12', '17', '0', '4', '10', '16', '21', '24', '7', '19', '14', '23', '3', '5', '1'])"
2,0,1,[1]
2,1,1,[1]
2,5,1,[1]
2,17,1,[1]
2,24,1,[1]
2,4,1,[1]
2,22,1,[1]
2,13,1,[1]
2,20,1,[1]
2,21,1,[1]
2,14,1,[1]
2,23,1,[1]
2,8,1,[1]
2,11,1,[1]
2,7,1,[1]
2,3,1,[1]
2,16,1,[1]
2,6,1,[1]
2,10,1,[1]
2,19,1,[1]
2,12,1,[1]
2,2,1,[1]
2,18,1,[1]
2,9,1,[1]
2,15,1,[1]
"('atak', ['0', '1', '5', '17', '24', '4', '22', '13', '20', '21', '14', '23', '8', '11', '7', '3', '16', '6', '10', '19', '12', '2', '18', '9', '15'])"
3,10,1,[1]
3,6,1,[1]
3,21,1,[1]
3,16,1,[1]
3,3,1,[1]
3,13,1,[1]
3,14,1,[1]
3,23,1,[1]
3,8,1,[1]
3,2,1,[1]
3,12,1,[1]
3,7,1,[1]
3,15,1,[1]
3,11,1,[1]
3,5,1,[1]
3,4,1,[1]
3,22,1,[1]
3,20,1,[1]
3,0,1,[1]
3,9,1,[1]
3,18,1,[1]
3,24,1,[1]
3,19,1,[1]
3,17,1,[1]
3,1,1,[1]
"('atak', ['10', '6', '21', '16', '3', '13', '14', '23', '8', '2', '12', '7', '15', '11', '5', '4', '22', '20', '0', '9', '18', '24', '19', '17', '1'])"
4,6,1,[1]
4,5,1,[1]
4,7,1,[1]
4,11,1,[1]
4,14,1,[1]
4,8,1,[1]
4,2,1,[1]
4,15,1,[1]
4,4,1,[1]
4,23,1,[1]
4,20,1,[1]
4,3,1,[1]
4,9,1,[1]
4,1,1,[1]
4,21,1,[1]
4,18,1,[1]
4,13,1,[1]
4,19,1,[1]
4,16,1,[1]
4,22,1,[1]
4,10,1,[1]
4,24,1,[1]
4,0,1,[1]
4,12,1,[1]
4,17,1,[1]
"('atak', ['6', '5', '7', '11', '14', '8', '2', '15', '4', '23', '20', '3', '9', '1', '21', '18', '13', '19', '16', '22', '10', '24', '0', '12', '17'])"
5,14,1,[1]
5,15,1,[1]
5,17,1,[1]
5,7,1,[1]
5,0,1,[1]
5,5,1,[1]
5,12,1,[1]
5,18,1,[1]
5,2,1,[1]
5,23,1,[1]
5,3,1,[1]
5,16,1,[1]
5,24,1,[1]
5,9,1,[1]
5,4,1,[1]
5,13,1,[1]
5,1,1,[1]
5,8,1,[1]
5,19,1,[1]
5,11,1,[1]
5,21,1,[1]
5,10,1,[1]
5,20,1,[1]
5,6,1,[1]
5,22,1,[1]
"('atak', ['14', '15', '17', '7', '0', '5', '12', '18', '2', '23', '3', '16', '24', '9', '4', '13', '1', '8', '19', '11', '21', '10', '20', '6', '22'])"
6,24,1,[1]
6,12,1,[1]
6,9,1,[1]
6,2,1,[1]
6,18,1,[1]
6,17,1,[1]
6,8,1,[1]
6,5,1,[1]
6,1,1,[1]
6,4,1,[1]
6,22,1,[1]
6,7,1,[1]
6,3,1,[1]
6,23,1,[1]
6,14,1,[1]
6,6,1,[1]
6,21,1,[1]
6,16,1,[1]
6,10,1,[1]
6,19,1,[1]
6,0,1,[1]
6,11,1,[1]
6,20,1,[1]
6,13,1,[1]
6,15,1,[1]
"('atak', ['24', '12', '9', '2', '18', '17', '8', '5', '1', '4', '22', '7', '3', '23', '14', '6', '21', '16', '10', '19', '0', '11', '20', '13', '15'])"
7,4,1,[1]
7,3,1,[1]
7,7,1,[1]
7,8,1,[1]
7,18,1,[1]
7,9,1,[1]
7,20,1,[1]
7,6,1,[1]
7,22,1,[1]
7,13,1,[1]
7,19,1,[1]
7,16,1,[1]
7,12,1,[1]
7,0,1,[1]
7,10,1,[1]
7,23,1,[1]
7,14,1,[1]
7,1,1,[1]
7,5,1,[1]
7,11,1,[1]
7,21,1,[1]
7,2,1,[1]
7,17,1,[1]
7,15,1,[1]
7,24,1,[1]
"('atak', ['4', '3', '7', '8', '18', '9', '20', '6', '22', '13', '19', '16', '12', '0', '10', '23', '14', '1', '5', '11', '21', '2', '17', '15', '24'])"
8,1,1,[1]
8,16,1,[1]
8,21,1,[1]
8,7,1,[1]
8,22,1,[1]
8,4,1,[1]
8,3,1,[1]
8,8,1,[1]
8,5,1,[1]
8,24,1,[1]
8,13,1,[1]
8,19,1,[1]
8,15,1,[1]
8,9,1,[1]
8,20,1,[1]
8,0,1,[1]
8,23,1,[1]
8,10,1,[1]
8,2,1,[1]
8,11,1,[1]
8,18,1,[1]
8,12,1,[1]
8,14,1,[1]
8,17,1,[1]
8,6,1,[1]
"('atak', ['1', '16', '21', '7', '22', '4', '3', '8', '5', '24', '13', '19', '15', '9', '20', '0', '23', '10', '2', '11', '18', '12', '14', '17', '6'])"
9,8,1,[1]
9,20,1,[1]
9,13,1,[1]
9,22,1,[1]
9,18,1,[1]
9,11,1,[1]
9,6,1,[1]
9,9,1,[1]
9,15,1,[1]
9,2,1,[1]
9,12,1,[1]
9,17,1,[1]
9,0,1,[1]
9,4,1,[1]
9,10,1,[1]
9,16,1,[1]
9,21,1,[1]
9,24,1,[1]
9,7,1,[1]
9,19,1,[1]
9,14,1,[1]
9,23,1,[1]
9,3,1,[1]
9,5,1,[1]
9,1,1,[1]
"('atak', ['8', '20', '13', '22', '18', '11', '6', '9', '15', '2', '12', '17', '0', '4', '10', '16', '21', '24', '7', '19', '14', '23', '3', '5', '1'])"
10,23,1,[1]
10,6,1,[1]
10,9,1,[1]
10,16,1,[1]
10,11,1,[1]
10,4,1,[1]
10,18,1,[1]
10,5,1,[1]
10,2,1,[1]
10,19,1,[1]
10,14,1,[1]
10,1,1,[1]
10,20,1,[1]
10,17,1,[1]
10,0,1,[1]
10,8,1,[1]
10,3,1,[1]
10,12,1,[1]
10,15,1,[1]
10,22,1,[1]
10,24,1,[1]
10,7,1,[1]
10,13,1,[1]
10,10,1,[1]
10,21,1,[1]
"('atak', ['23', '6', '9', '16', '11', '4', '18', '5', '2', '19', '14', '1', '20', '17', '0', '8', '3', '12', '15', '22', '24', '7', '13', '10', '21'])"
2,0,1,[1]
2,1,1,[1]
2,5,1,[1]
2,17,1,[1]
2,24,1,[1]
2,4,1,[1]
2,22,1,[1]
2,13,1,[1]
2,20,1,[1]
2,21,1,[1]
2,14,1,[1]
2,23,1,[1]
2,8,1,[1]
2,11,1,[1]
2,7,1,[1]
2,3,1,[1]
2,16,1,[1]
2,6,1,[1]
2,10,1,[1]
2,19,1,[1]
2,12,1,[1]
2,2,1,[1]
2,18,1,[1]
2,9,1,[1]
2,15,1,[1]
"('atak', ['0', '1', '5', '17', '24', '4', '22', '13', '20', '21', '14', '23', '8', '11', '7', '3', '16', '6', '10', '19', '12', '2', '18', '9', '15'])"
3,10,1,[1]
3,6,1,[1]
3,21,1,[1]
3,16,1,[1]
3,3,1,[1]
3,13,1,[1]
3,14,1,[1]
3,23,1,[1]
3,8,1,[1]
3,2,1,[1]
3,12,1,[1]
3,7,1,[1]
3,15,1,[1]
3,11,1,[1]
3,5,1,[1]
3,4,1,[1]
3,22,1,[1]
3,20,1,[1]
3,0,1,[1]
3,9,1,[1]
3,18,1,[1]
3,24,1,[1]
3,19,1,[1]
3,17,1,[1]
3,1,1,[1]
"('atak', ['10', '6', '21', '16', '3', '13', '14', '23', '8', '2', '12', '7', '15', '11', '5', '4', '22', '20', '0', '9', '18', '24', '19', '17', '1'])"
4,6,1,[1]
4,5,1,[1]
4,7,1,[1]
4,11,1,[1]
4,14,1,[1]
4,8,1,[1]
4,2,1,[1]
4,15,1,[1]
4,4,1,[1]
4,23,1,[1]
4,20,1,[1]
4,3,1,[1]
4,9,1,[1]
4,1,1,[1]
4,21,1,[1]
4,18,1,[1]
4,13,1,[1]
4,19,1,[1]
4,16,1,[1]
4,22,1,[1]
4,10,1,[1]
4,24,1,[1]
4,0,1,[1]
4,12,1,[1]
4,17,1,[1]
"('atak', ['6', '5', '7', '11', '14', '8', '2', '15', '4', '23', '20', '3', '9', '1', '21', '18', '13', '19', '16', '22', '10', '24', '0', '12', '17'])"
5,14,1,[1]
5,15,1,[1]
5,17,1,[1]
5,7,1,[1]
5,0,1,[1]
5,5,1,[1]
5,12,1,[1]
5,18,1,[1]
5,2,1,[1]
5,23,1,[1]
5,3,1,[1]
5,16,1,[1]
5,24,1,[1]
5,9,1,[1]
5,4,1,[1]
5,13,1,[1]
5,1,1,[1]
5,8,1,[1]
5,19,1,[1]
5,11,1,[1]
5,21,1,[1]
5,10,1,[1]
5,20,1,[1]
5,6,1,[1]
5,22,1,[1]
"('atak', ['14', '15', '17', '7', '0', '5', '12', '18', '2', '23', '3', '16', '24', '9', '4', '13', '1', '8', '19', '11', '21', '10', '20', '6', '22'])"
6,24,1,[1]
6,12,1,[1]
6,9,1,[1]
6,2,1,[1]
6,18,1,[1]
6,17,1,[1]
6,8,1,[1]
6,5,1,[1]
6,1,1,[1]
6,4,1,[1]
6,22,1,[1]
6,7,1,[1]
6,3,1,[1]
6,23,1,[1]
6,14,1,[1]
6,6,1,[1]
6,21,1,[1]
6,16,1,[1]
6,10,1,[1]
6,19,1,[1]
6,0,1,[1]
6,11,1,[1]
6,20,1,[1]
6,13,1,[1]
6,15,1,[1]
"('atak', ['24', '12', '9', '2', '18', '17', '8', '5', '1', '4', '22', '7', '3', '23', '14', '6', '21', '16', '10', '19', '0', '11', '20', '13', '15'])"
7,4,1,[1]
7,3,1,[1]
7,7,1,[1]
7,8,1,[1]
7,18,1,[1]
7,9,1,[1]
7,20,1,[1]
7,6,1,[1]
7,22,1,[1]
7,13,1,[1]
7,19,1,[1]
7,16,1,[1]
7,12,1,[1]
7,0,1,[1]
7,10,1,[1]
7,23,1,[1]
7,14,1,[1]
7,1,1,[1]
7,5,1,[1]
7,11,1,[1]
7,21,1,[1]
7,2,1,[1]
7,17,1,[1]
7,15,1,[1]
7,24,1,[1]
"('atak', ['4', '3', '7', '8', '18', '9', '20', '6', '22', '13', '19', '16', '12', '0', '10', '23', '14', '1', '5', '11', '21', '2', '17', '15', '24'])"
8,1,1,[1]
8,16,1,[1]
8,21,1,[1]
8,7,1,[1]
8,22,1,[1]
8,4,1,[1]
8,3,1,[1]
8,8,1,[1]
8,5,1,[1]
8,24,1,[1]
8,13,1,[1]
8,19,1,[1]
8,15,1,[1]
8,9,1,[1]
8,20,1,[1]
8,0,1,[1]
8,23,1,[1]
8,10,1,[1]
8,2,1,[1]
8,11,1,[1]
8,18,1,[1]
8,12,1,[1]
8,14,1,[1]
8,17,1,[1]
8,6,1,[1]
"('atak', ['1', '16', '21', '7', '22', '4', '3', '8', '5', '24', '13', '19', '15', '9', '20', '0', '23', '10', '2', '11', '18', '12', '14', '17', '6'])"
9,8,1,[1]
9,20,1,[1]
9,13,1,[1]
9,22,1,[1]
9,18,1,[1]
9,11,1,[1]
9,6,1,[1]
9,9,1,[1]
9,15,1,[1]
9,2,1,[1]
9,12,1,[1]
9,17,1,[1]
9,0,1,[1]
9,4,1,[1]
9,10,1,[1]
9,16,1,[1]
9,21,1,[1]
9,24,1,[1]
9,7,1,[1]
9,19,1,[1]
9,14,1,[1]
9,23,1,[1]
9,3,1,[1]
9,5,1,[1]
9,1,1,[1]
"('atak', ['8', '20', '13', '22', '18', '11', '6', '9', '15', '2', '12', '17', '0', '4', '10', '16', '21', '24', '7', '19', '14', '23', '3', '5', '1'])"
10,23,1,[1]
10,6,1,[1]
10,9,1,[1]
10,16,1,[1]
10,11,1,[1]
10,4,1,[1]
10,18,1,[1]
10,5,1,[1]
10,2,1,[1]
10,19,1,[1]
10,14,1,[1]
10,1,1,[1]
10,20,1,[1]
10,17,1,[1]
10,0,1,[1]
10,8,1,[1]
10,3,1,[1]
10,12,1,[1]
10,15,1,[1]
10,22,1,[1]
10,24,1,[1]
10,7,1,[1]
10,13,1,[1]
10,10,1,[1]
10,21,1,[1]
"('atak', ['23', '6', '9', '16', '11', '4', '18', '5', '2', '19', '14', '1', '20', '17', '0', '8', '3', '12', '15', '22', '24', '7', '13', '10', '21'])"
11,5,1,[1]
11,0,1,[1]
11,18,1,[1]
11,15,1,[1]
11,20,1,[1]
11,8,1,[1]
11,10,1,[1]
11,24,1,[1]
11,9,1,[1]
11,19,1,[1]
11,12,1,[1]
11,6,1,[1]
11,14,1,[1]
11,2,1,[1]
11,11,1,[1]
11,1,1,[1]
11,23,1,[1]
11,3,1,[1]
11,21,1,[1]
11,4,1,[1]
11,13,1,[1]
11,16,1,[1]
11,17,1,[1]
11,22,1,[1]
11,7,1,[1]
"('atak', ['5', '0', '18', '15', '20', '8', '10', '24', '9', '19', '12', '6', '14', '2', '11', '1', '23', '3', '21', '4', '13', '16', '17', '22', '7'])"
2,0,1,[1]
2,1,1,[1]
2,5,1,[1]
2,17,1,[1]
2,24,1,[1]
2,4,1,[1]
2,22,1,[1]
2,13,1,[1]
2,20,1,[1]
2,21,1,[1]
2,14,1,[1]
2,23,1,[1]
2,8,1,[1]
2,11,1,[1]
2,7,1,[1]
2,3,1,[1]
2,16,1,[1]
2,6,1,[1]
2,10,1,[1]
2,19,1,[1]
2,12,1,[1]
2,2,1,[1]
2,18,1,[1]
2,9,1,[1]
2,15,1,[1]
"('atak', ['0', '1', '5', '17', '24', '4', '22', '13', '20', '21', '14', '23', '8', '11', '7', '3', '16', '6', '10', '19', '12', '2', '18', '9', '15'])"
3,10,1,[1]
3,6,1,[1]
3,21,1,[1]
3,16,1,[1]
3,3,1,[1]
3,13,1,[1]
3,14,1,[1]
3,23,1,[1]
3,8,1,[1]
3,2,1,[1]
3,12,1,[1]
3,7,1,[1]
3,15,1,[1]
3,11,1,[1]
3,5,1,[1]
3,4,1,[1]
3,22,1,[1]
3,20,1,[1]
3,0,1,[1]
3,9,1,[1]
3,18,1,[1]
3,24,1,[1]
3,19,1,[1]
3,17,1,[1]
3,1,1,[1]
"('atak', ['10', '6', '21', '16', '3', '13', '14', '23', '8', '2', '12', '7', '15', '11', '5', '4', '22', '20', '0', '9', '18', '24', '19', '17', '1'])"
4,6,1,[1]
4,5,1,[1]
4,7,1,[1]
4,11,1,[1]
4,14,1,[1]
4,8,1,[1]
4,2,1,[1]
4,15,1,[1]
4,4,1,[1]
4,23,1,[1]
4,20,1,[1]
4,3,1,[1]
4,9,1,[1]
4,1,1,[1]
4,21,1,[1]
4,18,1,[1]
4,13,1,[1]
4,19,1,[1]
4,16,1,[1]
4,22,1,[1]
4,10,1,[1]
4,24,1,[1]
4,0,1,[1]
4,12,1,[1]
4,17,1,[1]
"('atak', ['6', '5', '7', '11', '14', '8', '2', '15', '4', '23', '20', '3', '9', '1', '21', '18', '13', '19', '16', '22', '10', '24', '0', '12', '17'])"
5,14,1,[1]
5,15,1,[1]
5,17,1,[1]
5,7,1,[1]
5,0,1,[1]
5,5,1,[1]
5,12,1,[1]
5,18,1,[1]
5,2,1,[1]
5,23,1,[1]
5,3,1,[1]
5,16,1,[1]
5,24,1,[1]
5,9,1,[1]
5,4,1,[1]
5,13,1,[1]
5,1,1,[1]
5,8,1,[1]
5,19,1,[1]
5,11,1,[1]
5,21,1,[1]
5,10,1,[1]
5,20,1,[1]
5,6,1,[1]
5,22,1,[1]
"('atak', ['14', '15', '17', '7', '0', '5', '12', '18', '2', '23', '3', '16', '24', '9', '4', '13', '1', '8', '19', '11', '21', '10', '20', '6', '22'])"
6,24,1,[1]
6,12,1,[1]
6,9,1,[1]
6,2,1,[1]
6,18,1,[1]
6,17,1,[1]
6,8,1,[1]
6,5,1,[1]
6,1,1,[1]
6,4,1,[1]
6,22,1,[1]
6,7,1,[1]
6,3,1,[1]
6,23,1,[1]
6,14,1,[1]
6,6,1,[1]
6,21,1,[1]
6,16,1,[1]
6,10,1,[1]
6,19,1,[1]
6,0,1,[1]
6,11,1,[1]
6,20,1,[1]
6,13,1,[1]
6,15,1,[1]
"('atak', ['24', '12', '9', '2', '18', '17', '8', '5', '1', '4', '22', '7', '3', '23', '14', '6', '21', '16', '10', '19', '0', '11', '20', '13', '15'])"
7,4,1,[1]
7,3,1,[1]
7,7,1,[1]
7,8,1,[1]
7,18,1,[1]
7,9,1,[1]
7,20,1,[1]
7,6,1,[1]
7,22,1,[1]
7,13,1,[1]
7,19,1,[1]
7,16,1,[1]
7,12,1,[1]
7,0,1,[1]
7,10,1,[1]
7,23,1,[1]
7,14,1,[1]
7,1,1,[1]
7,5,1,[1]
7,11,1,[1]
7,21,1,[1]
7,2,1,[1]
7,17,1,[1]
7,15,1,[1]
7,24,1,[1]
"('atak', ['4', '3', '7', '8', '18', '9', '20', '6', '22', '13', '19', '16', '12', '0', '10', '23', '14', '1', '5', '11', '21', '2', '17', '15', '24'])"
8,1,1,[1]
8,16,1,[1]
8,21,1,[1]
8,7,1,[1]
8,22,1,[1]
8,4,1,[1]
8,3,1,[1]
8,8,1,[1]
8,5,1,[1]
8,24,1,[1]
8,13,1,[1]
8,19,1,[1]
8,15,1,[1]
8,9,1,[1]
8,20,1,[1]
8,0,1,[1]
8,23,1,[1]
8,10,1,[1]
8,2,1,[1]
8,11,1,[1]
8,18,1,[1]
8,12,1,[1]
8,14,1,[1]
8,17,1,[1]
8,6,1,[1]
"('atak', ['1', '16', '21', '7', '22', '4', '3', '8', '5', '24', '13', '19', '15', '9', '20', '0', '23', '10', '2', '11', '18', '12', '14', '17', '6'])"
9,8,1,[1]
9,20,1,[1]
9,13,1,[1]
9,22,1,[1]
9,18,1,[1]
9,11,1,[1]
9,6,1,[1]
9,9,1,[1]
9,15,1,[1]
9,2,1,[1]
9,12,1,[1]
9,17,1,[1]
9,0,1,[1]
9,4,1,[1]
9,10,1,[1]
9,16,1,[1]
9,21,1,[1]
9,24,1,[1]
9,7,1,[1]
9,19,1,[1]
9,14,1,[1]
9,23,1,[1]
9,3,1,[1]
9,5,1,[1]
9,1,1,[1]
"('atak', ['8', '20', '13', '22', '18', '11', '6', '9', '15', '2', '12', '17', '0', '4', '10', '16', '21', '24', '7', '19', '14', '23', '3', '5', '1'])"
10,23,1,[1]
10,6,1,[1]
10,9,1,[1]
10,16,1,[1]
10,11,1,[1]
10,4,1,[1]
10,18,1,[1]
10,5,1,[1]
10,2,1,[1]
10,19,1,[1]
10,14,1,[1]
10,1,1,[1]
10,20,1,[1]
10,17,1,[1]
10,0,1,[1]
10,8,1,[1]
10,3,1,[1]
10,12,1,[1]
10,15,1,[1]
10,22,1,[1]
10,24,1,[1]
10,7,1,[1]
10,13,1,[1]
10,10,1,[1]
10,21,1,[1]
"('atak', ['23', '6', '9', '16', '11', '4', '18', '5', '2', '19', '14', '1', '20', '17', '0', '8', '3', '12', '15', '22', '24', '7', '13', '10', '21'])"
11,5,1,[1]
11,0,1,[1]
11,18,1,[1]
11,15,1,[1]
11,20,1,[1]
11,8,1,[1]
11,10,1,[1]
11,24,1,[1]
11,9,1,[1]
11,19,1,[1]
11,12,1,[1]
11,6,1,[1]
11,14,1,[1]
11,2,1,[1]
11,11,1,[1]
11,1,1,[1]
11,23,1,[1]
11,3,1,[1]
11,21,1,[1]
11,4,1,[1]
11,13,1,[1]
11,16,1,[1]
11,17,1,[1]
11,22,1,[1]
11,7,1,[1]
"('atak', ['5', '0', '18', '15', '20', '8', '10', '24', '9', '19', '12', '6', '14', '2', '11', '1', '23', '3', '21', '4', '13', '16', '17', '22', '7'])"
12,17,1,[1]
12,14,1,[1]
12,1,1,[1]
12,7,1,[1]
12,22,1,[1]
12,21,1,[1]
12,9,1,[1]
12,13,1,[1]
12,11,1,[1]
12,20,1,[1]
12,19,1,[1]
12,4,1,[1]
12,3,1,[1]
12,15,1,[1]
12,24,1,[1]
12,12,1,[1]
12,6,1,[1]
12,16,1,[1]
12,10,1,[1]
12,8,1,[1]
12,0,1,[1]
12,18,1,[1]
12,5,1,[1]
12,23,1,[1]
12,2,1,[1]
"('atak', ['17', '14', '1', '7', '22', '21', '9', '13', '11', '20', '19', '4', '3', '15', '24', '12', '6', '16', '10', '8', '0', '18', '5', '23', '2'])"
2,0,1,[1]
2,1,1,[1]
2,5,1,[1]
2,17,1,[1]
2,24,1,[1]
2,4,1,[1]
2,22,1,[1]
2,13,1,[1]
2,20,1,[1]
2,21,1,[1]
2,14,1,[1]
2,23,1,[1]
2,8,1,[1]
2,11,1,[1]
2,7,1,[1]
2,3,1,[1]
2,16,1,[1]
2,6,1,[1]
2,10,1,[1]
2,19,1,[1]
2,12,1,[1]
2,2,1,[1]
2,18,1,[1]
2,9,1,[1]
2,15,1,[1]
"('atak', ['0', '1', '5', '17', '24', '4', '22', '13', '20', '21', '14', '23', '8', '11', '7', '3', '16', '6', '10', '19', '12', '2', '18', '9', '15'])"
3,10,1,[1]
3,6,1,[1]
3,21,1,[1]
3,16,1,[1]
3,3,1,[1]
3,13,1,[1]
3,14,1,[1]
3,23,1,[1]
3,8,1,[1]
3,2,1,[1]
3,12,1,[1]
3,7,1,[1]
3,15,1,[1]
3,11,1,[1]
3,5,1,[1]
3,4,1,[1]
3,22,1,[1]
3,20,1,[1]
3,0,1,[1]
3,9,1,[1]
3,18,1,[1]
3,24,1,[1]
3,19,1,[1]
3,17,1,[1]
3,1,1,[1]
"('atak', ['10', '6', '21', '16', '3', '13', '14', '23', '8', '2', '12', '7', '15', '11', '5', '4', '22', '20', '0', '9', '18', '24', '19', '17', '1'])"
4,6,1,[1]
4,5,1,[1]
4,7,1,[1]
4,11,1,[1]
4,14,1,[1]
4,8,1,[1]
4,2,1,[1]
4,15,1,[1]
4,4,1,[1]
4,23,1,[1]
4,20,1,[1]
4,3,1,[1]
4,9,1,[1]
4,1,1,[1]
4,21,1,[1]
4,18,1,[1]
4,13,1,[1]
4,19,1,[1]
4,16,1,[1]
4,22,1,[1]
4,10,1,[1]
4,24,1,[1]
4,0,1,[1]
4,12,1,[1]
4,17,1,[1]
"('atak', ['6', '5', '7', '11', '14', '8', '2', '15', '4', '23', '20', '3', '9', '1', '21', '18', '13', '19', '16', '22', '10', '24', '0', '12', '17'])"
5,14,1,[1]
5,15,1,[1]
5,17,1,[1]
5,7,1,[1]
5,0,1,[1]
5,5,1,[1]
5,12,1,[1]
5,18,1,[1]
5,2,1,[1]
5,23,1,[1]
5,3,1,[1]
5,16,1,[1]
5,24,1,[1]
5,9,1,[1]
5,4,1,[1]
5,13,1,[1]
5,1,1,[1]
5,8,1,[1]
5,19,1,[1]
5,11,1,[1]
5,21,1,[1]
5,10,1,[1]
5,20,1,[1]
5,6,1,[1]
5,22,1,[1]
"('atak', ['14', '15', '17', '7', '0', '5', '12', '18', '2', '23', '3', '16', '24', '9', '4', '13', '1', '8', '19', '11', '21', '10', '20', '6', '22'])"
6,24,1,[1]
6,12,1,[1]
6,9,1,[1]
6,2,1,[1]
6,18,1,[1]
6,17,1,[1]
6,8,1,[1]
6,5,1,[1]
6,1,1,[1]
6,4,1,[1]
6,22,1,[1]
6,7,1,[1]
6,3,1,[1]
6,23,1,[1]
6,14,1,[1]
6,6,1,[1]
6,21,1,[1]
6,16,1,[1]
6,10,1,[1]
6,19,1,[1]
6,0,1,[1]
6,11,1,[1]
6,20,1,[1]
6,13,1,[1]
6,15,1,[1]
"('atak', ['24', '12', '9', '2', '18', '17', '8', '5', '1', '4', '22', '7', '3', '23', '14', '6', '21', '16', '10', '19', '0', '11', '20', '13', '15'])"
7,4,1,[1]
7,3,1,[1]
7,7,1,[1]
7,8,1,[1]
7,18,1,[1]
7,9,1,[1]
7,20,1,[1]
7,6,1,[1]
7,22,1,[1]
7,13,1,[1]
7,19,1,[1]
7,16,1,[1]
7,12,1,[1]
7,0,1,[1]
7,10,1,[1]
7,23,1,[1]
7,14,1,[1]
7,1,1,[1]
7,5,1,[1]
7,11,1,[1]
7,21,1,[1]
7,2,1,[1]
7,17,1,[1]
7,15,1,[1]
7,24,1,[1]
"('atak', ['4', '3', '7', '8', '18', '9', '20', '6', '22', '13', '19', '16', '12', '0', '10', '23', '14', '1', '5', '11', '21', '2', '17', '15', '24'])"
8,1,1,[1]
8,16,1,[1]
8,21,1,[1]
8,7,1,[1]
8,22,1,[1]
8,4,1,[1]
8,3,1,[1]
8,8,1,[1]
8,5,1,[1]
8,24,1,[1]
8,13,1,[1]
8,19,1,[1]
8,15,1,[1]
8,9,1,[1]
8,20,1,[1]
8,0,1,[1]
8,23,1,[1]
8,10,1,[1]
8,2,1,[1]
8,11,1,[1]
8,18,1,[1]
8,12,1,[1]
8,14,1,[1]
8,17,1,[1]
8,6,1,[1]
"('atak', ['1', '16', '21', '7', '22', '4', '3', '8', '5', '24', '13', '19', '15', '9', '20', '0', '23', '10', '2', '11', '18', '12', '14', '17', '6'])"
9,8,1,[1]
9,20,1,[1]
9,13,1,[1]
9,22,1,[1]
9,18,1,[1]
9,11,1,[1]
9,6,1,[1]
9,9,1,[1]
9,15,1,[1]
9,2,1,[1]
9,12,1,[1]
9,17,1,[1]
9,0,1,[1]
9,4,1,[1]
9,10,1,[1]
9,16,1,[1]
9,21,1,[1]
9,24,1,[1]
9,7,1,[1]
9,19,1,[1]
9,14,1,[1]
9,23,1,[1]
9,3,1,[1]
9,5,1,[1]
9,1,1,[1]
"('atak', ['8', '20', '13', '22', '18', '11', '6', '9', '15', '2', '12', '17', '0', '4', '10', '16', '21', '24', '7', '19', '14', '23', '3', '5', '1'])"
10,23,1,[1]
10,6,1,[1]
10,9,1,[1]
10,16,1,[1]
10,11,1,[1]
10,4,1,[1]
10,18,1,[1]
10,5,1,[1]
10,2,1,[1]
10,19,1,[1]
10,14,1,[1]
10,1,1,[1]
10,20,1,[1]
10,17,1,[1]
10,0,1,[1]
10,8,1,[1]
10,3,1,[1]
10,12,1,[1]
10,15,1,[1]
10,22,1,[1]
10,24,1,[1]
10,7,1,[1]
10,13,1,[1]
10,10,1,[1]
10,21,1,[1]
"('atak', ['23', '6', '9', '16', '11', '4', '18', '5', '2', '19', '14', '1', '20', '17', '0', '8', '3', '12', '15', '22', '24', '7', '13', '10', '21'])"
11,5,1,[1]
11,0,1,[1]
11,18,1,[1]
11,15,1,[1]
11,20,1,[1]
11,8,1,[1]
11,10,1,[1]
11,24,1,[1]
11,9,1,[1]
11,19,1,[1]
11,12,1,[1]
11,6,1,[1]
11,14,1,[1]
11,2,1,[1]
11,11,1,[1]
11,1,1,[1]
11,23,1,[1]
11,3,1,[1]
11,21,1,[1]
11,4,1,[1]
11,13,1,[1]
11,16,1,[1]
11,17,1,[1]
11,22,1,[1]
11,7,1,[1]
"('atak', ['5', '0', '18', '15', '20', '8', '10', '24', '9', '19', '12', '6', '14', '2', '11', '1', '23', '3', '21', '4', '13', '16', '17', '22', '7'])"
12,17,1,[1]
12,14,1,[1]
12,1,1,[1]
12,7,1,[1]
12,22,1,[1]
12,21,1,[1]
12,9,1,[1]
12,13,1,[1]
12,11,1,[1]
12,20,1,[1]
12,19,1,[1]
12,4,1,[1]
12,3,1,[1]
12,15,1,[1]
12,24,1,[1]
12,12,1,[1]
12,6,1,[1]
12,16,1,[1]
12,10,1,[1]
12,8,1,[1]
12,0,1,[1]
12,18,1,[1]
12,5,1,[1]
12,23,1,[1]
12,2,1,[1]
"('atak', ['17', '14', '1', '7', '22', '21', '9', '13', '11', '20', '19', '4', '3', '15', '24', '12', '6', '16', '10', '8', '0', '18', '5', '23', '2'])"
13,2,1,[1]
13,0,1,[1]
13,5,1,[1]
13,11,1,[1]
13,16,1,[1]
13,10,1,[1]
13,4,1,[1]
13,3,1,[1]
13,22,1,[1]
13,7,1,[1]
13,17,1,[1]
13,13,1,[1]
13,14,1,[1]
13,15,1,[1]
13,23,1,[1]
13,19,1,[1]
13,24,1,[1]
13,6,1,[1]
13,12,1,[1]
13,8,1,[1]
13,18,1,[1]
13,21,1,[1]
13,1,1,[1]
13,20,1,[1]
13,9,1,[1]
"('atak', ['2', '0', '5', '11', '16', '10', '4', '3', '22', '7', '17', '13', '14', '15', '23', '19', '24', '6', '12', '8', '18', '21', '1', '20', '9'])"
2,0,1,[1]
2,1,1,[1]
2,5,1,[1]
2,17,1,[1]
2,24,1,[1]
2,4,1,[1]
2,22,1,[1]
2,13,1,[1]
2,20,1,[1]
2,21,1,[1]
2,14,1,[1]
2,23,1,[1]
2,8,1,[1]
2,11,1,[1]
2,7,1,[1]
2,3,1,[1]
2,16,1,[1]
2,6,1,[1]
2,10,1,[1]
2,19,1,[1]
2,12,1,[1]
2,2,1,[1]
2,18,1,[1]
2,9,1,[1]
2,15,1,[1]
"('atak', ['0', '1', '5', '17', '24', '4', '22', '13', '20', '21', '14', '23', '8', '11', '7', '3', '16', '6', '10', '19', '12', '2', '18', '9', '15'])"
3,10,1,[1]
3,6,1,[1]
3,21,1,[1]
3,16,1,[1]
3,3,1,[1]
3,13,1,[1]
3,14,1,[1]
3,23,1,[1]
3,8,1,[1]
3,2,1,[1]
3,12,1,[1]
3,7,1,[1]
3,15,1,[1]
3,11,1,[1]
3,5,1,[1]
3,4,1,[1]
3,22,1,[1]
3,20,1,[1]
3,0,1,[1]
3,9,1,[1]
3,18,1,[1]
3,24,1,[1]
3,19,1,[1]
3,17,1,[1]
3,1,1,[1]
"('atak', ['10', '6', '21', '16', '3', '13', '14', '23', '8', '2', '12', '7', '15', '11', '5', '4', '22', '20', '0', '9', '18', '24', '19', '17', '1'])"
4,6,1,[1]
4,5,1,[1]
4,7,1,[1]
4,11,1,[1]
4,14,1,[1]
4,8,1,[1]
4,2,1,[1]
4,15,1,[1]
4,4,1,[1]
4,23,1,[1]
4,20,1,[1]
4,3,1,[1]
4,9,1,[1]
4,1,1,[1]
4,21,1,[1]
4,18,1,[1]
4,13,1,[1]
4,19,1,[1]
4,16,1,[1]
4,22,1,[1]
4,10,1,[1]
4,24,1,[1]
4,0,1,[1]
4,12,1,[1]
4,17,1,[1]
"('atak', ['6', '5', '7', '11', '14', '8', '2', '15', '4', '23', '20', '3', '9', '1', '21', '18', '13', '19', '16', '22', '10', '24', '0', '12', '17'])"
5,14,1,[1]
5,15,1,[1]
5,17,1,[1]
5,7,1,[1]
5,0,1,[1]
5,5,1,[1]
5,12,1,[1]
5,18,1,[1]
5,2,1,[1]
5,23,1,[1]
5,3,1,[1]
5,16,1,[1]
5,24,1,[1]
5,9,1,[1]
5,4,1,[1]
5,13,1,[1]
5,1,1,[1]
5,8,1,[1]
5,19,1,[1]
5,11,1,[1]
5,21,1,[1]
5,10,1,[1]
5,20,1,[1]
5,6,1,[1]
5,22,1,[1]
"('atak', ['14', '15', '17', '7', '0', '5', '12', '18', '2', '23', '3', '16', '24', '9', '4', '13', '1', '8', '19', '11', '21', '10', '20', '6', '22'])"
6,24,1,[1]
6,12,1,[1]
6,9,1,[1]
6,2,1,[1]
6,18,1,[1]
6,17,1,[1]
6,8,1,[1]
6,5,1,[1]
6,1,1,[1]
6,4,1,[1]
6,22,1,[1]
6,7,1,[1]
6,3,1,[1]
6,23,1,[1]
6,14,1,[1]
6,6,1,[1]
6,21,1,[1]
6,16,1,[1]
6,10,1,[1]
6,19,1,[1]
6,0,1,[1]
6,11,1,[1]
6,20,1,[1]
6,13,1,[1]
6,15,1,[1]
"('atak', ['24', '12', '9', '2', '18', '17', '8', '5', '1', '4', '22', '7', '3', '23', '14', '6', '21', '16', '10', '19', '0', '11', '20', '13', '15'])"
7,4,1,[1]
7,3,1,[1]
7,7,1,[1]
7,8,1,[1]
7,18,1,[1]
7,9,1,[1]
7,20,1,[1]
7,6,1,[1]
7,22,1,[1]
7,13,1,[1]
7,19,1,[1]
7,16,1,[1]
7,12,1,[1]
7,0,1,[1]
7,10,1,[1]
7,23,1,[1]
7,14,1,[1]
7,1,1,[1]
7,5,1,[1]
7,11,1,[1]
7,21,1,[1]
7,2,1,[1]
7,17,1,[1]
7,15,1,[1]
7,24,1,[1]
"('atak', ['4', '3', '7', '8', '18', '9', '20', '6', '22', '13', '19', '16', '12', '0', '10', '23', '14', '1', '5', '11', '21', '2', '17', '15', '24'])"
8,1,1,[1]
8,16,1,[1]
8,21,1,[1]
8,7,1,[1]
8,22,1,[1]
8,4,1,[1]
8,3,1,[1]
8,8,1,[1]
8,5,1,[1]
8,24,1,[1]
8,13,1,[1]
8,19,1,[1]
8,15,1,[1]
8,9,1,[1]
8,20,1,[1]
8,0,1,[1]
8,23,1,[1]
8,10,1,[1]
8,2,1,[1]
8,11,1,[1]
8,18,1,[1]
8,12,1,[1]
8,14,1,[1]
8,17,1,[1]
8,6,1,[1]
"('atak', ['1', '16', '21', '7', '22', '4', '3', '8', '5', '24', '13', '19', '15', '9', '20', '0', '23', '10', '2', '11', '18', '12', '14', '17', '6'])"
9,8,1,[1]
9,20,1,[1]
9,13,1,[1]
9,22,1,[1]
9,18,1,[1]
9,11,1,[1]
9,6,1,[1]
9,9,1,[1]
9,15,1,[1]
9,2,1,[1]
9,12,1,[1]
9,17,1,[1]
9,0,1,[1]
9,4,1,[1]
9,10,1,[1]
9,16,1,[1]
9,21,1,[1]
9,24,1,[1]
9,7,1,[1]
9,19,1,[1]
9,14,1,[1]
9,23,1,[1]
9,3,1,[1]
9,5,1,[1]
9,1,1,[1]
"('atak', ['8', '20', '13', '22', '18', '11', '6', '9', '15', '2', '12', '17', '0', '4', '10', '16', '21', '24', '7', '19', '14', '23', '3', '5', '1'])"
10,23,1,[1]
10,6,1,[1]
10,9,1,[1]
10,16,1,[1]
10,11,1,[1]
10,4,1,[1]
10,18,1,[1]
10,5,1,[1]
10,2,1,[1]
10,19,1,[1]
10,14,1,[1]
10,1,1,[1]
10,20,1,[1]
10,17,1,[1]
10,0,1,[1]
10,8,1,[1]
10,3,1,[1]
10,12,1,[1]
10,15,1,[1]
10,22,1,[1]
10,24,1,[1]
10,7,1,[1]
10,13,1,[1]
10,10,1,[1]
10,21,1,[1]
"('atak', ['23', '6', '9', '16', '11', '4', '18', '5', '2', '19', '14', '1', '20', '17', '0', '8', '3', '12', '15', '22', '24', '7', '13', '10', '21'])"
11,5,1,[1]
11,0,1,[1]
11,18,1,[1]
11,15,1,[1]
11,20,1,[1]
11,8,1,[1]
11,10,1,[1]
11,24,1,[1]
11,9,1,[1]
11,19,1,[1]
11,12,1,[1]
11,6,1,[1]
11,14,1,[1]
11,2,1,[1]
11,11,1,[1]
11,1,1,[1]
11,23,1,[1]
11,3,1,[1]
11,21,1,[1]
11,4,1,[1]
11,13,1,[1]
11,16,1,[1]
11,17,1,[1]
11,22,1,[1]
11,7,1,[1]
"('atak', ['5', '0', '18', '15', '20', '8', '10', '24', '9', '19', '12', '6', '14', '2', '11', '1', '23', '3', '21', '4', '13', '16', '17', '22', '7'])"
12,17,1,[1]
12,14,1,[1]
12,1,1,[1]
12,7,1,[1]
12,22,1,[1]
12,21,1,[1]
12,9,1,[1]
12,13,1,[1]
12,11,1,[1]
12,20,1,[1]
12,19,1,[1]
12,4,1,[1]
12,3,1,[1]
12,15,1,[1]
12,24,1,[1]
12,12,1,[1]
12,6,1,[1]
12,16,1,[1]
12,10,1,[1]
12,8,1,[1]
12,0,1,[1]
12,18,1,[1]
12,5,1,[1]
12,23,1,[1]
12,2,1,[1]
"('atak', ['17', '14', '1', '7', '22', '21', '9', '13', '11', '20', '19', '4', '3', '15', '24', '12', '6', '16', '10', '8', '0', '18', '5', '23', '2'])"
13,2,1,[1]
13,0,1,[1]
13,5,1,[1]
13,11,1,[1]
13,16,1,[1]
13,10,1,[1]
13,4,1,[1]
13,3,1,[1]
13,22,1,[1]
13,7,1,[1]
13,17,1,[1]
13,13,1,[1]
13,14,1,[1]
13,15,1,[1]
13,23,1,[1]
13,19,1,[1]
13,24,1,[1]
13,6,1,[1]
13,12,1,[1]
13,8,1,[1]
13,18,1,[1]
13,21,1,[1]
13,1,1,[1]
13,20,1,[1]
13,9,1,[1]
"('atak', ['2', '0', '5', '11', '16', '10', '4', '3', '22', '7', '17', '13', '14', '15', '23', '19', '24', '6', '12', '8', '18', '21', '1', '20', '9'])"
14,4,1,[1]
14,16,1,[1]
14,6,1,[1]
14,18,1,[1]
14,13,1,[1]
14,23,1,[1]
14,17,1,[1]
14,14,1,[1]
14,9,1,[1]
14,5,1,[1]
14,3,1,[1]
14,8,1,[1]
14,0,1,[1]
14,1,1,[1]
14,24,1,[1]
14,15,1,[1]
14,11,1,[1]
14,22,1,[1]
14,19,1,[1]
14,2,1,[1]
14,20,1,[1]
14,21,1,[1]
14,10,1,[1]
14,12,1,[1]
14,7,1,[1]
"('atak', ['4', '16', '6', '18', '13', '23', '17', '14', '9', '5', '3', '8', '0', '1', '24', '15', '11', '22', '19', '2', '20', '21', '10', '12', '7'])"
2,0,1,[1]
2,1,1,[1]
2,5,1,[1]
2,17,1,[1]
2,24,1,[1]
2,4,1,[1]
2,22,1,[1]
2,13,1,[1]
2,20,1,[1]
2,21,1,[1]
2,14,1,[1]
2,23,1,[1]
2,8,1,[1]
2,11,1,[1]
2,7,1,[1]
2,3,1,[1]
2,16,1,[1]
2,6,1,[1]
2,10,1,[1]
2,19,1,[1]
2,12,1,[1]
2,2,1,[1]
2,18,1,[1]
2,9,1,[1]
2,15,1,[1]
"('atak', ['0', '1', '5', '17', '24', '4', '22', '13', '20', '21', '14', '23', '8', '11', '7', '3', '16', '6', '10', '19', '12', '2', '18', '9', '15'])"
3,10,1,[1]
3,6,1,[1]
3,21,1,[1]
3,16,1,[1]
3,3,1,[1]
3,13,1,[1]
3,14,1,[1]
3,23,1,[1]
3,8,1,[1]
3,2,1,[1]
3,12,1,[1]
3,7,1,[1]
3,15,1,[1]
3,11,1,[1]
3,5,1,[1]
3,4,1,[1]
3,22,1,[1]
3,20,1,[1]
3,0,1,[1]
3,9,1,[1]
3,18,1,[1]
3,24,1,[1]
3,19,1,[1]
3,17,1,[1]
3,1,1,[1]
"('atak', ['10', '6', '21', '16', '3', '13', '14', '23', '8', '2', '12', '7', '15', '11', '5', '4', '22', '20', '0', '9', '18', '24', '19', '17', '1'])"
4,6,1,[1]
4,5,1,[1]
4,7,1,[1]
4,11,1,[1]
4,14,1,[1]
4,8,1,[1]
4,2,1,[1]
4,15,1,[1]
4,4,1,[1]
4,23,1,[1]
4,20,1,[1]
4,3,1,[1]
4,9,1,[1]
4,1,1,[1]
4,21,1,[1]
4,18,1,[1]
4,13,1,[1]
4,19,1,[1]
4,16,1,[1]
4,22,1,[1]
4,10,1,[1]
4,24,1,[1]
4,0,1,[1]
4,12,1,[1]
4,17,1,[1]
"('atak', ['6', '5', '7', '11', '14', '8', '2', '15', '4', '23', '20', '3', '9', '1', '21', '18', '13', '19', '16', '22', '10', '24', '0', '12', '17'])"
5,14,1,[1]
5,15,1,[1]
5,17,1,[1]
5,7,1,[1]
5,0,1,[1]
5,5,1,[1]
5,12,1,[1]
5,18,1,[1]
5,2,1,[1]
5,23,1,[1]
5,3,1,[1]
5,16,1,[1]
5,24,1,[1]
5,9,1,[1]
5,4,1,[1]
5,13,1,[1]
5,1,1,[1]
5,8,1,[1]
5,19,1,[1]
5,11,1,[1]
5,21,1,[1]
5,10,1,[1]
5,20,1,[1]
5,6,1,[1]
5,22,1,[1]
"('atak', ['14', '15', '17', '7', '0', '5', '12', '18', '2', '23', '3', '16', '24', '9', '4', '13', '1', '8', '19', '11', '21', '10', '20', '6', '22'])"
6,24,1,[1]
6,12,1,[1]
6,9,1,[1]
6,2,1,[1]
6,18,1,[1]
6,17,1,[1]
6,8,1,[1]
6,5,1,[1]
6,1,1,[1]
6,4,1,[1]
6,22,1,[1]
6,7,1,[1]
6,3,1,[1]
6,23,1,[1]
6,14,1,[1]
6,6,1,[1]
6,21,1,[1]
6,16,1,[1]
6,10,1,[1]
6,19,1,[1]
6,0,1,[1]
6,11,1,[1]
6,20,1,[1]
6,13,1,[1]
6,15,1,[1]
"('atak', ['24', '12', '9', '2', '18', '17', '8', '5', '1', '4', '22', '7', '3', '23', '14', '6', '21', '16', '10', '19', '0', '11', '20', '13', '15'])"
7,4,1,[1]
7,3,1,[1]
7,7,1,[1]
7,8,1,[1]
7,18,1,[1]
7,9,1,[1]
7,20,1,[1]
7,6,1,[1]
7,22,1,[1]
7,13,1,[1]
7,19,1,[1]
7,16,1,[1]
7,12,1,[1]
7,0,1,[1]
7,10,1,[1]
7,23,1,[1]
7,14,1,[1]
7,1,1,[1]
7,5,1,[1]
7,11,1,[1]
7,21,1,[1]
7,2,1,[1]
7,17,1,[1]
7,15,1,[1]
7,24,1,[1]
"('atak', ['4', '3', '7', '8', '18', '9', '20', '6', '22', '13', '19', '16', '12', '0', '10', '23', '14', '1', '5', '11', '21', '2', '17', '15', '24'])"
8,1,1,[1]
8,16,1,[1]
8,21,1,[1]
8,7,1,[1]
8,22,1,[1]
8,4,1,[1]
8,3,1,[1]
8,8,1,[1]
8,5,1,[1]
8,24,1,[1]
8,13,1,[1]
8,19,1,[1]
8,15,1,[1]
8,9,1,[1]
8,20,1,[1]
8,0,1,[1]
8,23,1,[1]
8,10,1,[1]
8,2,1,[1]
8,11,1,[1]
8,18,1,[1]
8,12,1,[1]
8,14,1,[1]
8,17,1,[1]
8,6,1,[1]
"('atak', ['1', '16', '21', '7', '22', '4', '3', '8', '5', '24', '13', '19', '15', '9', '20', '0', '23', '10', '2', '11', '18', '12', '14', '17', '6'])"
9,8,1,[1]
9,20,1,[1]
9,13,1,[1]
9,22,1,[1]
9,18,1,[1]
9,11,1,[1]
9,6,1,[1]
9,9,1,[1]
9,15,1,[1]
9,2,1,[1]
9,12,1,[1]
9,17,1,[1]
9,0,1,[1]
9,4,1,[1]
9,10,1,[1]
9,16,1,[1]
9,21,1,[1]
9,24,1,[1]
9,7,1,[1]
9,19,1,[1]
9,14,1,[1]
9,23,1,[1]
9,3,1,[1]
9,5,1,[1]
9,1,1,[1]
"('atak', ['8', '20', '13', '22', '18', '11', '6', '9', '15', '2', '12', '17', '0', '4', '10', '16', '21', '24', '7', '19', '14', '23', '3', '5', '1'])"
10,23,1,[1]
10,6,1,[1]
10,9,1,[1]
10,16,1,[1]
10,11,1,[1]
10,4,1,[1]
10,18,1,[1]
10,5,1,[1]
10,2,1,[1]
10,19,1,[1]
10,14,1,[1]
10,1,1,[1]
10,20,1,[1]
10,17,1,[1]
10,0,1,[1]
10,8,1,[1]
10,3,1,[1]
10,12,1,[1]
10,15,1,[1]
10,22,1,[1]
10,24,1,[1]
10,7,1,[1]
10,13,1,[1]
10,10,1,[1]
10,21,1,[1]
"('atak', ['23', '6', '9', '16', '11', '4', '18', '5', '2', '19', '14', '1', '20', '17', '0', '8', '3', '12', '15', '22', '24', '7', '13', '10', '21'])"
11,5,1,[1]
11,0,1,[1]
11,18,1,[1]
11,15,1,[1]
11,20,1,[1]
11,8,1,[1]
11,10,1,[1]
11,24,1,[1]
11,9,1,[1]
11,19,1,[1]
11,12,1,[1]
11,6,1,[1]
11,14,1,[1]
11,2,1,[1]
11,11,1,[1]
11,1,1,[1]
11,23,1,[1]
11,3,1,[1]
11,21,1,[1]
11,4,1,[1]
11,13,1,[1]
11,16,1,[1]
11,17,1,[1]
11,22,1,[1]
11,7,1,[1]
"('atak', ['5', '0', '18', '15', '20', '8', '10', '24', '9', '19', '12', '6', '14', '2', '11', '1', '23', '3', '21', '4', '13', '16', '17', '22', '7'])"
12,17,1,[1]
12,14,1,[1]
12,1,1,[1]
12,7,1,[1]
12,22,1,[1]
12,21,1,[1]
12,9,1,[1]
12,13,1,[1]
12,11,1,[1]
12,20,1,[1]
12,19,1,[1]
12,4,1,[1]
12,3,1,[1]
12,15,1,[1]
12,24,1,[1]
12,12,1,[1]
12,6,1,[1]
12,16,1,[1]
12,10,1,[1]
12,8,1,[1]
12,0,1,[1]
12,18,1,[1]
12,5,1,[1]
12,23,1,[1]
12,2,1,[1]
"('atak', ['17', '14', '1', '7', '22', '21', '9', '13', '11', '20', '19', '4', '3', '15', '24', '12', '6', '16', '10', '8', '0', '18', '5', '23', '2'])"
13,2,1,[1]
13,0,1,[1]
13,5,1,[1]
13,11,1,[1]
13,16,1,[1]
13,10,1,[1]
13,4,1,[1]
13,3,1,[1]
13,22,1,[1]
13,7,1,[1]
13,17,1,[1]
13,13,1,[1]
13,14,1,[1]
13,15,1,[1]
13,23,1,[1]
13,19,1,[1]
13,24,1,[1]
13,6,1,[1]
13,12,1,[1]
13,8,1,[1]
13,18,1,[1]
13,21,1,[1]
13,1,1,[1]
13,20,1,[1]
13,9,1,[1]
"('atak', ['2', '0', '5', '11', '16', '10', '4', '3', '22', '7', '17', '13', '14', '15', '23', '19', '24', '6', '12', '8', '18', '21', '1', '20', '9'])"
14,4,1,[1]
14,16,1,[1]
14,6,1,[1]
14,18,1,[1]
14,13,1,[1]
14,23,1,[1]
14,17,1,[1]
14,14,1,[1]
14,9,1,[1]
14,5,1,[1]
14,3,1,[1]
14,8,1,[1]
14,0,1,[1]
14,1,1,[1]
14,24,1,[1]
14,15,1,[1]
14,11,1,[1]
14,22,1,[1]
14,19,1,[1]
14,2,1,[1]
14,20,1,[1]
14,21,1,[1]
14,10,1,[1]
14,12,1,[1]
14,7,1,[1]
"('atak', ['4', '16', '6', '18', '13', '23', '17', '14', '9', '5', '3', '8', '0', '1', '24', '15', '11', '22', '19', '2', '20', '21', '10', '12', '7'])"
15,22,1,[1]
15,7,1,[1]
15,11,1,[1]
15,2,1,[1]
15,16,1,[1]
15,14,1,[1]
15,3,1,[1]
15,23,1,[1]
15,1,1,[1]
15,20,1,[1]
15,6,1,[1]
15,12,1,[1]
15,0,1,[1]
15,15,1,[1]
15,21,1,[1]
15,9,1,[1]
15,24,1,[1]
15,8,1,[1]
15,19,1,[1]
15,13,1,[1]
15,17,1,[1]
15,10,1,[1]
15,4,1,[1]
15,5,1,[1]
15,18,1,[1]
"('atak', ['22', '7', '11', '2', '16', '14', '3', '23', '1', '20', '6', '12', '0', '15', '21', '9', '24', '8', '19', '13', '17', '10', '4', '5', '18'])"
2,0,1,[1]
2,1,1,[1]
2,5,1,[1]
2,17,1,[1]
2,24,1,[1]
2,4,1,[1]
2,22,1,[1]
2,13,1,[1]
2,20,1,[1]
2,21,1,[1]
2,14,1,[1]
2,23,1,[1]
2,8,1,[1]
2,11,1,[1]
2,7,1,[1]
2,3,1,[1]
2,16,1,[1]
2,6,1,[1]
2,10,1,[1]
2,19,1,[1]
2,12,1,[1]
2,2,1,[1]
2,18,1,[1]
2,9,1,[1]
2,15,1,[1]
"('atak', ['0', '1', '5', '17', '24', '4', '22', '13', '20', '21', '14', '23', '8', '11', '7', '3', '16', '6', '10', '19', '12', '2', '18', '9', '15'])"
3,10,1,[1]
3,6,1,[1]
3,21,1,[1]
3,16,1,[1]
3,3,1,[1]
3,13,1,[1]
3,14,1,[1]
3,23,1,[1]
3,8,1,[1]
3,2,1,[1]
3,12,1,[1]
3,7,1,[1]
3,15,1,[1]
3,11,1,[1]
3,5,1,[1]
3,4,1,[1]
3,22,1,[1]
3,20,1,[1]
3,0,1,[1]
3,9,1,[1]
3,18,1,[1]
3,24,1,[1]
3,19,1,[1]
3,17,1,[1]
3,1,1,[1]
"('atak', ['10', '6', '21', '16', '3', '13', '14', '23', '8', '2', '12', '7', '15', '11', '5', '4', '22', '20', '0', '9', '18', '24', '19', '17', '1'])"
4,6,1,[1]
4,5,1,[1]
4,7,1,[1]
4,11,1,[1]
4,14,1,[1]
4,8,1,[1]
4,2,1,[1]
4,15,1,[1]
4,4,1,[1]
4,23,1,[1]
4,20,1,[1]
4,3,1,[1]
4,9,1,[1]
4,1,1,[1]
4,21,1,[1]
4,18,1,[1]
4,13,1,[1]
4,19,1,[1]
4,16,1,[1]
4,22,1,[1]
4,10,1,[1]
4,24,1,[1]
4,0,1,[1]
4,12,1,[1]
4,17,1,[1]
"('atak', ['6', '5', '7', '11', '14', '8', '2', '15', '4', '23', '20', '3', '9', '1', '21', '18', '13', '19', '16', '22', '10', '24', '0', '12', '17'])"
5,14,1,[1]
5,15,1,[1]
5,17,1,[1]
5,7,1,[1]
5,0,1,[1]
5,5,1,[1]
5,12,1,[1]
5,18,1,[1]
5,2,1,[1]
5,23,1,[1]
5,3,1,[1]
5,16,1,[1]
5,24,1,[1]
5,9,1,[1]
5,4,1,[1]
5,13,1,[1]
5,1,1,[1]
5,8,1,[1]
5,19,1,[1]
5,11,1,[1]
5,21,1,[1]
5,10,1,[1]
5,20,1,[1]
5,6,1,[1]
5,22,1,[1]
"('atak', ['14', '15', '17', '7', '0', '5', '12', '18', '2', '23', '3', '16', '24', '9', '4', '13', '1', '8', '19', '11', '21', '10', '20', '6', '22'])"
6,24,1,[1]
6,12,1,[1]
6,9,1,[1]
6,2,1,[1]
6,18,1,[1]
6,17,1,[1]
6,8,1,[1]
6,5,1,[1]
6,1,1,[1]
6,4,1,[1]
6,22,1,[1]
6,7,1,[1]
6,3,1,[1]
6,23,1,[1]
6,14,1,[1]
6,6,1,[1]
6,21,1,[1]
6,16,1,[1]
6,10,1,[1]
6,19,1,[1]
6,0,1,[1]
6,11,1,[1]
6,20,1,[1]
6,13,1,[1]
6,15,1,[1]
"('atak', ['24', '12', '9', '2', '18', '17', '8', '5', '1', '4', '22', '7', '3', '23', '14', '6', '21', '16', '10', '19', '0', '11', '20', '13', '15'])"
7,4,1,[1]
7,3,1,[1]
7,7,1,[1]
7,8,1,[1]
7,18,1,[1]
7,9,1,[1]
7,20,1,[1]
7,6,1,[1]
7,22,1,[1]
7,13,1,[1]
7,19,1,[1]
7,16,1,[1]
7,12,1,[1]
7,0,1,[1]
7,10,1,[1]
7,23,1,[1]
7,14,1,[1]
7,1,1,[1]
7,5,1,[1]
7,11,1,[1]
7,21,1,[1]
7,2,1,[1]
7,17,1,[1]
7,15,1,[1]
7,24,1,[1]
"('atak', ['4', '3', '7', '8', '18', '9', '20', '6', '22', '13', '19', '16', '12', '0', '10', '23', '14', '1', '5', '11', '21', '2', '17', '15', '24'])"
8,1,1,[1]
8,16,1,[1]
8,21,1,[1]
8,7,1,[1]
8,22,1,[1]
8,4,1,[1]
8,3,1,[1]
8,8,1,[1]
8,5,1,[1]
8,24,1,[1]
8,13,1,[1]
8,19,1,[1]
8,15,1,[1]
8,9,1,[1]
8,20,1,[1]
8,0,1,[1]
8,23,1,[1]
8,10,1,[1]
8,2,1,[1]
8,11,1,[1]
8,18,1,[1]
8,12,1,[1]
8,14,1,[1]
8,17,1,[1]
8,6,1,[1]
"('atak', ['1', '16', '21', '7', '22', '4', '3', '8', '5', '24', '13', '19', '15', '9', '20', '0', '23', '10', '2', '11', '18', '12', '14', '17', '6'])"
9,8,1,[1]
9,20,1,[1]
9,13,1,[1]
9,22,1,[1]
9,18,1,[1]
9,11,1,[1]
9,6,1,[1]
9,9,1,[1]
9,15,1,[1]
9,2,1,[1]
9,12,1,[1]
9,17,1,[1]
9,0,1,[1]
9,4,1,[1]
9,10,1,[1]
9,16,1,[1]
9,21,1,[1]
9,24,1,[1]
9,7,1,[1]
9,19,1,[1]
9,14,1,[1]
9,23,1,[1]
9,3,1,[1]
9,5,1,[1]
9,1,1,[1]
"('atak', ['8', '20', '13', '22', '18', '11', '6', '9', '15', '2', '12', '17', '0', '4', '10', '16', '21', '24', '7', '19', '14', '23', '3', '5', '1'])"
10,23,1,[1]
10,6,1,[1]
10,9,1,[1]
10,16,1,[1]
10,11,1,[1]
10,4,1,[1]
10,18,1,[1]
10,5,1,[1]
10,2,1,[1]
10,19,1,[1]
10,14,1,[1]
10,1,1,[1]
10,20,1,[1]
10,17,1,[1]
10,0,1,[1]
10,8,1,[1]
10,3,1,[1]
10,12,1,[1]
10,15,1,[1]
10,22,1,[1]
10,24,1,[1]
10,7,1,[1]
10,13,1,[1]
10,10,1,[1]
10,21,1,[1]
"('atak', ['23', '6', '9', '16', '11', '4', '18', '5', '2', '19', '14', '1', '20', '17', '0', '8', '3', '12', '15', '22', '24', '7', '13', '10', '21'])"
11,5,1,[1]
11,0,1,[1]
11,18,1,[1]
11,15,1,[1]
11,20,1,[1]
11,8,1,[1]
11,10,1,[1]
11,24,1,[1]
11,9,1,[1]
11,19,1,[1]
11,12,1,[1]
11,6,1,[1]
11,14,1,[1]
11,2,1,[1]
11,11,1,[1]
11,1,1,[1]
11,23,1,[1]
11,3,1,[1]
11,21,1,[1]
11,4,1,[1]
11,13,1,[1]
11,16,1,[1]
11,17,1,[1]
11,22,1,[1]
11,7,1,[1]
"('atak', ['5', '0', '18', '15', '20', '8', '10', '24', '9', '19', '12', '6', '14', '2', '11', '1', '23', '3', '21', '4', '13', '16', '17', '22', '7'])"
12,17,1,[1]
12,14,1,[1]
12,1,1,[1]
12,7,1,[1]
12,22,1,[1]
12,21,1,[1]
12,9,1,[1]
12,13,1,[1]
12,11,1,[1]
12,20,1,[1]
12,19,1,[1]
12,4,1,[1]
12,3,1,[1]
12,15,1,[1]
12,24,1,[1]
12,12,1,[1]
12,6,1,[1]
12,16,1,[1]
12,10,1,[1]
12,8,1,[1]
12,0,1,[1]
12,18,1,[1]
12,5,1,[1]
12,23,1,[1]
12,2,1,[1]
"('atak', ['17', '14', '1', '7', '22', '21', '9', '13', '11', '20', '19', '4', '3', '15', '24', '12', '6', '16', '10', '8', '0', '18', '5', '23', '2'])"
13,2,1,[1]
13,0,1,[1]
13,5,1,[1]
13,11,1,[1]
13,16,1,[1]
13,10,1,[1]
13,4,1,[1]
13,3,1,[1]
13,22,1,[1]
13,7,1,[1]
13,17,1,[1]
13,13,1,[1]
13,14,1,[1]
13,15,1,[1]
13,23,1,[1]
13,19,1,[1]
13,24,1,[1]
13,6,1,[1]
13,12,1,[1]
13,8,1,[1]
13,18,1,[1]
13,21,1,[1]
13,1,1,[1]
13,20,1,[1]
13,9,1,[1]
"('atak', ['2', '0', '5', '11', '16', '10', '4', '3', '22', '7', '17', '13', '14', '15', '23', '19', '24', '6', '12', '8', '18', '21', '1', '20', '9'])"
14,4,1,[1]
14,16,1,[1]
14,6,1,[1]
14,18,1,[1]
14,13,1,[1]
14,23,1,[1]
14,17,1,[1]
14,14,1,[1]
14,9,1,[1]
14,5,1,[1]
14,3,1,[1]
14,8,1,[1]
14,0,1,[1]
14,1,1,[1]
14,24,1,[1]
14,15,1,[1]
14,11,1,[1]
14,22,1,[1]
14,19,1,[1]
14,2,1,[1]
14,20,1,[1]
14,21,1,[1]
14,10,1,[1]
14,12,1,[1]
14,7,1,[1]
"('atak', ['4', '16', '6', '18', '13', '23', '17', '14', '9', '5', '3', '8', '0', '1', '24', '15', '11', '22', '19', '2', '20', '21', '10', '12', '7'])"
15,22,1,[1]
15,7,1,[1]
15,11,1,[1]
15,2,1,[1]
15,16,1,[1]
15,14,1,[1]
15,3,1,[1]
15,23,1,[1]
15,1,1,[1]
15,20,1,[1]
15,6,1,[1]
15,12,1,[1]
15,0,1,[1]
15,15,1,[1]
15,21,1,[1]
15,9,1,[1]
15,24,1,[1]
15,8,1,[1]
15,19,1,[1]
15,13,1,[1]
15,17,1,[1]
15,10,1,[1]
15,4,1,[1]
15,5,1,[1]
15,18,1,[1]
"('atak', ['22', '7', '11', '2', '16', '14', '3', '23', '1', '20', '6', '12', '0', '15', '21', '9', '24', '8', '19', '13', '17', '10', '4', '5', '18'])"
16,3,1,[1]
16,2,1,[1]
16,24,1,[1]
16,1,1,[1]
16,13,1,[1]
16,5,1,[1]
16,20,1,[1]
16,12,1,[1]
16,17,1,[1]
16,9,1,[1]
16,0,1,[1]
16,15,1,[1]
16,21,1,[1]
16,19,1,[1]
16,23,1,[1]
16,6,1,[1]
16,22,1,[1]
16,14,1,[1]
16,4,1,[1]
16,11,1,[1]
16,16,1,[1]
16,18,1,[1]
16,7,1,[1]
16,8,1,[1]
16,10,1,[1]
"('atak', ['3', '2', '24', '1', '13', '5', '20', '12', '17', '9', '0', '15', '21', '19', '23', '6', '22', '14', '4', '11', '16', '18', '7', '8', '10'])"
2,0,1,[1]
2,1,1,[1]
2,5,1,[1]
2,17,1,[1]
2,24,1,[1]
2,4,1,[1]
2,22,1,[1]
2,13,1,[1]
2,20,1,[1]
2,21,1,[1]
2,14,1,[1]
2,23,1,[1]
2,8,1,[1]
2,11,1,[1]
2,7,1,[1]
2,3,1,[1]
2,16,1,[1]
2,6,1,[1]
2,10,1,[1]
2,19,1,[1]
2,12,1,[1]
2,2,1,[1]
2,18,1,[1]
2,9,1,[1]
2,15,1,[1]
"('atak', ['0', '1', '5', '17', '24', '4', '22', '13', '20', '21', '14', '23', '8', '11', '7', '3', '16', '6', '10', '19', '12', '2', '18', '9', '15'])"
3,10,1,[1]
3,6,1,[1]
3,21,1,[1]
3,16,1,[1]
3,3,1,[1]
3,13,1,[1]
3,14,1,[1]
3,23,1,[1]
3,8,1,[1]
3,2,1,[1]
3,12,1,[1]
3,7,1,[1]
3,15,1,[1]
3,11,1,[1]
3,5,1,[1]
3,4,1,[1]
3,22,1,[1]
3,20,1,[1]
3,0,1,[1]
3,9,1,[1]
3,18,1,[1]
3,24,1,[1]
3,19,1,[1]
3,17,1,[1]
3,1,1,[1]
"('atak', ['10', '6', '21', '16', '3', '13', '14', '23', '8', '2', '12', '7', '15', '11', '5', '4', '22', '20', '0', '9', '18', '24', '19', '17', '1'])"
4,6,1,[1]
4,5,1,[1]
4,7,1,[1]
4,11,1,[1]
4,14,1,[1]
4,8,1,[1]
4,2,1,[1]
4,15,1,[1]
4,4,1,[1]
4,23,1,[1]
4,20,1,[1]
4,3,1,[1]
4,9,1,[1]
4,1,1,[1]
4,21,1,[1]
4,18,1,[1]
4,13,1,[1]
4,19,1,[1]
4,16,1,[1]
4,22,1,[1]
4,10,1,[1]
4,24,1,[1]
4,0,1,[1]
4,12,1,[1]
4,17,1,[1]
"('atak', ['6', '5', '7', '11', '14', '8', '2', '15', '4', '23', '20', '3', '9', '1', '21', '18', '13', '19', '16', '22', '10', '24', '0', '12', '17'])"
5,14,1,[1]
5,15,1,[1]
5,17,1,[1]
5,7,1,[1]
5,0,1,[1]
5,5,1,[1]
5,12,1,[1]
5,18,1,[1]
5,2,1,[1]
5,23,1,[1]
5,3,1,[1]
5,16,1,[1]
5,24,1,[1]
5,9,1,[1]
5,4,1,[1]
5,13,1,[1]
5,1,1,[1]
5,8,1,[1]
5,19,1,[1]
5,11,1,[1]
5,21,1,[1]
5,10,1,[1]
5,20,1,[1]
5,6,1,[1]
5,22,1,[1]
"('atak', ['14', '15', '17', '7', '0', '5', '12', '18', '2', '23', '3', '16', '24', '9', '4', '13', '1', '8', '19', '11', '21', '10', '20', '6', '22'])"
6,24,1,[1]
6,12,1,[1]
6,9,1,[1]
6,2,1,[1]
6,18,1,[1]
6,17,1,[1]
6,8,1,[1]
6,5,1,[1]
6,1,1,[1]
6,4,1,[1]
6,22,1,[1]
6,7,1,[1]
6,3,1,[1]
6,23,1,[1]
6,14,1,[1]
6,6,1,[1]
6,21,1,[1]
6,16,1,[1]
6,10,1,[1]
6,19,1,[1]
6,0,1,[1]
6,11,1,[1]
6,20,1,[1]
6,13,1,[1]
6,15,1,[1]
"('atak', ['24', '12', '9', '2', '18', '17', '8', '5', '1', '4', '22', '7', '3', '23', '14', '6', '21', '16', '10', '19', '0', '11', '20', '13', '15'])"
7,4,1,[1]
7,3,1,[1]
7,7,1,[1]
7,8,1,[1]
7,18,1,[1]
7,9,1,[1]
7,20,1,[1]
7,6,1,[1]
7,22,1,[1]
7,13,1,[1]
7,19,1,[1]
7,16,1,[1]
7,12,1,[1]
7,0,1,[1]
7,10,1,[1]
7,23,1,[1]
7,14,1,[1]
7,1,1,[1]
7,5,1,[1]
7,11,1,[1]
7,21,1,[1]
7,2,1,[1]
7,17,1,[1]
7,15,1,[1]
7,24,1,[1]
"('atak', ['4', '3', '7', '8', '18', '9', '20', '6', '22', '13', '19', '16', '12', '0', '10', '23', '14', '1', '5', '11', '21', '2', '17', '15', '24'])"
8,1,1,[1]
8,16,1,[1]
8,21,1,[1]
8,7,1,[1]
8,22,1,[1]
8,4,1,[1]
8,3,1,[1]
8,8,1,[1]
8,5,1,[1]
8,24,1,[1]
8,13,1,[1]
8,19,1,[1]
8,15,1,[1]
8,9,1,[1]
8,20,1,[1]
8,0,1,[1]
8,23,1,[1]
8,10,1,[1]
8,2,1,[1]
8,11,1,[1]
8,18,1,[1]
8,12,1,[1]
8,14,1,[1]
8,17,1,[1]
8,6,1,[1]
"('atak', ['1', '16', '21', '7', '22', '4', '3', '8', '5', '24', '13', '19', '15', '9', '20', '0', '23', '10', '2', '11', '18', '12', '14', '17', '6'])"
9,8,1,[1]
9,20,1,[1]
9,13,1,[1]
9,22,1,[1]
9,18,1,[1]
9,11,1,[1]
9,6,1,[1]
9,9,1,[1]
9,15,1,[1]
9,2,1,[1]
9,12,1,[1]
9,17,1,[1]
9,0,1,[1]
9,4,1,[1]
9,10,1,[1]
9,16,1,[1]
9,21,1,[1]
9,24,1,[1]
9,7,1,[1]
9,19,1,[1]
9,14,1,[1]
9,23,1,[1]
9,3,1,[1]
9,5,1,[1]
9,1,1,[1]
"('atak', ['8', '20', '13', '22', '18', '11', '6', '9', '15', '2', '12', '17', '0', '4', '10', '16', '21', '24', '7', '19', '14', '23', '3', '5', '1'])"
10,23,1,[1]
10,6,1,[1]
10,9,1,[1]
10,16,1,[1]
10,11,1,[1]
10,4,1,[1]
10,18,1,[1]
10,5,1,[1]
10,2,1,[1]
10,19,1,[1]
10,14,1,[1]
10,1,1,[1]
10,20,1,[1]
10,17,1,[1]
10,0,1,[1]
10,8,1,[1]
10,3,1,[1]
10,12,1,[1]
10,15,1,[1]
10,22,1,[1]
10,24,1,[1]
10,7,1,[1]
10,13,1,[1]
10,10,1,[1]
10,21,1,[1]
"('atak', ['23', '6', '9', '16', '11', '4', '18', '5', '2', '19', '14', '1', '20', '17', '0', '8', '3', '12', '15', '22', '24', '7', '13', '10', '21'])"
11,5,1,[1]
11,0,1,[1]
11,18,1,[1]
11,15,1,[1]
11,20,1,[1]
11,8,1,[1]
11,10,1,[1]
11,24,1,[1]
11,9,1,[1]
11,19,1,[1]
11,12,1,[1]
11,6,1,[1]
11,14,1,[1]
11,2,1,[1]
11,11,1,[1]
11,1,1,[1]
11,23,1,[1]
11,3,1,[1]
11,21,1,[1]
11,4,1,[1]
11,13,1,[1]
11,16,1,[1]
11,17,1,[1]
11,22,1,[1]
11,7,1,[1]
"('atak', ['5', '0', '18', '15', '20', '8', '10', '24', '9', '19', '12', '6', '14', '2', '11', '1', '23', '3', '21', '4', '13', '16', '17', '22', '7'])"
12,17,1,[1]
12,14,1,[1]
12,1,1,[1]
12,7,1,[1]
12,22,1,[1]
12,21,1,[1]
12,9,1,[1]
12,13,1,[1]
12,11,1,[1]
12,20,1,[1]
12,19,1,[1]
12,4,1,[1]
12,3,1,[1]
12,15,1,[1]
12,24,1,[1]
12,12,1,[1]
12,6,1,[1]
12,16,1,[1]
12,10,1,[1]
12,8,1,[1]
12,0,1,[1]
12,18,1,[1]
12,5,1,[1]
12,23,1,[1]
12,2,1,[1]
"('atak', ['17', '14', '1', '7', '22', '21', '9', '13', '11', '20', '19', '4', '3', '15', '24', '12', '6', '16', '10', '8', '0', '18', '5', '23', '2'])"
13,2,1,[1]
13,0,1,[1]
13,5,1,[1]
13,11,1,[1]
13,16,1,[1]
13,10,1,[1]
13,4,1,[1]
13,3,1,[1]
13,22,1,[1]
13,7,1,[1]
13,17,1,[1]
13,13,1,[1]
13,14,1,[1]
13,15,1,[1]
13,23,1,[1]
13,19,1,[1]
13,24,1,[1]
13,6,1,[1]
13,12,1,[1]
13,8,1,[1]
13,18,1,[1]
13,21,1,[1]
13,1,1,[1]
13,20,1,[1]
13,9,1,[1]
"('atak', ['2', '0', '5', '11', '16', '10', '4', '3', '22', '7', '17', '13', '14', '15', '23', '19', '24', '6', '12', '8', '18', '21', '1', '20', '9'])"
14,4,1,[1]
14,16,1,[1]
14,6,1,[1]
14,18,1,[1]
14,13,1,[1]
14,23,1,[1]
14,17,1,[1]
14,14,1,[1]
14,9,1,[1]
14,5,1,[1]
14,3,1,[1]
14,8,1,[1]
14,0,1,[1]
14,1,1,[1]
14,24,1,[1]
14,15,1,[1]
14,11,1,[1]
14,22,1,[1]
14,19,1,[1]
14,2,1,[1]
14,20,1,[1]
14,21,1,[1]
14,10,1,[1]
14,12,1,[1]
14,7,1,[1]
"('atak', ['4', '16', '6', '18', '13', '23', '17', '14', '9', '5', '3', '8', '0', '1', '24', '15', '11', '22', '19', '2', '20', '21', '10', '12', '7'])"
15,22,1,[1]
15,7,1,[1]
15,11,1,[1]
15,2,1,[1]
15,16,1,[1]
15,14,1,[1]
15,3,1,[1]
15,23,1,[1]
15,1,1,[1]
15,20,1,[1]
15,6,1,[1]
15,12,1,[1]
15,0,1,[1]
15,15,1,[1]
15,21,1,[1]
15,9,1,[1]
15,24,1,[1]
15,8,1,[1]
15,19,1,[1]
15,13,1,[1]
15,17,1,[1]
15,10,1,[1]
15,4,1,[1]
15,5,1,[1]
15,18,1,[1]
"('atak', ['22', '7', '11', '2', '16', '14', '3', '23', '1', '20', '6', '12', '0', '15', '21', '9', '24', '8', '19', '13', '17', '10', '4', '5', '18'])"
16,3,1,[1]
16,2,1,[1]
16,24,1,[1]
16,1,1,[1]
16,13,1,[1]
16,5,1,[1]
16,20,1,[1]
16,12,1,[1]
16,17,1,[1]
16,9,1,[1]
16,0,1,[1]
16,15,1,[1]
16,21,1,[1]
16,19,1,[1]
16,23,1,[1]
16,6,1,[1]
16,22,1,[1]
16,14,1,[1]
16,4,1,[1]
16,11,1,[1]
16,16,1,[1]
16,18,1,[1]
16,7,1,[1]
16,8,1,[1]
16,10,1,[1]
"('atak', ['3', '2', '24', '1', '13', '5', '20', '12', '17', '9', '0', '15', '21', '19', '23', '6', '22', '14', '4', '11', '16', '18', '7', '8', '10'])"
17,17,1,[1]
17,23,1,[1]
17,21,1,[1]
17,12,1,[1]
17,8,1,[1]
17,22,1,[1]
17,24,1,[1]
17,9,1,[1]
17,19,1,[1]
17,2,1,[1]
17,14,1,[1]
17,16,1,[1]
17,13,1,[1]
17,10,1,[1]
17,6,1,[1]
17,20,1,[1]
17,5,1,[1]
17,4,1,[1]
17,18,1,[1]
17,0,1,[1]
17,1,1,[1]
17,7,1,[1]
17,11,1,[1]
17,3,1,[1]
17,15,1,[1]
"('atak', ['17', '23', '21', '12', '8', '22', '24', '9', '19', '2', '14', '16', '13', '10', '6', '20', '5', '4', '18', '0', '1', '7', '11', '3', '15'])"
2,0,1,[1]
2,1,1,[1]
2,5,1,[1]
2,17,1,[1]
2,24,1,[1]
2,4,1,[1]
2,22,1,[1]
2,13,1,[1]
2,20,1,[1]
2,21,1,[1]
2,14,1,[1]
2,23,1,[1]
2,8,1,[1]
2,11,1,[1]
2,7,1,[1]
2,3,1,[1]
2,16,1,[1]
2,6,1,[1]
2,10,1,[1]
2,19,1,[1]
2,12,1,[1]
2,2,1,[1]
2,18,1,[1]
2,9,1,[1]
2,15,1,[1]
"('atak', ['0', '1', '5', '17', '24', '4', '22', '13', '20', '21', '14', '23', '8', '11', '7', '3', '16', '6', '10', '19', '12', '2', '18', '9', '15'])"
3,10,1,[1]
3,6,1,[1]
3,21,1,[1]
3,16,1,[1]
3,3,1,[1]
3,13,1,[1]
3,14,1,[1]
3,23,1,[1]
3,8,1,[1]
3,2,1,[1]
3,12,1,[1]
3,7,1,[1]
3,15,1,[1]
3,11,1,[1]
3,5,1,[1]
3,4,1,[1]
3,22,1,[1]
3,20,1,[1]
3,0,1,[1]
3,9,1,[1]
3,18,1,[1]
3,24,1,[1]
3,19,1,[1]
3,17,1,[1]
3,1,1,[1]
"('atak', ['10', '6', '21', '16', '3', '13', '14', '23', '8', '2', '12', '7', '15', '11', '5', '4', '22', '20', '0', '9', '18', '24', '19', '17', '1'])"
4,6,1,[1]
4,5,1,[1]
4,7,1,[1]
4,11,1,[1]
4,14,1,[1]
4,8,1,[1]
4,2,1,[1]
4,15,1,[1]
4,4,1,[1]
4,23,1,[1]
4,20,1,[1]
4,3,1,[1]
4,9,1,[1]
4,1,1,[1]
4,21,1,[1]
4,18,1,[1]
4,13,1,[1]
4,19,1,[1]
4,16,1,[1]
4,22,1,[1]
4,10,1,[1]
4,24,1,[1]
4,0,1,[1]
4,12,1,[1]
4,17,1,[1]
"('atak', ['6', '5', '7', '11', '14', '8', '2', '15', '4', '23', '20', '3', '9', '1', '21', '18', '13', '19', '16', '22', '10', '24', '0', '12', '17'])"
5,14,1,[1]
5,15,1,[1]
5,17,1,[1]
5,7,1,[1]
5,0,1,[1]
5,5,1,[1]
5,12,1,[1]
5,18,1,[1]
5,2,1,[1]
5,23,1,[1]
5,3,1,[1]
5,16,1,[1]
5,24,1,[1]
5,9,1,[1]
5,4,1,[1]
5,13,1,[1]
5,1,1,[1]
5,8,1,[1]
5,19,1,[1]
5,11,1,[1]
5,21,1,[1]
5,10,1,[1]
5,20,1,[1]
5,6,1,[1]
5,22,1,[1]
"('atak', ['14', '15', '17', '7', '0', '5', '12', '18', '2', '23', '3', '16', '24', '9', '4', '13', '1', '8', '19', '11', '21', '10', '20', '6', '22'])"
6,24,1,[1]
6,12,1,[1]
6,9,1,[1]
6,2,1,[1]
6,18,1,[1]
6,17,1,[1]
6,8,1,[1]
6,5,1,[1]
6,1,1,[1]
6,4,1,[1]
6,22,1,[1]
6,7,1,[1]
6,3,1,[1]
6,23,1,[1]
6,14,1,[1]
6,6,1,[1]
6,21,1,[1]
6,16,1,[1]
6,10,1,[1]
6,19,1,[1]
6,0,1,[1]
6,11,1,[1]
6,20,1,[1]
6,13,1,[1]
6,15,1,[1]
"('atak', ['24', '12', '9', '2', '18', '17', '8', '5', '1', '4', '22', '7', '3', '23', '14', '6', '21', '16', '10', '19', '0', '11', '20', '13', '15'])"
7,4,1,[1]
7,3,1,[1]
7,7,1,[1]
7,8,1,[1]
7,18,1,[1]
7,9,1,[1]
7,20,1,[1]
7,6,1,[1]
7,22,1,[1]
7,13,1,[1]
7,19,1,[1]
7,16,1,[1]
7,12,1,[1]
7,0,1,[1]
7,10,1,[1]
7,23,1,[1]
7,14,1,[1]
7,1,1,[1]
7,5,1,[1]
7,11,1,[1]
7,21,1,[1]
7,2,1,[1]
7,17,1,[1]
7,15,1,[1]
7,24,1,[1]
"('atak', ['4', '3', '7', '8', '18', '9', '20', '6', '22', '13', '19', '16', '12', '0', '10', '23', '14', '1', '5', '11', '21', '2', '17', '15', '24'])"
8,1,1,[1]
8,16,1,[1]
8,21,1,[1]
8,7,1,[1]
8,22,1,[1]
8,4,1,[1]
8,3,1,[1]
8,8,1,[1]
8,5,1,[1]
8,24,1,[1]
8,13,1,[1]
8,19,1,[1]
8,15,1,[1]
8,9,1,[1]
8,20,1,[1]
8,0,1,[1]
8,23,1,[1]
8,10,1,[1]
8,2,1,[1]
8,11,1,[1]
8,18,1,[1]
8,12,1,[1]
8,14,1,[1]
8,17,1,[1]
8,6,1,[1]
"('atak', ['1', '16', '21', '7', '22', '4', '3', '8', '5', '24', '13', '19', '15', '9', '20', '0', '23', '10', '2', '11', '18', '12', '14', '17', '6'])"
9,8,1,[1]
9,20,1,[1]
9,13,1,[1]
9,22,1,[1]
9,18,1,[1]
9,11,1,[1]
9,6,1,[1]
9,9,1,[1]
9,15,1,[1]
9,2,1,[1]
9,12,1,[1]
9,17,1,[1]
9,0,1,[1]
9,4,1,[1]
9,10,1,[1]
9,16,1,[1]
9,21,1,[1]
9,24,1,[1]
9,7,1,[1]
9,19,1,[1]
9,14,1,[1]
9,23,1,[1]
9,3,1,[1]
9,5,1,[1]
9,1,1,[1]
"('atak', ['8', '20', '13', '22', '18', '11', '6', '9', '15', '2', '12', '17', '0', '4', '10', '16', '21', '24', '7', '19', '14', '23', '3', '5', '1'])"
10,23,1,[1]
10,6,1,[1]
10,9,1,[1]
10,16,1,[1]
10,11,1,[1]
10,4,1,[1]
10,18,1,[1]
10,5,1,[1]
10,2,1,[1]
10,19,1,[1]
10,14,1,[1]
10,1,1,[1]
10,20,1,[1]
10,17,1,[1]
10,0,1,[1]
10,8,1,[1]
10,3,1,[1]
10,12,1,[1]
10,15,1,[1]
10,22,1,[1]
10,24,1,[1]
10,7,1,[1]
10,13,1,[1]
10,10,1,[1]
10,21,1,[1]
"('atak', ['23', '6', '9', '16', '11', '4', '18', '5', '2', '19', '14', '1', '20', '17', '0', '8', '3', '12', '15', '22', '24', '7', '13', '10', '21'])"
11,5,1,[1]
11,0,1,[1]
11,18,1,[1]
11,15,1,[1]
11,20,1,[1]
11,8,1,[1]
11,10,1,[1]
11,24,1,[1]
11,9,1,[1]
11,19,1,[1]
11,12,1,[1]
11,6,1,[1]
11,14,1,[1]
11,2,1,[1]
11,11,1,[1]
11,1,1,[1]
11,23,1,[1]
11,3,1,[1]
11,21,1,[1]
11,4,1,[1]
11,13,1,[1]
11,16,1,[1]
11,17,1,[1]
11,22,1,[1]
11,7,1,[1]
"('atak', ['5', '0', '18', '15', '20', '8', '10', '24', '9', '19', '12', '6', '14', '2', '11', '1', '23', '3', '21', '4', '13', '16', '17', '22', '7'])"
12,17,1,[1]
12,14,1,[1]
12,1,1,[1]
12,7,1,[1]
12,22,1,[1]
12,21,1,[1]
12,9,1,[1]
12,13,1,[1]
12,11,1,[1]
12,20,1,[1]
12,19,1,[1]
12,4,1,[1]
12,3,1,[1]
12,15,1,[1]
12,24,1,[1]
12,12,1,[1]
12,6,1,[1]
12,16,1,[1]
12,10,1,[1]
12,8,1,[1]
12,0,1,[1]
12,18,1,[1]
12,5,1,[1]
12,23,1,[1]
12,2,1,[1]
"('atak', ['17', '14', '1', '7', '22', '21', '9', '13', '11', '20', '19', '4', '3', '15', '24', '12', '6', '16', '10', '8', '0', '18', '5', '23', '2'])"
13,2,1,[1]
13,0,1,[1]
13,5,1,[1]
13,11,1,[1]
13,16,1,[1]
13,10,1,[1]
13,4,1,[1]
13,3,1,[1]
13,22,1,[1]
13,7,1,[1]
13,17,1,[1]
13,13,1,[1]
13,14,1,[1]
13,15,1,[1]
13,23,1,[1]
13,19,1,[1]
13,24,1,[1]
13,6,1,[1]
13,12,1,[1]
13,8,1,[1]
13,18,1,[1]
13,21,1,[1]
13,1,1,[1]
13,20,1,[1]
13,9,1,[1]
"('atak', ['2', '0', '5', '11', '16', '10', '4', '3', '22', '7', '17', '13', '14', '15', '23', '19', '24', '6', '12', '8', '18', '21', '1', '20', '9'])"
14,4,1,[1]
14,16,1,[1]
14,6,1,[1]
14,18,1,[1]
14,13,1,[1]
14,23,1,[1]
14,17,1,[1]
14,14,1,[1]
14,9,1,[1]
14,5,1,[1]
14,3,1,[1]
14,8,1,[1]
14,0,1,[1]
14,1,1,[1]
14,24,1,[1]
14,15,1,[1]
14,11,1,[1]
14,22,1,[1]
14,19,1,[1]
14,2,1,[1]
14,20,1,[1]
14,21,1,[1]
14,10,1,[1]
14,12,1,[1]
14,7,1,[1]
"('atak', ['4', '16', '6', '18', '13', '23', '17', '14', '9', '5', '3', '8', '0', '1', '24', '15', '11', '22', '19', '2', '20', '21', '10', '12', '7'])"
15,22,1,[1]
15,7,1,[1]
15,11,1,[1]
15,2,1,[1]
15,16,1,[1]
15,14,1,[1]
15,3,1,[1]
15,23,1,[1]
15,1,1,[1]
15,20,1,[1]
15,6,1,[1]
15,12,1,[1]
15,0,1,[1]
15,15,1,[1]
15,21,1,[1]
15,9,1,[1]
15,24,1,[1]
15,8,1,[1]
15,19,1,[1]
15,13,1,[1]
15,17,1,[1]
15,10,1,[1]
15,4,1,[1]
15,5,1,[1]
15,18,1,[1]
"('atak', ['22', '7', '11', '2', '16', '14', '3', '23', '1', '20', '6', '12', '0', '15', '21', '9', '24', '8', '19', '13', '17', '10', '4', '5', '18'])"
16,3,1,[1]
16,2,1,[1]
16,24,1,[1]
16,1,1,[1]
16,13,1,[1]
16,5,1,[1]
16,20,1,[1]
16,12,1,[1]
16,17,1,[1]
16,9,1,[1]
16,0,1,[1]
16,15,1,[1]
16,21,1,[1]
16,19,1,[1]
16,23,1,[1]
16,6,1,[1]
16,22,1,[1]
16,14,1,[1]
16,4,1,[1]
16,11,1,[1]
16,16,1,[1]
16,18,1,[1]
16,7,1,[1]
16,8,1,[1]
16,10,1,[1]
"('atak', ['3', '2', '24', '1', '13', '5', '20', '12', '17', '9', '0', '15', '21', '19', '23', '6', '22', '14', '4', '11', '16', '18', '7', '8', '10'])"
17,17,1,[1]
17,23,1,[1]
17,21,1,[1]
17,12,1,[1]
17,8,1,[1]
17,22,1,[1]
17,24,1,[1]
17,9,1,[1]
17,19,1,[1]
17,2,1,[1]
17,14,1,[1]
17,16,1,[1]
17,13,1,[1]
17,10,1,[1]
17,6,1,[1]
17,20,1,[1]
17,5,1,[1]
17,4,1,[1]
17,18,1,[1]
17,0,1,[1]
17,1,1,[1]
17,7,1,[1]
17,11,1,[1]
17,3,1,[1]
17,15,1,[1]
"('atak', ['17', '23', '21', '12', '8', '22', '24', '9', '19', '2', '14', '16', '13', '10', '6', '20', '5', '4', '18', '0', '1', '7', '11', '3', '15'])"
18,7,1,[1]
18,17,1,[1]
18,1,1,[1]
18,24,1,[1]
18,20,1,[1]
18,12,1,[1]
18,5,1,[1]
18,11,1,[1]
18,3,1,[1]
18,18,1,[1]
18,2,1,[1]
18,9,1,[1]
18,6,1,[1]
18,15,1,[1]
18,13,1,[1]
18,21,1,[1]
18,0,1,[1]
18,8,1,[1]
18,14,1,[1]
18,22,1,[1]
18,4,1,[1]
18,19,1,[1]
18,23,1,[1]
18,16,1,[1]
18,10,1,[1]
"('atak', ['7', '17', '1', '24', '20', '12', '5', '11', '3', '18', '2', '9', '6', '15', '13', '21', '0', '8', '14', '22', '4', '19', '23', '16', '10'])"
2,0,1,[1]
2,1,1,[1]
2,5,1,[1]
2,17,1,[1]
2,24,1,[1]
2,4,1,[1]
2,22,1,[1]
2,13,1,[1]
2,20,1,[1]
2,21,1,[1]
2,14,1,[1]
2,23,1,[1]
2,8,1,[1]
2,11,1,[1]
2,7,1,[1]
2,3,1,[1]
2,16,1,[1]
2,6,1,[1]
2,10,1,[1]
2,19,1,[1]
2,12,1,[1]
2,2,1,[1]
2,18,1,[1]
2,9,1,[1]
2,15,1,[1]
"('atak', ['0', '1', '5', '17', '24', '4', '22', '13', '20', '21', '14', '23', '8', '11', '7', '3', '16', '6', '10', '19', '12', '2', '18', '9', '15'])"
3,10,1,[1]
3,6,1,[1]
3,21,1,[1]
3,16,1,[1]
3,3,1,[1]
3,13,1,[1]
3,14,1,[1]
3,23,1,[1]
3,8,1,[1]
3,2,1,[1]
3,12,1,[1]
3,7,1,[1]
3,15,1,[1]
3,11,1,[1]
3,5,1,[1]
3,4,1,[1]
3,22,1,[1]
3,20,1,[1]
3,0,1,[1]
3,9,1,[1]
3,18,1,[1]
3,24,1,[1]
3,19,1,[1]
3,17,1,[1]
3,1,1,[1]
"('atak', ['10', '6', '21', '16', '3', '13', '14', '23', '8', '2', '12', '7', '15', '11', '5', '4', '22', '20', '0', '9', '18', '24', '19', '17', '1'])"
4,6,1,[1]
4,5,1,[1]
4,7,1,[1]
4,11,1,[1]
4,14,1,[1]
4,8,1,[1]
4,2,1,[1]
4,15,1,[1]
4,4,1,[1]
4,23,1,[1]
4,20,1,[1]
4,3,1,[1]
4,9,1,[1]
4,1,1,[1]
4,21,1,[1]
4,18,1,[1]
4,13,1,[1]
4,19,1,[1]
4,16,1,[1]
4,22,1,[1]
4,10,1,[1]
4,24,1,[1]
4,0,1,[1]
4,12,1,[1]
4,17,1,[1]
"('atak', ['6', '5', '7', '11', '14', '8', '2', '15', '4', '23', '20', '3', '9', '1', '21', '18', '13', '19', '16', '22', '10', '24', '0', '12', '17'])"
5,14,1,[1]
5,15,1,[1]
5,17,1,[1]
5,7,1,[1]
5,0,1,[1]
5,5,1,[1]
5,12,1,[1]
5,18,1,[1]
5,2,1,[1]
5,23,1,[1]
5,3,1,[1]
5,16,1,[1]
5,24,1,[1]
5,9,1,[1]
5,4,1,[1]
5,13,1,[1]
5,1,1,[1]
5,8,1,[1]
5,19,1,[1]
5,11,1,[1]
5,21,1,[1]
5,10,1,[1]
5,20,1,[1]
5,6,1,[1]
5,22,1,[1]
"('atak', ['14', '15', '17', '7', '0', '5', '12', '18', '2', '23', '3', '16', '24', '9', '4', '13', '1', '8', '19', '11', '21', '10', '20', '6', '22'])"
6,24,1,[1]
6,12,1,[1]
6,9,1,[1]
6,2,1,[1]
6,18,1,[1]
6,17,1,[1]
6,8,1,[1]
6,5,1,[1]
6,1,1,[1]
6,4,1,[1]
6,22,1,[1]
6,7,1,[1]
6,3,1,[1]
6,23,1,[1]
6,14,1,[1]
6,6,1,[1]
6,21,1,[1]
6,16,1,[1]
6,10,1,[1]
6,19,1,[1]
6,0,1,[1]
6,11,1,[1]
6,20,1,[1]
6,13,1,[1]
6,15,1,[1]
"('atak', ['24', '12', '9', '2', '18', '17', '8', '5', '1', '4', '22', '7', '3', '23', '14', '6', '21', '16', '10', '19', '0', '11', '20', '13', '15'])"
7,4,1,[1]
7,3,1,[1]
7,7,1,[1]
7,8,1,[1]
7,18,1,[1]
7,9,1,[1]
7,20,1,[1]
7,6,1,[1]
7,22,1,[1]
7,13,1,[1]
7,19,1,[1]
7,16,1,[1]
7,12,1,[1]
7,0,1,[1]
7,10,1,[1]
7,23,1,[1]
7,14,1,[1]
7,1,1,[1]
7,5,1,[1]
7,11,1,[1]
7,21,1,[1]
7,2,1,[1]
7,17,1,[1]
7,15,1,[1]
7,24,1,[1]
"('atak', ['4', '3', '7', '8', '18', '9', '20', '6', '22', '13', '19', '16', '12', '0', '10', '23', '14', '1', '5', '11', '21', '2', '17', '15', '24'])"
8,1,1,[1]
8,16,1,[1]
8,21,1,[1]
8,7,1,[1]
8,22,1,[1]
8,4,1,[1]
8,3,1,[1]
8,8,1,[1]
8,5,1,[1]
8,24,1,[1]
8,13,1,[1]
8,19,1,[1]
8,15,1,[1]
8,9,1,[1]
8,20,1,[1]
8,0,1,[1]
8,23,1,[1]
8,10,1,[1]
8,2,1,[1]
8,11,1,[1]
8,18,1,[1]
8,12,1,[1]
8,14,1,[1]
8,17,1,[1]
8,6,1,[1]
"('atak', ['1', '16', '21', '7', '22', '4', '3', '8', '5', '24', '13', '19', '15', '9', '20', '0', '23', '10', '2', '11', '18', '12', '14', '17', '6'])"
9,8,1,[1]
9,20,1,[1]
9,13,1,[1]
9,22,1,[1]
9,18,1,[1]
9,11,1,[1]
9,6,1,[1]
9,9,1,[1]
9,15,1,[1]
9,2,1,[1]
9,12,1,[1]
9,17,1,[1]
9,0,1,[1]
9,4,1,[1]
9,10,1,[1]
9,16,1,[1]
9,21,1,[1]
9,24,1,[1]
9,7,1,[1]
9,19,1,[1]
9,14,1,[1]
9,23,1,[1]
9,3,1,[1]
9,5,1,[1]
9,1,1,[1]
"('atak', ['8', '20', '13', '22', '18', '11', '6', '9', '15', '2', '12', '17', '0', '4', '10', '16', '21', '24', '7', '19', '14', '23', '3', '5', '1'])"
10,23,1,[1]
10,6,1,[1]
10,9,1,[1]
10,16,1,[1]
10,11,1,[1]
10,4,1,[1]
10,18,1,[1]
10,5,1,[1]
10,2,1,[1]
10,19,1,[1]
10,14,1,[1]
10,1,1,[1]
10,20,1,[1]
10,17,1,[1]
10,0,1,[1]
10,8,1,[1]
10,3,1,[1]
10,12,1,[1]
10,15,1,[1]
10,22,1,[1]
10,24,1,[1]
10,7,1,[1]
10,13,1,[1]
10,10,1,[1]
10,21,1,[1]
"('atak', ['23', '6', '9', '16', '11', '4', '18', '5', '2', '19', '14', '1', '20', '17', '0', '8', '3', '12', '15', '22', '24', '7', '13', '10', '21'])"
11,5,1,[1]
11,0,1,[1]
11,18,1,[1]
11,15,1,[1]
11,20,1,[1]
11,8,1,[1]
11,10,1,[1]
11,24,1,[1]
11,9,1,[1]
11,19,1,[1]
11,12,1,[1]
11,6,1,[1]
11,14,1,[1]
11,2,1,[1]
11,11,1,[1]
11,1,1,[1]
11,23,1,[1]
11,3,1,[1]
11,21,1,[1]
11,4,1,[1]
11,13,1,[1]
11,16,1,[1]
11,17,1,[1]
11,22,1,[1]
11,7,1,[1]
"('atak', ['5', '0', '18', '15', '20', '8', '10', '24', '9', '19', '12', '6', '14', '2', '11', '1', '23', '3', '21', '4', '13', '16', '17', '22', '7'])"
12,17,1,[1]
12,14,1,[1]
12,1,1,[1]
12,7,1,[1]
12,22,1,[1]
12,21,1,[1]
12,9,1,[1]
12,13,1,[1]
12,11,1,[1]
12,20,1,[1]
12,19,1,[1]
12,4,1,[1]
12,3,1,[1]
12,15,1,[1]
12,24,1,[1]
12,12,1,[1]
12,6,1,[1]
12,16,1,[1]
12,10,1,[1]
12,8,1,[1]
12,0,1,[1]
12,18,1,[1]
12,5,1,[1]
12,23,1,[1]
12,2,1,[1]
"('atak', ['17', '14', '1', '7', '22', '21', '9', '13', '11', '20', '19', '4', '3', '15', '24', '12', '6', '16', '10', '8', '0', '18', '5', '23', '2'])"
13,2,1,[1]
13,0,1,[1]
13,5,1,[1]
13,11,1,[1]
13,16,1,[1]
13,10,1,[1]
13,4,1,[1]
13,3,1,[1]
13,22,1,[1]
13,7,1,[1]
13,17,1,[1]
13,13,1,[1]
13,14,1,[1]
13,15,1,[1]
13,23,1,[1]
13,19,1,[1]
13,24,1,[1]
13,6,1,[1]
13,12,1,[1]
13,8,1,[1]
13,18,1,[1]
13,21,1,[1]
13,1,1,[1]
13,20,1,[1]
13,9,1,[1]
"('atak', ['2', '0', '5', '11', '16', '10', '4', '3', '22', '7', '17', '13', '14', '15', '23', '19', '24', '6', '12', '8', '18', '21', '1', '20', '9'])"
14,4,1,[1]
14,16,1,[1]
14,6,1,[1]
14,18,1,[1]
14,13,1,[1]
14,23,1,[1]
14,17,1,[1]
14,14,1,[1]
14,9,1,[1]
14,5,1,[1]
14,3,1,[1]
14,8,1,[1]
14,0,1,[1]
14,1,1,[1]
14,24,1,[1]
14,15,1,[1]
14,11,1,[1]
14,22,1,[1]
14,19,1,[1]
14,2,1,[1]
14,20,1,[1]
14,21,1,[1]
14,10,1,[1]
14,12,1,[1]
14,7,1,[1]
"('atak', ['4', '16', '6', '18', '13', '23', '17', '14', '9', '5', '3', '8', '0', '1', '24', '15', '11', '22', '19', '2', '20', '21', '10', '12', '7'])"
15,22,1,[1]
15,7,1,[1]
15,11,1,[1]
15,2,1,[1]
15,16,1,[1]
15,14,1,[1]
15,3,1,[1]
15,23,1,[1]
15,1,1,[1]
15,20,1,[1]
15,6,1,[1]
15,12,1,[1]
15,0,1,[1]
15,15,1,[1]
15,21,1,[1]
15,9,1,[1]
15,24,1,[1]
15,8,1,[1]
15,19,1,[1]
15,13,1,[1]
15,17,1,[1]
15,10,1,[1]
15,4,1,[1]
15,5,1,[1]
15,18,1,[1]
"('atak', ['22', '7', '11', '2', '16', '14', '3', '23', '1', '20', '6', '12', '0', '15', '21', '9', '24', '8', '19', '13', '17', '10', '4', '5', '18'])"
16,3,1,[1]
16,2,1,[1]
16,24,1,[1]
16,1,1,[1]
16,13,1,[1]
16,5,1,[1]
16,20,1,[1]
16,12,1,[1]
16,17,1,[1]
16,9,1,[1]
16,0,1,[1]
16,15,1,[1]
16,21,1,[1]
16,19,1,[1]
16,23,1,[1]
16,6,1,[1]
16,22,1,[1]
16,14,1,[1]
16,4,1,[1]
16,11,1,[1]
16,16,1,[1]
16,18,1,[1]
16,7,1,[1]
16,8,1,[1]
16,10,1,[1]
"('atak', ['3', '2', '24', '1', '13', '5', '20', '12', '17', '9', '0', '15', '21', '19', '23', '6', '22', '14', '4', '11', '16', '18', '7', '8', '10'])"
17,17,1,[1]
17,23,1,[1]
17,21,1,[1]
17,12,1,[1]
17,8,1,[1]
17,22,1,[1]
17,24,1,[1]
17,9,1,[1]
17,19,1,[1]
17,2,1,[1]
17,14,1,[1]
17,16,1,[1]
17,13,1,[1]
17,10,1,[1]
17,6,1,[1]
17,20,1,[1]
17,5,1,[1]
17,4,1,[1]
17,18,1,[1]
17,0,1,[1]
17,1,1,[1]
17,7,1,[1]
17,11,1,[1]
17,3,1,[1]
17,15,1,[1]
"('atak', ['17', '23', '21', '12', '8', '22', '24', '9', '19', '2', '14', '16', '13', '10', '6', '20', '5', '4', '18', '0', '1', '7', '11', '3', '15'])"
18,7,1,[1]
18,17,1,[1]
18,1,1,[1]
18,24,1,[1]
18,20,1,[1]
18,12,1,[1]
18,5,1,[1]
18,11,1,[1]
18,3,1,[1]
18,18,1,[1]
18,2,1,[1]
18,9,1,[1]
18,6,1,[1]
18,15,1,[1]
18,13,1,[1]
18,21,1,[1]
18,0,1,[1]
18,8,1,[1]
18,14,1,[1]
18,22,1,[1]
18,4,1,[1]
18,19,1,[1]
18,23,1,[1]
18,16,1,[1]
18,10,1,[1]
"('atak', ['7', '17', '1', '24', '20', '12', '5', '11', '3', '18', '2', '9', '6', '15', '13', '21', '0', '8', '14', '22', '4', '19', '23', '16', '10'])"
19,18,1,[1]
19,12,1,[1]
19,2,1,[1]
19,9,1,[1]
19,21,1,[1]
19,22,1,[1]
19,11,1,[1]
19,3,1,[1]
19,5,1,[1]
19,15,1,[1]
19,8,1,[1]
19,16,1,[1]
19,24,1,[1]
19,14,1,[1]
19,17,1,[1]
19,7,1,[1]
19,4,1,[1]
19,1,1,[1]
19,23,1,[1]
19,20,1,[1]
19,6,1,[1]
19,0,1,[1]
19,13,1,[1]
19,10,1,[1]
19,19,1,[1]
"('atak', ['18', '12', '2', '9', '21', '22', '11', '3', '5', '15', '8', '16', '24', '14', '17', '7', '4', '1', '23', '20', '6', '0', '13', '10', '19'])"
2,0,1,[1]
2,1,1,[1]
2,5,1,[1]
2,17,1,[1]
2,24,1,[1]
2,4,1,[1]
2,22,1,[1]
2,13,1,[1]
2,20,1,[1]
2,21,1,[1]
2,14,1,[1]
2,23,1,[1]
2,8,1,[1]
2,11,1,[1]
2,7,1,[1]
2,3,1,[1]
2,16,1,[1]
2,6,1,[1]
2,10,1,[1]
2,19,1,[1]
2,12,1,[1]
2,2,1,[1]
2,18,1,[1]
2,9,1,[1]
2,15,1,[1]
"('atak', ['0', '1', '5', '17', '24', '4', '22', '13', '20', '21', '14', '23', '8', '11', '7', '3', '16', '6', '10', '19', '12', '2', '18', '9', '15'])"
3,10,1,[1]
3,6,1,[1]
3,21,1,[1]
3,16,1,[1]
3,3,1,[1]
3,13,1,[1]
3,14,1,[1]
3,23,1,[1]
3,8,1,[1]
3,2,1,[1]
3,12,1,[1]
3,7,1,[1]
3,15,1,[1]
3,11,1,[1]
3,5,1,[1]
3,4,1,[1]
3,22,1,[1]
3,20,1,[1]
3,0,1,[1]
3,9,1,[1]
3,18,1,[1]
3,24,1,[1]
3,19,1,[1]
3,17,1,[1]
3,1,1,[1]
"('atak', ['10', '6', '21', '16', '3', '13', '14', '23', '8', '2', '12', '7', '15', '11', '5', '4', '22', '20', '0', '9', '18', '24', '19', '17', '1'])"
4,6,1,[1]
4,5,1,[1]
4,7,1,[1]
4,11,1,[1]
4,14,1,[1]
4,8,1,[1]
4,2,1,[1]
4,15,1,[1]
4,4,1,[1]
4,23,1,[1]
4,20,1,[1]
4,3,1,[1]
4,9,1,[1]
4,1,1,[1]
4,21,1,[1]
4,18,1,[1]
4,13,1,[1]
4,19,1,[1]
4,16,1,[1]
4,22,1,[1]
4,10,1,[1]
4,24,1,[1]
4,0,1,[1]
4,12,1,[1]
4,17,1,[1]
"('atak', ['6', '5', '7', '11', '14', '8', '2', '15', '4', '23', '20', '3', '9', '1', '21', '18', '13', '19', '16', '22', '10', '24', '0', '12', '17'])"
5,14,1,[1]
5,15,1,[1]
5,17,1,[1]
5,7,1,[1]
5,0,1,[1]
5,5,1,[1]
5,12,1,[1]
5,18,1,[1]
5,2,1,[1]
5,23,1,[1]
5,3,1,[1]
5,16,1,[1]
5,24,1,[1]
5,9,1,[1]
5,4,1,[1]
5,13,1,[1]
5,1,1,[1]
5,8,1,[1]
5,19,1,[1]
5,11,1,[1]
5,21,1,[1]
5,10,1,[1]
5,20,1,[1]
5,6,1,[1]
5,22,1,[1]
"('atak', ['14', '15', '17', '7', '0', '5', '12', '18', '2', '23', '3', '16', '24', '9', '4', '13', '1', '8', '19', '11', '21', '10', '20', '6', '22'])"
6,24,1,[1]
6,12,1,[1]
6,9,1,[1]
6,2,1,[1]
6,18,1,[1]
6,17,1,[1]
6,8,1,[1]
6,5,1,[1]
6,1,1,[1]
6,4,1,[1]
6,22,1,[1]
6,7,1,[1]
6,3,1,[1]
6,23,1,[1]
6,14,1,[1]
6,6,1,[1]
6,21,1,[1]
6,16,1,[1]
6,10,1,[1]
6,19,1,[1]
6,0,1,[1]
6,11,1,[1]
6,20,1,[1]
6,13,1,[1]
6,15,1,[1]
"('atak', ['24', '12', '9', '2', '18', '17', '8', '5', '1', '4', '22', '7', '3', '23', '14', '6', '21', '16', '10', '19', '0', '11', '20', '13', '15'])"
7,4,1,[1]
7,3,1,[1]
7,7,1,[1]
7,8,1,[1]
7,18,1,[1]
7,9,1,[1]
7,20,1,[1]
7,6,1,[1]
7,22,1,[1]
7,13,1,[1]
7,19,1,[1]
7,16,1,[1]
7,12,1,[1]
7,0,1,[1]
7,10,1,[1]
7,23,1,[1]
7,14,1,[1]
7,1,1,[1]
7,5,1,[1]
7,11,1,[1]
7,21,1,[1]
7,2,1,[1]
7,17,1,[1]
7,15,1,[1]
7,24,1,[1]
"('atak', ['4', '3', '7', '8', '18', '9', '20', '6', '22', '13', '19', '16', '12', '0', '10', '23', '14', '1', '5', '11', '21', '2', '17', '15', '24'])"
8,1,1,[1]
8,16,1,[1]
8,21,1,[1]
8,7,1,[1]
8,22,1,[1]
8,4,1,[1]
8,3,1,[1]
8,8,1,[1]
8,5,1,[1]
8,24,1,[1]
8,13,1,[1]
8,19,1,[1]
8,15,1,[1]
8,9,1,[1]
8,20,1,[1]
8,0,1,[1]
8,23,1,[1]
8,10,1,[1]
8,2,1,[1]
8,11,1,[1]
8,18,1,[1]
8,12,1,[1]
8,14,1,[1]
8,17,1,[1]
8,6,1,[1]
"('atak', ['1', '16', '21', '7', '22', '4', '3', '8', '5', '24', '13', '19', '15', '9', '20', '0', '23', '10', '2', '11', '18', '12', '14', '17', '6'])"
9,8,1,[1]
9,20,1,[1]
9,13,1,[1]
9,22,1,[1]
9,18,1,[1]
9,11,1,[1]
9,6,1,[1]
9,9,1,[1]
9,15,1,[1]
9,2,1,[1]
9,12,1,[1]
9,17,1,[1]
9,0,1,[1]
9,4,1,[1]
9,10,1,[1]
9,16,1,[1]
9,21,1,[1]
9,24,1,[1]
9,7,1,[1]
9,19,1,[1]
9,14,1,[1]
9,23,1,[1]
9,3,1,[1]
9,5,1,[1]
9,1,1,[1]
"('atak', ['8', '20', '13', '22', '18', '11', '6', '9', '15', '2', '12', '17', '0', '4', '10', '16', '21', '24', '7', '19', '14', '23', '3', '5', '1'])"
10,23,1,[1]
10,6,1,[1]
10,9,1,[1]
10,16,1,[1]
10,11,1,[1]
10,4,1,[1]
10,18,1,[1]
10,5,1,[1]
10,2,1,[1]
10,19,1,[1]
10,14,1,[1]
10,1,1,[1]
10,20,1,[1]
10,17,1,[1]
10,0,1,[1]
10,8,1,[1]
10,3,1,[1]
10,12,1,[1]
10,15,1,[1]
10,22,1,[1]
10,24,1,[1]
10,7,1,[1]
10,13,1,[1]
10,10,1,[1]
10,21,1,[1]
"('atak', ['23', '6', '9', '16', '11', '4', '18', '5', '2', '19', '14', '1', '20', '17', '0', '8', '3', '12', '15', '22', '24', '7', '13', '10', '21'])"
11,5,1,[1]
11,0,1,[1]
11,18,1,[1]
11,15,1,[1]
11,20,1,[1]
11,8,1,[1]
11,10,1,[1]
11,24,1,[1]
11,9,1,[1]
11,19,1,[1]
11,12,1,[1]
11,6,1,[1]
11,14,1,[1]
11,2,1,[1]
11,11,1,[1]
11,1,1,[1]
11,23,1,[1]
11,3,1,[1]
11,21,1,[1]
11,4,1,[1]
11,13,1,[1]
11,16,1,[1]
11,17,1,[1]
11,22,1,[1]
11,7,1,[1]
"('atak', ['5', '0', '18', '15', '20', '8', '10', '24', '9', '19', '12', '6', '14', '2', '11', '1', '23', '3', '21', '4', '13', '16', '17', '22', '7'])"
12,17,1,[1]
12,14,1,[1]
12,1,1,[1]
12,7,1,[1]
12,22,1,[1]
12,21,1,[1]
12,9,1,[1]
12,13,1,[1]
12,11,1,[1]
12,20,1,[1]
12,19,1,[1]
12,4,1,[1]
12,3,1,[1]
12,15,1,[1]
12,24,1,[1]
12,12,1,[1]
12,6,1,[1]
12,16,1,[1]
12,10,1,[1]
12,8,1,[1]
12,0,1,[1]
12,18,1,[1]
12,5,1,[1]
12,23,1,[1]
12,2,1,[1]
"('atak', ['17', '14', '1', '7', '22', '21', '9', '13', '11', '20', '19', '4', '3', '15', '24', '12', '6', '16', '10', '8', '0', '18', '5', '23', '2'])"
13,2,1,[1]
13,0,1,[1]
13,5,1,[1]
13,11,1,[1]
13,16,1,[1]
13,10,1,[1]
13,4,1,[1]
13,3,1,[1]
13,22,1,[1]
13,7,1,[1]
13,17,1,[1]
13,13,1,[1]
13,14,1,[1]
13,15,1,[1]
13,23,1,[1]
13,19,1,[1]
13,24,1,[1]
13,6,1,[1]
13,12,1,[1]
13,8,1,[1]
13,18,1,[1]
13,21,1,[1]
13,1,1,[1]
13,20,1,[1]
13,9,1,[1]
"('atak', ['2', '0', '5', '11', '16', '10', '4', '3', '22', '7', '17', '13', '14', '15', '23', '19', '24', '6', '12', '8', '18', '21', '1', '20', '9'])"
14,4,1,[1]
14,16,1,[1]
14,6,1,[1]
14,18,1,[1]
14,13,1,[1]
14,23,1,[1]
14,17,1,[1]
14,14,1,[1]
14,9,1,[1]
14,5,1,[1]
14,3,1,[1]
14,8,1,[1]
14,0,1,[1]
14,1,1,[1]
14,24,1,[1]
14,15,1,[1]
14,11,1,[1]
14,22,1,[1]
14,19,1,[1]
14,2,1,[1]
14,20,1,[1]
14,21,1,[1]
14,10,1,[1]
14,12,1,[1]
14,7,1,[1]
"('atak', ['4', '16', '6', '18', '13', '23', '17', '14', '9', '5', '3', '8', '0', '1', '24', '15', '11', '22', '19', '2', '20', '21', '10', '12', '7'])"
15,22,1,[1]
15,7,1,[1]
15,11,1,[1]
15,2,1,[1]
15,16,1,[1]
15,14,1,[1]
15,3,1,[1]
15,23,1,[1]
15,1,1,[1]
15,20,1,[1]
15,6,1,[1]
15,12,1,[1]
15,0,1,[1]
15,15,1,[1]
15,21,1,[1]
15,9,1,[1]
15,24,1,[1]
15,8,1,[1]
15,19,1,[1]
15,13,1,[1]
15,17,1,[1]
15,10,1,[1]
15,4,1,[1]
15,5,1,[1]
15,18,1,[1]
"('atak', ['22', '7', '11', '2', '16', '14', '3', '23', '1', '20', '6', '12', '0', '15', '21', '9', '24', '8', '19', '13', '17', '10', '4', '5', '18'])"
16,3,1,[1]
16,2,1,[1]
16,24,1,[1]
16,1,1,[1]
16,13,1,[1]
16,5,1,[1]
16,20,1,[1]
16,12,1,[1]
16,17,1,[1]
16,9,1,[1]
16,0,1,[1]
16,15,1,[1]
16,21,1,[1]
16,19,1,[1]
16,23,1,[1]
16,6,1,[1]
16,22,1,[1]
16,14,1,[1]
16,4,1,[1]
16,11,1,[1]
16,16,1,[1]
16,18,1,[1]
16,7,1,[1]
16,8,1,[1]
16,10,1,[1]
"('atak', ['3', '2', '24', '1', '13', '5', '20', '12', '17', '9', '0', '15', '21', '19', '23', '6', '22', '14', '4', '11', '16', '18', '7', '8', '10'])"
17,17,1,[1]
17,23,1,[1]
17,21,1,[1]
17,12,1,[1]
17,8,1,[1]
17,22,1,[1]
17,24,1,[1]
17,9,1,[1]
17,19,1,[1]
17,2,1,[1]
17,14,1,[1]
17,16,1,[1]
17,13,1,[1]
17,10,1,[1]
17,6,1,[1]
17,20,1,[1]
17,5,1,[1]
17,4,1,[1]
17,18,1,[1]
17,0,1,[1]
17,1,1,[1]
17,7,1,[1]
17,11,1,[1]
17,3,1,[1]
17,15,1,[1]
"('atak', ['17', '23', '21', '12', '8', '22', '24', '9', '19', '2', '14', '16', '13', '10', '6', '20', '5', '4', '18', '0', '1', '7', '11', '3', '15'])"
18,7,1,[1]
18,17,1,[1]
18,1,1,[1]
18,24,1,[1]
18,20,1,[1]
18,12,1,[1]
18,5,1,[1]
18,11,1,[1]
18,3,1,[1]
18,18,1,[1]
18,2,1,[1]
18,9,1,[1]
18,6,1,[1]
18,15,1,[1]
18,13,1,[1]
18,21,1,[1]
18,0,1,[1]
18,8,1,[1]
18,14,1,[1]
18,22,1,[1]
18,4,1,[1]
18,19,1,[1]
18,23,1,[1]
18,16,1,[1]
18,10,1,[1]
"('atak', ['7', '17', '1', '24', '20', '12', '5', '11', '3', '18', '2', '9', '6', '15', '13', '21', '0', '8', '14', '22', '4', '19', '23', '16', '10'])"
19,18,1,[1]
19,12,1,[1]
19,2,1,[1]
19,9,1,[1]
19,21,1,[1]
19,22,1,[1]
19,11,1,[1]
19,3,1,[1]
19,5,1,[1]
19,15,1,[1]
19,8,1,[1]
19,16,1,[1]
19,24,1,[1]
19,14,1,[1]
19,17,1,[1]
19,7,1,[1]
19,4,1,[1]
19,1,1,[1]
19,23,1,[1]
19,20,1,[1]
19,6,1,[1]
19,0,1,[1]
19,13,1,[1]
19,10,1,[1]
19,19,1,[1]
"('atak', ['18', '12', '2', '9', '21', '22', '11', '3', '5', '15', '8', '16', '24', '14', '17', '7', '4', '1', '23', '20', '6', '0', '13', '10', '19'])"
20,23,1,[1]
20,7,1,[1]
20,9,1,[1]
20,5,1,[1]
20,17,1,[1]
20,19,1,[1]
20,24,1,[1]
20,2,1,[1]
20,15,1,[1]
20,22,1,[1]
20,16,1,[1]
20,3,1,[1]
20,13,1,[1]
20,12,1,[1]
20,14,1,[1]
20,8,1,[1]
20,21,1,[1]
20,0,1,[1]
20,1,1,[1]
20,6,1,[1]
20,4,1,[1]
20,11,1,[1]
20,10,1,[1]
20,20,1,[1]
20,18,1,[1]
"('atak', ['23', '7', '9', '5', '17', '19', '24', '2', '15', '22', '16', '3', '13', '12', '14', '8', '21', '0', '1', '6', '4', '11', '10', '20', '18'])"
