{},<built-in method values of dict object at 0x7fd7b0264d00>
{},<built-in method values of dict object at 0x7fd7b0264d00>
{},<built-in method values of dict object at 0x7fd7b0264d00>
{},<built-in method values of dict object at 0x7fd7b0264d00>
{},<built-in method values of dict object at 0x7fd7b0264d00>
{},<built-in method values of dict object at 0x7fd7b0264d00>
{},<built-in method values of dict object at 0x7fd7b0264d00>
{},<built-in method values of dict object at 0x7fd7b0264d00>
{},<built-in method values of dict object at 0x7fd7b0264d00>
{},<built-in method values of dict object at 0x7fd7b0264d00>
{},<built-in method values of dict object at 0x7fd7b0264d00>
{},<built-in method values of dict object at 0x7fd7b0264d00>
{},<built-in method values of dict object at 0x7fd7b0264d00>
{},<built-in method values of dict object at 0x7fd7b0264d00>
{},<built-in method values of dict object at 0x7fd7b0264d00>
{},<built-in method values of dict object at 0x7fd7b0264d00>
{},<built-in method values of dict object at 0x7fd7b0264d00>
{},<built-in method values of dict object at 0x7fd7b0264d00>
{},<built-in method values of dict object at 0x7fd7b0264d00>
{},<built-in method values of dict object at 0x7fd7b0264d00>
"{'n_atak': ['14', '3', '18', '4', '16', '13', '17', '5', '10', '11', '19', '7', '0', '2', '12', '9', '8', '6', '15', '1']}",<built-in method values of dict object at 0x7fd7b02babc0>
"{'n_atak': ['14', '3', '18', '4', '16', '13', '17', '5', '10', '11', '19', '7', '0', '2', '12', '9', '8', '6', '15', '1']}",<built-in method values of dict object at 0x7fd7b02babc0>
"{'n_atak': ['14', '3', '18', '4', '16', '13', '17', '5', '10', '11', '19', '7', '0', '2', '12', '9', '8', '6', '15', '1']}",<built-in method values of dict object at 0x7fd7b02babc0>
"{'n_atak': ['14', '3', '18', '4', '16', '13', '17', '5', '10', '11', '19', '7', '0', '2', '12', '9', '8', '6', '15', '1']}",<built-in method values of dict object at 0x7fd7b02babc0>
"{'n_atak': ['14', '3', '18', '4', '16', '13', '17', '5', '10', '11', '19', '7', '0', '2', '12', '9', '8', '6', '15', '1']}",<built-in method values of dict object at 0x7fd7b02babc0>
"{'n_atak': ['14', '3', '18', '4', '16', '13', '17', '5', '10', '11', '19', '7', '0', '2', '12', '9', '8', '6', '15', '1']}",<built-in method values of dict object at 0x7fd7b02babc0>
"{'n_atak': ['14', '3', '18', '4', '16', '13', '17', '5', '10', '11', '19', '7', '0', '2', '12', '9', '8', '6', '15', '1']}",<built-in method values of dict object at 0x7fd7b02babc0>
"{'n_atak': ['14', '3', '18', '4', '16', '13', '17', '5', '10', '11', '19', '7', '0', '2', '12', '9', '8', '6', '15', '1']}",<built-in method values of dict object at 0x7fd7b02babc0>
"{'n_atak': ['14', '3', '18', '4', '16', '13', '17', '5', '10', '11', '19', '7', '0', '2', '12', '9', '8', '6', '15', '1']}",<built-in method values of dict object at 0x7fd7b02babc0>
"{'n_atak': ['14', '3', '18', '4', '16', '13', '17', '5', '10', '11', '19', '7', '0', '2', '12', '9', '8', '6', '15', '1']}",<built-in method values of dict object at 0x7fd7b02babc0>
"{'n_atak': ['14', '3', '18', '4', '16', '13', '17', '5', '10', '11', '19', '7', '0', '2', '12', '9', '8', '6', '15', '1']}",<built-in method values of dict object at 0x7fd7b02babc0>
"{'n_atak': ['14', '3', '18', '4', '16', '13', '17', '5', '10', '11', '19', '7', '0', '2', '12', '9', '8', '6', '15', '1']}",<built-in method values of dict object at 0x7fd7b02babc0>
"{'n_atak': ['14', '3', '18', '4', '16', '13', '17', '5', '10', '11', '19', '7', '0', '2', '12', '9', '8', '6', '15', '1']}",<built-in method values of dict object at 0x7fd7b02babc0>
"{'n_atak': ['14', '3', '18', '4', '16', '13', '17', '5', '10', '11', '19', '7', '0', '2', '12', '9', '8', '6', '15', '1']}",<built-in method values of dict object at 0x7fd7b02babc0>
"{'n_atak': ['14', '3', '18', '4', '16', '13', '17', '5', '10', '11', '19', '7', '0', '2', '12', '9', '8', '6', '15', '1']}",<built-in method values of dict object at 0x7fd7b02babc0>
"{'n_atak': ['14', '3', '18', '4', '16', '13', '17', '5', '10', '11', '19', '7', '0', '2', '12', '9', '8', '6', '15', '1']}",<built-in method values of dict object at 0x7fd7b02babc0>
"{'n_atak': ['14', '3', '18', '4', '16', '13', '17', '5', '10', '11', '19', '7', '0', '2', '12', '9', '8', '6', '15', '1']}",<built-in method values of dict object at 0x7fd7b02babc0>
"{'n_atak': ['14', '3', '18', '4', '16', '13', '17', '5', '10', '11', '19', '7', '0', '2', '12', '9', '8', '6', '15', '1']}",<built-in method values of dict object at 0x7fd7b02babc0>
"{'n_atak': ['14', '3', '18', '4', '16', '13', '17', '5', '10', '11', '19', '7', '0', '2', '12', '9', '8', '6', '15', '1']}",<built-in method values of dict object at 0x7fd7b02babc0>
"{'n_atak': ['14', '3', '18', '4', '16', '13', '17', '5', '10', '11', '19', '7', '0', '2', '12', '9', '8', '6', '15', '1']}",<built-in method values of dict object at 0x7fd7b02babc0>
"{'n_atak': ['19', '2', '6', '14', '16', '0', '3', '8', '5', '4', '9', '13', '11', '15', '17', '1', '7', '18', '10', '12']}",<built-in method values of dict object at 0x7fd7b0265280>
"{'n_atak': ['19', '2', '6', '14', '16', '0', '3', '8', '5', '4', '9', '13', '11', '15', '17', '1', '7', '18', '10', '12']}",<built-in method values of dict object at 0x7fd7b0265280>
"{'n_atak': ['19', '2', '6', '14', '16', '0', '3', '8', '5', '4', '9', '13', '11', '15', '17', '1', '7', '18', '10', '12']}",<built-in method values of dict object at 0x7fd7b0265280>
"{'n_atak': ['19', '2', '6', '14', '16', '0', '3', '8', '5', '4', '9', '13', '11', '15', '17', '1', '7', '18', '10', '12']}",<built-in method values of dict object at 0x7fd7b0265280>
"{'n_atak': ['19', '2', '6', '14', '16', '0', '3', '8', '5', '4', '9', '13', '11', '15', '17', '1', '7', '18', '10', '12']}",<built-in method values of dict object at 0x7fd7b0265280>
"{'n_atak': ['19', '2', '6', '14', '16', '0', '3', '8', '5', '4', '9', '13', '11', '15', '17', '1', '7', '18', '10', '12']}",<built-in method values of dict object at 0x7fd7b0265280>
"{'n_atak': ['19', '2', '6', '14', '16', '0', '3', '8', '5', '4', '9', '13', '11', '15', '17', '1', '7', '18', '10', '12']}",<built-in method values of dict object at 0x7fd7b0265280>
"{'n_atak': ['19', '2', '6', '14', '16', '0', '3', '8', '5', '4', '9', '13', '11', '15', '17', '1', '7', '18', '10', '12']}",<built-in method values of dict object at 0x7fd7b0265280>
"{'n_atak': ['19', '2', '6', '14', '16', '0', '3', '8', '5', '4', '9', '13', '11', '15', '17', '1', '7', '18', '10', '12']}",<built-in method values of dict object at 0x7fd7b0265280>
"{'n_atak': ['19', '2', '6', '14', '16', '0', '3', '8', '5', '4', '9', '13', '11', '15', '17', '1', '7', '18', '10', '12']}",<built-in method values of dict object at 0x7fd7b0265280>
"{'n_atak': ['19', '2', '6', '14', '16', '0', '3', '8', '5', '4', '9', '13', '11', '15', '17', '1', '7', '18', '10', '12']}",<built-in method values of dict object at 0x7fd7b0265280>
"{'n_atak': ['19', '2', '6', '14', '16', '0', '3', '8', '5', '4', '9', '13', '11', '15', '17', '1', '7', '18', '10', '12']}",<built-in method values of dict object at 0x7fd7b0265280>
"{'n_atak': ['19', '2', '6', '14', '16', '0', '3', '8', '5', '4', '9', '13', '11', '15', '17', '1', '7', '18', '10', '12']}",<built-in method values of dict object at 0x7fd7b0265280>
"{'n_atak': ['19', '2', '6', '14', '16', '0', '3', '8', '5', '4', '9', '13', '11', '15', '17', '1', '7', '18', '10', '12']}",<built-in method values of dict object at 0x7fd7b0265280>
"{'n_atak': ['19', '2', '6', '14', '16', '0', '3', '8', '5', '4', '9', '13', '11', '15', '17', '1', '7', '18', '10', '12']}",<built-in method values of dict object at 0x7fd7b0265280>
"{'n_atak': ['19', '2', '6', '14', '16', '0', '3', '8', '5', '4', '9', '13', '11', '15', '17', '1', '7', '18', '10', '12']}",<built-in method values of dict object at 0x7fd7b0265280>
"{'n_atak': ['19', '2', '6', '14', '16', '0', '3', '8', '5', '4', '9', '13', '11', '15', '17', '1', '7', '18', '10', '12']}",<built-in method values of dict object at 0x7fd7b0265280>
"{'n_atak': ['19', '2', '6', '14', '16', '0', '3', '8', '5', '4', '9', '13', '11', '15', '17', '1', '7', '18', '10', '12']}",<built-in method values of dict object at 0x7fd7b0265280>
"{'n_atak': ['19', '2', '6', '14', '16', '0', '3', '8', '5', '4', '9', '13', '11', '15', '17', '1', '7', '18', '10', '12']}",<built-in method values of dict object at 0x7fd7b0265280>
"{'n_atak': ['19', '2', '6', '14', '16', '0', '3', '8', '5', '4', '9', '13', '11', '15', '17', '1', '7', '18', '10', '12']}",<built-in method values of dict object at 0x7fd7b0265280>
"{'n_atak': ['6', '17', '10', '11', '0', '7', '8', '3', '5', '14', '4', '13', '16', '18', '1', '19', '9', '2', '15', '12']}",<built-in method values of dict object at 0x7fd7b0265340>
"{'n_atak': ['6', '17', '10', '11', '0', '7', '8', '3', '5', '14', '4', '13', '16', '18', '1', '19', '9', '2', '15', '12']}",<built-in method values of dict object at 0x7fd7b0265340>
"{'n_atak': ['6', '17', '10', '11', '0', '7', '8', '3', '5', '14', '4', '13', '16', '18', '1', '19', '9', '2', '15', '12']}",<built-in method values of dict object at 0x7fd7b0265340>
"{'n_atak': ['6', '17', '10', '11', '0', '7', '8', '3', '5', '14', '4', '13', '16', '18', '1', '19', '9', '2', '15', '12']}",<built-in method values of dict object at 0x7fd7b0265340>
"{'n_atak': ['6', '17', '10', '11', '0', '7', '8', '3', '5', '14', '4', '13', '16', '18', '1', '19', '9', '2', '15', '12']}",<built-in method values of dict object at 0x7fd7b0265340>
"{'n_atak': ['6', '17', '10', '11', '0', '7', '8', '3', '5', '14', '4', '13', '16', '18', '1', '19', '9', '2', '15', '12']}",<built-in method values of dict object at 0x7fd7b0265340>
"{'n_atak': ['6', '17', '10', '11', '0', '7', '8', '3', '5', '14', '4', '13', '16', '18', '1', '19', '9', '2', '15', '12']}",<built-in method values of dict object at 0x7fd7b0265340>
"{'n_atak': ['6', '17', '10', '11', '0', '7', '8', '3', '5', '14', '4', '13', '16', '18', '1', '19', '9', '2', '15', '12']}",<built-in method values of dict object at 0x7fd7b0265340>
"{'n_atak': ['6', '17', '10', '11', '0', '7', '8', '3', '5', '14', '4', '13', '16', '18', '1', '19', '9', '2', '15', '12']}",<built-in method values of dict object at 0x7fd7b0265340>
"{'n_atak': ['6', '17', '10', '11', '0', '7', '8', '3', '5', '14', '4', '13', '16', '18', '1', '19', '9', '2', '15', '12']}",<built-in method values of dict object at 0x7fd7b0265340>
"{'n_atak': ['6', '17', '10', '11', '0', '7', '8', '3', '5', '14', '4', '13', '16', '18', '1', '19', '9', '2', '15', '12']}",<built-in method values of dict object at 0x7fd7b0265340>
"{'n_atak': ['6', '17', '10', '11', '0', '7', '8', '3', '5', '14', '4', '13', '16', '18', '1', '19', '9', '2', '15', '12']}",<built-in method values of dict object at 0x7fd7b0265340>
"{'n_atak': ['6', '17', '10', '11', '0', '7', '8', '3', '5', '14', '4', '13', '16', '18', '1', '19', '9', '2', '15', '12']}",<built-in method values of dict object at 0x7fd7b0265340>
"{'n_atak': ['6', '17', '10', '11', '0', '7', '8', '3', '5', '14', '4', '13', '16', '18', '1', '19', '9', '2', '15', '12']}",<built-in method values of dict object at 0x7fd7b0265340>
"{'n_atak': ['6', '17', '10', '11', '0', '7', '8', '3', '5', '14', '4', '13', '16', '18', '1', '19', '9', '2', '15', '12']}",<built-in method values of dict object at 0x7fd7b0265340>
"{'n_atak': ['6', '17', '10', '11', '0', '7', '8', '3', '5', '14', '4', '13', '16', '18', '1', '19', '9', '2', '15', '12']}",<built-in method values of dict object at 0x7fd7b0265340>
"{'n_atak': ['6', '17', '10', '11', '0', '7', '8', '3', '5', '14', '4', '13', '16', '18', '1', '19', '9', '2', '15', '12']}",<built-in method values of dict object at 0x7fd7b0265340>
"{'n_atak': ['6', '17', '10', '11', '0', '7', '8', '3', '5', '14', '4', '13', '16', '18', '1', '19', '9', '2', '15', '12']}",<built-in method values of dict object at 0x7fd7b0265340>
"{'n_atak': ['6', '17', '10', '11', '0', '7', '8', '3', '5', '14', '4', '13', '16', '18', '1', '19', '9', '2', '15', '12']}",<built-in method values of dict object at 0x7fd7b0265340>
"{'n_atak': ['6', '17', '10', '11', '0', '7', '8', '3', '5', '14', '4', '13', '16', '18', '1', '19', '9', '2', '15', '12']}",<built-in method values of dict object at 0x7fd7b0265340>
"{'n_atak': ['17', '3', '1', '19', '18', '7', '13', '16', '12', '14', '11', '0', '2', '9', '5', '6', '8', '4', '10', '15']}",<built-in method values of dict object at 0x7fd7b0289cc0>
"{'n_atak': ['17', '3', '1', '19', '18', '7', '13', '16', '12', '14', '11', '0', '2', '9', '5', '6', '8', '4', '10', '15']}",<built-in method values of dict object at 0x7fd7b0289cc0>
"{'n_atak': ['17', '3', '1', '19', '18', '7', '13', '16', '12', '14', '11', '0', '2', '9', '5', '6', '8', '4', '10', '15']}",<built-in method values of dict object at 0x7fd7b0289cc0>
"{'n_atak': ['17', '3', '1', '19', '18', '7', '13', '16', '12', '14', '11', '0', '2', '9', '5', '6', '8', '4', '10', '15']}",<built-in method values of dict object at 0x7fd7b0289cc0>
"{'n_atak': ['17', '3', '1', '19', '18', '7', '13', '16', '12', '14', '11', '0', '2', '9', '5', '6', '8', '4', '10', '15']}",<built-in method values of dict object at 0x7fd7b0289cc0>
"{'n_atak': ['17', '3', '1', '19', '18', '7', '13', '16', '12', '14', '11', '0', '2', '9', '5', '6', '8', '4', '10', '15']}",<built-in method values of dict object at 0x7fd7b0289cc0>
"{'n_atak': ['17', '3', '1', '19', '18', '7', '13', '16', '12', '14', '11', '0', '2', '9', '5', '6', '8', '4', '10', '15']}",<built-in method values of dict object at 0x7fd7b0289cc0>
"{'n_atak': ['17', '3', '1', '19', '18', '7', '13', '16', '12', '14', '11', '0', '2', '9', '5', '6', '8', '4', '10', '15']}",<built-in method values of dict object at 0x7fd7b0289cc0>
"{'n_atak': ['17', '3', '1', '19', '18', '7', '13', '16', '12', '14', '11', '0', '2', '9', '5', '6', '8', '4', '10', '15']}",<built-in method values of dict object at 0x7fd7b0289cc0>
"{'n_atak': ['17', '3', '1', '19', '18', '7', '13', '16', '12', '14', '11', '0', '2', '9', '5', '6', '8', '4', '10', '15']}",<built-in method values of dict object at 0x7fd7b0289cc0>
"{'n_atak': ['17', '3', '1', '19', '18', '7', '13', '16', '12', '14', '11', '0', '2', '9', '5', '6', '8', '4', '10', '15']}",<built-in method values of dict object at 0x7fd7b0289cc0>
"{'n_atak': ['17', '3', '1', '19', '18', '7', '13', '16', '12', '14', '11', '0', '2', '9', '5', '6', '8', '4', '10', '15']}",<built-in method values of dict object at 0x7fd7b0289cc0>
"{'n_atak': ['17', '3', '1', '19', '18', '7', '13', '16', '12', '14', '11', '0', '2', '9', '5', '6', '8', '4', '10', '15']}",<built-in method values of dict object at 0x7fd7b0289cc0>
"{'n_atak': ['17', '3', '1', '19', '18', '7', '13', '16', '12', '14', '11', '0', '2', '9', '5', '6', '8', '4', '10', '15']}",<built-in method values of dict object at 0x7fd7b0289cc0>
"{'n_atak': ['17', '3', '1', '19', '18', '7', '13', '16', '12', '14', '11', '0', '2', '9', '5', '6', '8', '4', '10', '15']}",<built-in method values of dict object at 0x7fd7b0289cc0>
"{'n_atak': ['17', '3', '1', '19', '18', '7', '13', '16', '12', '14', '11', '0', '2', '9', '5', '6', '8', '4', '10', '15']}",<built-in method values of dict object at 0x7fd7b0289cc0>
"{'n_atak': ['17', '3', '1', '19', '18', '7', '13', '16', '12', '14', '11', '0', '2', '9', '5', '6', '8', '4', '10', '15']}",<built-in method values of dict object at 0x7fd7b0289cc0>
"{'n_atak': ['17', '3', '1', '19', '18', '7', '13', '16', '12', '14', '11', '0', '2', '9', '5', '6', '8', '4', '10', '15']}",<built-in method values of dict object at 0x7fd7b0289cc0>
"{'n_atak': ['17', '3', '1', '19', '18', '7', '13', '16', '12', '14', '11', '0', '2', '9', '5', '6', '8', '4', '10', '15']}",<built-in method values of dict object at 0x7fd7b0289cc0>
"{'n_atak': ['17', '3', '1', '19', '18', '7', '13', '16', '12', '14', '11', '0', '2', '9', '5', '6', '8', '4', '10', '15']}",<built-in method values of dict object at 0x7fd7b0289cc0>
"{'n_atak': ['6', '19', '7', '16', '8', '3', '11', '2', '15', '9', '12', '13', '14', '17', '10', '4', '5', '18', '0', '1']}",<built-in method values of dict object at 0x7fd7b00fc940>
"{'n_atak': ['6', '19', '7', '16', '8', '3', '11', '2', '15', '9', '12', '13', '14', '17', '10', '4', '5', '18', '0', '1']}",<built-in method values of dict object at 0x7fd7b00fc940>
"{'n_atak': ['6', '19', '7', '16', '8', '3', '11', '2', '15', '9', '12', '13', '14', '17', '10', '4', '5', '18', '0', '1']}",<built-in method values of dict object at 0x7fd7b00fc940>
"{'n_atak': ['6', '19', '7', '16', '8', '3', '11', '2', '15', '9', '12', '13', '14', '17', '10', '4', '5', '18', '0', '1']}",<built-in method values of dict object at 0x7fd7b00fc940>
"{'n_atak': ['6', '19', '7', '16', '8', '3', '11', '2', '15', '9', '12', '13', '14', '17', '10', '4', '5', '18', '0', '1']}",<built-in method values of dict object at 0x7fd7b00fc940>
"{'n_atak': ['6', '19', '7', '16', '8', '3', '11', '2', '15', '9', '12', '13', '14', '17', '10', '4', '5', '18', '0', '1']}",<built-in method values of dict object at 0x7fd7b00fc940>
"{'n_atak': ['6', '19', '7', '16', '8', '3', '11', '2', '15', '9', '12', '13', '14', '17', '10', '4', '5', '18', '0', '1']}",<built-in method values of dict object at 0x7fd7b00fc940>
"{'n_atak': ['6', '19', '7', '16', '8', '3', '11', '2', '15', '9', '12', '13', '14', '17', '10', '4', '5', '18', '0', '1']}",<built-in method values of dict object at 0x7fd7b00fc940>
"{'n_atak': ['6', '19', '7', '16', '8', '3', '11', '2', '15', '9', '12', '13', '14', '17', '10', '4', '5', '18', '0', '1']}",<built-in method values of dict object at 0x7fd7b00fc940>
"{'n_atak': ['6', '19', '7', '16', '8', '3', '11', '2', '15', '9', '12', '13', '14', '17', '10', '4', '5', '18', '0', '1']}",<built-in method values of dict object at 0x7fd7b00fc940>
"{'n_atak': ['6', '19', '7', '16', '8', '3', '11', '2', '15', '9', '12', '13', '14', '17', '10', '4', '5', '18', '0', '1']}",<built-in method values of dict object at 0x7fd7b00fc940>
"{'n_atak': ['6', '19', '7', '16', '8', '3', '11', '2', '15', '9', '12', '13', '14', '17', '10', '4', '5', '18', '0', '1']}",<built-in method values of dict object at 0x7fd7b00fc940>
"{'n_atak': ['6', '19', '7', '16', '8', '3', '11', '2', '15', '9', '12', '13', '14', '17', '10', '4', '5', '18', '0', '1']}",<built-in method values of dict object at 0x7fd7b00fc940>
"{'n_atak': ['6', '19', '7', '16', '8', '3', '11', '2', '15', '9', '12', '13', '14', '17', '10', '4', '5', '18', '0', '1']}",<built-in method values of dict object at 0x7fd7b00fc940>
"{'n_atak': ['6', '19', '7', '16', '8', '3', '11', '2', '15', '9', '12', '13', '14', '17', '10', '4', '5', '18', '0', '1']}",<built-in method values of dict object at 0x7fd7b00fc940>
"{'n_atak': ['6', '19', '7', '16', '8', '3', '11', '2', '15', '9', '12', '13', '14', '17', '10', '4', '5', '18', '0', '1']}",<built-in method values of dict object at 0x7fd7b00fc940>
"{'n_atak': ['6', '19', '7', '16', '8', '3', '11', '2', '15', '9', '12', '13', '14', '17', '10', '4', '5', '18', '0', '1']}",<built-in method values of dict object at 0x7fd7b00fc940>
"{'n_atak': ['6', '19', '7', '16', '8', '3', '11', '2', '15', '9', '12', '13', '14', '17', '10', '4', '5', '18', '0', '1']}",<built-in method values of dict object at 0x7fd7b00fc940>
"{'n_atak': ['6', '19', '7', '16', '8', '3', '11', '2', '15', '9', '12', '13', '14', '17', '10', '4', '5', '18', '0', '1']}",<built-in method values of dict object at 0x7fd7b00fc940>
"{'n_atak': ['6', '19', '7', '16', '8', '3', '11', '2', '15', '9', '12', '13', '14', '17', '10', '4', '5', '18', '0', '1']}",<built-in method values of dict object at 0x7fd7b00fc940>
"{'n_atak': ['5', '14', '18', '16', '9', '2', '6', '3', '1', '11', '7', '0', '8', '19', '17', '15', '10', '12', '13', '4']}",<built-in method values of dict object at 0x7fd7b028a5c0>
"{'n_atak': ['5', '14', '18', '16', '9', '2', '6', '3', '1', '11', '7', '0', '8', '19', '17', '15', '10', '12', '13', '4']}",<built-in method values of dict object at 0x7fd7b028a5c0>
"{'n_atak': ['5', '14', '18', '16', '9', '2', '6', '3', '1', '11', '7', '0', '8', '19', '17', '15', '10', '12', '13', '4']}",<built-in method values of dict object at 0x7fd7b028a5c0>
"{'n_atak': ['5', '14', '18', '16', '9', '2', '6', '3', '1', '11', '7', '0', '8', '19', '17', '15', '10', '12', '13', '4']}",<built-in method values of dict object at 0x7fd7b028a5c0>
"{'n_atak': ['5', '14', '18', '16', '9', '2', '6', '3', '1', '11', '7', '0', '8', '19', '17', '15', '10', '12', '13', '4']}",<built-in method values of dict object at 0x7fd7b028a5c0>
"{'n_atak': ['5', '14', '18', '16', '9', '2', '6', '3', '1', '11', '7', '0', '8', '19', '17', '15', '10', '12', '13', '4']}",<built-in method values of dict object at 0x7fd7b028a5c0>
"{'n_atak': ['5', '14', '18', '16', '9', '2', '6', '3', '1', '11', '7', '0', '8', '19', '17', '15', '10', '12', '13', '4']}",<built-in method values of dict object at 0x7fd7b028a5c0>
"{'n_atak': ['5', '14', '18', '16', '9', '2', '6', '3', '1', '11', '7', '0', '8', '19', '17', '15', '10', '12', '13', '4']}",<built-in method values of dict object at 0x7fd7b028a5c0>
"{'n_atak': ['5', '14', '18', '16', '9', '2', '6', '3', '1', '11', '7', '0', '8', '19', '17', '15', '10', '12', '13', '4']}",<built-in method values of dict object at 0x7fd7b028a5c0>
"{'n_atak': ['5', '14', '18', '16', '9', '2', '6', '3', '1', '11', '7', '0', '8', '19', '17', '15', '10', '12', '13', '4']}",<built-in method values of dict object at 0x7fd7b028a5c0>
"{'n_atak': ['5', '14', '18', '16', '9', '2', '6', '3', '1', '11', '7', '0', '8', '19', '17', '15', '10', '12', '13', '4']}",<built-in method values of dict object at 0x7fd7b028a5c0>
"{'n_atak': ['5', '14', '18', '16', '9', '2', '6', '3', '1', '11', '7', '0', '8', '19', '17', '15', '10', '12', '13', '4']}",<built-in method values of dict object at 0x7fd7b028a5c0>
"{'n_atak': ['5', '14', '18', '16', '9', '2', '6', '3', '1', '11', '7', '0', '8', '19', '17', '15', '10', '12', '13', '4']}",<built-in method values of dict object at 0x7fd7b028a5c0>
"{'n_atak': ['5', '14', '18', '16', '9', '2', '6', '3', '1', '11', '7', '0', '8', '19', '17', '15', '10', '12', '13', '4']}",<built-in method values of dict object at 0x7fd7b028a5c0>
"{'n_atak': ['5', '14', '18', '16', '9', '2', '6', '3', '1', '11', '7', '0', '8', '19', '17', '15', '10', '12', '13', '4']}",<built-in method values of dict object at 0x7fd7b028a5c0>
"{'n_atak': ['5', '14', '18', '16', '9', '2', '6', '3', '1', '11', '7', '0', '8', '19', '17', '15', '10', '12', '13', '4']}",<built-in method values of dict object at 0x7fd7b028a5c0>
"{'n_atak': ['5', '14', '18', '16', '9', '2', '6', '3', '1', '11', '7', '0', '8', '19', '17', '15', '10', '12', '13', '4']}",<built-in method values of dict object at 0x7fd7b028a5c0>
"{'n_atak': ['5', '14', '18', '16', '9', '2', '6', '3', '1', '11', '7', '0', '8', '19', '17', '15', '10', '12', '13', '4']}",<built-in method values of dict object at 0x7fd7b028a5c0>
"{'n_atak': ['5', '14', '18', '16', '9', '2', '6', '3', '1', '11', '7', '0', '8', '19', '17', '15', '10', '12', '13', '4']}",<built-in method values of dict object at 0x7fd7b028a5c0>
"{'n_atak': ['5', '14', '18', '16', '9', '2', '6', '3', '1', '11', '7', '0', '8', '19', '17', '15', '10', '12', '13', '4']}",<built-in method values of dict object at 0x7fd7b028a5c0>
"{'n_atak': ['6', '10', '15', '5', '4', '17', '2', '9', '8', '16', '0', '14', '13', '3', '1', '12', '7', '19', '11', '18']}",<built-in method values of dict object at 0x7fd7b02647c0>
"{'n_atak': ['6', '10', '15', '5', '4', '17', '2', '9', '8', '16', '0', '14', '13', '3', '1', '12', '7', '19', '11', '18']}",<built-in method values of dict object at 0x7fd7b02647c0>
"{'n_atak': ['6', '10', '15', '5', '4', '17', '2', '9', '8', '16', '0', '14', '13', '3', '1', '12', '7', '19', '11', '18']}",<built-in method values of dict object at 0x7fd7b02647c0>
"{'n_atak': ['6', '10', '15', '5', '4', '17', '2', '9', '8', '16', '0', '14', '13', '3', '1', '12', '7', '19', '11', '18']}",<built-in method values of dict object at 0x7fd7b02647c0>
"{'n_atak': ['6', '10', '15', '5', '4', '17', '2', '9', '8', '16', '0', '14', '13', '3', '1', '12', '7', '19', '11', '18']}",<built-in method values of dict object at 0x7fd7b02647c0>
"{'n_atak': ['6', '10', '15', '5', '4', '17', '2', '9', '8', '16', '0', '14', '13', '3', '1', '12', '7', '19', '11', '18']}",<built-in method values of dict object at 0x7fd7b02647c0>
"{'n_atak': ['6', '10', '15', '5', '4', '17', '2', '9', '8', '16', '0', '14', '13', '3', '1', '12', '7', '19', '11', '18']}",<built-in method values of dict object at 0x7fd7b02647c0>
"{'n_atak': ['6', '10', '15', '5', '4', '17', '2', '9', '8', '16', '0', '14', '13', '3', '1', '12', '7', '19', '11', '18']}",<built-in method values of dict object at 0x7fd7b02647c0>
"{'n_atak': ['6', '10', '15', '5', '4', '17', '2', '9', '8', '16', '0', '14', '13', '3', '1', '12', '7', '19', '11', '18']}",<built-in method values of dict object at 0x7fd7b02647c0>
"{'n_atak': ['6', '10', '15', '5', '4', '17', '2', '9', '8', '16', '0', '14', '13', '3', '1', '12', '7', '19', '11', '18']}",<built-in method values of dict object at 0x7fd7b02647c0>
"{'n_atak': ['6', '10', '15', '5', '4', '17', '2', '9', '8', '16', '0', '14', '13', '3', '1', '12', '7', '19', '11', '18']}",<built-in method values of dict object at 0x7fd7b02647c0>
"{'n_atak': ['6', '10', '15', '5', '4', '17', '2', '9', '8', '16', '0', '14', '13', '3', '1', '12', '7', '19', '11', '18']}",<built-in method values of dict object at 0x7fd7b02647c0>
"{'n_atak': ['6', '10', '15', '5', '4', '17', '2', '9', '8', '16', '0', '14', '13', '3', '1', '12', '7', '19', '11', '18']}",<built-in method values of dict object at 0x7fd7b02647c0>
"{'n_atak': ['6', '10', '15', '5', '4', '17', '2', '9', '8', '16', '0', '14', '13', '3', '1', '12', '7', '19', '11', '18']}",<built-in method values of dict object at 0x7fd7b02647c0>
"{'n_atak': ['6', '10', '15', '5', '4', '17', '2', '9', '8', '16', '0', '14', '13', '3', '1', '12', '7', '19', '11', '18']}",<built-in method values of dict object at 0x7fd7b02647c0>
"{'n_atak': ['6', '10', '15', '5', '4', '17', '2', '9', '8', '16', '0', '14', '13', '3', '1', '12', '7', '19', '11', '18']}",<built-in method values of dict object at 0x7fd7b02647c0>
"{'n_atak': ['6', '10', '15', '5', '4', '17', '2', '9', '8', '16', '0', '14', '13', '3', '1', '12', '7', '19', '11', '18']}",<built-in method values of dict object at 0x7fd7b02647c0>
"{'n_atak': ['6', '10', '15', '5', '4', '17', '2', '9', '8', '16', '0', '14', '13', '3', '1', '12', '7', '19', '11', '18']}",<built-in method values of dict object at 0x7fd7b02647c0>
"{'n_atak': ['6', '10', '15', '5', '4', '17', '2', '9', '8', '16', '0', '14', '13', '3', '1', '12', '7', '19', '11', '18']}",<built-in method values of dict object at 0x7fd7b02647c0>
"{'n_atak': ['6', '10', '15', '5', '4', '17', '2', '9', '8', '16', '0', '14', '13', '3', '1', '12', '7', '19', '11', '18']}",<built-in method values of dict object at 0x7fd7b02647c0>
"{'n_atak': ['12', '6', '7', '13', '3', '14', '11', '0', '18', '1', '17', '4', '19', '9', '10', '8', '5', '2', '16', '15']}",<built-in method values of dict object at 0x7fd7b00fcfc0>
"{'n_atak': ['12', '6', '7', '13', '3', '14', '11', '0', '18', '1', '17', '4', '19', '9', '10', '8', '5', '2', '16', '15']}",<built-in method values of dict object at 0x7fd7b00fcfc0>
"{'n_atak': ['12', '6', '7', '13', '3', '14', '11', '0', '18', '1', '17', '4', '19', '9', '10', '8', '5', '2', '16', '15']}",<built-in method values of dict object at 0x7fd7b00fcfc0>
"{'n_atak': ['12', '6', '7', '13', '3', '14', '11', '0', '18', '1', '17', '4', '19', '9', '10', '8', '5', '2', '16', '15']}",<built-in method values of dict object at 0x7fd7b00fcfc0>
"{'n_atak': ['12', '6', '7', '13', '3', '14', '11', '0', '18', '1', '17', '4', '19', '9', '10', '8', '5', '2', '16', '15']}",<built-in method values of dict object at 0x7fd7b00fcfc0>
"{'n_atak': ['12', '6', '7', '13', '3', '14', '11', '0', '18', '1', '17', '4', '19', '9', '10', '8', '5', '2', '16', '15']}",<built-in method values of dict object at 0x7fd7b00fcfc0>
"{'n_atak': ['12', '6', '7', '13', '3', '14', '11', '0', '18', '1', '17', '4', '19', '9', '10', '8', '5', '2', '16', '15']}",<built-in method values of dict object at 0x7fd7b00fcfc0>
"{'n_atak': ['12', '6', '7', '13', '3', '14', '11', '0', '18', '1', '17', '4', '19', '9', '10', '8', '5', '2', '16', '15']}",<built-in method values of dict object at 0x7fd7b00fcfc0>
"{'n_atak': ['12', '6', '7', '13', '3', '14', '11', '0', '18', '1', '17', '4', '19', '9', '10', '8', '5', '2', '16', '15']}",<built-in method values of dict object at 0x7fd7b00fcfc0>
"{'n_atak': ['12', '6', '7', '13', '3', '14', '11', '0', '18', '1', '17', '4', '19', '9', '10', '8', '5', '2', '16', '15']}",<built-in method values of dict object at 0x7fd7b00fcfc0>
"{'n_atak': ['12', '6', '7', '13', '3', '14', '11', '0', '18', '1', '17', '4', '19', '9', '10', '8', '5', '2', '16', '15']}",<built-in method values of dict object at 0x7fd7b00fcfc0>
"{'n_atak': ['12', '6', '7', '13', '3', '14', '11', '0', '18', '1', '17', '4', '19', '9', '10', '8', '5', '2', '16', '15']}",<built-in method values of dict object at 0x7fd7b00fcfc0>
"{'n_atak': ['12', '6', '7', '13', '3', '14', '11', '0', '18', '1', '17', '4', '19', '9', '10', '8', '5', '2', '16', '15']}",<built-in method values of dict object at 0x7fd7b00fcfc0>
"{'n_atak': ['12', '6', '7', '13', '3', '14', '11', '0', '18', '1', '17', '4', '19', '9', '10', '8', '5', '2', '16', '15']}",<built-in method values of dict object at 0x7fd7b00fcfc0>
"{'n_atak': ['12', '6', '7', '13', '3', '14', '11', '0', '18', '1', '17', '4', '19', '9', '10', '8', '5', '2', '16', '15']}",<built-in method values of dict object at 0x7fd7b00fcfc0>
"{'n_atak': ['12', '6', '7', '13', '3', '14', '11', '0', '18', '1', '17', '4', '19', '9', '10', '8', '5', '2', '16', '15']}",<built-in method values of dict object at 0x7fd7b00fcfc0>
"{'n_atak': ['12', '6', '7', '13', '3', '14', '11', '0', '18', '1', '17', '4', '19', '9', '10', '8', '5', '2', '16', '15']}",<built-in method values of dict object at 0x7fd7b00fcfc0>
"{'n_atak': ['12', '6', '7', '13', '3', '14', '11', '0', '18', '1', '17', '4', '19', '9', '10', '8', '5', '2', '16', '15']}",<built-in method values of dict object at 0x7fd7b00fcfc0>
"{'n_atak': ['12', '6', '7', '13', '3', '14', '11', '0', '18', '1', '17', '4', '19', '9', '10', '8', '5', '2', '16', '15']}",<built-in method values of dict object at 0x7fd7b00fcfc0>
"{'n_atak': ['12', '6', '7', '13', '3', '14', '11', '0', '18', '1', '17', '4', '19', '9', '10', '8', '5', '2', '16', '15']}",<built-in method values of dict object at 0x7fd7b00fcfc0>
"{'n_atak': ['13', '11', '2', '10', '9', '19', '15', '1', '6', '18', '17', '12', '7', '8', '16', '4', '5', '3', '0', '14']}",<built-in method values of dict object at 0x7fd7b00fd180>
"{'n_atak': ['13', '11', '2', '10', '9', '19', '15', '1', '6', '18', '17', '12', '7', '8', '16', '4', '5', '3', '0', '14']}",<built-in method values of dict object at 0x7fd7b00fd180>
"{'n_atak': ['13', '11', '2', '10', '9', '19', '15', '1', '6', '18', '17', '12', '7', '8', '16', '4', '5', '3', '0', '14']}",<built-in method values of dict object at 0x7fd7b00fd180>
"{'n_atak': ['13', '11', '2', '10', '9', '19', '15', '1', '6', '18', '17', '12', '7', '8', '16', '4', '5', '3', '0', '14']}",<built-in method values of dict object at 0x7fd7b00fd180>
"{'n_atak': ['13', '11', '2', '10', '9', '19', '15', '1', '6', '18', '17', '12', '7', '8', '16', '4', '5', '3', '0', '14']}",<built-in method values of dict object at 0x7fd7b00fd180>
"{'n_atak': ['13', '11', '2', '10', '9', '19', '15', '1', '6', '18', '17', '12', '7', '8', '16', '4', '5', '3', '0', '14']}",<built-in method values of dict object at 0x7fd7b00fd180>
"{'n_atak': ['13', '11', '2', '10', '9', '19', '15', '1', '6', '18', '17', '12', '7', '8', '16', '4', '5', '3', '0', '14']}",<built-in method values of dict object at 0x7fd7b00fd180>
"{'n_atak': ['13', '11', '2', '10', '9', '19', '15', '1', '6', '18', '17', '12', '7', '8', '16', '4', '5', '3', '0', '14']}",<built-in method values of dict object at 0x7fd7b00fd180>
"{'n_atak': ['13', '11', '2', '10', '9', '19', '15', '1', '6', '18', '17', '12', '7', '8', '16', '4', '5', '3', '0', '14']}",<built-in method values of dict object at 0x7fd7b00fd180>
"{'n_atak': ['13', '11', '2', '10', '9', '19', '15', '1', '6', '18', '17', '12', '7', '8', '16', '4', '5', '3', '0', '14']}",<built-in method values of dict object at 0x7fd7b00fd180>
"{'n_atak': ['13', '11', '2', '10', '9', '19', '15', '1', '6', '18', '17', '12', '7', '8', '16', '4', '5', '3', '0', '14']}",<built-in method values of dict object at 0x7fd7b00fd180>
"{'n_atak': ['13', '11', '2', '10', '9', '19', '15', '1', '6', '18', '17', '12', '7', '8', '16', '4', '5', '3', '0', '14']}",<built-in method values of dict object at 0x7fd7b00fd180>
"{'n_atak': ['13', '11', '2', '10', '9', '19', '15', '1', '6', '18', '17', '12', '7', '8', '16', '4', '5', '3', '0', '14']}",<built-in method values of dict object at 0x7fd7b00fd180>
"{'n_atak': ['13', '11', '2', '10', '9', '19', '15', '1', '6', '18', '17', '12', '7', '8', '16', '4', '5', '3', '0', '14']}",<built-in method values of dict object at 0x7fd7b00fd180>
"{'n_atak': ['13', '11', '2', '10', '9', '19', '15', '1', '6', '18', '17', '12', '7', '8', '16', '4', '5', '3', '0', '14']}",<built-in method values of dict object at 0x7fd7b00fd180>
"{'n_atak': ['13', '11', '2', '10', '9', '19', '15', '1', '6', '18', '17', '12', '7', '8', '16', '4', '5', '3', '0', '14']}",<built-in method values of dict object at 0x7fd7b00fd180>
"{'n_atak': ['13', '11', '2', '10', '9', '19', '15', '1', '6', '18', '17', '12', '7', '8', '16', '4', '5', '3', '0', '14']}",<built-in method values of dict object at 0x7fd7b00fd180>
"{'n_atak': ['13', '11', '2', '10', '9', '19', '15', '1', '6', '18', '17', '12', '7', '8', '16', '4', '5', '3', '0', '14']}",<built-in method values of dict object at 0x7fd7b00fd180>
"{'n_atak': ['13', '11', '2', '10', '9', '19', '15', '1', '6', '18', '17', '12', '7', '8', '16', '4', '5', '3', '0', '14']}",<built-in method values of dict object at 0x7fd7b00fd180>
"{'n_atak': ['13', '11', '2', '10', '9', '19', '15', '1', '6', '18', '17', '12', '7', '8', '16', '4', '5', '3', '0', '14']}",<built-in method values of dict object at 0x7fd7b00fd180>
"{'n_atak': ['10', '14', '0', '9', '3', '4', '6', '1', '5', '16', '7', '11', '19', '15', '8', '2', '12', '17', '13', '18']}",<built-in method values of dict object at 0x7fd7b00fd780>
"{'n_atak': ['10', '14', '0', '9', '3', '4', '6', '1', '5', '16', '7', '11', '19', '15', '8', '2', '12', '17', '13', '18']}",<built-in method values of dict object at 0x7fd7b00fd780>
"{'n_atak': ['10', '14', '0', '9', '3', '4', '6', '1', '5', '16', '7', '11', '19', '15', '8', '2', '12', '17', '13', '18']}",<built-in method values of dict object at 0x7fd7b00fd780>
"{'n_atak': ['10', '14', '0', '9', '3', '4', '6', '1', '5', '16', '7', '11', '19', '15', '8', '2', '12', '17', '13', '18']}",<built-in method values of dict object at 0x7fd7b00fd780>
"{'n_atak': ['10', '14', '0', '9', '3', '4', '6', '1', '5', '16', '7', '11', '19', '15', '8', '2', '12', '17', '13', '18']}",<built-in method values of dict object at 0x7fd7b00fd780>
"{'n_atak': ['10', '14', '0', '9', '3', '4', '6', '1', '5', '16', '7', '11', '19', '15', '8', '2', '12', '17', '13', '18']}",<built-in method values of dict object at 0x7fd7b00fd780>
"{'n_atak': ['10', '14', '0', '9', '3', '4', '6', '1', '5', '16', '7', '11', '19', '15', '8', '2', '12', '17', '13', '18']}",<built-in method values of dict object at 0x7fd7b00fd780>
"{'n_atak': ['10', '14', '0', '9', '3', '4', '6', '1', '5', '16', '7', '11', '19', '15', '8', '2', '12', '17', '13', '18']}",<built-in method values of dict object at 0x7fd7b00fd780>
"{'n_atak': ['10', '14', '0', '9', '3', '4', '6', '1', '5', '16', '7', '11', '19', '15', '8', '2', '12', '17', '13', '18']}",<built-in method values of dict object at 0x7fd7b00fd780>
"{'n_atak': ['10', '14', '0', '9', '3', '4', '6', '1', '5', '16', '7', '11', '19', '15', '8', '2', '12', '17', '13', '18']}",<built-in method values of dict object at 0x7fd7b00fd780>
"{'n_atak': ['10', '14', '0', '9', '3', '4', '6', '1', '5', '16', '7', '11', '19', '15', '8', '2', '12', '17', '13', '18']}",<built-in method values of dict object at 0x7fd7b00fd780>
"{'n_atak': ['10', '14', '0', '9', '3', '4', '6', '1', '5', '16', '7', '11', '19', '15', '8', '2', '12', '17', '13', '18']}",<built-in method values of dict object at 0x7fd7b00fd780>
"{'n_atak': ['10', '14', '0', '9', '3', '4', '6', '1', '5', '16', '7', '11', '19', '15', '8', '2', '12', '17', '13', '18']}",<built-in method values of dict object at 0x7fd7b00fd780>
"{'n_atak': ['10', '14', '0', '9', '3', '4', '6', '1', '5', '16', '7', '11', '19', '15', '8', '2', '12', '17', '13', '18']}",<built-in method values of dict object at 0x7fd7b00fd780>
"{'n_atak': ['10', '14', '0', '9', '3', '4', '6', '1', '5', '16', '7', '11', '19', '15', '8', '2', '12', '17', '13', '18']}",<built-in method values of dict object at 0x7fd7b00fd780>
"{'n_atak': ['10', '14', '0', '9', '3', '4', '6', '1', '5', '16', '7', '11', '19', '15', '8', '2', '12', '17', '13', '18']}",<built-in method values of dict object at 0x7fd7b00fd780>
"{'n_atak': ['10', '14', '0', '9', '3', '4', '6', '1', '5', '16', '7', '11', '19', '15', '8', '2', '12', '17', '13', '18']}",<built-in method values of dict object at 0x7fd7b00fd780>
"{'n_atak': ['10', '14', '0', '9', '3', '4', '6', '1', '5', '16', '7', '11', '19', '15', '8', '2', '12', '17', '13', '18']}",<built-in method values of dict object at 0x7fd7b00fd780>
"{'n_atak': ['10', '14', '0', '9', '3', '4', '6', '1', '5', '16', '7', '11', '19', '15', '8', '2', '12', '17', '13', '18']}",<built-in method values of dict object at 0x7fd7b00fd780>
"{'n_atak': ['10', '14', '0', '9', '3', '4', '6', '1', '5', '16', '7', '11', '19', '15', '8', '2', '12', '17', '13', '18']}",<built-in method values of dict object at 0x7fd7b00fd780>
"{'n_atak': ['15', '13', '7', '2', '3', '1', '8', '14', '6', '16', '0', '17', '12', '11', '9', '19', '10', '4', '5', '18']}",<built-in method values of dict object at 0x7fd7b013acc0>
"{'n_atak': ['15', '13', '7', '2', '3', '1', '8', '14', '6', '16', '0', '17', '12', '11', '9', '19', '10', '4', '5', '18']}",<built-in method values of dict object at 0x7fd7b013acc0>
"{'n_atak': ['15', '13', '7', '2', '3', '1', '8', '14', '6', '16', '0', '17', '12', '11', '9', '19', '10', '4', '5', '18']}",<built-in method values of dict object at 0x7fd7b013acc0>
"{'n_atak': ['15', '13', '7', '2', '3', '1', '8', '14', '6', '16', '0', '17', '12', '11', '9', '19', '10', '4', '5', '18']}",<built-in method values of dict object at 0x7fd7b013acc0>
"{'n_atak': ['15', '13', '7', '2', '3', '1', '8', '14', '6', '16', '0', '17', '12', '11', '9', '19', '10', '4', '5', '18']}",<built-in method values of dict object at 0x7fd7b013acc0>
"{'n_atak': ['15', '13', '7', '2', '3', '1', '8', '14', '6', '16', '0', '17', '12', '11', '9', '19', '10', '4', '5', '18']}",<built-in method values of dict object at 0x7fd7b013acc0>
"{'n_atak': ['15', '13', '7', '2', '3', '1', '8', '14', '6', '16', '0', '17', '12', '11', '9', '19', '10', '4', '5', '18']}",<built-in method values of dict object at 0x7fd7b013acc0>
"{'n_atak': ['15', '13', '7', '2', '3', '1', '8', '14', '6', '16', '0', '17', '12', '11', '9', '19', '10', '4', '5', '18']}",<built-in method values of dict object at 0x7fd7b013acc0>
"{'n_atak': ['15', '13', '7', '2', '3', '1', '8', '14', '6', '16', '0', '17', '12', '11', '9', '19', '10', '4', '5', '18']}",<built-in method values of dict object at 0x7fd7b013acc0>
"{'n_atak': ['15', '13', '7', '2', '3', '1', '8', '14', '6', '16', '0', '17', '12', '11', '9', '19', '10', '4', '5', '18']}",<built-in method values of dict object at 0x7fd7b013acc0>
"{'n_atak': ['15', '13', '7', '2', '3', '1', '8', '14', '6', '16', '0', '17', '12', '11', '9', '19', '10', '4', '5', '18']}",<built-in method values of dict object at 0x7fd7b013acc0>
"{'n_atak': ['15', '13', '7', '2', '3', '1', '8', '14', '6', '16', '0', '17', '12', '11', '9', '19', '10', '4', '5', '18']}",<built-in method values of dict object at 0x7fd7b013acc0>
"{'n_atak': ['15', '13', '7', '2', '3', '1', '8', '14', '6', '16', '0', '17', '12', '11', '9', '19', '10', '4', '5', '18']}",<built-in method values of dict object at 0x7fd7b013acc0>
"{'n_atak': ['15', '13', '7', '2', '3', '1', '8', '14', '6', '16', '0', '17', '12', '11', '9', '19', '10', '4', '5', '18']}",<built-in method values of dict object at 0x7fd7b013acc0>
"{'n_atak': ['15', '13', '7', '2', '3', '1', '8', '14', '6', '16', '0', '17', '12', '11', '9', '19', '10', '4', '5', '18']}",<built-in method values of dict object at 0x7fd7b013acc0>
"{'n_atak': ['15', '13', '7', '2', '3', '1', '8', '14', '6', '16', '0', '17', '12', '11', '9', '19', '10', '4', '5', '18']}",<built-in method values of dict object at 0x7fd7b013acc0>
"{'n_atak': ['15', '13', '7', '2', '3', '1', '8', '14', '6', '16', '0', '17', '12', '11', '9', '19', '10', '4', '5', '18']}",<built-in method values of dict object at 0x7fd7b013acc0>
"{'n_atak': ['15', '13', '7', '2', '3', '1', '8', '14', '6', '16', '0', '17', '12', '11', '9', '19', '10', '4', '5', '18']}",<built-in method values of dict object at 0x7fd7b013acc0>
"{'n_atak': ['15', '13', '7', '2', '3', '1', '8', '14', '6', '16', '0', '17', '12', '11', '9', '19', '10', '4', '5', '18']}",<built-in method values of dict object at 0x7fd7b013acc0>
"{'n_atak': ['15', '13', '7', '2', '3', '1', '8', '14', '6', '16', '0', '17', '12', '11', '9', '19', '10', '4', '5', '18']}",<built-in method values of dict object at 0x7fd7b013acc0>
"{'n_atak': ['1', '10', '11', '19', '9', '12', '17', '5', '16', '15', '13', '6', '0', '3', '8', '2', '14', '18', '7', '4']}",<built-in method values of dict object at 0x7fd7b02eb700>
"{'n_atak': ['1', '10', '11', '19', '9', '12', '17', '5', '16', '15', '13', '6', '0', '3', '8', '2', '14', '18', '7', '4']}",<built-in method values of dict object at 0x7fd7b02eb700>
"{'n_atak': ['1', '10', '11', '19', '9', '12', '17', '5', '16', '15', '13', '6', '0', '3', '8', '2', '14', '18', '7', '4']}",<built-in method values of dict object at 0x7fd7b02eb700>
"{'n_atak': ['1', '10', '11', '19', '9', '12', '17', '5', '16', '15', '13', '6', '0', '3', '8', '2', '14', '18', '7', '4']}",<built-in method values of dict object at 0x7fd7b02eb700>
"{'n_atak': ['1', '10', '11', '19', '9', '12', '17', '5', '16', '15', '13', '6', '0', '3', '8', '2', '14', '18', '7', '4']}",<built-in method values of dict object at 0x7fd7b02eb700>
"{'n_atak': ['1', '10', '11', '19', '9', '12', '17', '5', '16', '15', '13', '6', '0', '3', '8', '2', '14', '18', '7', '4']}",<built-in method values of dict object at 0x7fd7b02eb700>
"{'n_atak': ['1', '10', '11', '19', '9', '12', '17', '5', '16', '15', '13', '6', '0', '3', '8', '2', '14', '18', '7', '4']}",<built-in method values of dict object at 0x7fd7b02eb700>
"{'n_atak': ['1', '10', '11', '19', '9', '12', '17', '5', '16', '15', '13', '6', '0', '3', '8', '2', '14', '18', '7', '4']}",<built-in method values of dict object at 0x7fd7b02eb700>
"{'n_atak': ['1', '10', '11', '19', '9', '12', '17', '5', '16', '15', '13', '6', '0', '3', '8', '2', '14', '18', '7', '4']}",<built-in method values of dict object at 0x7fd7b02eb700>
"{'n_atak': ['1', '10', '11', '19', '9', '12', '17', '5', '16', '15', '13', '6', '0', '3', '8', '2', '14', '18', '7', '4']}",<built-in method values of dict object at 0x7fd7b02eb700>
"{'n_atak': ['1', '10', '11', '19', '9', '12', '17', '5', '16', '15', '13', '6', '0', '3', '8', '2', '14', '18', '7', '4']}",<built-in method values of dict object at 0x7fd7b02eb700>
"{'n_atak': ['1', '10', '11', '19', '9', '12', '17', '5', '16', '15', '13', '6', '0', '3', '8', '2', '14', '18', '7', '4']}",<built-in method values of dict object at 0x7fd7b02eb700>
"{'n_atak': ['1', '10', '11', '19', '9', '12', '17', '5', '16', '15', '13', '6', '0', '3', '8', '2', '14', '18', '7', '4']}",<built-in method values of dict object at 0x7fd7b02eb700>
"{'n_atak': ['1', '10', '11', '19', '9', '12', '17', '5', '16', '15', '13', '6', '0', '3', '8', '2', '14', '18', '7', '4']}",<built-in method values of dict object at 0x7fd7b02eb700>
"{'n_atak': ['1', '10', '11', '19', '9', '12', '17', '5', '16', '15', '13', '6', '0', '3', '8', '2', '14', '18', '7', '4']}",<built-in method values of dict object at 0x7fd7b02eb700>
"{'n_atak': ['1', '10', '11', '19', '9', '12', '17', '5', '16', '15', '13', '6', '0', '3', '8', '2', '14', '18', '7', '4']}",<built-in method values of dict object at 0x7fd7b02eb700>
"{'n_atak': ['1', '10', '11', '19', '9', '12', '17', '5', '16', '15', '13', '6', '0', '3', '8', '2', '14', '18', '7', '4']}",<built-in method values of dict object at 0x7fd7b02eb700>
"{'n_atak': ['1', '10', '11', '19', '9', '12', '17', '5', '16', '15', '13', '6', '0', '3', '8', '2', '14', '18', '7', '4']}",<built-in method values of dict object at 0x7fd7b02eb700>
"{'n_atak': ['1', '10', '11', '19', '9', '12', '17', '5', '16', '15', '13', '6', '0', '3', '8', '2', '14', '18', '7', '4']}",<built-in method values of dict object at 0x7fd7b02eb700>
"{'n_atak': ['1', '10', '11', '19', '9', '12', '17', '5', '16', '15', '13', '6', '0', '3', '8', '2', '14', '18', '7', '4']}",<built-in method values of dict object at 0x7fd7b02eb700>
"{'n_atak': ['5', '9', '2', '17', '19', '3', '0', '1', '16', '4', '7', '15', '8', '13', '6', '11', '18', '10', '14', '12']}",<built-in method values of dict object at 0x7fd7b02cdc80>
"{'n_atak': ['5', '9', '2', '17', '19', '3', '0', '1', '16', '4', '7', '15', '8', '13', '6', '11', '18', '10', '14', '12']}",<built-in method values of dict object at 0x7fd7b02cdc80>
"{'n_atak': ['5', '9', '2', '17', '19', '3', '0', '1', '16', '4', '7', '15', '8', '13', '6', '11', '18', '10', '14', '12']}",<built-in method values of dict object at 0x7fd7b02cdc80>
"{'n_atak': ['5', '9', '2', '17', '19', '3', '0', '1', '16', '4', '7', '15', '8', '13', '6', '11', '18', '10', '14', '12']}",<built-in method values of dict object at 0x7fd7b02cdc80>
"{'n_atak': ['5', '9', '2', '17', '19', '3', '0', '1', '16', '4', '7', '15', '8', '13', '6', '11', '18', '10', '14', '12']}",<built-in method values of dict object at 0x7fd7b02cdc80>
"{'n_atak': ['5', '9', '2', '17', '19', '3', '0', '1', '16', '4', '7', '15', '8', '13', '6', '11', '18', '10', '14', '12']}",<built-in method values of dict object at 0x7fd7b02cdc80>
"{'n_atak': ['5', '9', '2', '17', '19', '3', '0', '1', '16', '4', '7', '15', '8', '13', '6', '11', '18', '10', '14', '12']}",<built-in method values of dict object at 0x7fd7b02cdc80>
"{'n_atak': ['5', '9', '2', '17', '19', '3', '0', '1', '16', '4', '7', '15', '8', '13', '6', '11', '18', '10', '14', '12']}",<built-in method values of dict object at 0x7fd7b02cdc80>
"{'n_atak': ['5', '9', '2', '17', '19', '3', '0', '1', '16', '4', '7', '15', '8', '13', '6', '11', '18', '10', '14', '12']}",<built-in method values of dict object at 0x7fd7b02cdc80>
"{'n_atak': ['5', '9', '2', '17', '19', '3', '0', '1', '16', '4', '7', '15', '8', '13', '6', '11', '18', '10', '14', '12']}",<built-in method values of dict object at 0x7fd7b02cdc80>
"{'n_atak': ['5', '9', '2', '17', '19', '3', '0', '1', '16', '4', '7', '15', '8', '13', '6', '11', '18', '10', '14', '12']}",<built-in method values of dict object at 0x7fd7b02cdc80>
"{'n_atak': ['5', '9', '2', '17', '19', '3', '0', '1', '16', '4', '7', '15', '8', '13', '6', '11', '18', '10', '14', '12']}",<built-in method values of dict object at 0x7fd7b02cdc80>
"{'n_atak': ['5', '9', '2', '17', '19', '3', '0', '1', '16', '4', '7', '15', '8', '13', '6', '11', '18', '10', '14', '12']}",<built-in method values of dict object at 0x7fd7b02cdc80>
"{'n_atak': ['5', '9', '2', '17', '19', '3', '0', '1', '16', '4', '7', '15', '8', '13', '6', '11', '18', '10', '14', '12']}",<built-in method values of dict object at 0x7fd7b02cdc80>
"{'n_atak': ['5', '9', '2', '17', '19', '3', '0', '1', '16', '4', '7', '15', '8', '13', '6', '11', '18', '10', '14', '12']}",<built-in method values of dict object at 0x7fd7b02cdc80>
"{'n_atak': ['5', '9', '2', '17', '19', '3', '0', '1', '16', '4', '7', '15', '8', '13', '6', '11', '18', '10', '14', '12']}",<built-in method values of dict object at 0x7fd7b02cdc80>
"{'n_atak': ['5', '9', '2', '17', '19', '3', '0', '1', '16', '4', '7', '15', '8', '13', '6', '11', '18', '10', '14', '12']}",<built-in method values of dict object at 0x7fd7b02cdc80>
"{'n_atak': ['5', '9', '2', '17', '19', '3', '0', '1', '16', '4', '7', '15', '8', '13', '6', '11', '18', '10', '14', '12']}",<built-in method values of dict object at 0x7fd7b02cdc80>
"{'n_atak': ['5', '9', '2', '17', '19', '3', '0', '1', '16', '4', '7', '15', '8', '13', '6', '11', '18', '10', '14', '12']}",<built-in method values of dict object at 0x7fd7b02cdc80>
"{'n_atak': ['5', '9', '2', '17', '19', '3', '0', '1', '16', '4', '7', '15', '8', '13', '6', '11', '18', '10', '14', '12']}",<built-in method values of dict object at 0x7fd7b02cdc80>
"{'n_atak': ['1', '19', '13', '0', '5', '11', '17', '8', '9', '12', '7', '15', '16', '14', '10', '6', '2', '3', '4', '18']}",<built-in method values of dict object at 0x7fd7b0147b00>
"{'n_atak': ['1', '19', '13', '0', '5', '11', '17', '8', '9', '12', '7', '15', '16', '14', '10', '6', '2', '3', '4', '18']}",<built-in method values of dict object at 0x7fd7b0147b00>
"{'n_atak': ['1', '19', '13', '0', '5', '11', '17', '8', '9', '12', '7', '15', '16', '14', '10', '6', '2', '3', '4', '18']}",<built-in method values of dict object at 0x7fd7b0147b00>
"{'n_atak': ['1', '19', '13', '0', '5', '11', '17', '8', '9', '12', '7', '15', '16', '14', '10', '6', '2', '3', '4', '18']}",<built-in method values of dict object at 0x7fd7b0147b00>
"{'n_atak': ['1', '19', '13', '0', '5', '11', '17', '8', '9', '12', '7', '15', '16', '14', '10', '6', '2', '3', '4', '18']}",<built-in method values of dict object at 0x7fd7b0147b00>
"{'n_atak': ['1', '19', '13', '0', '5', '11', '17', '8', '9', '12', '7', '15', '16', '14', '10', '6', '2', '3', '4', '18']}",<built-in method values of dict object at 0x7fd7b0147b00>
"{'n_atak': ['1', '19', '13', '0', '5', '11', '17', '8', '9', '12', '7', '15', '16', '14', '10', '6', '2', '3', '4', '18']}",<built-in method values of dict object at 0x7fd7b0147b00>
"{'n_atak': ['1', '19', '13', '0', '5', '11', '17', '8', '9', '12', '7', '15', '16', '14', '10', '6', '2', '3', '4', '18']}",<built-in method values of dict object at 0x7fd7b0147b00>
"{'n_atak': ['1', '19', '13', '0', '5', '11', '17', '8', '9', '12', '7', '15', '16', '14', '10', '6', '2', '3', '4', '18']}",<built-in method values of dict object at 0x7fd7b0147b00>
"{'n_atak': ['1', '19', '13', '0', '5', '11', '17', '8', '9', '12', '7', '15', '16', '14', '10', '6', '2', '3', '4', '18']}",<built-in method values of dict object at 0x7fd7b0147b00>
"{'n_atak': ['1', '19', '13', '0', '5', '11', '17', '8', '9', '12', '7', '15', '16', '14', '10', '6', '2', '3', '4', '18']}",<built-in method values of dict object at 0x7fd7b0147b00>
"{'n_atak': ['1', '19', '13', '0', '5', '11', '17', '8', '9', '12', '7', '15', '16', '14', '10', '6', '2', '3', '4', '18']}",<built-in method values of dict object at 0x7fd7b0147b00>
"{'n_atak': ['1', '19', '13', '0', '5', '11', '17', '8', '9', '12', '7', '15', '16', '14', '10', '6', '2', '3', '4', '18']}",<built-in method values of dict object at 0x7fd7b0147b00>
"{'n_atak': ['1', '19', '13', '0', '5', '11', '17', '8', '9', '12', '7', '15', '16', '14', '10', '6', '2', '3', '4', '18']}",<built-in method values of dict object at 0x7fd7b0147b00>
"{'n_atak': ['1', '19', '13', '0', '5', '11', '17', '8', '9', '12', '7', '15', '16', '14', '10', '6', '2', '3', '4', '18']}",<built-in method values of dict object at 0x7fd7b0147b00>
"{'n_atak': ['1', '19', '13', '0', '5', '11', '17', '8', '9', '12', '7', '15', '16', '14', '10', '6', '2', '3', '4', '18']}",<built-in method values of dict object at 0x7fd7b0147b00>
"{'n_atak': ['1', '19', '13', '0', '5', '11', '17', '8', '9', '12', '7', '15', '16', '14', '10', '6', '2', '3', '4', '18']}",<built-in method values of dict object at 0x7fd7b0147b00>
"{'n_atak': ['1', '19', '13', '0', '5', '11', '17', '8', '9', '12', '7', '15', '16', '14', '10', '6', '2', '3', '4', '18']}",<built-in method values of dict object at 0x7fd7b0147b00>
"{'n_atak': ['1', '19', '13', '0', '5', '11', '17', '8', '9', '12', '7', '15', '16', '14', '10', '6', '2', '3', '4', '18']}",<built-in method values of dict object at 0x7fd7b0147b00>
"{'n_atak': ['1', '19', '13', '0', '5', '11', '17', '8', '9', '12', '7', '15', '16', '14', '10', '6', '2', '3', '4', '18']}",<built-in method values of dict object at 0x7fd7b0147b00>
"{'n_atak': ['12', '6', '11', '9', '8', '18', '10', '2', '16', '3', '15', '5', '17', '1', '0', '13', '19', '14', '4', '7']}",<built-in method values of dict object at 0x7fd7b00fdec0>
"{'n_atak': ['12', '6', '11', '9', '8', '18', '10', '2', '16', '3', '15', '5', '17', '1', '0', '13', '19', '14', '4', '7']}",<built-in method values of dict object at 0x7fd7b00fdec0>
"{'n_atak': ['12', '6', '11', '9', '8', '18', '10', '2', '16', '3', '15', '5', '17', '1', '0', '13', '19', '14', '4', '7']}",<built-in method values of dict object at 0x7fd7b00fdec0>
"{'n_atak': ['12', '6', '11', '9', '8', '18', '10', '2', '16', '3', '15', '5', '17', '1', '0', '13', '19', '14', '4', '7']}",<built-in method values of dict object at 0x7fd7b00fdec0>
"{'n_atak': ['12', '6', '11', '9', '8', '18', '10', '2', '16', '3', '15', '5', '17', '1', '0', '13', '19', '14', '4', '7']}",<built-in method values of dict object at 0x7fd7b00fdec0>
"{'n_atak': ['12', '6', '11', '9', '8', '18', '10', '2', '16', '3', '15', '5', '17', '1', '0', '13', '19', '14', '4', '7']}",<built-in method values of dict object at 0x7fd7b00fdec0>
"{'n_atak': ['12', '6', '11', '9', '8', '18', '10', '2', '16', '3', '15', '5', '17', '1', '0', '13', '19', '14', '4', '7']}",<built-in method values of dict object at 0x7fd7b00fdec0>
"{'n_atak': ['12', '6', '11', '9', '8', '18', '10', '2', '16', '3', '15', '5', '17', '1', '0', '13', '19', '14', '4', '7']}",<built-in method values of dict object at 0x7fd7b00fdec0>
"{'n_atak': ['12', '6', '11', '9', '8', '18', '10', '2', '16', '3', '15', '5', '17', '1', '0', '13', '19', '14', '4', '7']}",<built-in method values of dict object at 0x7fd7b00fdec0>
"{'n_atak': ['12', '6', '11', '9', '8', '18', '10', '2', '16', '3', '15', '5', '17', '1', '0', '13', '19', '14', '4', '7']}",<built-in method values of dict object at 0x7fd7b00fdec0>
"{'n_atak': ['12', '6', '11', '9', '8', '18', '10', '2', '16', '3', '15', '5', '17', '1', '0', '13', '19', '14', '4', '7']}",<built-in method values of dict object at 0x7fd7b00fdec0>
"{'n_atak': ['12', '6', '11', '9', '8', '18', '10', '2', '16', '3', '15', '5', '17', '1', '0', '13', '19', '14', '4', '7']}",<built-in method values of dict object at 0x7fd7b00fdec0>
"{'n_atak': ['12', '6', '11', '9', '8', '18', '10', '2', '16', '3', '15', '5', '17', '1', '0', '13', '19', '14', '4', '7']}",<built-in method values of dict object at 0x7fd7b00fdec0>
"{'n_atak': ['12', '6', '11', '9', '8', '18', '10', '2', '16', '3', '15', '5', '17', '1', '0', '13', '19', '14', '4', '7']}",<built-in method values of dict object at 0x7fd7b00fdec0>
"{'n_atak': ['12', '6', '11', '9', '8', '18', '10', '2', '16', '3', '15', '5', '17', '1', '0', '13', '19', '14', '4', '7']}",<built-in method values of dict object at 0x7fd7b00fdec0>
"{'n_atak': ['12', '6', '11', '9', '8', '18', '10', '2', '16', '3', '15', '5', '17', '1', '0', '13', '19', '14', '4', '7']}",<built-in method values of dict object at 0x7fd7b00fdec0>
"{'n_atak': ['12', '6', '11', '9', '8', '18', '10', '2', '16', '3', '15', '5', '17', '1', '0', '13', '19', '14', '4', '7']}",<built-in method values of dict object at 0x7fd7b00fdec0>
"{'n_atak': ['12', '6', '11', '9', '8', '18', '10', '2', '16', '3', '15', '5', '17', '1', '0', '13', '19', '14', '4', '7']}",<built-in method values of dict object at 0x7fd7b00fdec0>
"{'n_atak': ['12', '6', '11', '9', '8', '18', '10', '2', '16', '3', '15', '5', '17', '1', '0', '13', '19', '14', '4', '7']}",<built-in method values of dict object at 0x7fd7b00fdec0>
"{'n_atak': ['12', '6', '11', '9', '8', '18', '10', '2', '16', '3', '15', '5', '17', '1', '0', '13', '19', '14', '4', '7']}",<built-in method values of dict object at 0x7fd7b00fdec0>
"{'n_atak': ['14', '9', '6', '17', '15', '10', '16', '0', '1', '7', '13', '19', '12', '18', '2', '3', '11', '5', '4', '8']}",<built-in method values of dict object at 0x7fd6d02d7c40>
"{'n_atak': ['14', '9', '6', '17', '15', '10', '16', '0', '1', '7', '13', '19', '12', '18', '2', '3', '11', '5', '4', '8']}",<built-in method values of dict object at 0x7fd6d02d7c40>
"{'n_atak': ['14', '9', '6', '17', '15', '10', '16', '0', '1', '7', '13', '19', '12', '18', '2', '3', '11', '5', '4', '8']}",<built-in method values of dict object at 0x7fd6d02d7c40>
"{'n_atak': ['14', '9', '6', '17', '15', '10', '16', '0', '1', '7', '13', '19', '12', '18', '2', '3', '11', '5', '4', '8']}",<built-in method values of dict object at 0x7fd6d02d7c40>
"{'n_atak': ['14', '9', '6', '17', '15', '10', '16', '0', '1', '7', '13', '19', '12', '18', '2', '3', '11', '5', '4', '8']}",<built-in method values of dict object at 0x7fd6d02d7c40>
"{'n_atak': ['14', '9', '6', '17', '15', '10', '16', '0', '1', '7', '13', '19', '12', '18', '2', '3', '11', '5', '4', '8']}",<built-in method values of dict object at 0x7fd6d02d7c40>
"{'n_atak': ['14', '9', '6', '17', '15', '10', '16', '0', '1', '7', '13', '19', '12', '18', '2', '3', '11', '5', '4', '8']}",<built-in method values of dict object at 0x7fd6d02d7c40>
"{'n_atak': ['14', '9', '6', '17', '15', '10', '16', '0', '1', '7', '13', '19', '12', '18', '2', '3', '11', '5', '4', '8']}",<built-in method values of dict object at 0x7fd6d02d7c40>
"{'n_atak': ['14', '9', '6', '17', '15', '10', '16', '0', '1', '7', '13', '19', '12', '18', '2', '3', '11', '5', '4', '8']}",<built-in method values of dict object at 0x7fd6d02d7c40>
"{'n_atak': ['14', '9', '6', '17', '15', '10', '16', '0', '1', '7', '13', '19', '12', '18', '2', '3', '11', '5', '4', '8']}",<built-in method values of dict object at 0x7fd6d02d7c40>
"{'n_atak': ['14', '9', '6', '17', '15', '10', '16', '0', '1', '7', '13', '19', '12', '18', '2', '3', '11', '5', '4', '8']}",<built-in method values of dict object at 0x7fd6d02d7c40>
"{'n_atak': ['14', '9', '6', '17', '15', '10', '16', '0', '1', '7', '13', '19', '12', '18', '2', '3', '11', '5', '4', '8']}",<built-in method values of dict object at 0x7fd6d02d7c40>
"{'n_atak': ['14', '9', '6', '17', '15', '10', '16', '0', '1', '7', '13', '19', '12', '18', '2', '3', '11', '5', '4', '8']}",<built-in method values of dict object at 0x7fd6d02d7c40>
"{'n_atak': ['14', '9', '6', '17', '15', '10', '16', '0', '1', '7', '13', '19', '12', '18', '2', '3', '11', '5', '4', '8']}",<built-in method values of dict object at 0x7fd6d02d7c40>
"{'n_atak': ['14', '9', '6', '17', '15', '10', '16', '0', '1', '7', '13', '19', '12', '18', '2', '3', '11', '5', '4', '8']}",<built-in method values of dict object at 0x7fd6d02d7c40>
"{'n_atak': ['14', '9', '6', '17', '15', '10', '16', '0', '1', '7', '13', '19', '12', '18', '2', '3', '11', '5', '4', '8']}",<built-in method values of dict object at 0x7fd6d02d7c40>
"{'n_atak': ['14', '9', '6', '17', '15', '10', '16', '0', '1', '7', '13', '19', '12', '18', '2', '3', '11', '5', '4', '8']}",<built-in method values of dict object at 0x7fd6d02d7c40>
"{'n_atak': ['14', '9', '6', '17', '15', '10', '16', '0', '1', '7', '13', '19', '12', '18', '2', '3', '11', '5', '4', '8']}",<built-in method values of dict object at 0x7fd6d02d7c40>
"{'n_atak': ['14', '9', '6', '17', '15', '10', '16', '0', '1', '7', '13', '19', '12', '18', '2', '3', '11', '5', '4', '8']}",<built-in method values of dict object at 0x7fd6d02d7c40>
"{'n_atak': ['14', '9', '6', '17', '15', '10', '16', '0', '1', '7', '13', '19', '12', '18', '2', '3', '11', '5', '4', '8']}",<built-in method values of dict object at 0x7fd6d02d7c40>
"{'n_atak': ['13', '0', '10', '8', '5', '14', '6', '3', '11', '16', '17', '12', '18', '15', '4', '1', '7', '9', '19', '2']}",<built-in method values of dict object at 0x7fd7b0145400>
"{'n_atak': ['13', '0', '10', '8', '5', '14', '6', '3', '11', '16', '17', '12', '18', '15', '4', '1', '7', '9', '19', '2']}",<built-in method values of dict object at 0x7fd7b0145400>
"{'n_atak': ['13', '0', '10', '8', '5', '14', '6', '3', '11', '16', '17', '12', '18', '15', '4', '1', '7', '9', '19', '2']}",<built-in method values of dict object at 0x7fd7b0145400>
"{'n_atak': ['13', '0', '10', '8', '5', '14', '6', '3', '11', '16', '17', '12', '18', '15', '4', '1', '7', '9', '19', '2']}",<built-in method values of dict object at 0x7fd7b0145400>
"{'n_atak': ['13', '0', '10', '8', '5', '14', '6', '3', '11', '16', '17', '12', '18', '15', '4', '1', '7', '9', '19', '2']}",<built-in method values of dict object at 0x7fd7b0145400>
"{'n_atak': ['13', '0', '10', '8', '5', '14', '6', '3', '11', '16', '17', '12', '18', '15', '4', '1', '7', '9', '19', '2']}",<built-in method values of dict object at 0x7fd7b0145400>
"{'n_atak': ['13', '0', '10', '8', '5', '14', '6', '3', '11', '16', '17', '12', '18', '15', '4', '1', '7', '9', '19', '2']}",<built-in method values of dict object at 0x7fd7b0145400>
"{'n_atak': ['13', '0', '10', '8', '5', '14', '6', '3', '11', '16', '17', '12', '18', '15', '4', '1', '7', '9', '19', '2']}",<built-in method values of dict object at 0x7fd7b0145400>
"{'n_atak': ['13', '0', '10', '8', '5', '14', '6', '3', '11', '16', '17', '12', '18', '15', '4', '1', '7', '9', '19', '2']}",<built-in method values of dict object at 0x7fd7b0145400>
"{'n_atak': ['13', '0', '10', '8', '5', '14', '6', '3', '11', '16', '17', '12', '18', '15', '4', '1', '7', '9', '19', '2']}",<built-in method values of dict object at 0x7fd7b0145400>
"{'n_atak': ['13', '0', '10', '8', '5', '14', '6', '3', '11', '16', '17', '12', '18', '15', '4', '1', '7', '9', '19', '2']}",<built-in method values of dict object at 0x7fd7b0145400>
"{'n_atak': ['13', '0', '10', '8', '5', '14', '6', '3', '11', '16', '17', '12', '18', '15', '4', '1', '7', '9', '19', '2']}",<built-in method values of dict object at 0x7fd7b0145400>
"{'n_atak': ['13', '0', '10', '8', '5', '14', '6', '3', '11', '16', '17', '12', '18', '15', '4', '1', '7', '9', '19', '2']}",<built-in method values of dict object at 0x7fd7b0145400>
"{'n_atak': ['13', '0', '10', '8', '5', '14', '6', '3', '11', '16', '17', '12', '18', '15', '4', '1', '7', '9', '19', '2']}",<built-in method values of dict object at 0x7fd7b0145400>
"{'n_atak': ['13', '0', '10', '8', '5', '14', '6', '3', '11', '16', '17', '12', '18', '15', '4', '1', '7', '9', '19', '2']}",<built-in method values of dict object at 0x7fd7b0145400>
"{'n_atak': ['13', '0', '10', '8', '5', '14', '6', '3', '11', '16', '17', '12', '18', '15', '4', '1', '7', '9', '19', '2']}",<built-in method values of dict object at 0x7fd7b0145400>
"{'n_atak': ['13', '0', '10', '8', '5', '14', '6', '3', '11', '16', '17', '12', '18', '15', '4', '1', '7', '9', '19', '2']}",<built-in method values of dict object at 0x7fd7b0145400>
"{'n_atak': ['13', '0', '10', '8', '5', '14', '6', '3', '11', '16', '17', '12', '18', '15', '4', '1', '7', '9', '19', '2']}",<built-in method values of dict object at 0x7fd7b0145400>
"{'n_atak': ['13', '0', '10', '8', '5', '14', '6', '3', '11', '16', '17', '12', '18', '15', '4', '1', '7', '9', '19', '2']}",<built-in method values of dict object at 0x7fd7b0145400>
"{'n_atak': ['13', '0', '10', '8', '5', '14', '6', '3', '11', '16', '17', '12', '18', '15', '4', '1', '7', '9', '19', '2']}",<built-in method values of dict object at 0x7fd7b0145400>
"{'n_atak': ['6', '17', '5', '9', '12', '18', '15', '13', '0', '19', '14', '4', '1', '2', '8', '7', '16', '10', '11', '3']}",<built-in method values of dict object at 0x7fd7b013bc80>
"{'n_atak': ['6', '17', '5', '9', '12', '18', '15', '13', '0', '19', '14', '4', '1', '2', '8', '7', '16', '10', '11', '3']}",<built-in method values of dict object at 0x7fd7b013bc80>
"{'n_atak': ['6', '17', '5', '9', '12', '18', '15', '13', '0', '19', '14', '4', '1', '2', '8', '7', '16', '10', '11', '3']}",<built-in method values of dict object at 0x7fd7b013bc80>
"{'n_atak': ['6', '17', '5', '9', '12', '18', '15', '13', '0', '19', '14', '4', '1', '2', '8', '7', '16', '10', '11', '3']}",<built-in method values of dict object at 0x7fd7b013bc80>
"{'n_atak': ['6', '17', '5', '9', '12', '18', '15', '13', '0', '19', '14', '4', '1', '2', '8', '7', '16', '10', '11', '3']}",<built-in method values of dict object at 0x7fd7b013bc80>
"{'n_atak': ['6', '17', '5', '9', '12', '18', '15', '13', '0', '19', '14', '4', '1', '2', '8', '7', '16', '10', '11', '3']}",<built-in method values of dict object at 0x7fd7b013bc80>
"{'n_atak': ['6', '17', '5', '9', '12', '18', '15', '13', '0', '19', '14', '4', '1', '2', '8', '7', '16', '10', '11', '3']}",<built-in method values of dict object at 0x7fd7b013bc80>
"{'n_atak': ['6', '17', '5', '9', '12', '18', '15', '13', '0', '19', '14', '4', '1', '2', '8', '7', '16', '10', '11', '3']}",<built-in method values of dict object at 0x7fd7b013bc80>
"{'n_atak': ['6', '17', '5', '9', '12', '18', '15', '13', '0', '19', '14', '4', '1', '2', '8', '7', '16', '10', '11', '3']}",<built-in method values of dict object at 0x7fd7b013bc80>
"{'n_atak': ['6', '17', '5', '9', '12', '18', '15', '13', '0', '19', '14', '4', '1', '2', '8', '7', '16', '10', '11', '3']}",<built-in method values of dict object at 0x7fd7b013bc80>
"{'n_atak': ['6', '17', '5', '9', '12', '18', '15', '13', '0', '19', '14', '4', '1', '2', '8', '7', '16', '10', '11', '3']}",<built-in method values of dict object at 0x7fd7b013bc80>
"{'n_atak': ['6', '17', '5', '9', '12', '18', '15', '13', '0', '19', '14', '4', '1', '2', '8', '7', '16', '10', '11', '3']}",<built-in method values of dict object at 0x7fd7b013bc80>
"{'n_atak': ['6', '17', '5', '9', '12', '18', '15', '13', '0', '19', '14', '4', '1', '2', '8', '7', '16', '10', '11', '3']}",<built-in method values of dict object at 0x7fd7b013bc80>
"{'n_atak': ['6', '17', '5', '9', '12', '18', '15', '13', '0', '19', '14', '4', '1', '2', '8', '7', '16', '10', '11', '3']}",<built-in method values of dict object at 0x7fd7b013bc80>
"{'n_atak': ['6', '17', '5', '9', '12', '18', '15', '13', '0', '19', '14', '4', '1', '2', '8', '7', '16', '10', '11', '3']}",<built-in method values of dict object at 0x7fd7b013bc80>
"{'n_atak': ['6', '17', '5', '9', '12', '18', '15', '13', '0', '19', '14', '4', '1', '2', '8', '7', '16', '10', '11', '3']}",<built-in method values of dict object at 0x7fd7b013bc80>
"{'n_atak': ['6', '17', '5', '9', '12', '18', '15', '13', '0', '19', '14', '4', '1', '2', '8', '7', '16', '10', '11', '3']}",<built-in method values of dict object at 0x7fd7b013bc80>
"{'n_atak': ['6', '17', '5', '9', '12', '18', '15', '13', '0', '19', '14', '4', '1', '2', '8', '7', '16', '10', '11', '3']}",<built-in method values of dict object at 0x7fd7b013bc80>
"{'n_atak': ['6', '17', '5', '9', '12', '18', '15', '13', '0', '19', '14', '4', '1', '2', '8', '7', '16', '10', '11', '3']}",<built-in method values of dict object at 0x7fd7b013bc80>
"{'n_atak': ['6', '17', '5', '9', '12', '18', '15', '13', '0', '19', '14', '4', '1', '2', '8', '7', '16', '10', '11', '3']}",<built-in method values of dict object at 0x7fd7b013bc80>
"{'n_atak': ['12', '5', '10', '1', '14', '19', '9', '13', '0', '7', '8', '3', '2', '11', '18', '15', '16', '17', '4', '6']}",<built-in method values of dict object at 0x7fd7b01474c0>
"{'n_atak': ['12', '5', '10', '1', '14', '19', '9', '13', '0', '7', '8', '3', '2', '11', '18', '15', '16', '17', '4', '6']}",<built-in method values of dict object at 0x7fd7b01474c0>
"{'n_atak': ['12', '5', '10', '1', '14', '19', '9', '13', '0', '7', '8', '3', '2', '11', '18', '15', '16', '17', '4', '6']}",<built-in method values of dict object at 0x7fd7b01474c0>
"{'n_atak': ['12', '5', '10', '1', '14', '19', '9', '13', '0', '7', '8', '3', '2', '11', '18', '15', '16', '17', '4', '6']}",<built-in method values of dict object at 0x7fd7b01474c0>
"{'n_atak': ['12', '5', '10', '1', '14', '19', '9', '13', '0', '7', '8', '3', '2', '11', '18', '15', '16', '17', '4', '6']}",<built-in method values of dict object at 0x7fd7b01474c0>
"{'n_atak': ['12', '5', '10', '1', '14', '19', '9', '13', '0', '7', '8', '3', '2', '11', '18', '15', '16', '17', '4', '6']}",<built-in method values of dict object at 0x7fd7b01474c0>
"{'n_atak': ['12', '5', '10', '1', '14', '19', '9', '13', '0', '7', '8', '3', '2', '11', '18', '15', '16', '17', '4', '6']}",<built-in method values of dict object at 0x7fd7b01474c0>
"{'n_atak': ['12', '5', '10', '1', '14', '19', '9', '13', '0', '7', '8', '3', '2', '11', '18', '15', '16', '17', '4', '6']}",<built-in method values of dict object at 0x7fd7b01474c0>
"{'n_atak': ['12', '5', '10', '1', '14', '19', '9', '13', '0', '7', '8', '3', '2', '11', '18', '15', '16', '17', '4', '6']}",<built-in method values of dict object at 0x7fd7b01474c0>
"{'n_atak': ['12', '5', '10', '1', '14', '19', '9', '13', '0', '7', '8', '3', '2', '11', '18', '15', '16', '17', '4', '6']}",<built-in method values of dict object at 0x7fd7b01474c0>
"{'n_atak': ['12', '5', '10', '1', '14', '19', '9', '13', '0', '7', '8', '3', '2', '11', '18', '15', '16', '17', '4', '6']}",<built-in method values of dict object at 0x7fd7b01474c0>
"{'n_atak': ['12', '5', '10', '1', '14', '19', '9', '13', '0', '7', '8', '3', '2', '11', '18', '15', '16', '17', '4', '6']}",<built-in method values of dict object at 0x7fd7b01474c0>
"{'n_atak': ['12', '5', '10', '1', '14', '19', '9', '13', '0', '7', '8', '3', '2', '11', '18', '15', '16', '17', '4', '6']}",<built-in method values of dict object at 0x7fd7b01474c0>
"{'n_atak': ['12', '5', '10', '1', '14', '19', '9', '13', '0', '7', '8', '3', '2', '11', '18', '15', '16', '17', '4', '6']}",<built-in method values of dict object at 0x7fd7b01474c0>
"{'n_atak': ['12', '5', '10', '1', '14', '19', '9', '13', '0', '7', '8', '3', '2', '11', '18', '15', '16', '17', '4', '6']}",<built-in method values of dict object at 0x7fd7b01474c0>
"{'n_atak': ['12', '5', '10', '1', '14', '19', '9', '13', '0', '7', '8', '3', '2', '11', '18', '15', '16', '17', '4', '6']}",<built-in method values of dict object at 0x7fd7b01474c0>
"{'n_atak': ['12', '5', '10', '1', '14', '19', '9', '13', '0', '7', '8', '3', '2', '11', '18', '15', '16', '17', '4', '6']}",<built-in method values of dict object at 0x7fd7b01474c0>
"{'n_atak': ['12', '5', '10', '1', '14', '19', '9', '13', '0', '7', '8', '3', '2', '11', '18', '15', '16', '17', '4', '6']}",<built-in method values of dict object at 0x7fd7b01474c0>
"{'n_atak': ['12', '5', '10', '1', '14', '19', '9', '13', '0', '7', '8', '3', '2', '11', '18', '15', '16', '17', '4', '6']}",<built-in method values of dict object at 0x7fd7b01474c0>
"{'n_atak': ['12', '5', '10', '1', '14', '19', '9', '13', '0', '7', '8', '3', '2', '11', '18', '15', '16', '17', '4', '6']}",<built-in method values of dict object at 0x7fd7b01474c0>
