{},<built-in method values of dict object at 0x7f2356047b00>
{},<built-in method values of dict object at 0x7f2356047b00>
{},<built-in method values of dict object at 0x7f2356047b00>
{},<built-in method values of dict object at 0x7f2356047b00>
{},<built-in method values of dict object at 0x7f2356047b00>
{},<built-in method values of dict object at 0x7f2356047b00>
{},<built-in method values of dict object at 0x7f2356047b00>
{},<built-in method values of dict object at 0x7f2356047b00>
{},<built-in method values of dict object at 0x7f2356047b00>
{},<built-in method values of dict object at 0x7f2356047b00>
{},<built-in method values of dict object at 0x7f2356047b00>
{},<built-in method values of dict object at 0x7f2356047b00>
{},<built-in method values of dict object at 0x7f2356047b00>
{},<built-in method values of dict object at 0x7f2356047b00>
{},<built-in method values of dict object at 0x7f2356047b00>
{},<built-in method values of dict object at 0x7f2356047b00>
{},<built-in method values of dict object at 0x7f2356047b00>
{},<built-in method values of dict object at 0x7f2356047b00>
{},<built-in method values of dict object at 0x7f2356047b00>
{},<built-in method values of dict object at 0x7f2356047b00>
"{'n_atak': ['18', '1', '7', '6', '11', '16', '8', '2', '15', '19', '0', '3', '10', '5', '9', '4', '14', '12', '13', '17']}",<built-in method values of dict object at 0x7f235609ff80>
"{'n_atak': ['18', '1', '7', '6', '11', '16', '8', '2', '15', '19', '0', '3', '10', '5', '9', '4', '14', '12', '13', '17']}",<built-in method values of dict object at 0x7f235609ff80>
"{'n_atak': ['18', '1', '7', '6', '11', '16', '8', '2', '15', '19', '0', '3', '10', '5', '9', '4', '14', '12', '13', '17']}",<built-in method values of dict object at 0x7f235609ff80>
"{'n_atak': ['18', '1', '7', '6', '11', '16', '8', '2', '15', '19', '0', '3', '10', '5', '9', '4', '14', '12', '13', '17']}",<built-in method values of dict object at 0x7f235609ff80>
"{'n_atak': ['18', '1', '7', '6', '11', '16', '8', '2', '15', '19', '0', '3', '10', '5', '9', '4', '14', '12', '13', '17']}",<built-in method values of dict object at 0x7f235609ff80>
"{'n_atak': ['18', '1', '7', '6', '11', '16', '8', '2', '15', '19', '0', '3', '10', '5', '9', '4', '14', '12', '13', '17']}",<built-in method values of dict object at 0x7f235609ff80>
"{'n_atak': ['18', '1', '7', '6', '11', '16', '8', '2', '15', '19', '0', '3', '10', '5', '9', '4', '14', '12', '13', '17']}",<built-in method values of dict object at 0x7f235609ff80>
"{'n_atak': ['18', '1', '7', '6', '11', '16', '8', '2', '15', '19', '0', '3', '10', '5', '9', '4', '14', '12', '13', '17']}",<built-in method values of dict object at 0x7f235609ff80>
"{'n_atak': ['18', '1', '7', '6', '11', '16', '8', '2', '15', '19', '0', '3', '10', '5', '9', '4', '14', '12', '13', '17']}",<built-in method values of dict object at 0x7f235609ff80>
"{'n_atak': ['18', '1', '7', '6', '11', '16', '8', '2', '15', '19', '0', '3', '10', '5', '9', '4', '14', '12', '13', '17']}",<built-in method values of dict object at 0x7f235609ff80>
"{'n_atak': ['18', '1', '7', '6', '11', '16', '8', '2', '15', '19', '0', '3', '10', '5', '9', '4', '14', '12', '13', '17']}",<built-in method values of dict object at 0x7f235609ff80>
"{'n_atak': ['18', '1', '7', '6', '11', '16', '8', '2', '15', '19', '0', '3', '10', '5', '9', '4', '14', '12', '13', '17']}",<built-in method values of dict object at 0x7f235609ff80>
"{'n_atak': ['18', '1', '7', '6', '11', '16', '8', '2', '15', '19', '0', '3', '10', '5', '9', '4', '14', '12', '13', '17']}",<built-in method values of dict object at 0x7f235609ff80>
"{'n_atak': ['18', '1', '7', '6', '11', '16', '8', '2', '15', '19', '0', '3', '10', '5', '9', '4', '14', '12', '13', '17']}",<built-in method values of dict object at 0x7f235609ff80>
"{'n_atak': ['18', '1', '7', '6', '11', '16', '8', '2', '15', '19', '0', '3', '10', '5', '9', '4', '14', '12', '13', '17']}",<built-in method values of dict object at 0x7f235609ff80>
"{'n_atak': ['18', '1', '7', '6', '11', '16', '8', '2', '15', '19', '0', '3', '10', '5', '9', '4', '14', '12', '13', '17']}",<built-in method values of dict object at 0x7f235609ff80>
"{'n_atak': ['18', '1', '7', '6', '11', '16', '8', '2', '15', '19', '0', '3', '10', '5', '9', '4', '14', '12', '13', '17']}",<built-in method values of dict object at 0x7f235609ff80>
"{'n_atak': ['18', '1', '7', '6', '11', '16', '8', '2', '15', '19', '0', '3', '10', '5', '9', '4', '14', '12', '13', '17']}",<built-in method values of dict object at 0x7f235609ff80>
"{'n_atak': ['18', '1', '7', '6', '11', '16', '8', '2', '15', '19', '0', '3', '10', '5', '9', '4', '14', '12', '13', '17']}",<built-in method values of dict object at 0x7f235609ff80>
"{'n_atak': ['18', '1', '7', '6', '11', '16', '8', '2', '15', '19', '0', '3', '10', '5', '9', '4', '14', '12', '13', '17']}",<built-in method values of dict object at 0x7f235609ff80>
"{'n_atak': ['10', '11', '7', '9', '15', '18', '4', '16', '12', '0', '17', '6', '13', '5', '3', '2', '1', '8', '19', '14']}",<built-in method values of dict object at 0x7f235609f440>
"{'n_atak': ['10', '11', '7', '9', '15', '18', '4', '16', '12', '0', '17', '6', '13', '5', '3', '2', '1', '8', '19', '14']}",<built-in method values of dict object at 0x7f235609f440>
"{'n_atak': ['10', '11', '7', '9', '15', '18', '4', '16', '12', '0', '17', '6', '13', '5', '3', '2', '1', '8', '19', '14']}",<built-in method values of dict object at 0x7f235609f440>
"{'n_atak': ['10', '11', '7', '9', '15', '18', '4', '16', '12', '0', '17', '6', '13', '5', '3', '2', '1', '8', '19', '14']}",<built-in method values of dict object at 0x7f235609f440>
"{'n_atak': ['10', '11', '7', '9', '15', '18', '4', '16', '12', '0', '17', '6', '13', '5', '3', '2', '1', '8', '19', '14']}",<built-in method values of dict object at 0x7f235609f440>
"{'n_atak': ['10', '11', '7', '9', '15', '18', '4', '16', '12', '0', '17', '6', '13', '5', '3', '2', '1', '8', '19', '14']}",<built-in method values of dict object at 0x7f235609f440>
"{'n_atak': ['10', '11', '7', '9', '15', '18', '4', '16', '12', '0', '17', '6', '13', '5', '3', '2', '1', '8', '19', '14']}",<built-in method values of dict object at 0x7f235609f440>
"{'n_atak': ['10', '11', '7', '9', '15', '18', '4', '16', '12', '0', '17', '6', '13', '5', '3', '2', '1', '8', '19', '14']}",<built-in method values of dict object at 0x7f235609f440>
"{'n_atak': ['10', '11', '7', '9', '15', '18', '4', '16', '12', '0', '17', '6', '13', '5', '3', '2', '1', '8', '19', '14']}",<built-in method values of dict object at 0x7f235609f440>
"{'n_atak': ['10', '11', '7', '9', '15', '18', '4', '16', '12', '0', '17', '6', '13', '5', '3', '2', '1', '8', '19', '14']}",<built-in method values of dict object at 0x7f235609f440>
"{'n_atak': ['10', '11', '7', '9', '15', '18', '4', '16', '12', '0', '17', '6', '13', '5', '3', '2', '1', '8', '19', '14']}",<built-in method values of dict object at 0x7f235609f440>
"{'n_atak': ['10', '11', '7', '9', '15', '18', '4', '16', '12', '0', '17', '6', '13', '5', '3', '2', '1', '8', '19', '14']}",<built-in method values of dict object at 0x7f235609f440>
"{'n_atak': ['10', '11', '7', '9', '15', '18', '4', '16', '12', '0', '17', '6', '13', '5', '3', '2', '1', '8', '19', '14']}",<built-in method values of dict object at 0x7f235609f440>
"{'n_atak': ['10', '11', '7', '9', '15', '18', '4', '16', '12', '0', '17', '6', '13', '5', '3', '2', '1', '8', '19', '14']}",<built-in method values of dict object at 0x7f235609f440>
"{'n_atak': ['10', '11', '7', '9', '15', '18', '4', '16', '12', '0', '17', '6', '13', '5', '3', '2', '1', '8', '19', '14']}",<built-in method values of dict object at 0x7f235609f440>
"{'n_atak': ['10', '11', '7', '9', '15', '18', '4', '16', '12', '0', '17', '6', '13', '5', '3', '2', '1', '8', '19', '14']}",<built-in method values of dict object at 0x7f235609f440>
"{'n_atak': ['10', '11', '7', '9', '15', '18', '4', '16', '12', '0', '17', '6', '13', '5', '3', '2', '1', '8', '19', '14']}",<built-in method values of dict object at 0x7f235609f440>
"{'n_atak': ['10', '11', '7', '9', '15', '18', '4', '16', '12', '0', '17', '6', '13', '5', '3', '2', '1', '8', '19', '14']}",<built-in method values of dict object at 0x7f235609f440>
"{'n_atak': ['10', '11', '7', '9', '15', '18', '4', '16', '12', '0', '17', '6', '13', '5', '3', '2', '1', '8', '19', '14']}",<built-in method values of dict object at 0x7f235609f440>
"{'n_atak': ['10', '11', '7', '9', '15', '18', '4', '16', '12', '0', '17', '6', '13', '5', '3', '2', '1', '8', '19', '14']}",<built-in method values of dict object at 0x7f235609f440>
"{'n_atak': ['3', '19', '7', '15', '13', '16', '11', '4', '18', '14', '10', '5', '1', '8', '2', '0', '12', '6', '9', '17']}",<built-in method values of dict object at 0x7f23560b8cc0>
"{'n_atak': ['3', '19', '7', '15', '13', '16', '11', '4', '18', '14', '10', '5', '1', '8', '2', '0', '12', '6', '9', '17']}",<built-in method values of dict object at 0x7f23560b8cc0>
"{'n_atak': ['3', '19', '7', '15', '13', '16', '11', '4', '18', '14', '10', '5', '1', '8', '2', '0', '12', '6', '9', '17']}",<built-in method values of dict object at 0x7f23560b8cc0>
"{'n_atak': ['3', '19', '7', '15', '13', '16', '11', '4', '18', '14', '10', '5', '1', '8', '2', '0', '12', '6', '9', '17']}",<built-in method values of dict object at 0x7f23560b8cc0>
"{'n_atak': ['3', '19', '7', '15', '13', '16', '11', '4', '18', '14', '10', '5', '1', '8', '2', '0', '12', '6', '9', '17']}",<built-in method values of dict object at 0x7f23560b8cc0>
"{'n_atak': ['3', '19', '7', '15', '13', '16', '11', '4', '18', '14', '10', '5', '1', '8', '2', '0', '12', '6', '9', '17']}",<built-in method values of dict object at 0x7f23560b8cc0>
"{'n_atak': ['3', '19', '7', '15', '13', '16', '11', '4', '18', '14', '10', '5', '1', '8', '2', '0', '12', '6', '9', '17']}",<built-in method values of dict object at 0x7f23560b8cc0>
"{'n_atak': ['3', '19', '7', '15', '13', '16', '11', '4', '18', '14', '10', '5', '1', '8', '2', '0', '12', '6', '9', '17']}",<built-in method values of dict object at 0x7f23560b8cc0>
"{'n_atak': ['3', '19', '7', '15', '13', '16', '11', '4', '18', '14', '10', '5', '1', '8', '2', '0', '12', '6', '9', '17']}",<built-in method values of dict object at 0x7f23560b8cc0>
"{'n_atak': ['3', '19', '7', '15', '13', '16', '11', '4', '18', '14', '10', '5', '1', '8', '2', '0', '12', '6', '9', '17']}",<built-in method values of dict object at 0x7f23560b8cc0>
"{'n_atak': ['3', '19', '7', '15', '13', '16', '11', '4', '18', '14', '10', '5', '1', '8', '2', '0', '12', '6', '9', '17']}",<built-in method values of dict object at 0x7f23560b8cc0>
"{'n_atak': ['3', '19', '7', '15', '13', '16', '11', '4', '18', '14', '10', '5', '1', '8', '2', '0', '12', '6', '9', '17']}",<built-in method values of dict object at 0x7f23560b8cc0>
"{'n_atak': ['3', '19', '7', '15', '13', '16', '11', '4', '18', '14', '10', '5', '1', '8', '2', '0', '12', '6', '9', '17']}",<built-in method values of dict object at 0x7f23560b8cc0>
"{'n_atak': ['3', '19', '7', '15', '13', '16', '11', '4', '18', '14', '10', '5', '1', '8', '2', '0', '12', '6', '9', '17']}",<built-in method values of dict object at 0x7f23560b8cc0>
"{'n_atak': ['3', '19', '7', '15', '13', '16', '11', '4', '18', '14', '10', '5', '1', '8', '2', '0', '12', '6', '9', '17']}",<built-in method values of dict object at 0x7f23560b8cc0>
"{'n_atak': ['3', '19', '7', '15', '13', '16', '11', '4', '18', '14', '10', '5', '1', '8', '2', '0', '12', '6', '9', '17']}",<built-in method values of dict object at 0x7f23560b8cc0>
"{'n_atak': ['3', '19', '7', '15', '13', '16', '11', '4', '18', '14', '10', '5', '1', '8', '2', '0', '12', '6', '9', '17']}",<built-in method values of dict object at 0x7f23560b8cc0>
"{'n_atak': ['3', '19', '7', '15', '13', '16', '11', '4', '18', '14', '10', '5', '1', '8', '2', '0', '12', '6', '9', '17']}",<built-in method values of dict object at 0x7f23560b8cc0>
"{'n_atak': ['3', '19', '7', '15', '13', '16', '11', '4', '18', '14', '10', '5', '1', '8', '2', '0', '12', '6', '9', '17']}",<built-in method values of dict object at 0x7f23560b8cc0>
"{'n_atak': ['3', '19', '7', '15', '13', '16', '11', '4', '18', '14', '10', '5', '1', '8', '2', '0', '12', '6', '9', '17']}",<built-in method values of dict object at 0x7f23560b8cc0>
"{'n_atak': ['0', '17', '16', '5', '1', '6', '18', '9', '8', '10', '15', '14', '11', '7', '19', '12', '2', '13', '3', '4']}",<built-in method values of dict object at 0x7f2356046a00>
"{'n_atak': ['0', '17', '16', '5', '1', '6', '18', '9', '8', '10', '15', '14', '11', '7', '19', '12', '2', '13', '3', '4']}",<built-in method values of dict object at 0x7f2356046a00>
"{'n_atak': ['0', '17', '16', '5', '1', '6', '18', '9', '8', '10', '15', '14', '11', '7', '19', '12', '2', '13', '3', '4']}",<built-in method values of dict object at 0x7f2356046a00>
"{'n_atak': ['0', '17', '16', '5', '1', '6', '18', '9', '8', '10', '15', '14', '11', '7', '19', '12', '2', '13', '3', '4']}",<built-in method values of dict object at 0x7f2356046a00>
"{'n_atak': ['0', '17', '16', '5', '1', '6', '18', '9', '8', '10', '15', '14', '11', '7', '19', '12', '2', '13', '3', '4']}",<built-in method values of dict object at 0x7f2356046a00>
"{'n_atak': ['0', '17', '16', '5', '1', '6', '18', '9', '8', '10', '15', '14', '11', '7', '19', '12', '2', '13', '3', '4']}",<built-in method values of dict object at 0x7f2356046a00>
"{'n_atak': ['0', '17', '16', '5', '1', '6', '18', '9', '8', '10', '15', '14', '11', '7', '19', '12', '2', '13', '3', '4']}",<built-in method values of dict object at 0x7f2356046a00>
"{'n_atak': ['0', '17', '16', '5', '1', '6', '18', '9', '8', '10', '15', '14', '11', '7', '19', '12', '2', '13', '3', '4']}",<built-in method values of dict object at 0x7f2356046a00>
"{'n_atak': ['0', '17', '16', '5', '1', '6', '18', '9', '8', '10', '15', '14', '11', '7', '19', '12', '2', '13', '3', '4']}",<built-in method values of dict object at 0x7f2356046a00>
"{'n_atak': ['0', '17', '16', '5', '1', '6', '18', '9', '8', '10', '15', '14', '11', '7', '19', '12', '2', '13', '3', '4']}",<built-in method values of dict object at 0x7f2356046a00>
"{'n_atak': ['0', '17', '16', '5', '1', '6', '18', '9', '8', '10', '15', '14', '11', '7', '19', '12', '2', '13', '3', '4']}",<built-in method values of dict object at 0x7f2356046a00>
"{'n_atak': ['0', '17', '16', '5', '1', '6', '18', '9', '8', '10', '15', '14', '11', '7', '19', '12', '2', '13', '3', '4']}",<built-in method values of dict object at 0x7f2356046a00>
"{'n_atak': ['0', '17', '16', '5', '1', '6', '18', '9', '8', '10', '15', '14', '11', '7', '19', '12', '2', '13', '3', '4']}",<built-in method values of dict object at 0x7f2356046a00>
"{'n_atak': ['0', '17', '16', '5', '1', '6', '18', '9', '8', '10', '15', '14', '11', '7', '19', '12', '2', '13', '3', '4']}",<built-in method values of dict object at 0x7f2356046a00>
"{'n_atak': ['0', '17', '16', '5', '1', '6', '18', '9', '8', '10', '15', '14', '11', '7', '19', '12', '2', '13', '3', '4']}",<built-in method values of dict object at 0x7f2356046a00>
"{'n_atak': ['0', '17', '16', '5', '1', '6', '18', '9', '8', '10', '15', '14', '11', '7', '19', '12', '2', '13', '3', '4']}",<built-in method values of dict object at 0x7f2356046a00>
"{'n_atak': ['0', '17', '16', '5', '1', '6', '18', '9', '8', '10', '15', '14', '11', '7', '19', '12', '2', '13', '3', '4']}",<built-in method values of dict object at 0x7f2356046a00>
"{'n_atak': ['0', '17', '16', '5', '1', '6', '18', '9', '8', '10', '15', '14', '11', '7', '19', '12', '2', '13', '3', '4']}",<built-in method values of dict object at 0x7f2356046a00>
"{'n_atak': ['0', '17', '16', '5', '1', '6', '18', '9', '8', '10', '15', '14', '11', '7', '19', '12', '2', '13', '3', '4']}",<built-in method values of dict object at 0x7f2356046a00>
"{'n_atak': ['0', '17', '16', '5', '1', '6', '18', '9', '8', '10', '15', '14', '11', '7', '19', '12', '2', '13', '3', '4']}",<built-in method values of dict object at 0x7f2356046a00>
"{'n_atak': ['4', '13', '9', '0', '7', '15', '3', '16', '14', '2', '18', '10', '12', '11', '6', '19', '17', '5', '8', '1']}",<built-in method values of dict object at 0x7f23560d6e80>
"{'n_atak': ['4', '13', '9', '0', '7', '15', '3', '16', '14', '2', '18', '10', '12', '11', '6', '19', '17', '5', '8', '1']}",<built-in method values of dict object at 0x7f23560d6e80>
"{'n_atak': ['4', '13', '9', '0', '7', '15', '3', '16', '14', '2', '18', '10', '12', '11', '6', '19', '17', '5', '8', '1']}",<built-in method values of dict object at 0x7f23560d6e80>
"{'n_atak': ['4', '13', '9', '0', '7', '15', '3', '16', '14', '2', '18', '10', '12', '11', '6', '19', '17', '5', '8', '1']}",<built-in method values of dict object at 0x7f23560d6e80>
"{'n_atak': ['4', '13', '9', '0', '7', '15', '3', '16', '14', '2', '18', '10', '12', '11', '6', '19', '17', '5', '8', '1']}",<built-in method values of dict object at 0x7f23560d6e80>
"{'n_atak': ['4', '13', '9', '0', '7', '15', '3', '16', '14', '2', '18', '10', '12', '11', '6', '19', '17', '5', '8', '1']}",<built-in method values of dict object at 0x7f23560d6e80>
"{'n_atak': ['4', '13', '9', '0', '7', '15', '3', '16', '14', '2', '18', '10', '12', '11', '6', '19', '17', '5', '8', '1']}",<built-in method values of dict object at 0x7f23560d6e80>
"{'n_atak': ['4', '13', '9', '0', '7', '15', '3', '16', '14', '2', '18', '10', '12', '11', '6', '19', '17', '5', '8', '1']}",<built-in method values of dict object at 0x7f23560d6e80>
"{'n_atak': ['4', '13', '9', '0', '7', '15', '3', '16', '14', '2', '18', '10', '12', '11', '6', '19', '17', '5', '8', '1']}",<built-in method values of dict object at 0x7f23560d6e80>
"{'n_atak': ['4', '13', '9', '0', '7', '15', '3', '16', '14', '2', '18', '10', '12', '11', '6', '19', '17', '5', '8', '1']}",<built-in method values of dict object at 0x7f23560d6e80>
"{'n_atak': ['4', '13', '9', '0', '7', '15', '3', '16', '14', '2', '18', '10', '12', '11', '6', '19', '17', '5', '8', '1']}",<built-in method values of dict object at 0x7f23560d6e80>
"{'n_atak': ['4', '13', '9', '0', '7', '15', '3', '16', '14', '2', '18', '10', '12', '11', '6', '19', '17', '5', '8', '1']}",<built-in method values of dict object at 0x7f23560d6e80>
"{'n_atak': ['4', '13', '9', '0', '7', '15', '3', '16', '14', '2', '18', '10', '12', '11', '6', '19', '17', '5', '8', '1']}",<built-in method values of dict object at 0x7f23560d6e80>
"{'n_atak': ['4', '13', '9', '0', '7', '15', '3', '16', '14', '2', '18', '10', '12', '11', '6', '19', '17', '5', '8', '1']}",<built-in method values of dict object at 0x7f23560d6e80>
"{'n_atak': ['4', '13', '9', '0', '7', '15', '3', '16', '14', '2', '18', '10', '12', '11', '6', '19', '17', '5', '8', '1']}",<built-in method values of dict object at 0x7f23560d6e80>
"{'n_atak': ['4', '13', '9', '0', '7', '15', '3', '16', '14', '2', '18', '10', '12', '11', '6', '19', '17', '5', '8', '1']}",<built-in method values of dict object at 0x7f23560d6e80>
"{'n_atak': ['4', '13', '9', '0', '7', '15', '3', '16', '14', '2', '18', '10', '12', '11', '6', '19', '17', '5', '8', '1']}",<built-in method values of dict object at 0x7f23560d6e80>
"{'n_atak': ['4', '13', '9', '0', '7', '15', '3', '16', '14', '2', '18', '10', '12', '11', '6', '19', '17', '5', '8', '1']}",<built-in method values of dict object at 0x7f23560d6e80>
"{'n_atak': ['4', '13', '9', '0', '7', '15', '3', '16', '14', '2', '18', '10', '12', '11', '6', '19', '17', '5', '8', '1']}",<built-in method values of dict object at 0x7f23560d6e80>
"{'n_atak': ['4', '13', '9', '0', '7', '15', '3', '16', '14', '2', '18', '10', '12', '11', '6', '19', '17', '5', '8', '1']}",<built-in method values of dict object at 0x7f23560d6e80>
"{'n_atak': ['3', '5', '13', '0', '7', '1', '2', '8', '4', '12', '15', '16', '10', '6', '18', '14', '17', '19', '11', '9']}",<built-in method values of dict object at 0x7f23560d7640>
"{'n_atak': ['3', '5', '13', '0', '7', '1', '2', '8', '4', '12', '15', '16', '10', '6', '18', '14', '17', '19', '11', '9']}",<built-in method values of dict object at 0x7f23560d7640>
"{'n_atak': ['3', '5', '13', '0', '7', '1', '2', '8', '4', '12', '15', '16', '10', '6', '18', '14', '17', '19', '11', '9']}",<built-in method values of dict object at 0x7f23560d7640>
"{'n_atak': ['3', '5', '13', '0', '7', '1', '2', '8', '4', '12', '15', '16', '10', '6', '18', '14', '17', '19', '11', '9']}",<built-in method values of dict object at 0x7f23560d7640>
"{'n_atak': ['3', '5', '13', '0', '7', '1', '2', '8', '4', '12', '15', '16', '10', '6', '18', '14', '17', '19', '11', '9']}",<built-in method values of dict object at 0x7f23560d7640>
"{'n_atak': ['3', '5', '13', '0', '7', '1', '2', '8', '4', '12', '15', '16', '10', '6', '18', '14', '17', '19', '11', '9']}",<built-in method values of dict object at 0x7f23560d7640>
"{'n_atak': ['3', '5', '13', '0', '7', '1', '2', '8', '4', '12', '15', '16', '10', '6', '18', '14', '17', '19', '11', '9']}",<built-in method values of dict object at 0x7f23560d7640>
"{'n_atak': ['3', '5', '13', '0', '7', '1', '2', '8', '4', '12', '15', '16', '10', '6', '18', '14', '17', '19', '11', '9']}",<built-in method values of dict object at 0x7f23560d7640>
"{'n_atak': ['3', '5', '13', '0', '7', '1', '2', '8', '4', '12', '15', '16', '10', '6', '18', '14', '17', '19', '11', '9']}",<built-in method values of dict object at 0x7f23560d7640>
"{'n_atak': ['3', '5', '13', '0', '7', '1', '2', '8', '4', '12', '15', '16', '10', '6', '18', '14', '17', '19', '11', '9']}",<built-in method values of dict object at 0x7f23560d7640>
"{'n_atak': ['3', '5', '13', '0', '7', '1', '2', '8', '4', '12', '15', '16', '10', '6', '18', '14', '17', '19', '11', '9']}",<built-in method values of dict object at 0x7f23560d7640>
"{'n_atak': ['3', '5', '13', '0', '7', '1', '2', '8', '4', '12', '15', '16', '10', '6', '18', '14', '17', '19', '11', '9']}",<built-in method values of dict object at 0x7f23560d7640>
"{'n_atak': ['3', '5', '13', '0', '7', '1', '2', '8', '4', '12', '15', '16', '10', '6', '18', '14', '17', '19', '11', '9']}",<built-in method values of dict object at 0x7f23560d7640>
"{'n_atak': ['3', '5', '13', '0', '7', '1', '2', '8', '4', '12', '15', '16', '10', '6', '18', '14', '17', '19', '11', '9']}",<built-in method values of dict object at 0x7f23560d7640>
"{'n_atak': ['3', '5', '13', '0', '7', '1', '2', '8', '4', '12', '15', '16', '10', '6', '18', '14', '17', '19', '11', '9']}",<built-in method values of dict object at 0x7f23560d7640>
"{'n_atak': ['3', '5', '13', '0', '7', '1', '2', '8', '4', '12', '15', '16', '10', '6', '18', '14', '17', '19', '11', '9']}",<built-in method values of dict object at 0x7f23560d7640>
"{'n_atak': ['3', '5', '13', '0', '7', '1', '2', '8', '4', '12', '15', '16', '10', '6', '18', '14', '17', '19', '11', '9']}",<built-in method values of dict object at 0x7f23560d7640>
"{'n_atak': ['3', '5', '13', '0', '7', '1', '2', '8', '4', '12', '15', '16', '10', '6', '18', '14', '17', '19', '11', '9']}",<built-in method values of dict object at 0x7f23560d7640>
"{'n_atak': ['3', '5', '13', '0', '7', '1', '2', '8', '4', '12', '15', '16', '10', '6', '18', '14', '17', '19', '11', '9']}",<built-in method values of dict object at 0x7f23560d7640>
"{'n_atak': ['3', '5', '13', '0', '7', '1', '2', '8', '4', '12', '15', '16', '10', '6', '18', '14', '17', '19', '11', '9']}",<built-in method values of dict object at 0x7f23560d7640>
"{'n_atak': ['18', '12', '10', '6', '13', '8', '19', '3', '15', '16', '1', '11', '7', '17', '14', '9', '4', '2', '5', '0']}",<built-in method values of dict object at 0x7f2356046240>
"{'n_atak': ['18', '12', '10', '6', '13', '8', '19', '3', '15', '16', '1', '11', '7', '17', '14', '9', '4', '2', '5', '0']}",<built-in method values of dict object at 0x7f2356046240>
"{'n_atak': ['18', '12', '10', '6', '13', '8', '19', '3', '15', '16', '1', '11', '7', '17', '14', '9', '4', '2', '5', '0']}",<built-in method values of dict object at 0x7f2356046240>
"{'n_atak': ['18', '12', '10', '6', '13', '8', '19', '3', '15', '16', '1', '11', '7', '17', '14', '9', '4', '2', '5', '0']}",<built-in method values of dict object at 0x7f2356046240>
"{'n_atak': ['18', '12', '10', '6', '13', '8', '19', '3', '15', '16', '1', '11', '7', '17', '14', '9', '4', '2', '5', '0']}",<built-in method values of dict object at 0x7f2356046240>
"{'n_atak': ['18', '12', '10', '6', '13', '8', '19', '3', '15', '16', '1', '11', '7', '17', '14', '9', '4', '2', '5', '0']}",<built-in method values of dict object at 0x7f2356046240>
"{'n_atak': ['18', '12', '10', '6', '13', '8', '19', '3', '15', '16', '1', '11', '7', '17', '14', '9', '4', '2', '5', '0']}",<built-in method values of dict object at 0x7f2356046240>
"{'n_atak': ['18', '12', '10', '6', '13', '8', '19', '3', '15', '16', '1', '11', '7', '17', '14', '9', '4', '2', '5', '0']}",<built-in method values of dict object at 0x7f2356046240>
"{'n_atak': ['18', '12', '10', '6', '13', '8', '19', '3', '15', '16', '1', '11', '7', '17', '14', '9', '4', '2', '5', '0']}",<built-in method values of dict object at 0x7f2356046240>
"{'n_atak': ['18', '12', '10', '6', '13', '8', '19', '3', '15', '16', '1', '11', '7', '17', '14', '9', '4', '2', '5', '0']}",<built-in method values of dict object at 0x7f2356046240>
"{'n_atak': ['18', '12', '10', '6', '13', '8', '19', '3', '15', '16', '1', '11', '7', '17', '14', '9', '4', '2', '5', '0']}",<built-in method values of dict object at 0x7f2356046240>
"{'n_atak': ['18', '12', '10', '6', '13', '8', '19', '3', '15', '16', '1', '11', '7', '17', '14', '9', '4', '2', '5', '0']}",<built-in method values of dict object at 0x7f2356046240>
"{'n_atak': ['18', '12', '10', '6', '13', '8', '19', '3', '15', '16', '1', '11', '7', '17', '14', '9', '4', '2', '5', '0']}",<built-in method values of dict object at 0x7f2356046240>
"{'n_atak': ['18', '12', '10', '6', '13', '8', '19', '3', '15', '16', '1', '11', '7', '17', '14', '9', '4', '2', '5', '0']}",<built-in method values of dict object at 0x7f2356046240>
"{'n_atak': ['18', '12', '10', '6', '13', '8', '19', '3', '15', '16', '1', '11', '7', '17', '14', '9', '4', '2', '5', '0']}",<built-in method values of dict object at 0x7f2356046240>
"{'n_atak': ['18', '12', '10', '6', '13', '8', '19', '3', '15', '16', '1', '11', '7', '17', '14', '9', '4', '2', '5', '0']}",<built-in method values of dict object at 0x7f2356046240>
"{'n_atak': ['18', '12', '10', '6', '13', '8', '19', '3', '15', '16', '1', '11', '7', '17', '14', '9', '4', '2', '5', '0']}",<built-in method values of dict object at 0x7f2356046240>
"{'n_atak': ['18', '12', '10', '6', '13', '8', '19', '3', '15', '16', '1', '11', '7', '17', '14', '9', '4', '2', '5', '0']}",<built-in method values of dict object at 0x7f2356046240>
"{'n_atak': ['18', '12', '10', '6', '13', '8', '19', '3', '15', '16', '1', '11', '7', '17', '14', '9', '4', '2', '5', '0']}",<built-in method values of dict object at 0x7f2356046240>
"{'n_atak': ['18', '12', '10', '6', '13', '8', '19', '3', '15', '16', '1', '11', '7', '17', '14', '9', '4', '2', '5', '0']}",<built-in method values of dict object at 0x7f2356046240>
"{'n_atak': ['15', '7', '16', '18', '8', '0', '19', '5', '13', '14', '4', '6', '12', '1', '2', '9', '10', '11', '3', '17']}",<built-in method values of dict object at 0x7f2273603600>
"{'n_atak': ['15', '7', '16', '18', '8', '0', '19', '5', '13', '14', '4', '6', '12', '1', '2', '9', '10', '11', '3', '17']}",<built-in method values of dict object at 0x7f2273603600>
"{'n_atak': ['15', '7', '16', '18', '8', '0', '19', '5', '13', '14', '4', '6', '12', '1', '2', '9', '10', '11', '3', '17']}",<built-in method values of dict object at 0x7f2273603600>
"{'n_atak': ['15', '7', '16', '18', '8', '0', '19', '5', '13', '14', '4', '6', '12', '1', '2', '9', '10', '11', '3', '17']}",<built-in method values of dict object at 0x7f2273603600>
"{'n_atak': ['15', '7', '16', '18', '8', '0', '19', '5', '13', '14', '4', '6', '12', '1', '2', '9', '10', '11', '3', '17']}",<built-in method values of dict object at 0x7f2273603600>
"{'n_atak': ['15', '7', '16', '18', '8', '0', '19', '5', '13', '14', '4', '6', '12', '1', '2', '9', '10', '11', '3', '17']}",<built-in method values of dict object at 0x7f2273603600>
"{'n_atak': ['15', '7', '16', '18', '8', '0', '19', '5', '13', '14', '4', '6', '12', '1', '2', '9', '10', '11', '3', '17']}",<built-in method values of dict object at 0x7f2273603600>
"{'n_atak': ['15', '7', '16', '18', '8', '0', '19', '5', '13', '14', '4', '6', '12', '1', '2', '9', '10', '11', '3', '17']}",<built-in method values of dict object at 0x7f2273603600>
"{'n_atak': ['15', '7', '16', '18', '8', '0', '19', '5', '13', '14', '4', '6', '12', '1', '2', '9', '10', '11', '3', '17']}",<built-in method values of dict object at 0x7f2273603600>
"{'n_atak': ['15', '7', '16', '18', '8', '0', '19', '5', '13', '14', '4', '6', '12', '1', '2', '9', '10', '11', '3', '17']}",<built-in method values of dict object at 0x7f2273603600>
"{'n_atak': ['15', '7', '16', '18', '8', '0', '19', '5', '13', '14', '4', '6', '12', '1', '2', '9', '10', '11', '3', '17']}",<built-in method values of dict object at 0x7f2273603600>
"{'n_atak': ['15', '7', '16', '18', '8', '0', '19', '5', '13', '14', '4', '6', '12', '1', '2', '9', '10', '11', '3', '17']}",<built-in method values of dict object at 0x7f2273603600>
"{'n_atak': ['15', '7', '16', '18', '8', '0', '19', '5', '13', '14', '4', '6', '12', '1', '2', '9', '10', '11', '3', '17']}",<built-in method values of dict object at 0x7f2273603600>
"{'n_atak': ['15', '7', '16', '18', '8', '0', '19', '5', '13', '14', '4', '6', '12', '1', '2', '9', '10', '11', '3', '17']}",<built-in method values of dict object at 0x7f2273603600>
"{'n_atak': ['15', '7', '16', '18', '8', '0', '19', '5', '13', '14', '4', '6', '12', '1', '2', '9', '10', '11', '3', '17']}",<built-in method values of dict object at 0x7f2273603600>
"{'n_atak': ['15', '7', '16', '18', '8', '0', '19', '5', '13', '14', '4', '6', '12', '1', '2', '9', '10', '11', '3', '17']}",<built-in method values of dict object at 0x7f2273603600>
"{'n_atak': ['15', '7', '16', '18', '8', '0', '19', '5', '13', '14', '4', '6', '12', '1', '2', '9', '10', '11', '3', '17']}",<built-in method values of dict object at 0x7f2273603600>
"{'n_atak': ['15', '7', '16', '18', '8', '0', '19', '5', '13', '14', '4', '6', '12', '1', '2', '9', '10', '11', '3', '17']}",<built-in method values of dict object at 0x7f2273603600>
"{'n_atak': ['15', '7', '16', '18', '8', '0', '19', '5', '13', '14', '4', '6', '12', '1', '2', '9', '10', '11', '3', '17']}",<built-in method values of dict object at 0x7f2273603600>
"{'n_atak': ['15', '7', '16', '18', '8', '0', '19', '5', '13', '14', '4', '6', '12', '1', '2', '9', '10', '11', '3', '17']}",<built-in method values of dict object at 0x7f2273603600>
"{'n_atak': ['5', '4', '18', '7', '19', '9', '8', '13', '11', '17', '14', '2', '6', '16', '1', '12', '15', '0', '10', '3']}",<built-in method values of dict object at 0x7f2355efe780>
"{'n_atak': ['5', '4', '18', '7', '19', '9', '8', '13', '11', '17', '14', '2', '6', '16', '1', '12', '15', '0', '10', '3']}",<built-in method values of dict object at 0x7f2355efe780>
"{'n_atak': ['5', '4', '18', '7', '19', '9', '8', '13', '11', '17', '14', '2', '6', '16', '1', '12', '15', '0', '10', '3']}",<built-in method values of dict object at 0x7f2355efe780>
"{'n_atak': ['5', '4', '18', '7', '19', '9', '8', '13', '11', '17', '14', '2', '6', '16', '1', '12', '15', '0', '10', '3']}",<built-in method values of dict object at 0x7f2355efe780>
"{'n_atak': ['5', '4', '18', '7', '19', '9', '8', '13', '11', '17', '14', '2', '6', '16', '1', '12', '15', '0', '10', '3']}",<built-in method values of dict object at 0x7f2355efe780>
"{'n_atak': ['5', '4', '18', '7', '19', '9', '8', '13', '11', '17', '14', '2', '6', '16', '1', '12', '15', '0', '10', '3']}",<built-in method values of dict object at 0x7f2355efe780>
"{'n_atak': ['5', '4', '18', '7', '19', '9', '8', '13', '11', '17', '14', '2', '6', '16', '1', '12', '15', '0', '10', '3']}",<built-in method values of dict object at 0x7f2355efe780>
"{'n_atak': ['5', '4', '18', '7', '19', '9', '8', '13', '11', '17', '14', '2', '6', '16', '1', '12', '15', '0', '10', '3']}",<built-in method values of dict object at 0x7f2355efe780>
"{'n_atak': ['5', '4', '18', '7', '19', '9', '8', '13', '11', '17', '14', '2', '6', '16', '1', '12', '15', '0', '10', '3']}",<built-in method values of dict object at 0x7f2355efe780>
"{'n_atak': ['5', '4', '18', '7', '19', '9', '8', '13', '11', '17', '14', '2', '6', '16', '1', '12', '15', '0', '10', '3']}",<built-in method values of dict object at 0x7f2355efe780>
"{'n_atak': ['5', '4', '18', '7', '19', '9', '8', '13', '11', '17', '14', '2', '6', '16', '1', '12', '15', '0', '10', '3']}",<built-in method values of dict object at 0x7f2355efe780>
"{'n_atak': ['5', '4', '18', '7', '19', '9', '8', '13', '11', '17', '14', '2', '6', '16', '1', '12', '15', '0', '10', '3']}",<built-in method values of dict object at 0x7f2355efe780>
"{'n_atak': ['5', '4', '18', '7', '19', '9', '8', '13', '11', '17', '14', '2', '6', '16', '1', '12', '15', '0', '10', '3']}",<built-in method values of dict object at 0x7f2355efe780>
"{'n_atak': ['5', '4', '18', '7', '19', '9', '8', '13', '11', '17', '14', '2', '6', '16', '1', '12', '15', '0', '10', '3']}",<built-in method values of dict object at 0x7f2355efe780>
"{'n_atak': ['5', '4', '18', '7', '19', '9', '8', '13', '11', '17', '14', '2', '6', '16', '1', '12', '15', '0', '10', '3']}",<built-in method values of dict object at 0x7f2355efe780>
"{'n_atak': ['5', '4', '18', '7', '19', '9', '8', '13', '11', '17', '14', '2', '6', '16', '1', '12', '15', '0', '10', '3']}",<built-in method values of dict object at 0x7f2355efe780>
"{'n_atak': ['5', '4', '18', '7', '19', '9', '8', '13', '11', '17', '14', '2', '6', '16', '1', '12', '15', '0', '10', '3']}",<built-in method values of dict object at 0x7f2355efe780>
"{'n_atak': ['5', '4', '18', '7', '19', '9', '8', '13', '11', '17', '14', '2', '6', '16', '1', '12', '15', '0', '10', '3']}",<built-in method values of dict object at 0x7f2355efe780>
"{'n_atak': ['5', '4', '18', '7', '19', '9', '8', '13', '11', '17', '14', '2', '6', '16', '1', '12', '15', '0', '10', '3']}",<built-in method values of dict object at 0x7f2355efe780>
"{'n_atak': ['5', '4', '18', '7', '19', '9', '8', '13', '11', '17', '14', '2', '6', '16', '1', '12', '15', '0', '10', '3']}",<built-in method values of dict object at 0x7f2355efe780>
"{'n_atak': ['3', '19', '9', '15', '12', '7', '1', '4', '11', '17', '6', '5', '18', '13', '2', '16', '8', '10', '14', '0']}",<built-in method values of dict object at 0x7f23560d4140>
"{'n_atak': ['3', '19', '9', '15', '12', '7', '1', '4', '11', '17', '6', '5', '18', '13', '2', '16', '8', '10', '14', '0']}",<built-in method values of dict object at 0x7f23560d4140>
"{'n_atak': ['3', '19', '9', '15', '12', '7', '1', '4', '11', '17', '6', '5', '18', '13', '2', '16', '8', '10', '14', '0']}",<built-in method values of dict object at 0x7f23560d4140>
"{'n_atak': ['3', '19', '9', '15', '12', '7', '1', '4', '11', '17', '6', '5', '18', '13', '2', '16', '8', '10', '14', '0']}",<built-in method values of dict object at 0x7f23560d4140>
"{'n_atak': ['3', '19', '9', '15', '12', '7', '1', '4', '11', '17', '6', '5', '18', '13', '2', '16', '8', '10', '14', '0']}",<built-in method values of dict object at 0x7f23560d4140>
"{'n_atak': ['3', '19', '9', '15', '12', '7', '1', '4', '11', '17', '6', '5', '18', '13', '2', '16', '8', '10', '14', '0']}",<built-in method values of dict object at 0x7f23560d4140>
"{'n_atak': ['3', '19', '9', '15', '12', '7', '1', '4', '11', '17', '6', '5', '18', '13', '2', '16', '8', '10', '14', '0']}",<built-in method values of dict object at 0x7f23560d4140>
"{'n_atak': ['3', '19', '9', '15', '12', '7', '1', '4', '11', '17', '6', '5', '18', '13', '2', '16', '8', '10', '14', '0']}",<built-in method values of dict object at 0x7f23560d4140>
"{'n_atak': ['3', '19', '9', '15', '12', '7', '1', '4', '11', '17', '6', '5', '18', '13', '2', '16', '8', '10', '14', '0']}",<built-in method values of dict object at 0x7f23560d4140>
"{'n_atak': ['3', '19', '9', '15', '12', '7', '1', '4', '11', '17', '6', '5', '18', '13', '2', '16', '8', '10', '14', '0']}",<built-in method values of dict object at 0x7f23560d4140>
"{'n_atak': ['3', '19', '9', '15', '12', '7', '1', '4', '11', '17', '6', '5', '18', '13', '2', '16', '8', '10', '14', '0']}",<built-in method values of dict object at 0x7f23560d4140>
"{'n_atak': ['3', '19', '9', '15', '12', '7', '1', '4', '11', '17', '6', '5', '18', '13', '2', '16', '8', '10', '14', '0']}",<built-in method values of dict object at 0x7f23560d4140>
"{'n_atak': ['3', '19', '9', '15', '12', '7', '1', '4', '11', '17', '6', '5', '18', '13', '2', '16', '8', '10', '14', '0']}",<built-in method values of dict object at 0x7f23560d4140>
"{'n_atak': ['3', '19', '9', '15', '12', '7', '1', '4', '11', '17', '6', '5', '18', '13', '2', '16', '8', '10', '14', '0']}",<built-in method values of dict object at 0x7f23560d4140>
"{'n_atak': ['3', '19', '9', '15', '12', '7', '1', '4', '11', '17', '6', '5', '18', '13', '2', '16', '8', '10', '14', '0']}",<built-in method values of dict object at 0x7f23560d4140>
"{'n_atak': ['3', '19', '9', '15', '12', '7', '1', '4', '11', '17', '6', '5', '18', '13', '2', '16', '8', '10', '14', '0']}",<built-in method values of dict object at 0x7f23560d4140>
"{'n_atak': ['3', '19', '9', '15', '12', '7', '1', '4', '11', '17', '6', '5', '18', '13', '2', '16', '8', '10', '14', '0']}",<built-in method values of dict object at 0x7f23560d4140>
"{'n_atak': ['3', '19', '9', '15', '12', '7', '1', '4', '11', '17', '6', '5', '18', '13', '2', '16', '8', '10', '14', '0']}",<built-in method values of dict object at 0x7f23560d4140>
"{'n_atak': ['3', '19', '9', '15', '12', '7', '1', '4', '11', '17', '6', '5', '18', '13', '2', '16', '8', '10', '14', '0']}",<built-in method values of dict object at 0x7f23560d4140>
"{'n_atak': ['3', '19', '9', '15', '12', '7', '1', '4', '11', '17', '6', '5', '18', '13', '2', '16', '8', '10', '14', '0']}",<built-in method values of dict object at 0x7f23560d4140>
"{'n_atak': ['8', '6', '4', '14', '11', '0', '19', '5', '13', '16', '2', '9', '10', '15', '1', '3', '17', '18', '12', '7']}",<built-in method values of dict object at 0x7f2355f1b000>
"{'n_atak': ['8', '6', '4', '14', '11', '0', '19', '5', '13', '16', '2', '9', '10', '15', '1', '3', '17', '18', '12', '7']}",<built-in method values of dict object at 0x7f2355f1b000>
"{'n_atak': ['8', '6', '4', '14', '11', '0', '19', '5', '13', '16', '2', '9', '10', '15', '1', '3', '17', '18', '12', '7']}",<built-in method values of dict object at 0x7f2355f1b000>
"{'n_atak': ['8', '6', '4', '14', '11', '0', '19', '5', '13', '16', '2', '9', '10', '15', '1', '3', '17', '18', '12', '7']}",<built-in method values of dict object at 0x7f2355f1b000>
"{'n_atak': ['8', '6', '4', '14', '11', '0', '19', '5', '13', '16', '2', '9', '10', '15', '1', '3', '17', '18', '12', '7']}",<built-in method values of dict object at 0x7f2355f1b000>
"{'n_atak': ['8', '6', '4', '14', '11', '0', '19', '5', '13', '16', '2', '9', '10', '15', '1', '3', '17', '18', '12', '7']}",<built-in method values of dict object at 0x7f2355f1b000>
"{'n_atak': ['8', '6', '4', '14', '11', '0', '19', '5', '13', '16', '2', '9', '10', '15', '1', '3', '17', '18', '12', '7']}",<built-in method values of dict object at 0x7f2355f1b000>
"{'n_atak': ['8', '6', '4', '14', '11', '0', '19', '5', '13', '16', '2', '9', '10', '15', '1', '3', '17', '18', '12', '7']}",<built-in method values of dict object at 0x7f2355f1b000>
"{'n_atak': ['8', '6', '4', '14', '11', '0', '19', '5', '13', '16', '2', '9', '10', '15', '1', '3', '17', '18', '12', '7']}",<built-in method values of dict object at 0x7f2355f1b000>
"{'n_atak': ['8', '6', '4', '14', '11', '0', '19', '5', '13', '16', '2', '9', '10', '15', '1', '3', '17', '18', '12', '7']}",<built-in method values of dict object at 0x7f2355f1b000>
"{'n_atak': ['8', '6', '4', '14', '11', '0', '19', '5', '13', '16', '2', '9', '10', '15', '1', '3', '17', '18', '12', '7']}",<built-in method values of dict object at 0x7f2355f1b000>
"{'n_atak': ['8', '6', '4', '14', '11', '0', '19', '5', '13', '16', '2', '9', '10', '15', '1', '3', '17', '18', '12', '7']}",<built-in method values of dict object at 0x7f2355f1b000>
"{'n_atak': ['8', '6', '4', '14', '11', '0', '19', '5', '13', '16', '2', '9', '10', '15', '1', '3', '17', '18', '12', '7']}",<built-in method values of dict object at 0x7f2355f1b000>
"{'n_atak': ['8', '6', '4', '14', '11', '0', '19', '5', '13', '16', '2', '9', '10', '15', '1', '3', '17', '18', '12', '7']}",<built-in method values of dict object at 0x7f2355f1b000>
"{'n_atak': ['8', '6', '4', '14', '11', '0', '19', '5', '13', '16', '2', '9', '10', '15', '1', '3', '17', '18', '12', '7']}",<built-in method values of dict object at 0x7f2355f1b000>
"{'n_atak': ['8', '6', '4', '14', '11', '0', '19', '5', '13', '16', '2', '9', '10', '15', '1', '3', '17', '18', '12', '7']}",<built-in method values of dict object at 0x7f2355f1b000>
"{'n_atak': ['8', '6', '4', '14', '11', '0', '19', '5', '13', '16', '2', '9', '10', '15', '1', '3', '17', '18', '12', '7']}",<built-in method values of dict object at 0x7f2355f1b000>
"{'n_atak': ['8', '6', '4', '14', '11', '0', '19', '5', '13', '16', '2', '9', '10', '15', '1', '3', '17', '18', '12', '7']}",<built-in method values of dict object at 0x7f2355f1b000>
"{'n_atak': ['8', '6', '4', '14', '11', '0', '19', '5', '13', '16', '2', '9', '10', '15', '1', '3', '17', '18', '12', '7']}",<built-in method values of dict object at 0x7f2355f1b000>
"{'n_atak': ['8', '6', '4', '14', '11', '0', '19', '5', '13', '16', '2', '9', '10', '15', '1', '3', '17', '18', '12', '7']}",<built-in method values of dict object at 0x7f2355f1b000>
"{'n_atak': ['11', '6', '17', '3', '4', '14', '13', '9', '10', '8', '19', '2', '16', '12', '5', '1', '18', '15', '7', '0']}",<built-in method values of dict object at 0x7f2355f18800>
"{'n_atak': ['11', '6', '17', '3', '4', '14', '13', '9', '10', '8', '19', '2', '16', '12', '5', '1', '18', '15', '7', '0']}",<built-in method values of dict object at 0x7f2355f18800>
"{'n_atak': ['11', '6', '17', '3', '4', '14', '13', '9', '10', '8', '19', '2', '16', '12', '5', '1', '18', '15', '7', '0']}",<built-in method values of dict object at 0x7f2355f18800>
"{'n_atak': ['11', '6', '17', '3', '4', '14', '13', '9', '10', '8', '19', '2', '16', '12', '5', '1', '18', '15', '7', '0']}",<built-in method values of dict object at 0x7f2355f18800>
"{'n_atak': ['11', '6', '17', '3', '4', '14', '13', '9', '10', '8', '19', '2', '16', '12', '5', '1', '18', '15', '7', '0']}",<built-in method values of dict object at 0x7f2355f18800>
"{'n_atak': ['11', '6', '17', '3', '4', '14', '13', '9', '10', '8', '19', '2', '16', '12', '5', '1', '18', '15', '7', '0']}",<built-in method values of dict object at 0x7f2355f18800>
"{'n_atak': ['11', '6', '17', '3', '4', '14', '13', '9', '10', '8', '19', '2', '16', '12', '5', '1', '18', '15', '7', '0']}",<built-in method values of dict object at 0x7f2355f18800>
"{'n_atak': ['11', '6', '17', '3', '4', '14', '13', '9', '10', '8', '19', '2', '16', '12', '5', '1', '18', '15', '7', '0']}",<built-in method values of dict object at 0x7f2355f18800>
"{'n_atak': ['11', '6', '17', '3', '4', '14', '13', '9', '10', '8', '19', '2', '16', '12', '5', '1', '18', '15', '7', '0']}",<built-in method values of dict object at 0x7f2355f18800>
"{'n_atak': ['11', '6', '17', '3', '4', '14', '13', '9', '10', '8', '19', '2', '16', '12', '5', '1', '18', '15', '7', '0']}",<built-in method values of dict object at 0x7f2355f18800>
"{'n_atak': ['11', '6', '17', '3', '4', '14', '13', '9', '10', '8', '19', '2', '16', '12', '5', '1', '18', '15', '7', '0']}",<built-in method values of dict object at 0x7f2355f18800>
"{'n_atak': ['11', '6', '17', '3', '4', '14', '13', '9', '10', '8', '19', '2', '16', '12', '5', '1', '18', '15', '7', '0']}",<built-in method values of dict object at 0x7f2355f18800>
"{'n_atak': ['11', '6', '17', '3', '4', '14', '13', '9', '10', '8', '19', '2', '16', '12', '5', '1', '18', '15', '7', '0']}",<built-in method values of dict object at 0x7f2355f18800>
"{'n_atak': ['11', '6', '17', '3', '4', '14', '13', '9', '10', '8', '19', '2', '16', '12', '5', '1', '18', '15', '7', '0']}",<built-in method values of dict object at 0x7f2355f18800>
"{'n_atak': ['11', '6', '17', '3', '4', '14', '13', '9', '10', '8', '19', '2', '16', '12', '5', '1', '18', '15', '7', '0']}",<built-in method values of dict object at 0x7f2355f18800>
"{'n_atak': ['11', '6', '17', '3', '4', '14', '13', '9', '10', '8', '19', '2', '16', '12', '5', '1', '18', '15', '7', '0']}",<built-in method values of dict object at 0x7f2355f18800>
"{'n_atak': ['11', '6', '17', '3', '4', '14', '13', '9', '10', '8', '19', '2', '16', '12', '5', '1', '18', '15', '7', '0']}",<built-in method values of dict object at 0x7f2355f18800>
"{'n_atak': ['11', '6', '17', '3', '4', '14', '13', '9', '10', '8', '19', '2', '16', '12', '5', '1', '18', '15', '7', '0']}",<built-in method values of dict object at 0x7f2355f18800>
"{'n_atak': ['11', '6', '17', '3', '4', '14', '13', '9', '10', '8', '19', '2', '16', '12', '5', '1', '18', '15', '7', '0']}",<built-in method values of dict object at 0x7f2355f18800>
"{'n_atak': ['11', '6', '17', '3', '4', '14', '13', '9', '10', '8', '19', '2', '16', '12', '5', '1', '18', '15', '7', '0']}",<built-in method values of dict object at 0x7f2355f18800>
"{'n_atak': ['0', '3', '10', '6', '14', '4', '13', '12', '15', '9', '8', '5', '16', '2', '11', '18', '1', '7', '19', '17']}",<built-in method values of dict object at 0x7f23560b9040>
"{'n_atak': ['0', '3', '10', '6', '14', '4', '13', '12', '15', '9', '8', '5', '16', '2', '11', '18', '1', '7', '19', '17']}",<built-in method values of dict object at 0x7f23560b9040>
"{'n_atak': ['0', '3', '10', '6', '14', '4', '13', '12', '15', '9', '8', '5', '16', '2', '11', '18', '1', '7', '19', '17']}",<built-in method values of dict object at 0x7f23560b9040>
"{'n_atak': ['0', '3', '10', '6', '14', '4', '13', '12', '15', '9', '8', '5', '16', '2', '11', '18', '1', '7', '19', '17']}",<built-in method values of dict object at 0x7f23560b9040>
"{'n_atak': ['0', '3', '10', '6', '14', '4', '13', '12', '15', '9', '8', '5', '16', '2', '11', '18', '1', '7', '19', '17']}",<built-in method values of dict object at 0x7f23560b9040>
"{'n_atak': ['0', '3', '10', '6', '14', '4', '13', '12', '15', '9', '8', '5', '16', '2', '11', '18', '1', '7', '19', '17']}",<built-in method values of dict object at 0x7f23560b9040>
"{'n_atak': ['0', '3', '10', '6', '14', '4', '13', '12', '15', '9', '8', '5', '16', '2', '11', '18', '1', '7', '19', '17']}",<built-in method values of dict object at 0x7f23560b9040>
"{'n_atak': ['0', '3', '10', '6', '14', '4', '13', '12', '15', '9', '8', '5', '16', '2', '11', '18', '1', '7', '19', '17']}",<built-in method values of dict object at 0x7f23560b9040>
"{'n_atak': ['0', '3', '10', '6', '14', '4', '13', '12', '15', '9', '8', '5', '16', '2', '11', '18', '1', '7', '19', '17']}",<built-in method values of dict object at 0x7f23560b9040>
"{'n_atak': ['0', '3', '10', '6', '14', '4', '13', '12', '15', '9', '8', '5', '16', '2', '11', '18', '1', '7', '19', '17']}",<built-in method values of dict object at 0x7f23560b9040>
"{'n_atak': ['0', '3', '10', '6', '14', '4', '13', '12', '15', '9', '8', '5', '16', '2', '11', '18', '1', '7', '19', '17']}",<built-in method values of dict object at 0x7f23560b9040>
"{'n_atak': ['0', '3', '10', '6', '14', '4', '13', '12', '15', '9', '8', '5', '16', '2', '11', '18', '1', '7', '19', '17']}",<built-in method values of dict object at 0x7f23560b9040>
"{'n_atak': ['0', '3', '10', '6', '14', '4', '13', '12', '15', '9', '8', '5', '16', '2', '11', '18', '1', '7', '19', '17']}",<built-in method values of dict object at 0x7f23560b9040>
"{'n_atak': ['0', '3', '10', '6', '14', '4', '13', '12', '15', '9', '8', '5', '16', '2', '11', '18', '1', '7', '19', '17']}",<built-in method values of dict object at 0x7f23560b9040>
"{'n_atak': ['0', '3', '10', '6', '14', '4', '13', '12', '15', '9', '8', '5', '16', '2', '11', '18', '1', '7', '19', '17']}",<built-in method values of dict object at 0x7f23560b9040>
"{'n_atak': ['0', '3', '10', '6', '14', '4', '13', '12', '15', '9', '8', '5', '16', '2', '11', '18', '1', '7', '19', '17']}",<built-in method values of dict object at 0x7f23560b9040>
"{'n_atak': ['0', '3', '10', '6', '14', '4', '13', '12', '15', '9', '8', '5', '16', '2', '11', '18', '1', '7', '19', '17']}",<built-in method values of dict object at 0x7f23560b9040>
"{'n_atak': ['0', '3', '10', '6', '14', '4', '13', '12', '15', '9', '8', '5', '16', '2', '11', '18', '1', '7', '19', '17']}",<built-in method values of dict object at 0x7f23560b9040>
"{'n_atak': ['0', '3', '10', '6', '14', '4', '13', '12', '15', '9', '8', '5', '16', '2', '11', '18', '1', '7', '19', '17']}",<built-in method values of dict object at 0x7f23560b9040>
"{'n_atak': ['0', '3', '10', '6', '14', '4', '13', '12', '15', '9', '8', '5', '16', '2', '11', '18', '1', '7', '19', '17']}",<built-in method values of dict object at 0x7f23560b9040>
"{'n_atak': ['18', '12', '19', '14', '13', '16', '17', '7', '10', '11', '0', '9', '1', '8', '3', '15', '5', '2', '6', '4']}",<built-in method values of dict object at 0x7f2355f1a000>
"{'n_atak': ['18', '12', '19', '14', '13', '16', '17', '7', '10', '11', '0', '9', '1', '8', '3', '15', '5', '2', '6', '4']}",<built-in method values of dict object at 0x7f2355f1a000>
"{'n_atak': ['18', '12', '19', '14', '13', '16', '17', '7', '10', '11', '0', '9', '1', '8', '3', '15', '5', '2', '6', '4']}",<built-in method values of dict object at 0x7f2355f1a000>
"{'n_atak': ['18', '12', '19', '14', '13', '16', '17', '7', '10', '11', '0', '9', '1', '8', '3', '15', '5', '2', '6', '4']}",<built-in method values of dict object at 0x7f2355f1a000>
"{'n_atak': ['18', '12', '19', '14', '13', '16', '17', '7', '10', '11', '0', '9', '1', '8', '3', '15', '5', '2', '6', '4']}",<built-in method values of dict object at 0x7f2355f1a000>
"{'n_atak': ['18', '12', '19', '14', '13', '16', '17', '7', '10', '11', '0', '9', '1', '8', '3', '15', '5', '2', '6', '4']}",<built-in method values of dict object at 0x7f2355f1a000>
"{'n_atak': ['18', '12', '19', '14', '13', '16', '17', '7', '10', '11', '0', '9', '1', '8', '3', '15', '5', '2', '6', '4']}",<built-in method values of dict object at 0x7f2355f1a000>
"{'n_atak': ['18', '12', '19', '14', '13', '16', '17', '7', '10', '11', '0', '9', '1', '8', '3', '15', '5', '2', '6', '4']}",<built-in method values of dict object at 0x7f2355f1a000>
"{'n_atak': ['18', '12', '19', '14', '13', '16', '17', '7', '10', '11', '0', '9', '1', '8', '3', '15', '5', '2', '6', '4']}",<built-in method values of dict object at 0x7f2355f1a000>
"{'n_atak': ['18', '12', '19', '14', '13', '16', '17', '7', '10', '11', '0', '9', '1', '8', '3', '15', '5', '2', '6', '4']}",<built-in method values of dict object at 0x7f2355f1a000>
"{'n_atak': ['18', '12', '19', '14', '13', '16', '17', '7', '10', '11', '0', '9', '1', '8', '3', '15', '5', '2', '6', '4']}",<built-in method values of dict object at 0x7f2355f1a000>
"{'n_atak': ['18', '12', '19', '14', '13', '16', '17', '7', '10', '11', '0', '9', '1', '8', '3', '15', '5', '2', '6', '4']}",<built-in method values of dict object at 0x7f2355f1a000>
"{'n_atak': ['18', '12', '19', '14', '13', '16', '17', '7', '10', '11', '0', '9', '1', '8', '3', '15', '5', '2', '6', '4']}",<built-in method values of dict object at 0x7f2355f1a000>
"{'n_atak': ['18', '12', '19', '14', '13', '16', '17', '7', '10', '11', '0', '9', '1', '8', '3', '15', '5', '2', '6', '4']}",<built-in method values of dict object at 0x7f2355f1a000>
"{'n_atak': ['18', '12', '19', '14', '13', '16', '17', '7', '10', '11', '0', '9', '1', '8', '3', '15', '5', '2', '6', '4']}",<built-in method values of dict object at 0x7f2355f1a000>
"{'n_atak': ['18', '12', '19', '14', '13', '16', '17', '7', '10', '11', '0', '9', '1', '8', '3', '15', '5', '2', '6', '4']}",<built-in method values of dict object at 0x7f2355f1a000>
"{'n_atak': ['18', '12', '19', '14', '13', '16', '17', '7', '10', '11', '0', '9', '1', '8', '3', '15', '5', '2', '6', '4']}",<built-in method values of dict object at 0x7f2355f1a000>
"{'n_atak': ['18', '12', '19', '14', '13', '16', '17', '7', '10', '11', '0', '9', '1', '8', '3', '15', '5', '2', '6', '4']}",<built-in method values of dict object at 0x7f2355f1a000>
"{'n_atak': ['18', '12', '19', '14', '13', '16', '17', '7', '10', '11', '0', '9', '1', '8', '3', '15', '5', '2', '6', '4']}",<built-in method values of dict object at 0x7f2355f1a000>
"{'n_atak': ['18', '12', '19', '14', '13', '16', '17', '7', '10', '11', '0', '9', '1', '8', '3', '15', '5', '2', '6', '4']}",<built-in method values of dict object at 0x7f2355f1a000>
"{'n_atak': ['6', '9', '4', '15', '2', '5', '17', '8', '1', '11', '13', '3', '10', '16', '18', '12', '7', '0', '14', '19']}",<built-in method values of dict object at 0x7f2355f27c80>
"{'n_atak': ['6', '9', '4', '15', '2', '5', '17', '8', '1', '11', '13', '3', '10', '16', '18', '12', '7', '0', '14', '19']}",<built-in method values of dict object at 0x7f2355f27c80>
"{'n_atak': ['6', '9', '4', '15', '2', '5', '17', '8', '1', '11', '13', '3', '10', '16', '18', '12', '7', '0', '14', '19']}",<built-in method values of dict object at 0x7f2355f27c80>
"{'n_atak': ['6', '9', '4', '15', '2', '5', '17', '8', '1', '11', '13', '3', '10', '16', '18', '12', '7', '0', '14', '19']}",<built-in method values of dict object at 0x7f2355f27c80>
"{'n_atak': ['6', '9', '4', '15', '2', '5', '17', '8', '1', '11', '13', '3', '10', '16', '18', '12', '7', '0', '14', '19']}",<built-in method values of dict object at 0x7f2355f27c80>
"{'n_atak': ['6', '9', '4', '15', '2', '5', '17', '8', '1', '11', '13', '3', '10', '16', '18', '12', '7', '0', '14', '19']}",<built-in method values of dict object at 0x7f2355f27c80>
"{'n_atak': ['6', '9', '4', '15', '2', '5', '17', '8', '1', '11', '13', '3', '10', '16', '18', '12', '7', '0', '14', '19']}",<built-in method values of dict object at 0x7f2355f27c80>
"{'n_atak': ['6', '9', '4', '15', '2', '5', '17', '8', '1', '11', '13', '3', '10', '16', '18', '12', '7', '0', '14', '19']}",<built-in method values of dict object at 0x7f2355f27c80>
"{'n_atak': ['6', '9', '4', '15', '2', '5', '17', '8', '1', '11', '13', '3', '10', '16', '18', '12', '7', '0', '14', '19']}",<built-in method values of dict object at 0x7f2355f27c80>
"{'n_atak': ['6', '9', '4', '15', '2', '5', '17', '8', '1', '11', '13', '3', '10', '16', '18', '12', '7', '0', '14', '19']}",<built-in method values of dict object at 0x7f2355f27c80>
"{'n_atak': ['6', '9', '4', '15', '2', '5', '17', '8', '1', '11', '13', '3', '10', '16', '18', '12', '7', '0', '14', '19']}",<built-in method values of dict object at 0x7f2355f27c80>
"{'n_atak': ['6', '9', '4', '15', '2', '5', '17', '8', '1', '11', '13', '3', '10', '16', '18', '12', '7', '0', '14', '19']}",<built-in method values of dict object at 0x7f2355f27c80>
"{'n_atak': ['6', '9', '4', '15', '2', '5', '17', '8', '1', '11', '13', '3', '10', '16', '18', '12', '7', '0', '14', '19']}",<built-in method values of dict object at 0x7f2355f27c80>
"{'n_atak': ['6', '9', '4', '15', '2', '5', '17', '8', '1', '11', '13', '3', '10', '16', '18', '12', '7', '0', '14', '19']}",<built-in method values of dict object at 0x7f2355f27c80>
"{'n_atak': ['6', '9', '4', '15', '2', '5', '17', '8', '1', '11', '13', '3', '10', '16', '18', '12', '7', '0', '14', '19']}",<built-in method values of dict object at 0x7f2355f27c80>
"{'n_atak': ['6', '9', '4', '15', '2', '5', '17', '8', '1', '11', '13', '3', '10', '16', '18', '12', '7', '0', '14', '19']}",<built-in method values of dict object at 0x7f2355f27c80>
"{'n_atak': ['6', '9', '4', '15', '2', '5', '17', '8', '1', '11', '13', '3', '10', '16', '18', '12', '7', '0', '14', '19']}",<built-in method values of dict object at 0x7f2355f27c80>
"{'n_atak': ['6', '9', '4', '15', '2', '5', '17', '8', '1', '11', '13', '3', '10', '16', '18', '12', '7', '0', '14', '19']}",<built-in method values of dict object at 0x7f2355f27c80>
"{'n_atak': ['6', '9', '4', '15', '2', '5', '17', '8', '1', '11', '13', '3', '10', '16', '18', '12', '7', '0', '14', '19']}",<built-in method values of dict object at 0x7f2355f27c80>
"{'n_atak': ['6', '9', '4', '15', '2', '5', '17', '8', '1', '11', '13', '3', '10', '16', '18', '12', '7', '0', '14', '19']}",<built-in method values of dict object at 0x7f2355f27c80>
"{'n_atak': ['6', '8', '7', '11', '19', '9', '3', '10', '5', '15', '0', '12', '13', '2', '1', '16', '18', '17', '4', '14']}",<built-in method values of dict object at 0x7f2356066a40>
"{'n_atak': ['6', '8', '7', '11', '19', '9', '3', '10', '5', '15', '0', '12', '13', '2', '1', '16', '18', '17', '4', '14']}",<built-in method values of dict object at 0x7f2356066a40>
"{'n_atak': ['6', '8', '7', '11', '19', '9', '3', '10', '5', '15', '0', '12', '13', '2', '1', '16', '18', '17', '4', '14']}",<built-in method values of dict object at 0x7f2356066a40>
"{'n_atak': ['6', '8', '7', '11', '19', '9', '3', '10', '5', '15', '0', '12', '13', '2', '1', '16', '18', '17', '4', '14']}",<built-in method values of dict object at 0x7f2356066a40>
"{'n_atak': ['6', '8', '7', '11', '19', '9', '3', '10', '5', '15', '0', '12', '13', '2', '1', '16', '18', '17', '4', '14']}",<built-in method values of dict object at 0x7f2356066a40>
"{'n_atak': ['6', '8', '7', '11', '19', '9', '3', '10', '5', '15', '0', '12', '13', '2', '1', '16', '18', '17', '4', '14']}",<built-in method values of dict object at 0x7f2356066a40>
"{'n_atak': ['6', '8', '7', '11', '19', '9', '3', '10', '5', '15', '0', '12', '13', '2', '1', '16', '18', '17', '4', '14']}",<built-in method values of dict object at 0x7f2356066a40>
"{'n_atak': ['6', '8', '7', '11', '19', '9', '3', '10', '5', '15', '0', '12', '13', '2', '1', '16', '18', '17', '4', '14']}",<built-in method values of dict object at 0x7f2356066a40>
"{'n_atak': ['6', '8', '7', '11', '19', '9', '3', '10', '5', '15', '0', '12', '13', '2', '1', '16', '18', '17', '4', '14']}",<built-in method values of dict object at 0x7f2356066a40>
"{'n_atak': ['6', '8', '7', '11', '19', '9', '3', '10', '5', '15', '0', '12', '13', '2', '1', '16', '18', '17', '4', '14']}",<built-in method values of dict object at 0x7f2356066a40>
"{'n_atak': ['6', '8', '7', '11', '19', '9', '3', '10', '5', '15', '0', '12', '13', '2', '1', '16', '18', '17', '4', '14']}",<built-in method values of dict object at 0x7f2356066a40>
"{'n_atak': ['6', '8', '7', '11', '19', '9', '3', '10', '5', '15', '0', '12', '13', '2', '1', '16', '18', '17', '4', '14']}",<built-in method values of dict object at 0x7f2356066a40>
"{'n_atak': ['6', '8', '7', '11', '19', '9', '3', '10', '5', '15', '0', '12', '13', '2', '1', '16', '18', '17', '4', '14']}",<built-in method values of dict object at 0x7f2356066a40>
"{'n_atak': ['6', '8', '7', '11', '19', '9', '3', '10', '5', '15', '0', '12', '13', '2', '1', '16', '18', '17', '4', '14']}",<built-in method values of dict object at 0x7f2356066a40>
"{'n_atak': ['6', '8', '7', '11', '19', '9', '3', '10', '5', '15', '0', '12', '13', '2', '1', '16', '18', '17', '4', '14']}",<built-in method values of dict object at 0x7f2356066a40>
"{'n_atak': ['6', '8', '7', '11', '19', '9', '3', '10', '5', '15', '0', '12', '13', '2', '1', '16', '18', '17', '4', '14']}",<built-in method values of dict object at 0x7f2356066a40>
"{'n_atak': ['6', '8', '7', '11', '19', '9', '3', '10', '5', '15', '0', '12', '13', '2', '1', '16', '18', '17', '4', '14']}",<built-in method values of dict object at 0x7f2356066a40>
"{'n_atak': ['6', '8', '7', '11', '19', '9', '3', '10', '5', '15', '0', '12', '13', '2', '1', '16', '18', '17', '4', '14']}",<built-in method values of dict object at 0x7f2356066a40>
"{'n_atak': ['6', '8', '7', '11', '19', '9', '3', '10', '5', '15', '0', '12', '13', '2', '1', '16', '18', '17', '4', '14']}",<built-in method values of dict object at 0x7f2356066a40>
"{'n_atak': ['6', '8', '7', '11', '19', '9', '3', '10', '5', '15', '0', '12', '13', '2', '1', '16', '18', '17', '4', '14']}",<built-in method values of dict object at 0x7f2356066a40>
"{'n_atak': ['10', '1', '5', '3', '2', '16', '8', '18', '0', '12', '15', '4', '6', '19', '13', '11', '17', '9', '7', '14']}",<built-in method values of dict object at 0x7f2355f25e00>
"{'n_atak': ['10', '1', '5', '3', '2', '16', '8', '18', '0', '12', '15', '4', '6', '19', '13', '11', '17', '9', '7', '14']}",<built-in method values of dict object at 0x7f2355f25e00>
"{'n_atak': ['10', '1', '5', '3', '2', '16', '8', '18', '0', '12', '15', '4', '6', '19', '13', '11', '17', '9', '7', '14']}",<built-in method values of dict object at 0x7f2355f25e00>
"{'n_atak': ['10', '1', '5', '3', '2', '16', '8', '18', '0', '12', '15', '4', '6', '19', '13', '11', '17', '9', '7', '14']}",<built-in method values of dict object at 0x7f2355f25e00>
"{'n_atak': ['10', '1', '5', '3', '2', '16', '8', '18', '0', '12', '15', '4', '6', '19', '13', '11', '17', '9', '7', '14']}",<built-in method values of dict object at 0x7f2355f25e00>
"{'n_atak': ['10', '1', '5', '3', '2', '16', '8', '18', '0', '12', '15', '4', '6', '19', '13', '11', '17', '9', '7', '14']}",<built-in method values of dict object at 0x7f2355f25e00>
"{'n_atak': ['10', '1', '5', '3', '2', '16', '8', '18', '0', '12', '15', '4', '6', '19', '13', '11', '17', '9', '7', '14']}",<built-in method values of dict object at 0x7f2355f25e00>
"{'n_atak': ['10', '1', '5', '3', '2', '16', '8', '18', '0', '12', '15', '4', '6', '19', '13', '11', '17', '9', '7', '14']}",<built-in method values of dict object at 0x7f2355f25e00>
"{'n_atak': ['10', '1', '5', '3', '2', '16', '8', '18', '0', '12', '15', '4', '6', '19', '13', '11', '17', '9', '7', '14']}",<built-in method values of dict object at 0x7f2355f25e00>
"{'n_atak': ['10', '1', '5', '3', '2', '16', '8', '18', '0', '12', '15', '4', '6', '19', '13', '11', '17', '9', '7', '14']}",<built-in method values of dict object at 0x7f2355f25e00>
"{'n_atak': ['10', '1', '5', '3', '2', '16', '8', '18', '0', '12', '15', '4', '6', '19', '13', '11', '17', '9', '7', '14']}",<built-in method values of dict object at 0x7f2355f25e00>
"{'n_atak': ['10', '1', '5', '3', '2', '16', '8', '18', '0', '12', '15', '4', '6', '19', '13', '11', '17', '9', '7', '14']}",<built-in method values of dict object at 0x7f2355f25e00>
"{'n_atak': ['10', '1', '5', '3', '2', '16', '8', '18', '0', '12', '15', '4', '6', '19', '13', '11', '17', '9', '7', '14']}",<built-in method values of dict object at 0x7f2355f25e00>
"{'n_atak': ['10', '1', '5', '3', '2', '16', '8', '18', '0', '12', '15', '4', '6', '19', '13', '11', '17', '9', '7', '14']}",<built-in method values of dict object at 0x7f2355f25e00>
"{'n_atak': ['10', '1', '5', '3', '2', '16', '8', '18', '0', '12', '15', '4', '6', '19', '13', '11', '17', '9', '7', '14']}",<built-in method values of dict object at 0x7f2355f25e00>
"{'n_atak': ['10', '1', '5', '3', '2', '16', '8', '18', '0', '12', '15', '4', '6', '19', '13', '11', '17', '9', '7', '14']}",<built-in method values of dict object at 0x7f2355f25e00>
"{'n_atak': ['10', '1', '5', '3', '2', '16', '8', '18', '0', '12', '15', '4', '6', '19', '13', '11', '17', '9', '7', '14']}",<built-in method values of dict object at 0x7f2355f25e00>
"{'n_atak': ['10', '1', '5', '3', '2', '16', '8', '18', '0', '12', '15', '4', '6', '19', '13', '11', '17', '9', '7', '14']}",<built-in method values of dict object at 0x7f2355f25e00>
"{'n_atak': ['10', '1', '5', '3', '2', '16', '8', '18', '0', '12', '15', '4', '6', '19', '13', '11', '17', '9', '7', '14']}",<built-in method values of dict object at 0x7f2355f25e00>
"{'n_atak': ['10', '1', '5', '3', '2', '16', '8', '18', '0', '12', '15', '4', '6', '19', '13', '11', '17', '9', '7', '14']}",<built-in method values of dict object at 0x7f2355f25e00>
"{'n_atak': ['1', '16', '3', '2', '14', '12', '18', '5', '6', '11', '17', '15', '10', '8', '4', '13', '7', '9', '19', '0']}",<built-in method values of dict object at 0x7f23560ba000>
"{'n_atak': ['1', '16', '3', '2', '14', '12', '18', '5', '6', '11', '17', '15', '10', '8', '4', '13', '7', '9', '19', '0']}",<built-in method values of dict object at 0x7f23560ba000>
"{'n_atak': ['1', '16', '3', '2', '14', '12', '18', '5', '6', '11', '17', '15', '10', '8', '4', '13', '7', '9', '19', '0']}",<built-in method values of dict object at 0x7f23560ba000>
"{'n_atak': ['1', '16', '3', '2', '14', '12', '18', '5', '6', '11', '17', '15', '10', '8', '4', '13', '7', '9', '19', '0']}",<built-in method values of dict object at 0x7f23560ba000>
"{'n_atak': ['1', '16', '3', '2', '14', '12', '18', '5', '6', '11', '17', '15', '10', '8', '4', '13', '7', '9', '19', '0']}",<built-in method values of dict object at 0x7f23560ba000>
"{'n_atak': ['1', '16', '3', '2', '14', '12', '18', '5', '6', '11', '17', '15', '10', '8', '4', '13', '7', '9', '19', '0']}",<built-in method values of dict object at 0x7f23560ba000>
"{'n_atak': ['1', '16', '3', '2', '14', '12', '18', '5', '6', '11', '17', '15', '10', '8', '4', '13', '7', '9', '19', '0']}",<built-in method values of dict object at 0x7f23560ba000>
"{'n_atak': ['1', '16', '3', '2', '14', '12', '18', '5', '6', '11', '17', '15', '10', '8', '4', '13', '7', '9', '19', '0']}",<built-in method values of dict object at 0x7f23560ba000>
"{'n_atak': ['1', '16', '3', '2', '14', '12', '18', '5', '6', '11', '17', '15', '10', '8', '4', '13', '7', '9', '19', '0']}",<built-in method values of dict object at 0x7f23560ba000>
"{'n_atak': ['1', '16', '3', '2', '14', '12', '18', '5', '6', '11', '17', '15', '10', '8', '4', '13', '7', '9', '19', '0']}",<built-in method values of dict object at 0x7f23560ba000>
"{'n_atak': ['1', '16', '3', '2', '14', '12', '18', '5', '6', '11', '17', '15', '10', '8', '4', '13', '7', '9', '19', '0']}",<built-in method values of dict object at 0x7f23560ba000>
"{'n_atak': ['1', '16', '3', '2', '14', '12', '18', '5', '6', '11', '17', '15', '10', '8', '4', '13', '7', '9', '19', '0']}",<built-in method values of dict object at 0x7f23560ba000>
"{'n_atak': ['1', '16', '3', '2', '14', '12', '18', '5', '6', '11', '17', '15', '10', '8', '4', '13', '7', '9', '19', '0']}",<built-in method values of dict object at 0x7f23560ba000>
"{'n_atak': ['1', '16', '3', '2', '14', '12', '18', '5', '6', '11', '17', '15', '10', '8', '4', '13', '7', '9', '19', '0']}",<built-in method values of dict object at 0x7f23560ba000>
"{'n_atak': ['1', '16', '3', '2', '14', '12', '18', '5', '6', '11', '17', '15', '10', '8', '4', '13', '7', '9', '19', '0']}",<built-in method values of dict object at 0x7f23560ba000>
"{'n_atak': ['1', '16', '3', '2', '14', '12', '18', '5', '6', '11', '17', '15', '10', '8', '4', '13', '7', '9', '19', '0']}",<built-in method values of dict object at 0x7f23560ba000>
"{'n_atak': ['1', '16', '3', '2', '14', '12', '18', '5', '6', '11', '17', '15', '10', '8', '4', '13', '7', '9', '19', '0']}",<built-in method values of dict object at 0x7f23560ba000>
"{'n_atak': ['1', '16', '3', '2', '14', '12', '18', '5', '6', '11', '17', '15', '10', '8', '4', '13', '7', '9', '19', '0']}",<built-in method values of dict object at 0x7f23560ba000>
"{'n_atak': ['1', '16', '3', '2', '14', '12', '18', '5', '6', '11', '17', '15', '10', '8', '4', '13', '7', '9', '19', '0']}",<built-in method values of dict object at 0x7f23560ba000>
"{'n_atak': ['1', '16', '3', '2', '14', '12', '18', '5', '6', '11', '17', '15', '10', '8', '4', '13', '7', '9', '19', '0']}",<built-in method values of dict object at 0x7f23560ba000>
"{'n_atak': ['9', '14', '1', '17', '18', '0', '16', '8', '4', '10', '5', '7', '13', '12', '11', '2', '6', '19', '15', '3']}",<built-in method values of dict object at 0x7f2355f41f00>
"{'n_atak': ['9', '14', '1', '17', '18', '0', '16', '8', '4', '10', '5', '7', '13', '12', '11', '2', '6', '19', '15', '3']}",<built-in method values of dict object at 0x7f2355f41f00>
"{'n_atak': ['9', '14', '1', '17', '18', '0', '16', '8', '4', '10', '5', '7', '13', '12', '11', '2', '6', '19', '15', '3']}",<built-in method values of dict object at 0x7f2355f41f00>
"{'n_atak': ['9', '14', '1', '17', '18', '0', '16', '8', '4', '10', '5', '7', '13', '12', '11', '2', '6', '19', '15', '3']}",<built-in method values of dict object at 0x7f2355f41f00>
"{'n_atak': ['9', '14', '1', '17', '18', '0', '16', '8', '4', '10', '5', '7', '13', '12', '11', '2', '6', '19', '15', '3']}",<built-in method values of dict object at 0x7f2355f41f00>
"{'n_atak': ['9', '14', '1', '17', '18', '0', '16', '8', '4', '10', '5', '7', '13', '12', '11', '2', '6', '19', '15', '3']}",<built-in method values of dict object at 0x7f2355f41f00>
"{'n_atak': ['9', '14', '1', '17', '18', '0', '16', '8', '4', '10', '5', '7', '13', '12', '11', '2', '6', '19', '15', '3']}",<built-in method values of dict object at 0x7f2355f41f00>
"{'n_atak': ['9', '14', '1', '17', '18', '0', '16', '8', '4', '10', '5', '7', '13', '12', '11', '2', '6', '19', '15', '3']}",<built-in method values of dict object at 0x7f2355f41f00>
"{'n_atak': ['9', '14', '1', '17', '18', '0', '16', '8', '4', '10', '5', '7', '13', '12', '11', '2', '6', '19', '15', '3']}",<built-in method values of dict object at 0x7f2355f41f00>
"{'n_atak': ['9', '14', '1', '17', '18', '0', '16', '8', '4', '10', '5', '7', '13', '12', '11', '2', '6', '19', '15', '3']}",<built-in method values of dict object at 0x7f2355f41f00>
"{'n_atak': ['9', '14', '1', '17', '18', '0', '16', '8', '4', '10', '5', '7', '13', '12', '11', '2', '6', '19', '15', '3']}",<built-in method values of dict object at 0x7f2355f41f00>
"{'n_atak': ['9', '14', '1', '17', '18', '0', '16', '8', '4', '10', '5', '7', '13', '12', '11', '2', '6', '19', '15', '3']}",<built-in method values of dict object at 0x7f2355f41f00>
"{'n_atak': ['9', '14', '1', '17', '18', '0', '16', '8', '4', '10', '5', '7', '13', '12', '11', '2', '6', '19', '15', '3']}",<built-in method values of dict object at 0x7f2355f41f00>
"{'n_atak': ['9', '14', '1', '17', '18', '0', '16', '8', '4', '10', '5', '7', '13', '12', '11', '2', '6', '19', '15', '3']}",<built-in method values of dict object at 0x7f2355f41f00>
"{'n_atak': ['9', '14', '1', '17', '18', '0', '16', '8', '4', '10', '5', '7', '13', '12', '11', '2', '6', '19', '15', '3']}",<built-in method values of dict object at 0x7f2355f41f00>
"{'n_atak': ['9', '14', '1', '17', '18', '0', '16', '8', '4', '10', '5', '7', '13', '12', '11', '2', '6', '19', '15', '3']}",<built-in method values of dict object at 0x7f2355f41f00>
"{'n_atak': ['9', '14', '1', '17', '18', '0', '16', '8', '4', '10', '5', '7', '13', '12', '11', '2', '6', '19', '15', '3']}",<built-in method values of dict object at 0x7f2355f41f00>
"{'n_atak': ['9', '14', '1', '17', '18', '0', '16', '8', '4', '10', '5', '7', '13', '12', '11', '2', '6', '19', '15', '3']}",<built-in method values of dict object at 0x7f2355f41f00>
"{'n_atak': ['9', '14', '1', '17', '18', '0', '16', '8', '4', '10', '5', '7', '13', '12', '11', '2', '6', '19', '15', '3']}",<built-in method values of dict object at 0x7f2355f41f00>
"{'n_atak': ['9', '14', '1', '17', '18', '0', '16', '8', '4', '10', '5', '7', '13', '12', '11', '2', '6', '19', '15', '3']}",<built-in method values of dict object at 0x7f2355f41f00>
