{},<built-in method values of dict object at 0x7fa370a7dd00>
{},<built-in method values of dict object at 0x7fa370a7dd00>
{},<built-in method values of dict object at 0x7fa370a7dd00>
{},<built-in method values of dict object at 0x7fa370a7dd00>
{},<built-in method values of dict object at 0x7fa370a7dd00>
{},<built-in method values of dict object at 0x7fa370a7dd00>
{},<built-in method values of dict object at 0x7fa370a7dd00>
{},<built-in method values of dict object at 0x7fa370a7dd00>
{},<built-in method values of dict object at 0x7fa370a7dd00>
{},<built-in method values of dict object at 0x7fa370a7dd00>
{},<built-in method values of dict object at 0x7fa370a7dd00>
{},<built-in method values of dict object at 0x7fa370a7dd00>
{},<built-in method values of dict object at 0x7fa370a7dd00>
{},<built-in method values of dict object at 0x7fa370a7dd00>
{},<built-in method values of dict object at 0x7fa370a7dd00>
{},<built-in method values of dict object at 0x7fa370a7dd00>
{},<built-in method values of dict object at 0x7fa370a7dd00>
{},<built-in method values of dict object at 0x7fa370a7dd00>
{},<built-in method values of dict object at 0x7fa370a7dd00>
{},<built-in method values of dict object at 0x7fa370a7dd00>
"{'atak': ['18', '7', '2', '4', '8', '9', '3', '5', '10', '6', '15', '14', '19', '17', '1', '13', '0', '16', '12', '11']}",<built-in method values of dict object at 0x7fa396b687c0>
"{'atak': ['18', '7', '2', '4', '8', '9', '3', '5', '10', '6', '15', '14', '19', '17', '1', '13', '0', '16', '12', '11']}",<built-in method values of dict object at 0x7fa396b687c0>
"{'atak': ['18', '7', '2', '4', '8', '9', '3', '5', '10', '6', '15', '14', '19', '17', '1', '13', '0', '16', '12', '11']}",<built-in method values of dict object at 0x7fa396b687c0>
"{'atak': ['18', '7', '2', '4', '8', '9', '3', '5', '10', '6', '15', '14', '19', '17', '1', '13', '0', '16', '12', '11']}",<built-in method values of dict object at 0x7fa396b687c0>
"{'atak': ['18', '7', '2', '4', '8', '9', '3', '5', '10', '6', '15', '14', '19', '17', '1', '13', '0', '16', '12', '11']}",<built-in method values of dict object at 0x7fa396b687c0>
"{'atak': ['18', '7', '2', '4', '8', '9', '3', '5', '10', '6', '15', '14', '19', '17', '1', '13', '0', '16', '12', '11']}",<built-in method values of dict object at 0x7fa396b687c0>
"{'atak': ['18', '7', '2', '4', '8', '9', '3', '5', '10', '6', '15', '14', '19', '17', '1', '13', '0', '16', '12', '11']}",<built-in method values of dict object at 0x7fa396b687c0>
"{'atak': ['18', '7', '2', '4', '8', '9', '3', '5', '10', '6', '15', '14', '19', '17', '1', '13', '0', '16', '12', '11']}",<built-in method values of dict object at 0x7fa396b687c0>
"{'atak': ['18', '7', '2', '4', '8', '9', '3', '5', '10', '6', '15', '14', '19', '17', '1', '13', '0', '16', '12', '11']}",<built-in method values of dict object at 0x7fa396b687c0>
"{'atak': ['18', '7', '2', '4', '8', '9', '3', '5', '10', '6', '15', '14', '19', '17', '1', '13', '0', '16', '12', '11']}",<built-in method values of dict object at 0x7fa396b687c0>
"{'atak': ['18', '7', '2', '4', '8', '9', '3', '5', '10', '6', '15', '14', '19', '17', '1', '13', '0', '16', '12', '11']}",<built-in method values of dict object at 0x7fa396b687c0>
"{'atak': ['18', '7', '2', '4', '8', '9', '3', '5', '10', '6', '15', '14', '19', '17', '1', '13', '0', '16', '12', '11']}",<built-in method values of dict object at 0x7fa396b687c0>
"{'atak': ['18', '7', '2', '4', '8', '9', '3', '5', '10', '6', '15', '14', '19', '17', '1', '13', '0', '16', '12', '11']}",<built-in method values of dict object at 0x7fa396b687c0>
"{'atak': ['18', '7', '2', '4', '8', '9', '3', '5', '10', '6', '15', '14', '19', '17', '1', '13', '0', '16', '12', '11']}",<built-in method values of dict object at 0x7fa396b687c0>
"{'atak': ['18', '7', '2', '4', '8', '9', '3', '5', '10', '6', '15', '14', '19', '17', '1', '13', '0', '16', '12', '11']}",<built-in method values of dict object at 0x7fa396b687c0>
"{'atak': ['18', '7', '2', '4', '8', '9', '3', '5', '10', '6', '15', '14', '19', '17', '1', '13', '0', '16', '12', '11']}",<built-in method values of dict object at 0x7fa396b687c0>
"{'atak': ['18', '7', '2', '4', '8', '9', '3', '5', '10', '6', '15', '14', '19', '17', '1', '13', '0', '16', '12', '11']}",<built-in method values of dict object at 0x7fa396b687c0>
"{'atak': ['18', '7', '2', '4', '8', '9', '3', '5', '10', '6', '15', '14', '19', '17', '1', '13', '0', '16', '12', '11']}",<built-in method values of dict object at 0x7fa396b687c0>
"{'atak': ['18', '7', '2', '4', '8', '9', '3', '5', '10', '6', '15', '14', '19', '17', '1', '13', '0', '16', '12', '11']}",<built-in method values of dict object at 0x7fa396b687c0>
"{'atak': ['18', '7', '2', '4', '8', '9', '3', '5', '10', '6', '15', '14', '19', '17', '1', '13', '0', '16', '12', '11']}",<built-in method values of dict object at 0x7fa396b687c0>
"{'atak': ['0', '1', '6', '7', '19', '14', '12', '11', '5', '17', '2', '3', '18', '15', '8', '13', '4', '10', '16', '9']}",<built-in method values of dict object at 0x7fa370ac4a40>
"{'atak': ['0', '1', '6', '7', '19', '14', '12', '11', '5', '17', '2', '3', '18', '15', '8', '13', '4', '10', '16', '9']}",<built-in method values of dict object at 0x7fa370ac4a40>
"{'atak': ['0', '1', '6', '7', '19', '14', '12', '11', '5', '17', '2', '3', '18', '15', '8', '13', '4', '10', '16', '9']}",<built-in method values of dict object at 0x7fa370ac4a40>
"{'atak': ['0', '1', '6', '7', '19', '14', '12', '11', '5', '17', '2', '3', '18', '15', '8', '13', '4', '10', '16', '9']}",<built-in method values of dict object at 0x7fa370ac4a40>
"{'atak': ['0', '1', '6', '7', '19', '14', '12', '11', '5', '17', '2', '3', '18', '15', '8', '13', '4', '10', '16', '9']}",<built-in method values of dict object at 0x7fa370ac4a40>
"{'atak': ['0', '1', '6', '7', '19', '14', '12', '11', '5', '17', '2', '3', '18', '15', '8', '13', '4', '10', '16', '9']}",<built-in method values of dict object at 0x7fa370ac4a40>
"{'atak': ['0', '1', '6', '7', '19', '14', '12', '11', '5', '17', '2', '3', '18', '15', '8', '13', '4', '10', '16', '9']}",<built-in method values of dict object at 0x7fa370ac4a40>
"{'atak': ['0', '1', '6', '7', '19', '14', '12', '11', '5', '17', '2', '3', '18', '15', '8', '13', '4', '10', '16', '9']}",<built-in method values of dict object at 0x7fa370ac4a40>
"{'atak': ['0', '1', '6', '7', '19', '14', '12', '11', '5', '17', '2', '3', '18', '15', '8', '13', '4', '10', '16', '9']}",<built-in method values of dict object at 0x7fa370ac4a40>
"{'atak': ['0', '1', '6', '7', '19', '14', '12', '11', '5', '17', '2', '3', '18', '15', '8', '13', '4', '10', '16', '9']}",<built-in method values of dict object at 0x7fa370ac4a40>
"{'atak': ['0', '1', '6', '7', '19', '14', '12', '11', '5', '17', '2', '3', '18', '15', '8', '13', '4', '10', '16', '9']}",<built-in method values of dict object at 0x7fa370ac4a40>
"{'atak': ['0', '1', '6', '7', '19', '14', '12', '11', '5', '17', '2', '3', '18', '15', '8', '13', '4', '10', '16', '9']}",<built-in method values of dict object at 0x7fa370ac4a40>
"{'atak': ['0', '1', '6', '7', '19', '14', '12', '11', '5', '17', '2', '3', '18', '15', '8', '13', '4', '10', '16', '9']}",<built-in method values of dict object at 0x7fa370ac4a40>
"{'atak': ['0', '1', '6', '7', '19', '14', '12', '11', '5', '17', '2', '3', '18', '15', '8', '13', '4', '10', '16', '9']}",<built-in method values of dict object at 0x7fa370ac4a40>
"{'atak': ['0', '1', '6', '7', '19', '14', '12', '11', '5', '17', '2', '3', '18', '15', '8', '13', '4', '10', '16', '9']}",<built-in method values of dict object at 0x7fa370ac4a40>
"{'atak': ['0', '1', '6', '7', '19', '14', '12', '11', '5', '17', '2', '3', '18', '15', '8', '13', '4', '10', '16', '9']}",<built-in method values of dict object at 0x7fa370ac4a40>
"{'atak': ['0', '1', '6', '7', '19', '14', '12', '11', '5', '17', '2', '3', '18', '15', '8', '13', '4', '10', '16', '9']}",<built-in method values of dict object at 0x7fa370ac4a40>
"{'atak': ['0', '1', '6', '7', '19', '14', '12', '11', '5', '17', '2', '3', '18', '15', '8', '13', '4', '10', '16', '9']}",<built-in method values of dict object at 0x7fa370ac4a40>
"{'atak': ['0', '1', '6', '7', '19', '14', '12', '11', '5', '17', '2', '3', '18', '15', '8', '13', '4', '10', '16', '9']}",<built-in method values of dict object at 0x7fa370ac4a40>
"{'atak': ['0', '1', '6', '7', '19', '14', '12', '11', '5', '17', '2', '3', '18', '15', '8', '13', '4', '10', '16', '9']}",<built-in method values of dict object at 0x7fa370ac4a40>
"{'atak': ['12', '14', '15', '4', '1', '10', '19', '9', '7', '13', '16', '17', '2', '3', '5', '11', '0', '18', '8', '6']}",<built-in method values of dict object at 0x7fa370a99fc0>
"{'atak': ['12', '14', '15', '4', '1', '10', '19', '9', '7', '13', '16', '17', '2', '3', '5', '11', '0', '18', '8', '6']}",<built-in method values of dict object at 0x7fa370a99fc0>
"{'atak': ['12', '14', '15', '4', '1', '10', '19', '9', '7', '13', '16', '17', '2', '3', '5', '11', '0', '18', '8', '6']}",<built-in method values of dict object at 0x7fa370a99fc0>
"{'atak': ['12', '14', '15', '4', '1', '10', '19', '9', '7', '13', '16', '17', '2', '3', '5', '11', '0', '18', '8', '6']}",<built-in method values of dict object at 0x7fa370a99fc0>
"{'atak': ['12', '14', '15', '4', '1', '10', '19', '9', '7', '13', '16', '17', '2', '3', '5', '11', '0', '18', '8', '6']}",<built-in method values of dict object at 0x7fa370a99fc0>
"{'atak': ['12', '14', '15', '4', '1', '10', '19', '9', '7', '13', '16', '17', '2', '3', '5', '11', '0', '18', '8', '6']}",<built-in method values of dict object at 0x7fa370a99fc0>
"{'atak': ['12', '14', '15', '4', '1', '10', '19', '9', '7', '13', '16', '17', '2', '3', '5', '11', '0', '18', '8', '6']}",<built-in method values of dict object at 0x7fa370a99fc0>
"{'atak': ['12', '14', '15', '4', '1', '10', '19', '9', '7', '13', '16', '17', '2', '3', '5', '11', '0', '18', '8', '6']}",<built-in method values of dict object at 0x7fa370a99fc0>
"{'atak': ['12', '14', '15', '4', '1', '10', '19', '9', '7', '13', '16', '17', '2', '3', '5', '11', '0', '18', '8', '6']}",<built-in method values of dict object at 0x7fa370a99fc0>
"{'atak': ['12', '14', '15', '4', '1', '10', '19', '9', '7', '13', '16', '17', '2', '3', '5', '11', '0', '18', '8', '6']}",<built-in method values of dict object at 0x7fa370a99fc0>
"{'atak': ['12', '14', '15', '4', '1', '10', '19', '9', '7', '13', '16', '17', '2', '3', '5', '11', '0', '18', '8', '6']}",<built-in method values of dict object at 0x7fa370a99fc0>
"{'atak': ['12', '14', '15', '4', '1', '10', '19', '9', '7', '13', '16', '17', '2', '3', '5', '11', '0', '18', '8', '6']}",<built-in method values of dict object at 0x7fa370a99fc0>
"{'atak': ['12', '14', '15', '4', '1', '10', '19', '9', '7', '13', '16', '17', '2', '3', '5', '11', '0', '18', '8', '6']}",<built-in method values of dict object at 0x7fa370a99fc0>
"{'atak': ['12', '14', '15', '4', '1', '10', '19', '9', '7', '13', '16', '17', '2', '3', '5', '11', '0', '18', '8', '6']}",<built-in method values of dict object at 0x7fa370a99fc0>
"{'atak': ['12', '14', '15', '4', '1', '10', '19', '9', '7', '13', '16', '17', '2', '3', '5', '11', '0', '18', '8', '6']}",<built-in method values of dict object at 0x7fa370a99fc0>
"{'atak': ['12', '14', '15', '4', '1', '10', '19', '9', '7', '13', '16', '17', '2', '3', '5', '11', '0', '18', '8', '6']}",<built-in method values of dict object at 0x7fa370a99fc0>
"{'atak': ['12', '14', '15', '4', '1', '10', '19', '9', '7', '13', '16', '17', '2', '3', '5', '11', '0', '18', '8', '6']}",<built-in method values of dict object at 0x7fa370a99fc0>
"{'atak': ['12', '14', '15', '4', '1', '10', '19', '9', '7', '13', '16', '17', '2', '3', '5', '11', '0', '18', '8', '6']}",<built-in method values of dict object at 0x7fa370a99fc0>
"{'atak': ['12', '14', '15', '4', '1', '10', '19', '9', '7', '13', '16', '17', '2', '3', '5', '11', '0', '18', '8', '6']}",<built-in method values of dict object at 0x7fa370a99fc0>
"{'atak': ['12', '14', '15', '4', '1', '10', '19', '9', '7', '13', '16', '17', '2', '3', '5', '11', '0', '18', '8', '6']}",<built-in method values of dict object at 0x7fa370a99fc0>
"{'atak': ['17', '1', '14', '5', '18', '9', '13', '2', '10', '3', '19', '16', '15', '0', '6', '4', '11', '7', '8', '12']}",<built-in method values of dict object at 0x7fa370ac63c0>
"{'atak': ['17', '1', '14', '5', '18', '9', '13', '2', '10', '3', '19', '16', '15', '0', '6', '4', '11', '7', '8', '12']}",<built-in method values of dict object at 0x7fa370ac63c0>
"{'atak': ['17', '1', '14', '5', '18', '9', '13', '2', '10', '3', '19', '16', '15', '0', '6', '4', '11', '7', '8', '12']}",<built-in method values of dict object at 0x7fa370ac63c0>
"{'atak': ['17', '1', '14', '5', '18', '9', '13', '2', '10', '3', '19', '16', '15', '0', '6', '4', '11', '7', '8', '12']}",<built-in method values of dict object at 0x7fa370ac63c0>
"{'atak': ['17', '1', '14', '5', '18', '9', '13', '2', '10', '3', '19', '16', '15', '0', '6', '4', '11', '7', '8', '12']}",<built-in method values of dict object at 0x7fa370ac63c0>
"{'atak': ['17', '1', '14', '5', '18', '9', '13', '2', '10', '3', '19', '16', '15', '0', '6', '4', '11', '7', '8', '12']}",<built-in method values of dict object at 0x7fa370ac63c0>
"{'atak': ['17', '1', '14', '5', '18', '9', '13', '2', '10', '3', '19', '16', '15', '0', '6', '4', '11', '7', '8', '12']}",<built-in method values of dict object at 0x7fa370ac63c0>
"{'atak': ['17', '1', '14', '5', '18', '9', '13', '2', '10', '3', '19', '16', '15', '0', '6', '4', '11', '7', '8', '12']}",<built-in method values of dict object at 0x7fa370ac63c0>
"{'atak': ['17', '1', '14', '5', '18', '9', '13', '2', '10', '3', '19', '16', '15', '0', '6', '4', '11', '7', '8', '12']}",<built-in method values of dict object at 0x7fa370ac63c0>
"{'atak': ['17', '1', '14', '5', '18', '9', '13', '2', '10', '3', '19', '16', '15', '0', '6', '4', '11', '7', '8', '12']}",<built-in method values of dict object at 0x7fa370ac63c0>
"{'atak': ['17', '1', '14', '5', '18', '9', '13', '2', '10', '3', '19', '16', '15', '0', '6', '4', '11', '7', '8', '12']}",<built-in method values of dict object at 0x7fa370ac63c0>
"{'atak': ['17', '1', '14', '5', '18', '9', '13', '2', '10', '3', '19', '16', '15', '0', '6', '4', '11', '7', '8', '12']}",<built-in method values of dict object at 0x7fa370ac63c0>
"{'atak': ['17', '1', '14', '5', '18', '9', '13', '2', '10', '3', '19', '16', '15', '0', '6', '4', '11', '7', '8', '12']}",<built-in method values of dict object at 0x7fa370ac63c0>
"{'atak': ['17', '1', '14', '5', '18', '9', '13', '2', '10', '3', '19', '16', '15', '0', '6', '4', '11', '7', '8', '12']}",<built-in method values of dict object at 0x7fa370ac63c0>
"{'atak': ['17', '1', '14', '5', '18', '9', '13', '2', '10', '3', '19', '16', '15', '0', '6', '4', '11', '7', '8', '12']}",<built-in method values of dict object at 0x7fa370ac63c0>
"{'atak': ['17', '1', '14', '5', '18', '9', '13', '2', '10', '3', '19', '16', '15', '0', '6', '4', '11', '7', '8', '12']}",<built-in method values of dict object at 0x7fa370ac63c0>
"{'atak': ['17', '1', '14', '5', '18', '9', '13', '2', '10', '3', '19', '16', '15', '0', '6', '4', '11', '7', '8', '12']}",<built-in method values of dict object at 0x7fa370ac63c0>
"{'atak': ['17', '1', '14', '5', '18', '9', '13', '2', '10', '3', '19', '16', '15', '0', '6', '4', '11', '7', '8', '12']}",<built-in method values of dict object at 0x7fa370ac63c0>
"{'atak': ['17', '1', '14', '5', '18', '9', '13', '2', '10', '3', '19', '16', '15', '0', '6', '4', '11', '7', '8', '12']}",<built-in method values of dict object at 0x7fa370ac63c0>
"{'atak': ['17', '1', '14', '5', '18', '9', '13', '2', '10', '3', '19', '16', '15', '0', '6', '4', '11', '7', '8', '12']}",<built-in method values of dict object at 0x7fa370ac63c0>
"{'atak': ['7', '19', '15', '12', '13', '4', '2', '11', '8', '14', '6', '0', '16', '18', '3', '1', '17', '9', '5', '10']}",<built-in method values of dict object at 0x7fa3709341c0>
"{'atak': ['7', '19', '15', '12', '13', '4', '2', '11', '8', '14', '6', '0', '16', '18', '3', '1', '17', '9', '5', '10']}",<built-in method values of dict object at 0x7fa3709341c0>
"{'atak': ['7', '19', '15', '12', '13', '4', '2', '11', '8', '14', '6', '0', '16', '18', '3', '1', '17', '9', '5', '10']}",<built-in method values of dict object at 0x7fa3709341c0>
"{'atak': ['7', '19', '15', '12', '13', '4', '2', '11', '8', '14', '6', '0', '16', '18', '3', '1', '17', '9', '5', '10']}",<built-in method values of dict object at 0x7fa3709341c0>
"{'atak': ['7', '19', '15', '12', '13', '4', '2', '11', '8', '14', '6', '0', '16', '18', '3', '1', '17', '9', '5', '10']}",<built-in method values of dict object at 0x7fa3709341c0>
"{'atak': ['7', '19', '15', '12', '13', '4', '2', '11', '8', '14', '6', '0', '16', '18', '3', '1', '17', '9', '5', '10']}",<built-in method values of dict object at 0x7fa3709341c0>
"{'atak': ['7', '19', '15', '12', '13', '4', '2', '11', '8', '14', '6', '0', '16', '18', '3', '1', '17', '9', '5', '10']}",<built-in method values of dict object at 0x7fa3709341c0>
"{'atak': ['7', '19', '15', '12', '13', '4', '2', '11', '8', '14', '6', '0', '16', '18', '3', '1', '17', '9', '5', '10']}",<built-in method values of dict object at 0x7fa3709341c0>
"{'atak': ['7', '19', '15', '12', '13', '4', '2', '11', '8', '14', '6', '0', '16', '18', '3', '1', '17', '9', '5', '10']}",<built-in method values of dict object at 0x7fa3709341c0>
"{'atak': ['7', '19', '15', '12', '13', '4', '2', '11', '8', '14', '6', '0', '16', '18', '3', '1', '17', '9', '5', '10']}",<built-in method values of dict object at 0x7fa3709341c0>
"{'atak': ['7', '19', '15', '12', '13', '4', '2', '11', '8', '14', '6', '0', '16', '18', '3', '1', '17', '9', '5', '10']}",<built-in method values of dict object at 0x7fa3709341c0>
"{'atak': ['7', '19', '15', '12', '13', '4', '2', '11', '8', '14', '6', '0', '16', '18', '3', '1', '17', '9', '5', '10']}",<built-in method values of dict object at 0x7fa3709341c0>
"{'atak': ['7', '19', '15', '12', '13', '4', '2', '11', '8', '14', '6', '0', '16', '18', '3', '1', '17', '9', '5', '10']}",<built-in method values of dict object at 0x7fa3709341c0>
"{'atak': ['7', '19', '15', '12', '13', '4', '2', '11', '8', '14', '6', '0', '16', '18', '3', '1', '17', '9', '5', '10']}",<built-in method values of dict object at 0x7fa3709341c0>
"{'atak': ['7', '19', '15', '12', '13', '4', '2', '11', '8', '14', '6', '0', '16', '18', '3', '1', '17', '9', '5', '10']}",<built-in method values of dict object at 0x7fa3709341c0>
"{'atak': ['7', '19', '15', '12', '13', '4', '2', '11', '8', '14', '6', '0', '16', '18', '3', '1', '17', '9', '5', '10']}",<built-in method values of dict object at 0x7fa3709341c0>
"{'atak': ['7', '19', '15', '12', '13', '4', '2', '11', '8', '14', '6', '0', '16', '18', '3', '1', '17', '9', '5', '10']}",<built-in method values of dict object at 0x7fa3709341c0>
"{'atak': ['7', '19', '15', '12', '13', '4', '2', '11', '8', '14', '6', '0', '16', '18', '3', '1', '17', '9', '5', '10']}",<built-in method values of dict object at 0x7fa3709341c0>
"{'atak': ['7', '19', '15', '12', '13', '4', '2', '11', '8', '14', '6', '0', '16', '18', '3', '1', '17', '9', '5', '10']}",<built-in method values of dict object at 0x7fa3709341c0>
"{'atak': ['7', '19', '15', '12', '13', '4', '2', '11', '8', '14', '6', '0', '16', '18', '3', '1', '17', '9', '5', '10']}",<built-in method values of dict object at 0x7fa3709341c0>
"{'atak': ['14', '12', '19', '17', '10', '0', '2', '8', '9', '6', '11', '5', '16', '13', '1', '4', '3', '7', '18', '15']}",<built-in method values of dict object at 0x7fa370ac6980>
"{'atak': ['14', '12', '19', '17', '10', '0', '2', '8', '9', '6', '11', '5', '16', '13', '1', '4', '3', '7', '18', '15']}",<built-in method values of dict object at 0x7fa370ac6980>
"{'atak': ['14', '12', '19', '17', '10', '0', '2', '8', '9', '6', '11', '5', '16', '13', '1', '4', '3', '7', '18', '15']}",<built-in method values of dict object at 0x7fa370ac6980>
"{'atak': ['14', '12', '19', '17', '10', '0', '2', '8', '9', '6', '11', '5', '16', '13', '1', '4', '3', '7', '18', '15']}",<built-in method values of dict object at 0x7fa370ac6980>
"{'atak': ['14', '12', '19', '17', '10', '0', '2', '8', '9', '6', '11', '5', '16', '13', '1', '4', '3', '7', '18', '15']}",<built-in method values of dict object at 0x7fa370ac6980>
"{'atak': ['14', '12', '19', '17', '10', '0', '2', '8', '9', '6', '11', '5', '16', '13', '1', '4', '3', '7', '18', '15']}",<built-in method values of dict object at 0x7fa370ac6980>
"{'atak': ['14', '12', '19', '17', '10', '0', '2', '8', '9', '6', '11', '5', '16', '13', '1', '4', '3', '7', '18', '15']}",<built-in method values of dict object at 0x7fa370ac6980>
"{'atak': ['14', '12', '19', '17', '10', '0', '2', '8', '9', '6', '11', '5', '16', '13', '1', '4', '3', '7', '18', '15']}",<built-in method values of dict object at 0x7fa370ac6980>
"{'atak': ['14', '12', '19', '17', '10', '0', '2', '8', '9', '6', '11', '5', '16', '13', '1', '4', '3', '7', '18', '15']}",<built-in method values of dict object at 0x7fa370ac6980>
"{'atak': ['14', '12', '19', '17', '10', '0', '2', '8', '9', '6', '11', '5', '16', '13', '1', '4', '3', '7', '18', '15']}",<built-in method values of dict object at 0x7fa370ac6980>
"{'atak': ['14', '12', '19', '17', '10', '0', '2', '8', '9', '6', '11', '5', '16', '13', '1', '4', '3', '7', '18', '15']}",<built-in method values of dict object at 0x7fa370ac6980>
"{'atak': ['14', '12', '19', '17', '10', '0', '2', '8', '9', '6', '11', '5', '16', '13', '1', '4', '3', '7', '18', '15']}",<built-in method values of dict object at 0x7fa370ac6980>
"{'atak': ['14', '12', '19', '17', '10', '0', '2', '8', '9', '6', '11', '5', '16', '13', '1', '4', '3', '7', '18', '15']}",<built-in method values of dict object at 0x7fa370ac6980>
"{'atak': ['14', '12', '19', '17', '10', '0', '2', '8', '9', '6', '11', '5', '16', '13', '1', '4', '3', '7', '18', '15']}",<built-in method values of dict object at 0x7fa370ac6980>
"{'atak': ['14', '12', '19', '17', '10', '0', '2', '8', '9', '6', '11', '5', '16', '13', '1', '4', '3', '7', '18', '15']}",<built-in method values of dict object at 0x7fa370ac6980>
"{'atak': ['14', '12', '19', '17', '10', '0', '2', '8', '9', '6', '11', '5', '16', '13', '1', '4', '3', '7', '18', '15']}",<built-in method values of dict object at 0x7fa370ac6980>
"{'atak': ['14', '12', '19', '17', '10', '0', '2', '8', '9', '6', '11', '5', '16', '13', '1', '4', '3', '7', '18', '15']}",<built-in method values of dict object at 0x7fa370ac6980>
"{'atak': ['14', '12', '19', '17', '10', '0', '2', '8', '9', '6', '11', '5', '16', '13', '1', '4', '3', '7', '18', '15']}",<built-in method values of dict object at 0x7fa370ac6980>
"{'atak': ['14', '12', '19', '17', '10', '0', '2', '8', '9', '6', '11', '5', '16', '13', '1', '4', '3', '7', '18', '15']}",<built-in method values of dict object at 0x7fa370ac6980>
"{'atak': ['14', '12', '19', '17', '10', '0', '2', '8', '9', '6', '11', '5', '16', '13', '1', '4', '3', '7', '18', '15']}",<built-in method values of dict object at 0x7fa370ac6980>
"{'atak': ['15', '10', '16', '6', '19', '8', '17', '0', '5', '13', '9', '2', '7', '3', '1', '18', '11', '14', '4', '12']}",<built-in method values of dict object at 0x7fa370a9aec0>
"{'atak': ['15', '10', '16', '6', '19', '8', '17', '0', '5', '13', '9', '2', '7', '3', '1', '18', '11', '14', '4', '12']}",<built-in method values of dict object at 0x7fa370a9aec0>
"{'atak': ['15', '10', '16', '6', '19', '8', '17', '0', '5', '13', '9', '2', '7', '3', '1', '18', '11', '14', '4', '12']}",<built-in method values of dict object at 0x7fa370a9aec0>
"{'atak': ['15', '10', '16', '6', '19', '8', '17', '0', '5', '13', '9', '2', '7', '3', '1', '18', '11', '14', '4', '12']}",<built-in method values of dict object at 0x7fa370a9aec0>
"{'atak': ['15', '10', '16', '6', '19', '8', '17', '0', '5', '13', '9', '2', '7', '3', '1', '18', '11', '14', '4', '12']}",<built-in method values of dict object at 0x7fa370a9aec0>
"{'atak': ['15', '10', '16', '6', '19', '8', '17', '0', '5', '13', '9', '2', '7', '3', '1', '18', '11', '14', '4', '12']}",<built-in method values of dict object at 0x7fa370a9aec0>
"{'atak': ['15', '10', '16', '6', '19', '8', '17', '0', '5', '13', '9', '2', '7', '3', '1', '18', '11', '14', '4', '12']}",<built-in method values of dict object at 0x7fa370a9aec0>
"{'atak': ['15', '10', '16', '6', '19', '8', '17', '0', '5', '13', '9', '2', '7', '3', '1', '18', '11', '14', '4', '12']}",<built-in method values of dict object at 0x7fa370a9aec0>
"{'atak': ['15', '10', '16', '6', '19', '8', '17', '0', '5', '13', '9', '2', '7', '3', '1', '18', '11', '14', '4', '12']}",<built-in method values of dict object at 0x7fa370a9aec0>
"{'atak': ['15', '10', '16', '6', '19', '8', '17', '0', '5', '13', '9', '2', '7', '3', '1', '18', '11', '14', '4', '12']}",<built-in method values of dict object at 0x7fa370a9aec0>
"{'atak': ['15', '10', '16', '6', '19', '8', '17', '0', '5', '13', '9', '2', '7', '3', '1', '18', '11', '14', '4', '12']}",<built-in method values of dict object at 0x7fa370a9aec0>
"{'atak': ['15', '10', '16', '6', '19', '8', '17', '0', '5', '13', '9', '2', '7', '3', '1', '18', '11', '14', '4', '12']}",<built-in method values of dict object at 0x7fa370a9aec0>
"{'atak': ['15', '10', '16', '6', '19', '8', '17', '0', '5', '13', '9', '2', '7', '3', '1', '18', '11', '14', '4', '12']}",<built-in method values of dict object at 0x7fa370a9aec0>
"{'atak': ['15', '10', '16', '6', '19', '8', '17', '0', '5', '13', '9', '2', '7', '3', '1', '18', '11', '14', '4', '12']}",<built-in method values of dict object at 0x7fa370a9aec0>
"{'atak': ['15', '10', '16', '6', '19', '8', '17', '0', '5', '13', '9', '2', '7', '3', '1', '18', '11', '14', '4', '12']}",<built-in method values of dict object at 0x7fa370a9aec0>
"{'atak': ['15', '10', '16', '6', '19', '8', '17', '0', '5', '13', '9', '2', '7', '3', '1', '18', '11', '14', '4', '12']}",<built-in method values of dict object at 0x7fa370a9aec0>
"{'atak': ['15', '10', '16', '6', '19', '8', '17', '0', '5', '13', '9', '2', '7', '3', '1', '18', '11', '14', '4', '12']}",<built-in method values of dict object at 0x7fa370a9aec0>
"{'atak': ['15', '10', '16', '6', '19', '8', '17', '0', '5', '13', '9', '2', '7', '3', '1', '18', '11', '14', '4', '12']}",<built-in method values of dict object at 0x7fa370a9aec0>
"{'atak': ['15', '10', '16', '6', '19', '8', '17', '0', '5', '13', '9', '2', '7', '3', '1', '18', '11', '14', '4', '12']}",<built-in method values of dict object at 0x7fa370a9aec0>
"{'atak': ['15', '10', '16', '6', '19', '8', '17', '0', '5', '13', '9', '2', '7', '3', '1', '18', '11', '14', '4', '12']}",<built-in method values of dict object at 0x7fa370a9aec0>
"{'atak': ['11', '12', '8', '13', '4', '18', '17', '3', '7', '0', '5', '1', '2', '15', '6', '16', '10', '19', '14', '9']}",<built-in method values of dict object at 0x7fa37091bb00>
"{'atak': ['11', '12', '8', '13', '4', '18', '17', '3', '7', '0', '5', '1', '2', '15', '6', '16', '10', '19', '14', '9']}",<built-in method values of dict object at 0x7fa37091bb00>
"{'atak': ['11', '12', '8', '13', '4', '18', '17', '3', '7', '0', '5', '1', '2', '15', '6', '16', '10', '19', '14', '9']}",<built-in method values of dict object at 0x7fa37091bb00>
"{'atak': ['11', '12', '8', '13', '4', '18', '17', '3', '7', '0', '5', '1', '2', '15', '6', '16', '10', '19', '14', '9']}",<built-in method values of dict object at 0x7fa37091bb00>
"{'atak': ['11', '12', '8', '13', '4', '18', '17', '3', '7', '0', '5', '1', '2', '15', '6', '16', '10', '19', '14', '9']}",<built-in method values of dict object at 0x7fa37091bb00>
"{'atak': ['11', '12', '8', '13', '4', '18', '17', '3', '7', '0', '5', '1', '2', '15', '6', '16', '10', '19', '14', '9']}",<built-in method values of dict object at 0x7fa37091bb00>
"{'atak': ['11', '12', '8', '13', '4', '18', '17', '3', '7', '0', '5', '1', '2', '15', '6', '16', '10', '19', '14', '9']}",<built-in method values of dict object at 0x7fa37091bb00>
"{'atak': ['11', '12', '8', '13', '4', '18', '17', '3', '7', '0', '5', '1', '2', '15', '6', '16', '10', '19', '14', '9']}",<built-in method values of dict object at 0x7fa37091bb00>
"{'atak': ['11', '12', '8', '13', '4', '18', '17', '3', '7', '0', '5', '1', '2', '15', '6', '16', '10', '19', '14', '9']}",<built-in method values of dict object at 0x7fa37091bb00>
"{'atak': ['11', '12', '8', '13', '4', '18', '17', '3', '7', '0', '5', '1', '2', '15', '6', '16', '10', '19', '14', '9']}",<built-in method values of dict object at 0x7fa37091bb00>
"{'atak': ['11', '12', '8', '13', '4', '18', '17', '3', '7', '0', '5', '1', '2', '15', '6', '16', '10', '19', '14', '9']}",<built-in method values of dict object at 0x7fa37091bb00>
"{'atak': ['11', '12', '8', '13', '4', '18', '17', '3', '7', '0', '5', '1', '2', '15', '6', '16', '10', '19', '14', '9']}",<built-in method values of dict object at 0x7fa37091bb00>
"{'atak': ['11', '12', '8', '13', '4', '18', '17', '3', '7', '0', '5', '1', '2', '15', '6', '16', '10', '19', '14', '9']}",<built-in method values of dict object at 0x7fa37091bb00>
"{'atak': ['11', '12', '8', '13', '4', '18', '17', '3', '7', '0', '5', '1', '2', '15', '6', '16', '10', '19', '14', '9']}",<built-in method values of dict object at 0x7fa37091bb00>
"{'atak': ['11', '12', '8', '13', '4', '18', '17', '3', '7', '0', '5', '1', '2', '15', '6', '16', '10', '19', '14', '9']}",<built-in method values of dict object at 0x7fa37091bb00>
"{'atak': ['11', '12', '8', '13', '4', '18', '17', '3', '7', '0', '5', '1', '2', '15', '6', '16', '10', '19', '14', '9']}",<built-in method values of dict object at 0x7fa37091bb00>
"{'atak': ['11', '12', '8', '13', '4', '18', '17', '3', '7', '0', '5', '1', '2', '15', '6', '16', '10', '19', '14', '9']}",<built-in method values of dict object at 0x7fa37091bb00>
"{'atak': ['11', '12', '8', '13', '4', '18', '17', '3', '7', '0', '5', '1', '2', '15', '6', '16', '10', '19', '14', '9']}",<built-in method values of dict object at 0x7fa37091bb00>
"{'atak': ['11', '12', '8', '13', '4', '18', '17', '3', '7', '0', '5', '1', '2', '15', '6', '16', '10', '19', '14', '9']}",<built-in method values of dict object at 0x7fa37091bb00>
"{'atak': ['11', '12', '8', '13', '4', '18', '17', '3', '7', '0', '5', '1', '2', '15', '6', '16', '10', '19', '14', '9']}",<built-in method values of dict object at 0x7fa37091bb00>
"{'atak': ['8', '12', '1', '10', '19', '6', '13', '0', '2', '9', '14', '15', '16', '11', '18', '4', '17', '7', '3', '5']}",<built-in method values of dict object at 0x7fa28dc23b40>
"{'atak': ['8', '12', '1', '10', '19', '6', '13', '0', '2', '9', '14', '15', '16', '11', '18', '4', '17', '7', '3', '5']}",<built-in method values of dict object at 0x7fa28dc23b40>
"{'atak': ['8', '12', '1', '10', '19', '6', '13', '0', '2', '9', '14', '15', '16', '11', '18', '4', '17', '7', '3', '5']}",<built-in method values of dict object at 0x7fa28dc23b40>
"{'atak': ['8', '12', '1', '10', '19', '6', '13', '0', '2', '9', '14', '15', '16', '11', '18', '4', '17', '7', '3', '5']}",<built-in method values of dict object at 0x7fa28dc23b40>
"{'atak': ['8', '12', '1', '10', '19', '6', '13', '0', '2', '9', '14', '15', '16', '11', '18', '4', '17', '7', '3', '5']}",<built-in method values of dict object at 0x7fa28dc23b40>
"{'atak': ['8', '12', '1', '10', '19', '6', '13', '0', '2', '9', '14', '15', '16', '11', '18', '4', '17', '7', '3', '5']}",<built-in method values of dict object at 0x7fa28dc23b40>
"{'atak': ['8', '12', '1', '10', '19', '6', '13', '0', '2', '9', '14', '15', '16', '11', '18', '4', '17', '7', '3', '5']}",<built-in method values of dict object at 0x7fa28dc23b40>
"{'atak': ['8', '12', '1', '10', '19', '6', '13', '0', '2', '9', '14', '15', '16', '11', '18', '4', '17', '7', '3', '5']}",<built-in method values of dict object at 0x7fa28dc23b40>
"{'atak': ['8', '12', '1', '10', '19', '6', '13', '0', '2', '9', '14', '15', '16', '11', '18', '4', '17', '7', '3', '5']}",<built-in method values of dict object at 0x7fa28dc23b40>
"{'atak': ['8', '12', '1', '10', '19', '6', '13', '0', '2', '9', '14', '15', '16', '11', '18', '4', '17', '7', '3', '5']}",<built-in method values of dict object at 0x7fa28dc23b40>
"{'atak': ['8', '12', '1', '10', '19', '6', '13', '0', '2', '9', '14', '15', '16', '11', '18', '4', '17', '7', '3', '5']}",<built-in method values of dict object at 0x7fa28dc23b40>
"{'atak': ['8', '12', '1', '10', '19', '6', '13', '0', '2', '9', '14', '15', '16', '11', '18', '4', '17', '7', '3', '5']}",<built-in method values of dict object at 0x7fa28dc23b40>
"{'atak': ['8', '12', '1', '10', '19', '6', '13', '0', '2', '9', '14', '15', '16', '11', '18', '4', '17', '7', '3', '5']}",<built-in method values of dict object at 0x7fa28dc23b40>
"{'atak': ['8', '12', '1', '10', '19', '6', '13', '0', '2', '9', '14', '15', '16', '11', '18', '4', '17', '7', '3', '5']}",<built-in method values of dict object at 0x7fa28dc23b40>
"{'atak': ['8', '12', '1', '10', '19', '6', '13', '0', '2', '9', '14', '15', '16', '11', '18', '4', '17', '7', '3', '5']}",<built-in method values of dict object at 0x7fa28dc23b40>
"{'atak': ['8', '12', '1', '10', '19', '6', '13', '0', '2', '9', '14', '15', '16', '11', '18', '4', '17', '7', '3', '5']}",<built-in method values of dict object at 0x7fa28dc23b40>
"{'atak': ['8', '12', '1', '10', '19', '6', '13', '0', '2', '9', '14', '15', '16', '11', '18', '4', '17', '7', '3', '5']}",<built-in method values of dict object at 0x7fa28dc23b40>
"{'atak': ['8', '12', '1', '10', '19', '6', '13', '0', '2', '9', '14', '15', '16', '11', '18', '4', '17', '7', '3', '5']}",<built-in method values of dict object at 0x7fa28dc23b40>
"{'atak': ['8', '12', '1', '10', '19', '6', '13', '0', '2', '9', '14', '15', '16', '11', '18', '4', '17', '7', '3', '5']}",<built-in method values of dict object at 0x7fa28dc23b40>
"{'atak': ['8', '12', '1', '10', '19', '6', '13', '0', '2', '9', '14', '15', '16', '11', '18', '4', '17', '7', '3', '5']}",<built-in method values of dict object at 0x7fa28dc23b40>
"{'atak': ['18', '1', '11', '6', '4', '10', '13', '3', '8', '5', '7', '14', '15', '19', '0', '12', '16', '2', '17', '9']}",<built-in method values of dict object at 0x7fa370ac6300>
"{'atak': ['18', '1', '11', '6', '4', '10', '13', '3', '8', '5', '7', '14', '15', '19', '0', '12', '16', '2', '17', '9']}",<built-in method values of dict object at 0x7fa370ac6300>
"{'atak': ['18', '1', '11', '6', '4', '10', '13', '3', '8', '5', '7', '14', '15', '19', '0', '12', '16', '2', '17', '9']}",<built-in method values of dict object at 0x7fa370ac6300>
"{'atak': ['18', '1', '11', '6', '4', '10', '13', '3', '8', '5', '7', '14', '15', '19', '0', '12', '16', '2', '17', '9']}",<built-in method values of dict object at 0x7fa370ac6300>
"{'atak': ['18', '1', '11', '6', '4', '10', '13', '3', '8', '5', '7', '14', '15', '19', '0', '12', '16', '2', '17', '9']}",<built-in method values of dict object at 0x7fa370ac6300>
"{'atak': ['18', '1', '11', '6', '4', '10', '13', '3', '8', '5', '7', '14', '15', '19', '0', '12', '16', '2', '17', '9']}",<built-in method values of dict object at 0x7fa370ac6300>
"{'atak': ['18', '1', '11', '6', '4', '10', '13', '3', '8', '5', '7', '14', '15', '19', '0', '12', '16', '2', '17', '9']}",<built-in method values of dict object at 0x7fa370ac6300>
"{'atak': ['18', '1', '11', '6', '4', '10', '13', '3', '8', '5', '7', '14', '15', '19', '0', '12', '16', '2', '17', '9']}",<built-in method values of dict object at 0x7fa370ac6300>
"{'atak': ['18', '1', '11', '6', '4', '10', '13', '3', '8', '5', '7', '14', '15', '19', '0', '12', '16', '2', '17', '9']}",<built-in method values of dict object at 0x7fa370ac6300>
"{'atak': ['18', '1', '11', '6', '4', '10', '13', '3', '8', '5', '7', '14', '15', '19', '0', '12', '16', '2', '17', '9']}",<built-in method values of dict object at 0x7fa370ac6300>
"{'atak': ['18', '1', '11', '6', '4', '10', '13', '3', '8', '5', '7', '14', '15', '19', '0', '12', '16', '2', '17', '9']}",<built-in method values of dict object at 0x7fa370ac6300>
"{'atak': ['18', '1', '11', '6', '4', '10', '13', '3', '8', '5', '7', '14', '15', '19', '0', '12', '16', '2', '17', '9']}",<built-in method values of dict object at 0x7fa370ac6300>
"{'atak': ['18', '1', '11', '6', '4', '10', '13', '3', '8', '5', '7', '14', '15', '19', '0', '12', '16', '2', '17', '9']}",<built-in method values of dict object at 0x7fa370ac6300>
"{'atak': ['18', '1', '11', '6', '4', '10', '13', '3', '8', '5', '7', '14', '15', '19', '0', '12', '16', '2', '17', '9']}",<built-in method values of dict object at 0x7fa370ac6300>
"{'atak': ['18', '1', '11', '6', '4', '10', '13', '3', '8', '5', '7', '14', '15', '19', '0', '12', '16', '2', '17', '9']}",<built-in method values of dict object at 0x7fa370ac6300>
"{'atak': ['18', '1', '11', '6', '4', '10', '13', '3', '8', '5', '7', '14', '15', '19', '0', '12', '16', '2', '17', '9']}",<built-in method values of dict object at 0x7fa370ac6300>
"{'atak': ['18', '1', '11', '6', '4', '10', '13', '3', '8', '5', '7', '14', '15', '19', '0', '12', '16', '2', '17', '9']}",<built-in method values of dict object at 0x7fa370ac6300>
"{'atak': ['18', '1', '11', '6', '4', '10', '13', '3', '8', '5', '7', '14', '15', '19', '0', '12', '16', '2', '17', '9']}",<built-in method values of dict object at 0x7fa370ac6300>
"{'atak': ['18', '1', '11', '6', '4', '10', '13', '3', '8', '5', '7', '14', '15', '19', '0', '12', '16', '2', '17', '9']}",<built-in method values of dict object at 0x7fa370ac6300>
"{'atak': ['18', '1', '11', '6', '4', '10', '13', '3', '8', '5', '7', '14', '15', '19', '0', '12', '16', '2', '17', '9']}",<built-in method values of dict object at 0x7fa370ac6300>
"{'atak': ['15', '7', '8', '19', '14', '13', '18', '5', '10', '3', '12', '9', '0', '2', '4', '16', '1', '17', '11', '6']}",<built-in method values of dict object at 0x7fa370a9acc0>
"{'atak': ['15', '7', '8', '19', '14', '13', '18', '5', '10', '3', '12', '9', '0', '2', '4', '16', '1', '17', '11', '6']}",<built-in method values of dict object at 0x7fa370a9acc0>
"{'atak': ['15', '7', '8', '19', '14', '13', '18', '5', '10', '3', '12', '9', '0', '2', '4', '16', '1', '17', '11', '6']}",<built-in method values of dict object at 0x7fa370a9acc0>
"{'atak': ['15', '7', '8', '19', '14', '13', '18', '5', '10', '3', '12', '9', '0', '2', '4', '16', '1', '17', '11', '6']}",<built-in method values of dict object at 0x7fa370a9acc0>
"{'atak': ['15', '7', '8', '19', '14', '13', '18', '5', '10', '3', '12', '9', '0', '2', '4', '16', '1', '17', '11', '6']}",<built-in method values of dict object at 0x7fa370a9acc0>
"{'atak': ['15', '7', '8', '19', '14', '13', '18', '5', '10', '3', '12', '9', '0', '2', '4', '16', '1', '17', '11', '6']}",<built-in method values of dict object at 0x7fa370a9acc0>
"{'atak': ['15', '7', '8', '19', '14', '13', '18', '5', '10', '3', '12', '9', '0', '2', '4', '16', '1', '17', '11', '6']}",<built-in method values of dict object at 0x7fa370a9acc0>
"{'atak': ['15', '7', '8', '19', '14', '13', '18', '5', '10', '3', '12', '9', '0', '2', '4', '16', '1', '17', '11', '6']}",<built-in method values of dict object at 0x7fa370a9acc0>
"{'atak': ['15', '7', '8', '19', '14', '13', '18', '5', '10', '3', '12', '9', '0', '2', '4', '16', '1', '17', '11', '6']}",<built-in method values of dict object at 0x7fa370a9acc0>
"{'atak': ['15', '7', '8', '19', '14', '13', '18', '5', '10', '3', '12', '9', '0', '2', '4', '16', '1', '17', '11', '6']}",<built-in method values of dict object at 0x7fa370a9acc0>
"{'atak': ['15', '7', '8', '19', '14', '13', '18', '5', '10', '3', '12', '9', '0', '2', '4', '16', '1', '17', '11', '6']}",<built-in method values of dict object at 0x7fa370a9acc0>
"{'atak': ['15', '7', '8', '19', '14', '13', '18', '5', '10', '3', '12', '9', '0', '2', '4', '16', '1', '17', '11', '6']}",<built-in method values of dict object at 0x7fa370a9acc0>
"{'atak': ['15', '7', '8', '19', '14', '13', '18', '5', '10', '3', '12', '9', '0', '2', '4', '16', '1', '17', '11', '6']}",<built-in method values of dict object at 0x7fa370a9acc0>
"{'atak': ['15', '7', '8', '19', '14', '13', '18', '5', '10', '3', '12', '9', '0', '2', '4', '16', '1', '17', '11', '6']}",<built-in method values of dict object at 0x7fa370a9acc0>
"{'atak': ['15', '7', '8', '19', '14', '13', '18', '5', '10', '3', '12', '9', '0', '2', '4', '16', '1', '17', '11', '6']}",<built-in method values of dict object at 0x7fa370a9acc0>
"{'atak': ['15', '7', '8', '19', '14', '13', '18', '5', '10', '3', '12', '9', '0', '2', '4', '16', '1', '17', '11', '6']}",<built-in method values of dict object at 0x7fa370a9acc0>
"{'atak': ['15', '7', '8', '19', '14', '13', '18', '5', '10', '3', '12', '9', '0', '2', '4', '16', '1', '17', '11', '6']}",<built-in method values of dict object at 0x7fa370a9acc0>
"{'atak': ['15', '7', '8', '19', '14', '13', '18', '5', '10', '3', '12', '9', '0', '2', '4', '16', '1', '17', '11', '6']}",<built-in method values of dict object at 0x7fa370a9acc0>
"{'atak': ['15', '7', '8', '19', '14', '13', '18', '5', '10', '3', '12', '9', '0', '2', '4', '16', '1', '17', '11', '6']}",<built-in method values of dict object at 0x7fa370a9acc0>
"{'atak': ['15', '7', '8', '19', '14', '13', '18', '5', '10', '3', '12', '9', '0', '2', '4', '16', '1', '17', '11', '6']}",<built-in method values of dict object at 0x7fa370a9acc0>
"{'atak': ['3', '17', '0', '1', '5', '14', '15', '6', '13', '2', '16', '7', '9', '19', '12', '8', '4', '10', '11', '18']}",<built-in method values of dict object at 0x7fa370935200>
"{'atak': ['3', '17', '0', '1', '5', '14', '15', '6', '13', '2', '16', '7', '9', '19', '12', '8', '4', '10', '11', '18']}",<built-in method values of dict object at 0x7fa370935200>
"{'atak': ['3', '17', '0', '1', '5', '14', '15', '6', '13', '2', '16', '7', '9', '19', '12', '8', '4', '10', '11', '18']}",<built-in method values of dict object at 0x7fa370935200>
"{'atak': ['3', '17', '0', '1', '5', '14', '15', '6', '13', '2', '16', '7', '9', '19', '12', '8', '4', '10', '11', '18']}",<built-in method values of dict object at 0x7fa370935200>
"{'atak': ['3', '17', '0', '1', '5', '14', '15', '6', '13', '2', '16', '7', '9', '19', '12', '8', '4', '10', '11', '18']}",<built-in method values of dict object at 0x7fa370935200>
"{'atak': ['3', '17', '0', '1', '5', '14', '15', '6', '13', '2', '16', '7', '9', '19', '12', '8', '4', '10', '11', '18']}",<built-in method values of dict object at 0x7fa370935200>
"{'atak': ['3', '17', '0', '1', '5', '14', '15', '6', '13', '2', '16', '7', '9', '19', '12', '8', '4', '10', '11', '18']}",<built-in method values of dict object at 0x7fa370935200>
"{'atak': ['3', '17', '0', '1', '5', '14', '15', '6', '13', '2', '16', '7', '9', '19', '12', '8', '4', '10', '11', '18']}",<built-in method values of dict object at 0x7fa370935200>
"{'atak': ['3', '17', '0', '1', '5', '14', '15', '6', '13', '2', '16', '7', '9', '19', '12', '8', '4', '10', '11', '18']}",<built-in method values of dict object at 0x7fa370935200>
"{'atak': ['3', '17', '0', '1', '5', '14', '15', '6', '13', '2', '16', '7', '9', '19', '12', '8', '4', '10', '11', '18']}",<built-in method values of dict object at 0x7fa370935200>
"{'atak': ['3', '17', '0', '1', '5', '14', '15', '6', '13', '2', '16', '7', '9', '19', '12', '8', '4', '10', '11', '18']}",<built-in method values of dict object at 0x7fa370935200>
"{'atak': ['3', '17', '0', '1', '5', '14', '15', '6', '13', '2', '16', '7', '9', '19', '12', '8', '4', '10', '11', '18']}",<built-in method values of dict object at 0x7fa370935200>
"{'atak': ['3', '17', '0', '1', '5', '14', '15', '6', '13', '2', '16', '7', '9', '19', '12', '8', '4', '10', '11', '18']}",<built-in method values of dict object at 0x7fa370935200>
"{'atak': ['3', '17', '0', '1', '5', '14', '15', '6', '13', '2', '16', '7', '9', '19', '12', '8', '4', '10', '11', '18']}",<built-in method values of dict object at 0x7fa370935200>
"{'atak': ['3', '17', '0', '1', '5', '14', '15', '6', '13', '2', '16', '7', '9', '19', '12', '8', '4', '10', '11', '18']}",<built-in method values of dict object at 0x7fa370935200>
"{'atak': ['3', '17', '0', '1', '5', '14', '15', '6', '13', '2', '16', '7', '9', '19', '12', '8', '4', '10', '11', '18']}",<built-in method values of dict object at 0x7fa370935200>
"{'atak': ['3', '17', '0', '1', '5', '14', '15', '6', '13', '2', '16', '7', '9', '19', '12', '8', '4', '10', '11', '18']}",<built-in method values of dict object at 0x7fa370935200>
"{'atak': ['3', '17', '0', '1', '5', '14', '15', '6', '13', '2', '16', '7', '9', '19', '12', '8', '4', '10', '11', '18']}",<built-in method values of dict object at 0x7fa370935200>
"{'atak': ['3', '17', '0', '1', '5', '14', '15', '6', '13', '2', '16', '7', '9', '19', '12', '8', '4', '10', '11', '18']}",<built-in method values of dict object at 0x7fa370935200>
"{'atak': ['3', '17', '0', '1', '5', '14', '15', '6', '13', '2', '16', '7', '9', '19', '12', '8', '4', '10', '11', '18']}",<built-in method values of dict object at 0x7fa370935200>
"{'atak': ['1', '0', '13', '17', '15', '8', '18', '14', '11', '12', '9', '2', '19', '4', '5', '3', '16', '6', '7', '10']}",<built-in method values of dict object at 0x7fa370937900>
"{'atak': ['1', '0', '13', '17', '15', '8', '18', '14', '11', '12', '9', '2', '19', '4', '5', '3', '16', '6', '7', '10']}",<built-in method values of dict object at 0x7fa370937900>
"{'atak': ['1', '0', '13', '17', '15', '8', '18', '14', '11', '12', '9', '2', '19', '4', '5', '3', '16', '6', '7', '10']}",<built-in method values of dict object at 0x7fa370937900>
"{'atak': ['1', '0', '13', '17', '15', '8', '18', '14', '11', '12', '9', '2', '19', '4', '5', '3', '16', '6', '7', '10']}",<built-in method values of dict object at 0x7fa370937900>
"{'atak': ['1', '0', '13', '17', '15', '8', '18', '14', '11', '12', '9', '2', '19', '4', '5', '3', '16', '6', '7', '10']}",<built-in method values of dict object at 0x7fa370937900>
"{'atak': ['1', '0', '13', '17', '15', '8', '18', '14', '11', '12', '9', '2', '19', '4', '5', '3', '16', '6', '7', '10']}",<built-in method values of dict object at 0x7fa370937900>
"{'atak': ['1', '0', '13', '17', '15', '8', '18', '14', '11', '12', '9', '2', '19', '4', '5', '3', '16', '6', '7', '10']}",<built-in method values of dict object at 0x7fa370937900>
"{'atak': ['1', '0', '13', '17', '15', '8', '18', '14', '11', '12', '9', '2', '19', '4', '5', '3', '16', '6', '7', '10']}",<built-in method values of dict object at 0x7fa370937900>
"{'atak': ['1', '0', '13', '17', '15', '8', '18', '14', '11', '12', '9', '2', '19', '4', '5', '3', '16', '6', '7', '10']}",<built-in method values of dict object at 0x7fa370937900>
"{'atak': ['1', '0', '13', '17', '15', '8', '18', '14', '11', '12', '9', '2', '19', '4', '5', '3', '16', '6', '7', '10']}",<built-in method values of dict object at 0x7fa370937900>
"{'atak': ['1', '0', '13', '17', '15', '8', '18', '14', '11', '12', '9', '2', '19', '4', '5', '3', '16', '6', '7', '10']}",<built-in method values of dict object at 0x7fa370937900>
"{'atak': ['1', '0', '13', '17', '15', '8', '18', '14', '11', '12', '9', '2', '19', '4', '5', '3', '16', '6', '7', '10']}",<built-in method values of dict object at 0x7fa370937900>
"{'atak': ['1', '0', '13', '17', '15', '8', '18', '14', '11', '12', '9', '2', '19', '4', '5', '3', '16', '6', '7', '10']}",<built-in method values of dict object at 0x7fa370937900>
"{'atak': ['1', '0', '13', '17', '15', '8', '18', '14', '11', '12', '9', '2', '19', '4', '5', '3', '16', '6', '7', '10']}",<built-in method values of dict object at 0x7fa370937900>
"{'atak': ['1', '0', '13', '17', '15', '8', '18', '14', '11', '12', '9', '2', '19', '4', '5', '3', '16', '6', '7', '10']}",<built-in method values of dict object at 0x7fa370937900>
"{'atak': ['1', '0', '13', '17', '15', '8', '18', '14', '11', '12', '9', '2', '19', '4', '5', '3', '16', '6', '7', '10']}",<built-in method values of dict object at 0x7fa370937900>
"{'atak': ['1', '0', '13', '17', '15', '8', '18', '14', '11', '12', '9', '2', '19', '4', '5', '3', '16', '6', '7', '10']}",<built-in method values of dict object at 0x7fa370937900>
"{'atak': ['1', '0', '13', '17', '15', '8', '18', '14', '11', '12', '9', '2', '19', '4', '5', '3', '16', '6', '7', '10']}",<built-in method values of dict object at 0x7fa370937900>
"{'atak': ['1', '0', '13', '17', '15', '8', '18', '14', '11', '12', '9', '2', '19', '4', '5', '3', '16', '6', '7', '10']}",<built-in method values of dict object at 0x7fa370937900>
"{'atak': ['1', '0', '13', '17', '15', '8', '18', '14', '11', '12', '9', '2', '19', '4', '5', '3', '16', '6', '7', '10']}",<built-in method values of dict object at 0x7fa370937900>
"{'atak': ['1', '3', '4', '5', '8', '6', '14', '16', '17', '15', '13', '2', '10', '9', '7', '11', '18', '0', '12', '19']}",<built-in method values of dict object at 0x7fa370ad9c40>
"{'atak': ['1', '3', '4', '5', '8', '6', '14', '16', '17', '15', '13', '2', '10', '9', '7', '11', '18', '0', '12', '19']}",<built-in method values of dict object at 0x7fa370ad9c40>
"{'atak': ['1', '3', '4', '5', '8', '6', '14', '16', '17', '15', '13', '2', '10', '9', '7', '11', '18', '0', '12', '19']}",<built-in method values of dict object at 0x7fa370ad9c40>
"{'atak': ['1', '3', '4', '5', '8', '6', '14', '16', '17', '15', '13', '2', '10', '9', '7', '11', '18', '0', '12', '19']}",<built-in method values of dict object at 0x7fa370ad9c40>
"{'atak': ['1', '3', '4', '5', '8', '6', '14', '16', '17', '15', '13', '2', '10', '9', '7', '11', '18', '0', '12', '19']}",<built-in method values of dict object at 0x7fa370ad9c40>
"{'atak': ['1', '3', '4', '5', '8', '6', '14', '16', '17', '15', '13', '2', '10', '9', '7', '11', '18', '0', '12', '19']}",<built-in method values of dict object at 0x7fa370ad9c40>
"{'atak': ['1', '3', '4', '5', '8', '6', '14', '16', '17', '15', '13', '2', '10', '9', '7', '11', '18', '0', '12', '19']}",<built-in method values of dict object at 0x7fa370ad9c40>
"{'atak': ['1', '3', '4', '5', '8', '6', '14', '16', '17', '15', '13', '2', '10', '9', '7', '11', '18', '0', '12', '19']}",<built-in method values of dict object at 0x7fa370ad9c40>
"{'atak': ['1', '3', '4', '5', '8', '6', '14', '16', '17', '15', '13', '2', '10', '9', '7', '11', '18', '0', '12', '19']}",<built-in method values of dict object at 0x7fa370ad9c40>
"{'atak': ['1', '3', '4', '5', '8', '6', '14', '16', '17', '15', '13', '2', '10', '9', '7', '11', '18', '0', '12', '19']}",<built-in method values of dict object at 0x7fa370ad9c40>
"{'atak': ['1', '3', '4', '5', '8', '6', '14', '16', '17', '15', '13', '2', '10', '9', '7', '11', '18', '0', '12', '19']}",<built-in method values of dict object at 0x7fa370ad9c40>
"{'atak': ['1', '3', '4', '5', '8', '6', '14', '16', '17', '15', '13', '2', '10', '9', '7', '11', '18', '0', '12', '19']}",<built-in method values of dict object at 0x7fa370ad9c40>
"{'atak': ['1', '3', '4', '5', '8', '6', '14', '16', '17', '15', '13', '2', '10', '9', '7', '11', '18', '0', '12', '19']}",<built-in method values of dict object at 0x7fa370ad9c40>
"{'atak': ['1', '3', '4', '5', '8', '6', '14', '16', '17', '15', '13', '2', '10', '9', '7', '11', '18', '0', '12', '19']}",<built-in method values of dict object at 0x7fa370ad9c40>
"{'atak': ['1', '3', '4', '5', '8', '6', '14', '16', '17', '15', '13', '2', '10', '9', '7', '11', '18', '0', '12', '19']}",<built-in method values of dict object at 0x7fa370ad9c40>
"{'atak': ['1', '3', '4', '5', '8', '6', '14', '16', '17', '15', '13', '2', '10', '9', '7', '11', '18', '0', '12', '19']}",<built-in method values of dict object at 0x7fa370ad9c40>
"{'atak': ['1', '3', '4', '5', '8', '6', '14', '16', '17', '15', '13', '2', '10', '9', '7', '11', '18', '0', '12', '19']}",<built-in method values of dict object at 0x7fa370ad9c40>
"{'atak': ['1', '3', '4', '5', '8', '6', '14', '16', '17', '15', '13', '2', '10', '9', '7', '11', '18', '0', '12', '19']}",<built-in method values of dict object at 0x7fa370ad9c40>
"{'atak': ['1', '3', '4', '5', '8', '6', '14', '16', '17', '15', '13', '2', '10', '9', '7', '11', '18', '0', '12', '19']}",<built-in method values of dict object at 0x7fa370ad9c40>
"{'atak': ['1', '3', '4', '5', '8', '6', '14', '16', '17', '15', '13', '2', '10', '9', '7', '11', '18', '0', '12', '19']}",<built-in method values of dict object at 0x7fa370ad9c40>
"{'atak': ['6', '19', '5', '8', '0', '1', '3', '12', '9', '2', '10', '17', '15', '4', '14', '11', '13', '18', '7', '16']}",<built-in method values of dict object at 0x7fa37094a000>
"{'atak': ['6', '19', '5', '8', '0', '1', '3', '12', '9', '2', '10', '17', '15', '4', '14', '11', '13', '18', '7', '16']}",<built-in method values of dict object at 0x7fa37094a000>
"{'atak': ['6', '19', '5', '8', '0', '1', '3', '12', '9', '2', '10', '17', '15', '4', '14', '11', '13', '18', '7', '16']}",<built-in method values of dict object at 0x7fa37094a000>
"{'atak': ['6', '19', '5', '8', '0', '1', '3', '12', '9', '2', '10', '17', '15', '4', '14', '11', '13', '18', '7', '16']}",<built-in method values of dict object at 0x7fa37094a000>
"{'atak': ['6', '19', '5', '8', '0', '1', '3', '12', '9', '2', '10', '17', '15', '4', '14', '11', '13', '18', '7', '16']}",<built-in method values of dict object at 0x7fa37094a000>
"{'atak': ['6', '19', '5', '8', '0', '1', '3', '12', '9', '2', '10', '17', '15', '4', '14', '11', '13', '18', '7', '16']}",<built-in method values of dict object at 0x7fa37094a000>
"{'atak': ['6', '19', '5', '8', '0', '1', '3', '12', '9', '2', '10', '17', '15', '4', '14', '11', '13', '18', '7', '16']}",<built-in method values of dict object at 0x7fa37094a000>
"{'atak': ['6', '19', '5', '8', '0', '1', '3', '12', '9', '2', '10', '17', '15', '4', '14', '11', '13', '18', '7', '16']}",<built-in method values of dict object at 0x7fa37094a000>
"{'atak': ['6', '19', '5', '8', '0', '1', '3', '12', '9', '2', '10', '17', '15', '4', '14', '11', '13', '18', '7', '16']}",<built-in method values of dict object at 0x7fa37094a000>
"{'atak': ['6', '19', '5', '8', '0', '1', '3', '12', '9', '2', '10', '17', '15', '4', '14', '11', '13', '18', '7', '16']}",<built-in method values of dict object at 0x7fa37094a000>
"{'atak': ['6', '19', '5', '8', '0', '1', '3', '12', '9', '2', '10', '17', '15', '4', '14', '11', '13', '18', '7', '16']}",<built-in method values of dict object at 0x7fa37094a000>
"{'atak': ['6', '19', '5', '8', '0', '1', '3', '12', '9', '2', '10', '17', '15', '4', '14', '11', '13', '18', '7', '16']}",<built-in method values of dict object at 0x7fa37094a000>
"{'atak': ['6', '19', '5', '8', '0', '1', '3', '12', '9', '2', '10', '17', '15', '4', '14', '11', '13', '18', '7', '16']}",<built-in method values of dict object at 0x7fa37094a000>
"{'atak': ['6', '19', '5', '8', '0', '1', '3', '12', '9', '2', '10', '17', '15', '4', '14', '11', '13', '18', '7', '16']}",<built-in method values of dict object at 0x7fa37094a000>
"{'atak': ['6', '19', '5', '8', '0', '1', '3', '12', '9', '2', '10', '17', '15', '4', '14', '11', '13', '18', '7', '16']}",<built-in method values of dict object at 0x7fa37094a000>
"{'atak': ['6', '19', '5', '8', '0', '1', '3', '12', '9', '2', '10', '17', '15', '4', '14', '11', '13', '18', '7', '16']}",<built-in method values of dict object at 0x7fa37094a000>
"{'atak': ['6', '19', '5', '8', '0', '1', '3', '12', '9', '2', '10', '17', '15', '4', '14', '11', '13', '18', '7', '16']}",<built-in method values of dict object at 0x7fa37094a000>
"{'atak': ['6', '19', '5', '8', '0', '1', '3', '12', '9', '2', '10', '17', '15', '4', '14', '11', '13', '18', '7', '16']}",<built-in method values of dict object at 0x7fa37094a000>
"{'atak': ['6', '19', '5', '8', '0', '1', '3', '12', '9', '2', '10', '17', '15', '4', '14', '11', '13', '18', '7', '16']}",<built-in method values of dict object at 0x7fa37094a000>
"{'atak': ['6', '19', '5', '8', '0', '1', '3', '12', '9', '2', '10', '17', '15', '4', '14', '11', '13', '18', '7', '16']}",<built-in method values of dict object at 0x7fa37094a000>
"{'atak': ['0', '5', '3', '6', '11', '8', '19', '2', '7', '12', '14', '4', '9', '10', '17', '18', '13', '1', '16', '15']}",<built-in method values of dict object at 0x7fa370948440>
"{'atak': ['0', '5', '3', '6', '11', '8', '19', '2', '7', '12', '14', '4', '9', '10', '17', '18', '13', '1', '16', '15']}",<built-in method values of dict object at 0x7fa370948440>
"{'atak': ['0', '5', '3', '6', '11', '8', '19', '2', '7', '12', '14', '4', '9', '10', '17', '18', '13', '1', '16', '15']}",<built-in method values of dict object at 0x7fa370948440>
"{'atak': ['0', '5', '3', '6', '11', '8', '19', '2', '7', '12', '14', '4', '9', '10', '17', '18', '13', '1', '16', '15']}",<built-in method values of dict object at 0x7fa370948440>
"{'atak': ['0', '5', '3', '6', '11', '8', '19', '2', '7', '12', '14', '4', '9', '10', '17', '18', '13', '1', '16', '15']}",<built-in method values of dict object at 0x7fa370948440>
"{'atak': ['0', '5', '3', '6', '11', '8', '19', '2', '7', '12', '14', '4', '9', '10', '17', '18', '13', '1', '16', '15']}",<built-in method values of dict object at 0x7fa370948440>
"{'atak': ['0', '5', '3', '6', '11', '8', '19', '2', '7', '12', '14', '4', '9', '10', '17', '18', '13', '1', '16', '15']}",<built-in method values of dict object at 0x7fa370948440>
"{'atak': ['0', '5', '3', '6', '11', '8', '19', '2', '7', '12', '14', '4', '9', '10', '17', '18', '13', '1', '16', '15']}",<built-in method values of dict object at 0x7fa370948440>
"{'atak': ['0', '5', '3', '6', '11', '8', '19', '2', '7', '12', '14', '4', '9', '10', '17', '18', '13', '1', '16', '15']}",<built-in method values of dict object at 0x7fa370948440>
"{'atak': ['0', '5', '3', '6', '11', '8', '19', '2', '7', '12', '14', '4', '9', '10', '17', '18', '13', '1', '16', '15']}",<built-in method values of dict object at 0x7fa370948440>
"{'atak': ['0', '5', '3', '6', '11', '8', '19', '2', '7', '12', '14', '4', '9', '10', '17', '18', '13', '1', '16', '15']}",<built-in method values of dict object at 0x7fa370948440>
"{'atak': ['0', '5', '3', '6', '11', '8', '19', '2', '7', '12', '14', '4', '9', '10', '17', '18', '13', '1', '16', '15']}",<built-in method values of dict object at 0x7fa370948440>
"{'atak': ['0', '5', '3', '6', '11', '8', '19', '2', '7', '12', '14', '4', '9', '10', '17', '18', '13', '1', '16', '15']}",<built-in method values of dict object at 0x7fa370948440>
"{'atak': ['0', '5', '3', '6', '11', '8', '19', '2', '7', '12', '14', '4', '9', '10', '17', '18', '13', '1', '16', '15']}",<built-in method values of dict object at 0x7fa370948440>
"{'atak': ['0', '5', '3', '6', '11', '8', '19', '2', '7', '12', '14', '4', '9', '10', '17', '18', '13', '1', '16', '15']}",<built-in method values of dict object at 0x7fa370948440>
"{'atak': ['0', '5', '3', '6', '11', '8', '19', '2', '7', '12', '14', '4', '9', '10', '17', '18', '13', '1', '16', '15']}",<built-in method values of dict object at 0x7fa370948440>
"{'atak': ['0', '5', '3', '6', '11', '8', '19', '2', '7', '12', '14', '4', '9', '10', '17', '18', '13', '1', '16', '15']}",<built-in method values of dict object at 0x7fa370948440>
"{'atak': ['0', '5', '3', '6', '11', '8', '19', '2', '7', '12', '14', '4', '9', '10', '17', '18', '13', '1', '16', '15']}",<built-in method values of dict object at 0x7fa370948440>
"{'atak': ['0', '5', '3', '6', '11', '8', '19', '2', '7', '12', '14', '4', '9', '10', '17', '18', '13', '1', '16', '15']}",<built-in method values of dict object at 0x7fa370948440>
"{'atak': ['0', '5', '3', '6', '11', '8', '19', '2', '7', '12', '14', '4', '9', '10', '17', '18', '13', '1', '16', '15']}",<built-in method values of dict object at 0x7fa370948440>
"{'atak': ['12', '19', '4', '9', '15', '6', '3', '5', '17', '11', '1', '8', '7', '14', '0', '2', '18', '16', '13', '10']}",<built-in method values of dict object at 0x7fa370949340>
"{'atak': ['12', '19', '4', '9', '15', '6', '3', '5', '17', '11', '1', '8', '7', '14', '0', '2', '18', '16', '13', '10']}",<built-in method values of dict object at 0x7fa370949340>
"{'atak': ['12', '19', '4', '9', '15', '6', '3', '5', '17', '11', '1', '8', '7', '14', '0', '2', '18', '16', '13', '10']}",<built-in method values of dict object at 0x7fa370949340>
"{'atak': ['12', '19', '4', '9', '15', '6', '3', '5', '17', '11', '1', '8', '7', '14', '0', '2', '18', '16', '13', '10']}",<built-in method values of dict object at 0x7fa370949340>
"{'atak': ['12', '19', '4', '9', '15', '6', '3', '5', '17', '11', '1', '8', '7', '14', '0', '2', '18', '16', '13', '10']}",<built-in method values of dict object at 0x7fa370949340>
"{'atak': ['12', '19', '4', '9', '15', '6', '3', '5', '17', '11', '1', '8', '7', '14', '0', '2', '18', '16', '13', '10']}",<built-in method values of dict object at 0x7fa370949340>
"{'atak': ['12', '19', '4', '9', '15', '6', '3', '5', '17', '11', '1', '8', '7', '14', '0', '2', '18', '16', '13', '10']}",<built-in method values of dict object at 0x7fa370949340>
"{'atak': ['12', '19', '4', '9', '15', '6', '3', '5', '17', '11', '1', '8', '7', '14', '0', '2', '18', '16', '13', '10']}",<built-in method values of dict object at 0x7fa370949340>
"{'atak': ['12', '19', '4', '9', '15', '6', '3', '5', '17', '11', '1', '8', '7', '14', '0', '2', '18', '16', '13', '10']}",<built-in method values of dict object at 0x7fa370949340>
"{'atak': ['12', '19', '4', '9', '15', '6', '3', '5', '17', '11', '1', '8', '7', '14', '0', '2', '18', '16', '13', '10']}",<built-in method values of dict object at 0x7fa370949340>
"{'atak': ['12', '19', '4', '9', '15', '6', '3', '5', '17', '11', '1', '8', '7', '14', '0', '2', '18', '16', '13', '10']}",<built-in method values of dict object at 0x7fa370949340>
"{'atak': ['12', '19', '4', '9', '15', '6', '3', '5', '17', '11', '1', '8', '7', '14', '0', '2', '18', '16', '13', '10']}",<built-in method values of dict object at 0x7fa370949340>
"{'atak': ['12', '19', '4', '9', '15', '6', '3', '5', '17', '11', '1', '8', '7', '14', '0', '2', '18', '16', '13', '10']}",<built-in method values of dict object at 0x7fa370949340>
"{'atak': ['12', '19', '4', '9', '15', '6', '3', '5', '17', '11', '1', '8', '7', '14', '0', '2', '18', '16', '13', '10']}",<built-in method values of dict object at 0x7fa370949340>
"{'atak': ['12', '19', '4', '9', '15', '6', '3', '5', '17', '11', '1', '8', '7', '14', '0', '2', '18', '16', '13', '10']}",<built-in method values of dict object at 0x7fa370949340>
"{'atak': ['12', '19', '4', '9', '15', '6', '3', '5', '17', '11', '1', '8', '7', '14', '0', '2', '18', '16', '13', '10']}",<built-in method values of dict object at 0x7fa370949340>
"{'atak': ['12', '19', '4', '9', '15', '6', '3', '5', '17', '11', '1', '8', '7', '14', '0', '2', '18', '16', '13', '10']}",<built-in method values of dict object at 0x7fa370949340>
"{'atak': ['12', '19', '4', '9', '15', '6', '3', '5', '17', '11', '1', '8', '7', '14', '0', '2', '18', '16', '13', '10']}",<built-in method values of dict object at 0x7fa370949340>
"{'atak': ['12', '19', '4', '9', '15', '6', '3', '5', '17', '11', '1', '8', '7', '14', '0', '2', '18', '16', '13', '10']}",<built-in method values of dict object at 0x7fa370949340>
"{'atak': ['12', '19', '4', '9', '15', '6', '3', '5', '17', '11', '1', '8', '7', '14', '0', '2', '18', '16', '13', '10']}",<built-in method values of dict object at 0x7fa370949340>
"{'atak': ['18', '4', '16', '7', '13', '2', '0', '14', '3', '15', '17', '1', '12', '5', '19', '10', '9', '8', '11', '6']}",<built-in method values of dict object at 0x7fa370ae9cc0>
"{'atak': ['18', '4', '16', '7', '13', '2', '0', '14', '3', '15', '17', '1', '12', '5', '19', '10', '9', '8', '11', '6']}",<built-in method values of dict object at 0x7fa370ae9cc0>
"{'atak': ['18', '4', '16', '7', '13', '2', '0', '14', '3', '15', '17', '1', '12', '5', '19', '10', '9', '8', '11', '6']}",<built-in method values of dict object at 0x7fa370ae9cc0>
"{'atak': ['18', '4', '16', '7', '13', '2', '0', '14', '3', '15', '17', '1', '12', '5', '19', '10', '9', '8', '11', '6']}",<built-in method values of dict object at 0x7fa370ae9cc0>
"{'atak': ['18', '4', '16', '7', '13', '2', '0', '14', '3', '15', '17', '1', '12', '5', '19', '10', '9', '8', '11', '6']}",<built-in method values of dict object at 0x7fa370ae9cc0>
"{'atak': ['18', '4', '16', '7', '13', '2', '0', '14', '3', '15', '17', '1', '12', '5', '19', '10', '9', '8', '11', '6']}",<built-in method values of dict object at 0x7fa370ae9cc0>
"{'atak': ['18', '4', '16', '7', '13', '2', '0', '14', '3', '15', '17', '1', '12', '5', '19', '10', '9', '8', '11', '6']}",<built-in method values of dict object at 0x7fa370ae9cc0>
"{'atak': ['18', '4', '16', '7', '13', '2', '0', '14', '3', '15', '17', '1', '12', '5', '19', '10', '9', '8', '11', '6']}",<built-in method values of dict object at 0x7fa370ae9cc0>
"{'atak': ['18', '4', '16', '7', '13', '2', '0', '14', '3', '15', '17', '1', '12', '5', '19', '10', '9', '8', '11', '6']}",<built-in method values of dict object at 0x7fa370ae9cc0>
"{'atak': ['18', '4', '16', '7', '13', '2', '0', '14', '3', '15', '17', '1', '12', '5', '19', '10', '9', '8', '11', '6']}",<built-in method values of dict object at 0x7fa370ae9cc0>
"{'atak': ['18', '4', '16', '7', '13', '2', '0', '14', '3', '15', '17', '1', '12', '5', '19', '10', '9', '8', '11', '6']}",<built-in method values of dict object at 0x7fa370ae9cc0>
"{'atak': ['18', '4', '16', '7', '13', '2', '0', '14', '3', '15', '17', '1', '12', '5', '19', '10', '9', '8', '11', '6']}",<built-in method values of dict object at 0x7fa370ae9cc0>
"{'atak': ['18', '4', '16', '7', '13', '2', '0', '14', '3', '15', '17', '1', '12', '5', '19', '10', '9', '8', '11', '6']}",<built-in method values of dict object at 0x7fa370ae9cc0>
"{'atak': ['18', '4', '16', '7', '13', '2', '0', '14', '3', '15', '17', '1', '12', '5', '19', '10', '9', '8', '11', '6']}",<built-in method values of dict object at 0x7fa370ae9cc0>
"{'atak': ['18', '4', '16', '7', '13', '2', '0', '14', '3', '15', '17', '1', '12', '5', '19', '10', '9', '8', '11', '6']}",<built-in method values of dict object at 0x7fa370ae9cc0>
"{'atak': ['18', '4', '16', '7', '13', '2', '0', '14', '3', '15', '17', '1', '12', '5', '19', '10', '9', '8', '11', '6']}",<built-in method values of dict object at 0x7fa370ae9cc0>
"{'atak': ['18', '4', '16', '7', '13', '2', '0', '14', '3', '15', '17', '1', '12', '5', '19', '10', '9', '8', '11', '6']}",<built-in method values of dict object at 0x7fa370ae9cc0>
"{'atak': ['18', '4', '16', '7', '13', '2', '0', '14', '3', '15', '17', '1', '12', '5', '19', '10', '9', '8', '11', '6']}",<built-in method values of dict object at 0x7fa370ae9cc0>
"{'atak': ['18', '4', '16', '7', '13', '2', '0', '14', '3', '15', '17', '1', '12', '5', '19', '10', '9', '8', '11', '6']}",<built-in method values of dict object at 0x7fa370ae9cc0>
"{'atak': ['18', '4', '16', '7', '13', '2', '0', '14', '3', '15', '17', '1', '12', '5', '19', '10', '9', '8', '11', '6']}",<built-in method values of dict object at 0x7fa370ae9cc0>
"{'atak': ['7', '8', '14', '1', '15', '0', '12', '11', '2', '3', '18', '13', '6', '16', '10', '17', '4', '9', '5', '19']}",<built-in method values of dict object at 0x7fa37095a540>
"{'atak': ['7', '8', '14', '1', '15', '0', '12', '11', '2', '3', '18', '13', '6', '16', '10', '17', '4', '9', '5', '19']}",<built-in method values of dict object at 0x7fa37095a540>
"{'atak': ['7', '8', '14', '1', '15', '0', '12', '11', '2', '3', '18', '13', '6', '16', '10', '17', '4', '9', '5', '19']}",<built-in method values of dict object at 0x7fa37095a540>
"{'atak': ['7', '8', '14', '1', '15', '0', '12', '11', '2', '3', '18', '13', '6', '16', '10', '17', '4', '9', '5', '19']}",<built-in method values of dict object at 0x7fa37095a540>
"{'atak': ['7', '8', '14', '1', '15', '0', '12', '11', '2', '3', '18', '13', '6', '16', '10', '17', '4', '9', '5', '19']}",<built-in method values of dict object at 0x7fa37095a540>
"{'atak': ['7', '8', '14', '1', '15', '0', '12', '11', '2', '3', '18', '13', '6', '16', '10', '17', '4', '9', '5', '19']}",<built-in method values of dict object at 0x7fa37095a540>
"{'atak': ['7', '8', '14', '1', '15', '0', '12', '11', '2', '3', '18', '13', '6', '16', '10', '17', '4', '9', '5', '19']}",<built-in method values of dict object at 0x7fa37095a540>
"{'atak': ['7', '8', '14', '1', '15', '0', '12', '11', '2', '3', '18', '13', '6', '16', '10', '17', '4', '9', '5', '19']}",<built-in method values of dict object at 0x7fa37095a540>
"{'atak': ['7', '8', '14', '1', '15', '0', '12', '11', '2', '3', '18', '13', '6', '16', '10', '17', '4', '9', '5', '19']}",<built-in method values of dict object at 0x7fa37095a540>
"{'atak': ['7', '8', '14', '1', '15', '0', '12', '11', '2', '3', '18', '13', '6', '16', '10', '17', '4', '9', '5', '19']}",<built-in method values of dict object at 0x7fa37095a540>
"{'atak': ['7', '8', '14', '1', '15', '0', '12', '11', '2', '3', '18', '13', '6', '16', '10', '17', '4', '9', '5', '19']}",<built-in method values of dict object at 0x7fa37095a540>
"{'atak': ['7', '8', '14', '1', '15', '0', '12', '11', '2', '3', '18', '13', '6', '16', '10', '17', '4', '9', '5', '19']}",<built-in method values of dict object at 0x7fa37095a540>
"{'atak': ['7', '8', '14', '1', '15', '0', '12', '11', '2', '3', '18', '13', '6', '16', '10', '17', '4', '9', '5', '19']}",<built-in method values of dict object at 0x7fa37095a540>
"{'atak': ['7', '8', '14', '1', '15', '0', '12', '11', '2', '3', '18', '13', '6', '16', '10', '17', '4', '9', '5', '19']}",<built-in method values of dict object at 0x7fa37095a540>
"{'atak': ['7', '8', '14', '1', '15', '0', '12', '11', '2', '3', '18', '13', '6', '16', '10', '17', '4', '9', '5', '19']}",<built-in method values of dict object at 0x7fa37095a540>
"{'atak': ['7', '8', '14', '1', '15', '0', '12', '11', '2', '3', '18', '13', '6', '16', '10', '17', '4', '9', '5', '19']}",<built-in method values of dict object at 0x7fa37095a540>
"{'atak': ['7', '8', '14', '1', '15', '0', '12', '11', '2', '3', '18', '13', '6', '16', '10', '17', '4', '9', '5', '19']}",<built-in method values of dict object at 0x7fa37095a540>
"{'atak': ['7', '8', '14', '1', '15', '0', '12', '11', '2', '3', '18', '13', '6', '16', '10', '17', '4', '9', '5', '19']}",<built-in method values of dict object at 0x7fa37095a540>
"{'atak': ['7', '8', '14', '1', '15', '0', '12', '11', '2', '3', '18', '13', '6', '16', '10', '17', '4', '9', '5', '19']}",<built-in method values of dict object at 0x7fa37095a540>
"{'atak': ['7', '8', '14', '1', '15', '0', '12', '11', '2', '3', '18', '13', '6', '16', '10', '17', '4', '9', '5', '19']}",<built-in method values of dict object at 0x7fa37095a540>
